/*
Navicat MySQL Data Transfer

Source Server         : hc_iot
Source Server Version : 80021
Source Host           : 192.168.100.108:3306
Source Database       : hc_iot

Target Server Type    : MYSQL
Target Server Version : 80021
File Encoding         : 65001

Date: 2024-03-13 16:35:42
*/

SET FOREIGN_KEY_CHECKS=0;

-- ----------------------------
-- Table structure for access_control
-- ----------------------------
DROP TABLE IF EXISTS `access_control`;
CREATE TABLE `access_control` (
  `machine_id` varchar(30) NOT NULL COMMENT '设备ID',
  `machine_code` varchar(30) NOT NULL COMMENT '设备编码',
  `machine_name` varchar(200) NOT NULL COMMENT '设备名称',
  `community_id` varchar(30) NOT NULL COMMENT '小区ID',
  `machine_ip` varchar(64) DEFAULT NULL COMMENT '设备IP',
  `machine_mac` varchar(64) DEFAULT NULL COMMENT '设备mac',
  `direction` varchar(12) NOT NULL DEFAULT '3306' COMMENT '设备方向进出，3306 进 3307 出',
  `heartbeat_time` datetime NOT NULL COMMENT '设备心跳时间',
  `impl_bean` varchar(30) NOT NULL COMMENT '门禁厂家',
  `location_id` varchar(30) NOT NULL COMMENT '位置ID',
  `location_name` varchar(30) NOT NULL COMMENT '位置名称',
  `create_time` timestamp NOT NULL DEFAULT CURRENT_TIMESTAMP COMMENT '创建时间',
  `status_cd` varchar(2) NOT NULL DEFAULT '0' COMMENT '数据状态，详细参考c_status表，S 保存，0, 在用 1失效',
  `prompt_switch` varchar(12) NOT NULL DEFAULT 'OFF' COMMENT '提示开关，ON 打开提示 OFF 关闭提示',
  `normal_prompt` varchar(512) DEFAULT NULL COMMENT '未欠费提示语',
  `owe_prompt` varchar(512) DEFAULT NULL COMMENT '欠费提示语',
  PRIMARY KEY (`machine_id`),
  KEY `i_m_community_id` (`community_id`)
) ENGINE=InnoDB DEFAULT CHARSET=utf8;

-- ----------------------------
-- Records of access_control
-- ----------------------------
INSERT INTO `access_control` VALUES ('102023081579500006', '10010101', '厂拍门禁', '102023021386560001', '', '', '3306', '2023-08-15 10:24:22', '22', '102023081575010002', '1号楼', '2023-08-15 10:24:22', '1', 'OFF', null, null);
INSERT INTO `access_control` VALUES ('102023081580890002', '123', '厂拍门禁1', '102023021386560001', '', '', '3306', '2023-08-15 09:55:59', '22', '102023081575010002', '1号楼', '2023-08-15 09:56:00', '1', 'OFF', null, null);
INSERT INTO `access_control` VALUES ('102023082229520005', '12123123', '123123', '102023021386560001', '111', '11', '3306', '2023-10-24 08:47:19', '22', '102023081575010002', '1号楼', '2023-08-22 16:13:20', '1', 'OFF', null, null);
INSERT INTO `access_control` VALUES ('102023110901760078', '0123E0-9EED8D-E9D0EE', '大门门禁', '102023021386560001', '', '', '3306', '2023-11-11 13:43:33', '22', '102023081575010002', '1号楼', '2023-11-09 17:10:09', '0', 'OFF', null, null);
INSERT INTO `access_control` VALUES ('102024011671750002', '123123', '宇泛测试门禁', '102023021386560001', '', '', '3306', '2024-01-16 09:33:21', '4', '102023081575010002', '1号楼', '2024-01-16 09:33:53', '0', 'OFF', null, null);
INSERT INTO `access_control` VALUES ('102024020177350046', '1111', '111', '2024012252790005', '', '', '3306', '2024-02-01 17:03:24', '22', '102024020108990043', '11', '2024-02-01 17:03:24', '0', 'OFF', null, null);
INSERT INTO `access_control` VALUES ('102024020203260002', '234', '23234', '102023021386560001', '', '', '3306', '2024-02-02 02:34:52', '22', '102023120774050008', '1', '2024-02-02 02:34:52', '0', 'OFF', null, null);
INSERT INTO `access_control` VALUES ('102024020312110003', 'dds-sdf-sdf-sdfsd-11212', '大门门禁', '2024012252790005', '', '', '3306', '2024-02-03 12:12:22', '22', '102024020108990043', '11', '2024-02-03 12:12:22', '0', 'OFF', null, null);
INSERT INTO `access_control` VALUES ('102024030403250094', '1', '1', '2023052267100146', '1', '1', '3306', '2024-03-04 00:47:34', '22', '102024030458000091', '1', '2024-03-04 00:47:34', '0', 'OFF', null, null);
INSERT INTO `access_control` VALUES ('102024030437870004', '11', '11', '2023052267100146', '11', '11', '3306', '2024-03-04 18:31:41', '22', '102024030458000091', '1', '2024-03-04 18:31:41', '0', 'ON', '123124', '123123');

-- ----------------------------
-- Table structure for access_control_face
-- ----------------------------
DROP TABLE IF EXISTS `access_control_face`;
CREATE TABLE `access_control_face` (
  `mf_id` varchar(64) NOT NULL COMMENT '主键ID',
  `machine_id` varchar(64) NOT NULL COMMENT '设备ID',
  `person_id` varchar(30) NOT NULL COMMENT '人员ID',
  `person_type` varchar(12) NOT NULL DEFAULT 'OWNER' COMMENT '人员类型 OWNER 业主 STAFF 员工',
  `name` varchar(200) NOT NULL COMMENT '用户名称',
  `start_time` datetime NOT NULL COMMENT '开始时间',
  `end_time` datetime NOT NULL COMMENT '结束时间',
  `face_path` varchar(500) NOT NULL COMMENT '人脸http 地址',
  `id_number` varchar(64) DEFAULT NULL COMMENT '身份证',
  `state` varchar(12) NOT NULL COMMENT '状态',
  `message` varchar(512) NOT NULL COMMENT '消息',
  `community_id` varchar(64) NOT NULL COMMENT '小区ID',
  `card_number` varchar(64) DEFAULT NULL COMMENT '门禁卡号',
  `come_type` varchar(12) NOT NULL COMMENT '来自类型 FLOOR 楼栋授权 OWNER 人员授权 STAFF 员工授权',
  `come_id` varchar(30) NOT NULL DEFAULT '9999' COMMENT '来自ID，通过楼栋授权，人员授权，员工授权',
  `create_time` timestamp NOT NULL DEFAULT CURRENT_TIMESTAMP COMMENT '创建时间',
  `status_cd` varchar(2) NOT NULL DEFAULT '0' COMMENT '数据状态，详细参考c_status表，S 保存，0, 在用 1失效',
  `room_name` varchar(64) DEFAULT NULL COMMENT '房屋名称',
  PRIMARY KEY (`mf_id`)
) ENGINE=InnoDB DEFAULT CHARSET=utf8;

-- ----------------------------
-- Records of access_control_face
-- ----------------------------
INSERT INTO `access_control_face` VALUES ('112023111027980007', '102023110901760078', '772023111006680012', 'OWNER', '门禁测试人员', '2050-01-01 00:00:00', '2050-01-01 00:00:00', 'https://java110.oss-cn-beijing.aliyuncs.com/hc/iot/img/20231110/feac4222-f417-4c4e-829e-b29191adb4c6.jpg', '', 'C', 'ACK说明：成功，人员已添加或修改,null', '102023021386560001', '', 'FLOOR', '102023111056850008', '2023-11-10 16:10:39', '0', '1-1-3003');
INSERT INTO `access_control_face` VALUES ('112023111038330007', '102023110901760078', '772023111006680012', 'OWNER', '门禁测试人员', '2050-01-01 00:00:00', '2050-01-01 00:00:00', 'https://java110.oss-cn-beijing.aliyuncs.com/hc/iot/img/20231110/c379c51d-a8e2-4c6b-88d2-3fdf1d5a02c9.jpg', '', 'C', 'ACK说明：成功，人员已添加或修改,null', '102023021386560001', '', 'FLOOR', '102023111056850008', '2023-11-10 15:08:32', '1', '1-1-3003');
INSERT INTO `access_control_face` VALUES ('112023111079410020', '102023110901760078', '302023021495090004', 'OWNER', '演示物业', '2023-11-01 00:00:00', '2024-12-01 00:00:00', 'http://', '', 'W', '待下发到门禁', '102023021386560001', '', 'STAFF', '842023021459120006', '2023-11-10 18:16:41', '1', '');
INSERT INTO `access_control_face` VALUES ('112023111095540014', '102023110901760078', '772023111006680012', 'OWNER', '门禁测试人员', '2050-01-01 00:00:00', '2050-01-01 00:00:00', 'https://java110.oss-cn-beijing.aliyuncs.com/hc/iot/img/20231110/c379c51d-a8e2-4c6b-88d2-3fdf1d5a02c9.jpg', '', 'C', 'ACK说明：成功，人员已添加或修改,null', '102023021386560001', '', 'FLOOR', '102023111056850008', '2023-11-10 15:37:10', '1', '1-1-3003');
INSERT INTO `access_control_face` VALUES ('112023111097120009', '102023110901760078', '302023111050190003', 'STAFF', '员工门禁', '2023-11-10 00:00:00', '2038-01-01 00:00:00', 'https://java110.oss-cn-beijing.aliyuncs.com/hc/iot/img/20231110/0a1e7114-7f30-452c-b4c4-3b4906c85e76.jpg', '', 'W', '待下发到门禁', '102023021386560001', '', 'STAFF', '102023111086480018', '2023-11-10 22:52:51', '1', '无');
INSERT INTO `access_control_face` VALUES ('112023120898720012', '102023110901760078', '772023111038450017', 'OWNER', '123', '2050-01-01 00:00:00', '2050-01-01 00:00:00', 'https://java110.oss-cn-beijing.aliyuncs.com/hc/iot/img/20231110/4d26af4d-e232-4958-961a-e02ff113f450.jpg', '', 'C', '{\r\n	\"timestamp\": 1706596343931,\r\n	\"id\": \"80d20b94ff1e49ad9267e64d1c9853d2\",\r\n	\"code\": 0,\r\n	\"message\": \"success\",\r\n	\"data\": {\r\n		\"person\": {\r\n			\"personId\": \"772023111038450017\",\r\n			\"name\": \"123\",\r\n			\"cardNo\": \"卡号\",\r\n			\"idNumber\": \"身份证\",\r\n			\"password\": \"密码\"\r\n		},\r\n		\"face\": [{\r\n			\"registerId\": \"特征注册 id\"\r\n		}],\r\n		\"finger\": [{\r\n			\"registerId\": \"特征注册 id\"\r\n		}],\r\n		\"rule\": [{\r\n			\"readerRule\": {\r\n				\"ruleId\": \"xxxx\"\r\n			},\r\n			\"timezoneRule\": {\r\n				\"ruleId\": \"xxxx\"\r\n			}\r\n		}]\r\n	}\r\n}', '102023021386560001', '', 'FLOOR', '102023111056850008', '2023-12-08 10:27:44', '1', '1-1-1001');
INSERT INTO `access_control_face` VALUES ('112023121645090014', '102023110901760078', '302023121633940008', 'STAFF', 'ailiwen', '2023-12-16 00:00:00', '2038-01-01 00:00:00', 'https://java110.oss-cn-beijing.aliyuncs.com/hc/iot/', '', 'W', '待下发到门禁', '102023021386560001', '', 'STAFF', '102023111086480018', '2023-12-16 12:13:27', '0', '无');
INSERT INTO `access_control_face` VALUES ('112023121921220005', '102023110901760078', '772023110609760004', 'OWNER', '吴学文2', '2023-11-06 00:00:00', '2038-01-01 00:00:00', 'https://java110.oss-cn-beijing.aliyuncs.com/hc/iot/img/20231219/839424af-c8ae-4779-b3b5-cce386475162.jpg', '632126199109162056', 'W', '待下发到门禁', '102023021386560001', '', 'FLOOR', '102023111056850008', '2023-12-19 22:53:40', '0', '1-1-4004');
INSERT INTO `access_control_face` VALUES ('112023121933280009', '102023110901760078', '772023110609760004', 'OWNER', '吴学文2', '2023-11-06 00:00:00', '2038-01-01 00:00:00', 'https://java110.oss-cn-beijing.aliyuncs.com/hc/iot/img/20231219/839424af-c8ae-4779-b3b5-cce386475162.jpg', '632126199109162056', 'W', '待下发到门禁', '102023021386560001', '', 'FLOOR', '102023111056850008', '2023-12-19 22:53:41', '0', '1-1-4004');
INSERT INTO `access_control_face` VALUES ('112023121964510013', '102023110901760078', '772023110609760004', 'OWNER', '吴学文2', '2023-11-06 00:00:00', '2038-01-01 00:00:00', 'https://java110.oss-cn-beijing.aliyuncs.com/hc/iot/img/20231219/839424af-c8ae-4779-b3b5-cce386475162.jpg', '632126199109162056', 'W', '待下发到门禁', '102023021386560001', '', 'FLOOR', '102023111056850008', '2023-12-19 22:53:41', '0', '1-1-4004');
INSERT INTO `access_control_face` VALUES ('112023121966790017', '102023110901760078', '772023110609760004', 'OWNER', '吴学文2', '2023-11-06 00:00:00', '2038-01-01 00:00:00', 'https://java110.oss-cn-beijing.aliyuncs.com/hc/iot/img/20231219/839424af-c8ae-4779-b3b5-cce386475162.jpg', '632126199109162056', 'W', '待下发到门禁', '102023021386560001', '', 'FLOOR', '102023111056850008', '2023-12-19 22:53:42', '0', '1-1-4004');
INSERT INTO `access_control_face` VALUES ('112024011620180003', '102024011671750002', '772023121674460004', 'OWNER', '甘甘', '2024-01-16 00:00:00', '2024-01-31 00:00:00', 'http://', '', 'W', '待下发到门禁', '102023021386560001', null, 'FLOOR', '772023121674460004', '2024-01-16 17:24:26', '0', '');
INSERT INTO `access_control_face` VALUES ('112024011827980045', '102023110901760078', '302024011896400039', 'STAFF', 'test9989', '2024-01-18 00:00:00', '2038-01-01 00:00:00', 'https://java110.oss-cn-beijing.aliyuncs.com/hc/iot/', '', 'W', '待下发到门禁', '102023021386560001', '', 'STAFF', '102023111086480018', '2024-01-18 17:18:02', '0', '无');
INSERT INTO `access_control_face` VALUES ('112024012947790002', '102024011671750002', '772023111006680012', 'OWNER', '门禁测试人员', '2024-01-29 00:00:00', '2024-02-29 00:00:00', 'http://', '', 'C', '{\r\n	\"timestamp\": 1706516791443,\r\n	\"id\": \"62fe75e203694e2f96a462e96a289509\",\r\n	\"code\": 0,\r\n	\"message\": \"success\",\r\n	\"data\": {\r\n		\"person\": {\r\n			\"personId\": \"772023111006680012\",\r\n			\"name\": \"123\",\r\n			\"cardNo\": \"卡号\",\r\n			\"idNumber\": \"身份证\",\r\n			\"password\": \"密码\"\r\n		},\r\n		\"face\": [{\r\n			\"registerId\": \"特征注册 id\"\r\n		}],\r\n		\"finger\": [{\r\n			\"registerId\": \"特征注册 id\"\r\n		}],\r\n		\"rule\": [{\r\n			\"readerRule\": {\r\n				\"ruleId\": \"xxxx\"\r\n			},\r\n			\"timezoneRule\": {\r\n				\"ruleId\": \"xxxx\"\r\n			}\r\n		}]\r\n	}\r\n}', '102023021386560001', null, 'FLOOR', '772023111006680012', '2024-01-29 16:26:20', '0', '');
INSERT INTO `access_control_face` VALUES ('112024013051930002', '102024011671750002', '772023111038450017', 'OWNER', '123', '2024-01-30 00:00:00', '2024-02-29 00:00:00', 'http://', '', 'W', '待下发到门禁', '102023021386560001', null, 'FLOOR', '772023111038450017', '2024-01-30 14:32:19', '1', '');
INSERT INTO `access_control_face` VALUES ('112024020271560007', '102024020177350046', '772024012299410005', 'OWNER', '张飞3', '2024-02-01 00:00:00', '2028-12-01 00:00:00', 'https://java110.oss-cn-beijing.aliyuncs.com/hc/iot/img/20240223/a566e0be-abae-459d-a593-6284146242d9.jpg', '', 'W', '待下发到门禁', '2024012252790005', '55556667', 'FLOOR', '742024012295860079', '2024-02-02 01:11:39', '0', '22-null-null');
INSERT INTO `access_control_face` VALUES ('112024020687830004', '102024020177350046', '772024012292610085', 'OWNER', '同步业主', '2024-02-05 00:00:00', '2038-01-01 00:00:00', 'https://java110.oss-cn-beijing.aliyuncs.com/hc/iot/img/20240223/2da5e227-7fdf-4445-ab02-2226b1295dfb.jpg', '', 'W', '待下发到门禁', '2024012252790005', '556667788', 'FLOOR', '102024020257180005', '2024-02-06 02:22:57', '0', '22-3-9009');
INSERT INTO `access_control_face` VALUES ('112024021968820325', '102023110901760078', '772024021911550008', 'OWNER', '兆琉', '2050-01-01 00:00:00', '2050-01-01 00:00:00', 'https://java110.oss-cn-beijing.aliyuncs.com/hc/iot/img/20240219/500d3736-e329-4dd2-9b19-a1a4bbc3de65.jpg', null, 'W', '待下发到门禁', '102023021386560001', '', 'FLOOR', '102023111056850008', '2024-02-19 12:50:23', '0', '1-1-1001');
INSERT INTO `access_control_face` VALUES ('112024022227580980', '102023110901760078', '772023082271670002', 'OWNER', 'xx', '2050-01-01 00:00:00', '2050-01-01 00:00:00', 'https://java110.oss-cn-beijing.aliyuncs.com/hc/iot/img/20230822/99d27151-7b69-4d79-bfaa-ec5210e95856.jpg', '', 'W', '待下发到门禁', '102023021386560001', '', 'FLOOR', '102023111056850008', '2024-02-22 11:47:03', '1', '1-1-4004');
INSERT INTO `access_control_face` VALUES ('112024022248361006', '102024020203260002', '772024021911550008', 'OWNER', '兆琉', '2024-02-22 00:00:00', '2024-02-24 00:00:00', 'http://', null, 'W', '待下发到门禁', '102023021386560001', null, 'FLOOR', '742023080997310002', '2024-02-22 14:33:39', '0', '1-null-null');

-- ----------------------------
-- Table structure for access_control_floor
-- ----------------------------
DROP TABLE IF EXISTS `access_control_floor`;
CREATE TABLE `access_control_floor` (
  `acf_id` varchar(30) NOT NULL COMMENT '编号',
  `machine_id` varchar(30) NOT NULL COMMENT '设备ID',
  `community_id` varchar(30) NOT NULL COMMENT '小区ID',
  `floor_id` varchar(30) NOT NULL COMMENT '楼栋ID',
  `floor_num` varchar(64) NOT NULL COMMENT '楼栋编号',
  `unit_id` varchar(30) NOT NULL COMMENT '单元ID',
  `unit_num` varchar(64) NOT NULL COMMENT '单元编号',
  `create_time` timestamp NOT NULL DEFAULT CURRENT_TIMESTAMP COMMENT '创建时间',
  `status_cd` varchar(2) NOT NULL DEFAULT '0' COMMENT '数据状态，详细参考c_status表，S 保存，0, 在用 1失效',
  PRIMARY KEY (`acf_id`),
  KEY `i_m_community_id` (`community_id`)
) ENGINE=InnoDB DEFAULT CHARSET=utf8;

-- ----------------------------
-- Records of access_control_floor
-- ----------------------------
INSERT INTO `access_control_floor` VALUES ('102023081631540009', '102023081579500006', '102023021386560001', '732023080900970002', '1', '742023080997310002', '1', '2023-08-16 10:36:38', '1');
INSERT INTO `access_control_floor` VALUES ('102023081684210002', '102023081579500006', '102023021386560001', '732023080900970002', '1', '742023080997310002', '1', '2023-08-16 00:07:53', '1');
INSERT INTO `access_control_floor` VALUES ('102023110971880002', '102023082229520005', '102023021386560001', '732023080900970002', '1', '742023080997310002', '1', '2023-11-09 01:50:10', '1');
INSERT INTO `access_control_floor` VALUES ('102023111056850008', '102023110901760078', '102023021386560001', '732023080900970002', '1', '742023080997310002', '1', '2023-11-10 12:46:59', '0');
INSERT INTO `access_control_floor` VALUES ('102024020257180005', '102024020177350046', '2024012252790005', '732024012265490076', '22', '742024012295860079', '3', '2024-02-02 01:11:38', '0');
INSERT INTO `access_control_floor` VALUES ('102024022235691004', '102024020203260002', '102023021386560001', '732023080900970002', '1', '742023080997310002', '1', '2024-02-22 14:33:39', '0');

-- ----------------------------
-- Table structure for access_control_inout
-- ----------------------------
DROP TABLE IF EXISTS `access_control_inout`;
CREATE TABLE `access_control_inout` (
  `inout_id` varchar(30) NOT NULL COMMENT '进出ID',
  `machine_id` varchar(30) NOT NULL COMMENT '设备ID',
  `machine_code` varchar(30) NOT NULL COMMENT '设备编码',
  `name` varchar(30) NOT NULL COMMENT '用户名称',
  `open_type_cd` varchar(12) NOT NULL COMMENT '开门方式，1000 人脸开门 2000 钥匙开门 3000 二维码开门 4000 密码开门',
  `community_id` varchar(30) NOT NULL COMMENT '小区ID',
  `tel` varchar(20) DEFAULT NULL COMMENT '手机号',
  `id_card` varchar(20) DEFAULT NULL COMMENT '用户身份证',
  `face_path` varchar(512) DEFAULT NULL COMMENT '人脸路劲',
  `create_time` timestamp NOT NULL DEFAULT CURRENT_TIMESTAMP COMMENT '创建时间',
  `status_cd` varchar(2) NOT NULL DEFAULT '0' COMMENT '数据状态，详细参考c_status表，S 保存，0, 在用 1失效',
  `similar` varchar(12) DEFAULT '1.0' COMMENT '相似度',
  `state` varchar(12) NOT NULL COMMENT '开门状态，C 开门成功 F 开门失败',
  PRIMARY KEY (`inout_id`)
) ENGINE=InnoDB DEFAULT CHARSET=utf8;

-- ----------------------------
-- Records of access_control_inout
-- ----------------------------
INSERT INTO `access_control_inout` VALUES ('112023111074360008', '102023110901760078', '0123E0-9EED8D-E9D0EE', '朱万光', '1000', '102023021386560001', null, '', 'https://java110.oss-cn-beijing.aliyuncs.com/hc/iot/img/20231110/a08be5b7-9a34-4573-8640-7f8e8220e656.jpg', '2023-12-19 17:28:27', '0', '0', 'F');
INSERT INTO `access_control_inout` VALUES ('112023111097350006', '102023110901760078', '0123E0-9EED8D-E9D0EE', '朱万光', '1000', '102023021386560001', null, '', 'https://java110.oss-cn-beijing.aliyuncs.com/hc/iot/img/20231110/953d0e7e-8d3f-4e8e-b414-6d7330ef8e50.jpg', '2023-12-20 17:26:51', '0', '0', 'F');
INSERT INTO `access_control_inout` VALUES ('112023111098410001', '102023110901760078', '0123E0-9EED8D-E9D0EE', '朱万光', '1000', '102023021386560001', null, '', 'https://java110.oss-cn-beijing.aliyuncs.com/hc/iot/img/20231110/52d4fd68-489f-49ea-8ac8-75ad0db76be1.jpg', '2023-12-18 17:43:49', '0', '0', 'F');
INSERT INTO `access_control_inout` VALUES ('112024020103480001', '102024011671750002', '123123', '演示物业', '2000', '102023021386560001', '无', '无', null, '2024-02-01 14:20:16', '0', '51', 'C');

-- ----------------------------
-- Table structure for access_control_log
-- ----------------------------
DROP TABLE IF EXISTS `access_control_log`;
CREATE TABLE `access_control_log` (
  `log_id` varchar(64) NOT NULL COMMENT '日志ID',
  `machine_id` varchar(64) NOT NULL COMMENT '设备ID',
  `community_id` varchar(30) NOT NULL COMMENT '小区ID',
  `log_action` varchar(256) NOT NULL COMMENT '日志动作',
  `user_id` varchar(64) DEFAULT NULL COMMENT 'user_id',
  `user_name` varchar(200) DEFAULT NULL COMMENT '用户名称',
  `req_param` longtext COMMENT '请求报文',
  `res_param` longtext COMMENT '返回报文',
  `state` varchar(12) NOT NULL COMMENT '状态，请求成功 10001,返回成功10002,操作失败 10003',
  `create_time` timestamp NOT NULL DEFAULT CURRENT_TIMESTAMP COMMENT '创建时间',
  `log_cmd` varchar(12) DEFAULT NULL COMMENT 'cmd',
  PRIMARY KEY (`log_id`)
) ENGINE=InnoDB DEFAULT CHARSET=utf8mb4 COLLATE=utf8mb4_0900_ai_ci;

-- ----------------------------
-- Records of access_control_log
-- ----------------------------
INSERT INTO `access_control_log` VALUES ('112024030400150002', '102024030403250094', '2023052267100146', 'changpaimenjin/topic/face/manage/request/1/openDoor', '302023021495090004', '演示物业', '{\"port\":1,\"ctrl_mode\":\"force\",\"cmd\":\"gpio control\",\"ctrl_type\":\"on\"}', '', '10001', '2024-03-04 18:31:17', 'OPEN_DOOR');

-- ----------------------------
-- Table structure for access_control_org
-- ----------------------------
DROP TABLE IF EXISTS `access_control_org`;
CREATE TABLE `access_control_org` (
  `aco_id` varchar(30) NOT NULL COMMENT '编号',
  `machine_id` varchar(30) NOT NULL COMMENT '设备ID',
  `community_id` varchar(30) NOT NULL COMMENT '小区ID',
  `org_id` varchar(30) NOT NULL COMMENT '组织ID',
  `org_name` varchar(64) NOT NULL COMMENT '组织名称',
  `create_time` timestamp NOT NULL DEFAULT CURRENT_TIMESTAMP COMMENT '创建时间',
  `status_cd` varchar(2) NOT NULL DEFAULT '0' COMMENT '数据状态，详细参考c_status表，S 保存，0, 在用 1失效',
  PRIMARY KEY (`aco_id`),
  KEY `i_m_community_id` (`community_id`)
) ENGINE=InnoDB DEFAULT CHARSET=utf8;

-- ----------------------------
-- Records of access_control_org
-- ----------------------------
INSERT INTO `access_control_org` VALUES ('102023081638930002', '102023081579500006', '102023021386560001', '842023021459120006', '演示物业', '2023-08-16 12:28:50', '1');
INSERT INTO `access_control_org` VALUES ('102023081679700005', '102023081579500006', '102023021386560001', '842023021459120006', '演示物业', '2023-08-16 12:52:56', '1');
INSERT INTO `access_control_org` VALUES ('102023111086480018', '102023110901760078', '102023021386560001', '842023021459120006', '演示物业', '2023-11-10 18:16:41', '0');

-- ----------------------------
-- Table structure for account
-- ----------------------------
DROP TABLE IF EXISTS `account`;
CREATE TABLE `account` (
  `acct_id` varchar(30) CHARACTER SET utf8 COLLATE utf8_general_ci NOT NULL COMMENT '账户ID',
  `acct_name` varchar(128) CHARACTER SET utf8 COLLATE utf8_general_ci NOT NULL COMMENT '账户名称',
  `acct_type` varchar(12) CHARACTER SET utf8 COLLATE utf8_general_ci NOT NULL COMMENT '账户类型，2003 现金账户 2004 积分账户 2005 优惠券账户',
  `amount` decimal(10,2) NOT NULL DEFAULT '0.00' COMMENT '金额',
  `obj_type` varchar(12) CHARACTER SET utf8 COLLATE utf8_general_ci NOT NULL COMMENT '对象类型，6006 个人 7007 商户',
  `obj_id` varchar(30) CHARACTER SET utf8 COLLATE utf8_general_ci NOT NULL COMMENT '对象ID',
  `b_id` varchar(30) CHARACTER SET utf8 COLLATE utf8_general_ci NOT NULL COMMENT '业务Id',
  `create_time` timestamp NOT NULL DEFAULT CURRENT_TIMESTAMP COMMENT '创建时间',
  `status_cd` varchar(2) CHARACTER SET utf8 COLLATE utf8_general_ci NOT NULL DEFAULT '0' COMMENT '数据状态，详细参考c_status表，S 保存，0, 在用 1失效',
  `part_id` varchar(30) CHARACTER SET utf8 COLLATE utf8_general_ci DEFAULT NULL COMMENT '局部ID',
  `link` varchar(11) CHARACTER SET utf8 COLLATE utf8_general_ci DEFAULT NULL COMMENT '账户手机号',
  PRIMARY KEY (`acct_id`) USING BTREE
) ENGINE=InnoDB DEFAULT CHARSET=utf8 ROW_FORMAT=DYNAMIC;

-- ----------------------------
-- Records of account
-- ----------------------------
INSERT INTO `account` VALUES ('312023013146290180', '演示物业', '2003', '299.99', '6006', '102022060997450001', '-1', '2023-08-23 16:57:07', '0', '102023021386560001', '18909715555');
INSERT INTO `account` VALUES ('312023103004290057', '测试商家', '2003', '0.00', '7007', '102023103080230037', '-1', '2023-10-30 04:16:15', '0', '502023103031920053', '18909711446');
INSERT INTO `account` VALUES ('312023103075540027', '88488商家', '2003', '0.00', '7007', '102023103012560007', '-1', '2023-10-30 04:36:11', '0', '502023103021650023', '88488');
INSERT INTO `account` VALUES ('312023112014820001', '18909710002', '2003', '995.00', '6006', '302023111828410002', '-1', '2023-11-20 13:29:45', '0', '102023021386560001', '18909710002');
INSERT INTO `account` VALUES ('312023121491930009', '18909710001', '2003', '0.00', '6006', '302023111847680001', '-1', '2023-12-14 10:40:08', '0', '-1', '18909710001');
INSERT INTO `account` VALUES ('312024020622770005', '18909711449', '2003', '0.00', '6006', '302024020591700001', '-1', '2024-02-06 17:20:28', '0', '2024012252790005', '18909711449');

-- ----------------------------
-- Table structure for account_detail
-- ----------------------------
DROP TABLE IF EXISTS `account_detail`;
CREATE TABLE `account_detail` (
  `detail_id` varchar(30) CHARACTER SET utf8 COLLATE utf8_general_ci NOT NULL COMMENT '明细ID',
  `acct_id` varchar(30) CHARACTER SET utf8 COLLATE utf8_general_ci NOT NULL COMMENT '账户ID',
  `detail_type` varchar(128) CHARACTER SET utf8 COLLATE utf8_general_ci NOT NULL COMMENT '类型，1001 转入 2002 转出',
  `rel_acct_id` varchar(30) CHARACTER SET utf8 COLLATE utf8_general_ci NOT NULL DEFAULT '-1' COMMENT '关联账户',
  `amount` decimal(10,2) NOT NULL DEFAULT '0.00' COMMENT '金额',
  `obj_type` varchar(12) CHARACTER SET utf8 COLLATE utf8_general_ci NOT NULL COMMENT '对象类型，6006 个人 7007 商户',
  `obj_id` varchar(30) CHARACTER SET utf8 COLLATE utf8_general_ci NOT NULL COMMENT '对象ID',
  `order_id` varchar(30) CHARACTER SET utf8 COLLATE utf8_general_ci NOT NULL COMMENT '交易单号',
  `b_id` varchar(30) CHARACTER SET utf8 COLLATE utf8_general_ci NOT NULL COMMENT '业务Id',
  `remark` varchar(1024) CHARACTER SET utf8 COLLATE utf8_general_ci DEFAULT NULL COMMENT '备注',
  `create_time` timestamp NOT NULL DEFAULT CURRENT_TIMESTAMP COMMENT '创建时间',
  `status_cd` varchar(2) CHARACTER SET utf8 COLLATE utf8_general_ci NOT NULL DEFAULT '0' COMMENT '数据状态，详细参考c_status表，S 保存，0, 在用 1失效',
  PRIMARY KEY (`detail_id`) USING BTREE
) ENGINE=InnoDB DEFAULT CHARSET=utf8 ROW_FORMAT=DYNAMIC;

-- ----------------------------
-- Records of account_detail
-- ----------------------------
INSERT INTO `account_detail` VALUES ('912023112015600011', '312023112014820001', '1001', '-1', '0.50', '6006', '302023111828410002', '962023112059350012', '-1', '充电退回金额-112023112079280002', '2023-11-20 21:11:49', '0');
INSERT INTO `account_detail` VALUES ('912023112021250001', '312023112014820001', '1001', '-1', '0.00', '6006', '302023111828410002', '962023112091400004', '-1', '充电退回金额-112023112015570002', '2023-11-20 20:10:18', '0');
INSERT INTO `account_detail` VALUES ('912023112025930017', '312023112014820001', '1001', '-1', '1.00', '6006', '302023111828410002', '962023112009230020', '-1', '充电退回金额-112023112054240008', '2023-11-20 20:12:43', '0');
INSERT INTO `account_detail` VALUES ('912023112025990011', '312023112014820001', '2002', '-1', '1.00', '6006', '302023111828410002', '962023112057170013', '-1', null, '2023-11-20 20:11:28', '0');
INSERT INTO `account_detail` VALUES ('912023112029340005', '312023112014820001', '2002', '-1', '1.00', '6006', '302023111828410002', '962023112012420007', '-1', null, '2023-11-20 18:54:19', '0');
INSERT INTO `account_detail` VALUES ('912023112039190031', '312023112014820001', '2002', '-1', '1.00', '6006', '302023111828410002', '962023112012160033', '-1', null, '2023-11-20 21:15:23', '0');
INSERT INTO `account_detail` VALUES ('912023112040680024', '312023112014820001', '1001', '-1', '1.00', '6006', '302023111828410002', '962023112076540025', '-1', '充电退回金额-112023112051630015', '2023-11-20 21:14:55', '0');
INSERT INTO `account_detail` VALUES ('912023112040790018', '312023112014820001', '2002', '-1', '1.00', '6006', '302023111828410002', '962023112089970020', '-1', null, '2023-11-20 21:13:52', '0');
INSERT INTO `account_detail` VALUES ('912023112041610012', '312023112014820001', '1001', '-1', '1.00', '6006', '302023111828410002', '962023112047850013', '-1', '充电退回金额-112023112079950003', '2023-11-20 18:43:36', '0');
INSERT INTO `account_detail` VALUES ('912023112048380008', '312023112014820001', '2002', '-1', '1.00', '6006', '302023111828410002', '962023112051920010', '-1', null, '2023-11-20 15:19:42', '0');
INSERT INTO `account_detail` VALUES ('912023112051050005', '312023112014820001', '2002', '-1', '1.00', '6006', '302023111828410002', '962023112044680007', '-1', null, '2023-11-20 18:23:30', '0');
INSERT INTO `account_detail` VALUES ('912023112052300036', '312023112014820001', '1001', '-1', '0.50', '6006', '302023111828410002', '962023112088580039', '-1', '充电退回金额-112023112040210024', '2023-11-20 20:45:32', '0');
INSERT INTO `account_detail` VALUES ('912023112059310001', '312023112014820001', '2002', '-1', '0.50', '6006', '302023111828410002', '962023112012210002', '-1', '充电扣款金额-112023112058210005', '2023-11-20 18:04:13', '0');
INSERT INTO `account_detail` VALUES ('912023112063420006', '312023112014820001', '2002', '-1', '1.00', '6006', '302023111828410002', '962023112062900008', '-1', null, '2023-11-20 18:42:34', '0');
INSERT INTO `account_detail` VALUES ('912023112064090041', '312023112014820001', '1001', '-1', '0.50', '6006', '302023111828410002', '962023112002020042', '-1', '充电退回金额-112023112091980028', '2023-11-20 21:42:24', '0');
INSERT INTO `account_detail` VALUES ('912023112078420027', '312023112014820001', '2002', '-1', '1.00', '6006', '302023111828410002', '962023112036850029', '-1', null, '2023-11-20 20:14:27', '0');
INSERT INTO `account_detail` VALUES ('912023112094700005', '312023112014820001', '2002', '-1', '1.00', '6006', '302023111828410002', '962023112069490007', '-1', null, '2023-11-20 21:07:39', '0');

-- ----------------------------
-- Table structure for app_user
-- ----------------------------
DROP TABLE IF EXISTS `app_user`;
CREATE TABLE `app_user` (
  `au_id` varchar(30) NOT NULL COMMENT '主键ID',
  `member_id` varchar(30) NOT NULL COMMENT '人员ID',
  `owner_name` varchar(64) NOT NULL COMMENT '人员名称',
  `link` varchar(11) NOT NULL COMMENT '联系人手机号',
  `room_id` varchar(30) NOT NULL COMMENT '房屋ID',
  `room_name` varchar(64) NOT NULL COMMENT '房屋名称',
  `community_id` varchar(30) NOT NULL COMMENT '小区Id',
  `community_name` varchar(100) NOT NULL COMMENT '小区名称',
  `user_id` varchar(30) DEFAULT NULL COMMENT '用户ID',
  `open_id` varchar(30) DEFAULT NULL COMMENT 'app 开放ID',
  `state` varchar(12) NOT NULL COMMENT '状态类型，10000 审核中，12000 审核成功，13000 审核失败',
  `state_msg` varchar(512) DEFAULT NULL COMMENT '审核说明',
  `remark` varchar(512) DEFAULT NULL COMMENT '备注',
  `create_time` timestamp NOT NULL DEFAULT CURRENT_TIMESTAMP COMMENT '创建时间',
  `status_cd` varchar(2) NOT NULL DEFAULT '0' COMMENT '数据状态，详细参考c_status表，0, 在用 1失效',
  PRIMARY KEY (`au_id`),
  KEY `i_oau_community_id` (`community_id`),
  KEY `i_oau_member_id` (`member_id`)
) ENGINE=InnoDB DEFAULT CHARSET=utf8;

-- ----------------------------
-- Records of app_user
-- ----------------------------
INSERT INTO `app_user` VALUES ('1', '772024012299410005', '张飞3', '18922224444', '752024012283880019', '22-3-2003', '2024012252790005', '物联网同步小区', '302024020591700001', null, '12000', '成功', null, '2024-02-05 20:56:20', '0');
INSERT INTO `app_user` VALUES ('102024021803180028', '-1', '里斯', '15567896789', '752023110696240003', '1-1-3003', '102023021386560001', '测试小区', null, null, '13000', '失败', null, '2024-02-18 16:21:34', '0');
INSERT INTO `app_user` VALUES ('102024021843750039', '-1', '11', '13345674567', '752023110693110003', '1-1-3004', '102023021386560001', '测试小区', null, null, '10000', 'img/20240218/75037df3-ab57-4c70-ace8-23b0452d9df3.jpg', null, '2024-02-18 16:28:49', '0');
INSERT INTO `app_user` VALUES ('102024021860890033', '-1', '汪芜', '15567896789', '752023080997680002', '1-1-1001', '102023021386560001', '测试小区', null, null, '10000', 'img/20240218/a05b34d4-ad40-4823-96b7-ec071cee625e.jpg', null, '2024-02-18 16:25:04', '0');
INSERT INTO `app_user` VALUES ('102024021931110002', '-1', '章彡', '13345784578', '752023110696240003', '1-1-3003', '102023021386560001', '测试小区', null, null, '12000', '成功', null, '2024-02-19 09:01:55', '0');
INSERT INTO `app_user` VALUES ('102024021939320005', '-1', '兆琉', '19923452345', '752023121245770012', '1-1-4004', '102023021386560001', '测试小区', null, null, '12000', '成功', null, '2024-02-19 09:13:50', '0');
INSERT INTO `app_user` VALUES ('102024021941790016', '-1', '兆琉', '19923452345', '752023121245770012', '1-1-4004', '102023021386560001', '测试小区', null, null, '12000', '成功', null, '2024-02-19 09:14:39', '0');
INSERT INTO `app_user` VALUES ('102024021982160013', '-1', '章彡', '13345784578', '752023110696240003', '1-1-3003', '102023021386560001', '测试小区', null, null, '12000', '成功', null, '2024-02-19 09:04:28', '0');

-- ----------------------------
-- Table structure for asset_import_log
-- ----------------------------
DROP TABLE IF EXISTS `asset_import_log`;
CREATE TABLE `asset_import_log` (
  `log_id` varchar(30) NOT NULL COMMENT '日志ID',
  `community_id` varchar(30) NOT NULL COMMENT '小区ID',
  `log_type` varchar(128) NOT NULL COMMENT '导入类型 1001 资产导入 2002 缴费历史导入',
  `success_count` bigint NOT NULL COMMENT '成功条数',
  `error_count` bigint NOT NULL COMMENT '失败条数',
  `remark` varchar(512) DEFAULT NULL COMMENT '备注',
  `create_time` timestamp NOT NULL DEFAULT CURRENT_TIMESTAMP COMMENT '异常时间',
  `status_cd` varchar(2) NOT NULL DEFAULT '0' COMMENT '数据状态',
  `state` varchar(12) NOT NULL DEFAULT 'W' COMMENT '状态 W 待处理 D 处理中 C 处理完成',
  PRIMARY KEY (`log_id`)
) ENGINE=InnoDB DEFAULT CHARSET=utf8;

-- ----------------------------
-- Records of asset_import_log
-- ----------------------------

-- ----------------------------
-- Table structure for asset_import_log_detail
-- ----------------------------
DROP TABLE IF EXISTS `asset_import_log_detail`;
CREATE TABLE `asset_import_log_detail` (
  `detail_id` varchar(30) NOT NULL COMMENT '明细ID',
  `log_id` varchar(30) NOT NULL COMMENT '日志ID',
  `community_id` varchar(30) NOT NULL COMMENT '小区ID',
  `content` longtext NOT NULL COMMENT '导入每行数据内容，一般为JSON',
  `state` varchar(12) NOT NULL COMMENT '状态 C 成功 F失败',
  `message` longtext NOT NULL COMMENT '描述',
  `create_time` timestamp NOT NULL DEFAULT CURRENT_TIMESTAMP COMMENT '异常时间',
  `status_cd` varchar(2) NOT NULL DEFAULT '0' COMMENT '数据状态',
  PRIMARY KEY (`detail_id`)
) ENGINE=InnoDB DEFAULT CHARSET=utf8;

-- ----------------------------
-- Records of asset_import_log_detail
-- ----------------------------
INSERT INTO `asset_import_log_detail` VALUES ('112023110522960005', '102023110540520004', '102023021386560001', '{\"address\":\"1212\",\"communityId\":\"102023021386560001\",\"implBean\":\"110\",\"machineModel\":\"1001\",\"machineName\":\"1-1-1智能水表\",\"meterType\":\"1001\",\"roomName\":\"1-1-1001\",\"userId\":\"302023021495090004\"}', 'F', 'java.lang.IllegalArgumentException: 房屋不存在\n	at com.java110.core.utils.Assert.listOnlyOne(Assert.java:145)\n	at com.java110.job.importData.adapt.ImportMeterMachineQueueDataAdapt.doImportData(ImportMeterMachineQueueDataAdapt.java:84)\n	at com.java110.job.importData.adapt.ImportMeterMachineQueueDataAdapt.importData(ImportMeterMachineQueueDataAdapt.java:50)\n	at com.java110.job.importData.ImportDataExecutor.doImportData(ImportDataExecutor.java:137)\n	at com.java110.job.importData.ImportDataExecutor.run(ImportDataExecutor.java:51)\n	at java.util.concurrent.ThreadPoolExecutor.runWorker(ThreadPoolExecutor.java:1149)\n	at java.util.concurrent.ThreadPoolExecutor$Worker.run(ThreadPoolExecutor.java:624)\n	at java.lang.Thread.run(Thread.java:748)\n', '2023-11-05 23:47:33', '0');
INSERT INTO `asset_import_log_detail` VALUES ('112023110544250003', '102023110541710002', '102023021386560001', '{\"address\":\"1212\",\"communityId\":\"102023021386560001\",\"implBean\":\"110\",\"machineModel\":\"1001\",\"machineName\":\"1-1-1智能水表\",\"meterType\":\"1001\",\"roomName\":\"1-1-1001\",\"userId\":\"302023021495090004\"}', 'F', 'java.lang.IllegalArgumentException: 房屋不存在\n	at com.java110.core.utils.Assert.listOnlyOne(Assert.java:145)\n	at com.java110.job.importData.adapt.ImportMeterMachineQueueDataAdapt.doImportData(ImportMeterMachineQueueDataAdapt.java:84)\n	at com.java110.job.importData.adapt.ImportMeterMachineQueueDataAdapt.importData(ImportMeterMachineQueueDataAdapt.java:50)\n	at com.java110.job.importData.ImportDataExecutor.doImportData(ImportDataExecutor.java:137)\n	at com.java110.job.importData.ImportDataExecutor.run(ImportDataExecutor.java:51)\n	at java.util.concurrent.ThreadPoolExecutor.runWorker(ThreadPoolExecutor.java:1149)\n	at java.util.concurrent.ThreadPoolExecutor$Worker.run(ThreadPoolExecutor.java:624)\n	at java.lang.Thread.run(Thread.java:748)\n', '2023-11-05 23:44:21', '0');
INSERT INTO `asset_import_log_detail` VALUES ('112023110600670002', '102023110672440001', '102023021386560001', '{\"areaNum\":\"1\",\"carBrand\":\"特斯拉\",\"carColor\":\"白色\",\"carNum\":\"青A77888\",\"carType\":\"9901\",\"communityId\":\"102023021386560001\",\"endTime\":1704038400000,\"link\":\"18909711443\",\"num\":\"12\",\"ownerId\":\"772023110609760004\",\"ownerName\":\"吴学文2\",\"page\":-1,\"records\":0,\"row\":0,\"spaceSate\":\"H\",\"startTime\":1672502400000,\"statusCd\":\"0\",\"total\":0,\"typeCd\":\"1001\",\"userId\":\"302023021495090004\",\"withOwner\":false}', 'F', 'java.lang.RuntimeException: bean转换bean失败\n	at com.java110.core.utils.BeanConvertUtil.covertBean(BeanConvertUtil.java:128)\n	at com.java110.job.importData.adapt.ImportOwnerCarQueueDataAdapt.doImportData(ImportOwnerCarQueueDataAdapt.java:88)\n	at com.java110.job.importData.adapt.ImportOwnerCarQueueDataAdapt.importDatas(ImportOwnerCarQueueDataAdapt.java:71)\n	at com.java110.job.importData.adapt.ImportOwnerCarQueueDataAdapt.importData(ImportOwnerCarQueueDataAdapt.java:62)\n	at com.java110.job.importData.ImportDataExecutor.doImportData(ImportDataExecutor.java:137)\n	at com.java110.job.importData.ImportDataExecutor.run(ImportDataExecutor.java:51)\n	at java.util.concurrent.ThreadPoolExecutor.runWorker(ThreadPoolExecutor.java:1149)\n	at java.util.concurrent.ThreadPoolExecutor$Worker.run(ThreadPoolExecutor.java:624)\n	at java.lang.Thread.run(Thread.java:748)\nCaused by: java.lang.RuntimeException: bean转换bean失败\n	at com.java110.core.utils.BeanConvertUtil.covertBean(BeanConvertUtil.java:84)\n	at com.java110.core.utils.BeanConvertUtil.covertBean(BeanConvertUtil.java:125)\n	... 8 more\nCaused by: java.lang.ClassCastException: java.lang.Long cannot be cast to java.util.Date\n	at com.java110.bean.dto.car.OwnerCarDto$$BeanMapByCGLIB$$2a15fd6d.put(<generated>)\n	at org.springframework.cglib.beans.BeanMap.put(BeanMap.java:172)\n	at com.java110.core.utils.BeanConvertUtil.objectFieldsPutMap(BeanConvertUtil.java:106)\n	at com.java110.core.utils.BeanConvertUtil.covertBean(BeanConvertUtil.java:77)\n	... 9 more\n', '2023-11-06 02:22:37', '0');
INSERT INTO `asset_import_log_detail` VALUES ('112023110601950002', '102023110601140001', '102023021386560001', '{\"age\":\"1\",\"builtUpArea\":\"94.56\",\"communityId\":\"102023021386560001\",\"floorNum\":\"1\",\"idCard\":\"632126199109162056\",\"layer\":\"1\",\"layerCount\":\"33\",\"lift\":\"1010\",\"ownerName\":\"吴学文2\",\"ownerTypeCd\":\"1001\",\"roomArea\":\"94.56\",\"roomNum\":\"3004\",\"roomState\":\"2001\",\"roomSubType\":\"110\",\"section\":\"10102\",\"sex\":\"0\",\"tel\":\"18909711443\",\"unitNum\":\"1\",\"userId\":\"302023021495090004\"}', 'C', '导入成功', '2023-11-06 01:43:03', '0');
INSERT INTO `asset_import_log_detail` VALUES ('112023110634210002', '102023110621370001', '102023021386560001', '{\"areaNum\":\"1\",\"carBrand\":\"特斯拉\",\"carColor\":\"白色\",\"carNum\":\"青A77888\",\"carType\":\"9901\",\"communityId\":\"102023021386560001\",\"endTimeStr\":\"2024-01-01\",\"link\":\"18909711443\",\"num\":\"12\",\"ownerId\":\"772023110609760004\",\"ownerName\":\"吴学文2\",\"page\":-1,\"records\":0,\"row\":0,\"spaceSate\":\"H\",\"startTimeStr\":\"2023-01-01\",\"statusCd\":\"0\",\"total\":0,\"typeCd\":\"1001\",\"userId\":\"302023021495090004\",\"withOwner\":false}', 'C', '导入成功', '2023-11-06 02:31:45', '0');
INSERT INTO `asset_import_log_detail` VALUES ('112023110638160002', '102023110616630001', '102023021386560001', '{\"age\":\"1\",\"builtUpArea\":\"94.56\",\"communityId\":\"102023021386560001\",\"floorNum\":\"1\",\"idCard\":\"632126199109162056\",\"layer\":\"1\",\"layerCount\":\"33\",\"lift\":\"1010\",\"ownerName\":\"吴学文1\",\"ownerTypeCd\":\"1001\",\"roomArea\":\"94.56\",\"roomNum\":\"3003\",\"roomState\":\"2001\",\"roomSubType\":\"110\",\"section\":\"10102\",\"sex\":\"0\",\"tel\":\"18909711443\",\"unitNum\":\"1\",\"userId\":\"302023021495090004\"}', 'F', 'java.lang.NullPointerException\n	at com.java110.core.aop.Java110TransactionalAop.around(Java110TransactionalAop.java:78)\n	at sun.reflect.NativeMethodAccessorImpl.invoke0(Native Method)\n	at sun.reflect.NativeMethodAccessorImpl.invoke(NativeMethodAccessorImpl.java:62)\n	at sun.reflect.DelegatingMethodAccessorImpl.invoke(DelegatingMethodAccessorImpl.java:43)\n	at java.lang.reflect.Method.invoke(Method.java:498)\n	at org.springframework.aop.aspectj.AbstractAspectJAdvice.invokeAdviceMethodWithGivenArgs(AbstractAspectJAdvice.java:644)\n	at org.springframework.aop.aspectj.AbstractAspectJAdvice.invokeAdviceMethod(AbstractAspectJAdvice.java:633)\n	at org.springframework.aop.aspectj.AspectJAroundAdvice.invoke(AspectJAroundAdvice.java:70)\n	at org.springframework.aop.framework.ReflectiveMethodInvocation.proceed(ReflectiveMethodInvocation.java:174)\n	at org.springframework.aop.aspectj.AspectJAfterAdvice.invoke(AspectJAfterAdvice.java:47)\n	at org.springframework.aop.framework.ReflectiveMethodInvocation.proceed(ReflectiveMethodInvocation.java:174)\n	at org.springframework.aop.framework.adapter.AfterReturningAdviceInterceptor.invoke(AfterReturningAdviceInterceptor.java:55)\n	at org.springframework.aop.framework.ReflectiveMethodInvocation.proceed(ReflectiveMethodInvocation.java:174)\n	at org.springframework.aop.aspectj.AspectJAfterThrowingAdvice.invoke(AspectJAfterThrowingAdvice.java:62)\n	at org.springframework.aop.framework.ReflectiveMethodInvocation.proceed(ReflectiveMethodInvocation.java:174)\n	at org.springframework.aop.aspectj.MethodInvocationProceedingJoinPoint.proceed(MethodInvocationProceedingJoinPoint.java:88)\n	at com.java110.core.trace.Java110TraceLogAop.around(Java110TraceLogAop.java:49)\n	at sun.reflect.GeneratedMethodAccessor158.invoke(Unknown Source)\n	at sun.reflect.DelegatingMethodAccessorImpl.invoke(DelegatingMethodAccessorImpl.java:43)\n	at java.lang.reflect.Method.invoke(Method.java:498)\n	at org.springframework.aop.aspectj.AbstractAspectJAdvice.invokeAdviceMethodWithGivenArgs(AbstractAspectJAdvice.java:644)\n	at org.springframework.aop.aspectj.AbstractAspectJAdvice.invokeAdviceMethod(AbstractAspectJAdvice.java:633)\n	at org.springframework.aop.aspectj.AspectJAroundAdvice.invoke(AspectJAroundAdvice.java:70)\n	at org.springframework.aop.framework.ReflectiveMethodInvocation.proceed(ReflectiveMethodInvocation.java:174)\n	at org.springframework.aop.interceptor.ExposeInvocationInterceptor.invoke(ExposeInvocationInterceptor.java:92)\n	at org.springframework.aop.framework.ReflectiveMethodInvocation.proceed(ReflectiveMethodInvocation.java:185)\n	at org.springframework.aop.framework.CglibAopProxy$DynamicAdvisedInterceptor.intercept(CglibAopProxy.java:688)\n	at com.java110.user.smo.impl.OwnerRoomRelV1InnerServiceSMOImpl$$EnhancerBySpringCGLIB$$298cce2f.saveOwnerRoomRel(<generated>)\n	at com.java110.job.importData.adapt.ImportRoomOwnerQueueDataAdapt.doSaveOwner(ImportRoomOwnerQueueDataAdapt.java:228)\n	at com.java110.job.importData.adapt.ImportRoomOwnerQueueDataAdapt.doImportData(ImportRoomOwnerQueueDataAdapt.java:106)\n	at com.java110.job.importData.adapt.ImportRoomOwnerQueueDataAdapt.importDatas(ImportRoomOwnerQueueDataAdapt.java:71)\n	at com.java110.job.importData.adapt.ImportRoomOwnerQueueDataAdapt.importData(ImportRoomOwnerQueueDataAdapt.java:62)\n	at com.java110.job.importData.ImportDataExecutor.doImportData(ImportDataExecutor.java:137)\n	at com.java110.job.importData.ImportDataExecutor.run(ImportDataExecutor.java:51)\n	at java.util.concurrent.ThreadPoolExecutor.runWorker(ThreadPoolExecutor.java:1149)\n	at java.util.concurrent.ThreadPoolExecutor$Worker.run(ThreadPoolExecutor.java:624)\n	at java.lang.Thread.run(Thread.java:748)\n', '2023-11-06 01:30:49', '0');
INSERT INTO `asset_import_log_detail` VALUES ('112023110668260002', '102023110613150001', '102023021386560001', '{\"age\":\"1\",\"builtUpArea\":\"94.56\",\"communityId\":\"102023021386560001\",\"floorNum\":\"1\",\"idCard\":\"632126199109162056\",\"layer\":\"1\",\"layerCount\":\"33\",\"lift\":\"1010\",\"ownerName\":\"吴学文1\",\"ownerTypeCd\":\"1001\",\"roomArea\":\"94.56\",\"roomNum\":\"3003\",\"roomState\":\"2001\",\"roomSubType\":\"110\",\"section\":\"10102\",\"sex\":\"0\",\"tel\":\"18909711443\",\"unitNum\":\"1\",\"userId\":\"302023021495090004\"}', 'F', 'org.springframework.dao.DataIntegrityViolationException: \n### Error updating database.  Cause: java.sql.SQLIntegrityConstraintViolationException: Column \'room_rent\' cannot be null\n### The error may exist in class path resource [mapper/community/RoomV1ServiceDaoImplMapper.xml]\n### The error may involve roomV1ServiceDaoImpl.saveRoomInfo-Inline\n### The error occurred while setting parameters\n### SQL: insert into building_room(         section,remark,room_sub_type,room_area,user_id,room_id,layer,fee_coefficient,built_up_area,room_num,unit_id,state,community_id,apartment,room_type,room_rent         ) values (         ?,?,?,?,?,?,?,?,?,?,?,?,?,?,?,?         )\n### Cause: java.sql.SQLIntegrityConstraintViolationException: Column \'room_rent\' cannot be null\n; ]; Column \'room_rent\' cannot be null; nested exception is java.sql.SQLIntegrityConstraintViolationException: Column \'room_rent\' cannot be null\n	at org.springframework.jdbc.support.SQLExceptionSubclassTranslator.doTranslate(SQLExceptionSubclassTranslator.java:87)\n	at org.springframework.jdbc.support.AbstractFallbackSQLExceptionTranslator.translate(AbstractFallbackSQLExceptionTranslator.java:72)\n	at org.springframework.jdbc.support.AbstractFallbackSQLExceptionTranslator.translate(AbstractFallbackSQLExceptionTranslator.java:81)\n	at org.mybatis.spring.MyBatisExceptionTranslator.translateExceptionIfPossible(MyBatisExceptionTranslator.java:73)\n	at org.mybatis.spring.SqlSessionTemplate$SqlSessionInterceptor.invoke(SqlSessionTemplate.java:446)\n	at com.sun.proxy.$Proxy168.insert(Unknown Source)\n	at org.mybatis.spring.SqlSessionTemplate.insert(SqlSessionTemplate.java:278)\n	at com.java110.community.dao.impl.RoomV1ServiceDaoImpl.saveRoomInfo(RoomV1ServiceDaoImpl.java:54)\n	at com.java110.community.smo.impl.RoomV1InnerServiceSMOImpl.saveRoom(RoomV1InnerServiceSMOImpl.java:48)\n	at com.java110.community.smo.impl.RoomV1InnerServiceSMOImpl$$FastClassBySpringCGLIB$$98ee74fd.invoke(<generated>)\n	at org.springframework.cglib.proxy.MethodProxy.invoke(MethodProxy.java:204)\n	at org.springframework.aop.framework.CglibAopProxy$CglibMethodInvocation.invokeJoinpoint(CglibAopProxy.java:746)\n	at org.springframework.aop.framework.ReflectiveMethodInvocation.proceed(ReflectiveMethodInvocation.java:163)\n	at org.springframework.aop.aspectj.MethodInvocationProceedingJoinPoint.proceed(MethodInvocationProceedingJoinPoint.java:88)\n	at com.java110.core.trace.Java110TraceLogAop.around(Java110TraceLogAop.java:49)\n	at sun.reflect.GeneratedMethodAccessor157.invoke(Unknown Source)\n	at sun.reflect.DelegatingMethodAccessorImpl.invoke(DelegatingMethodAccessorImpl.java:43)\n	at java.lang.reflect.Method.invoke(Method.java:498)\n	at org.springframework.aop.aspectj.AbstractAspectJAdvice.invokeAdviceMethodWithGivenArgs(AbstractAspectJAdvice.java:644)\n	at org.springframework.aop.aspectj.AbstractAspectJAdvice.invokeAdviceMethod(AbstractAspectJAdvice.java:633)\n	at org.springframework.aop.aspectj.AspectJAroundAdvice.invoke(AspectJAroundAdvice.java:70)\n	at org.springframework.aop.framework.ReflectiveMethodInvocation.proceed(ReflectiveMethodInvocation.java:174)\n	at org.springframework.aop.interceptor.ExposeInvocationInterceptor.invoke(ExposeInvocationInterceptor.java:92)\n	at org.springframework.aop.framework.ReflectiveMethodInvocation.proceed(ReflectiveMethodInvocation.java:185)\n	at org.springframework.aop.framework.CglibAopProxy$DynamicAdvisedInterceptor.intercept(CglibAopProxy.java:688)\n	at com.java110.community.smo.impl.RoomV1InnerServiceSMOImpl$$EnhancerBySpringCGLIB$$26c6d073.saveRoom(<generated>)\n	at com.java110.job.importData.adapt.ImportRoomOwnerQueueDataAdapt.doSaveRoom(ImportRoomOwnerQueueDataAdapt.java:312)\n	at com.java110.job.importData.adapt.ImportRoomOwnerQueueDataAdapt.doImportData(ImportRoomOwnerQueueDataAdapt.java:97)\n	at com.java110.job.importData.adapt.ImportRoomOwnerQueueDataAdapt.importDatas(ImportRoomOwnerQueueDataAdapt.java:71)\n	at com.java110.job.importData.adapt.ImportRoomOwnerQueueDataAdapt.importData(ImportRoomOwnerQueueDataAdapt.java:62)\n	at com.java110.job.importData.ImportDataExecutor.doImportData(ImportDataExecutor.java:137)\n	at com.java110.job.importData.ImportDataExecutor.run(ImportDataExecutor.java:51)\n	at java.util.concurrent.ThreadPoolExecutor.runWorker(ThreadPoolExecutor.java:1149)\n	at java.util.concurrent.ThreadPoolExecutor$Worker.run(ThreadPoolExecutor.java:624)\n	at java.lang.Thread.run(Thread.java:748)\nCaused by: java.sql.SQLIntegrityConstraintViolationException: Column \'room_rent\' cannot be null\n	at com.mysql.cj.jdbc.exceptions.SQLError.createSQLException(SQLError.java:117)\n	at com.mysql.cj.jdbc.exceptions.SQLError.createSQLException(SQLError.java:97)\n	at com.mysql.cj.jdbc.exceptions.SQLExceptionsMapping.translateException(SQLExceptionsMapping.java:122)\n	at com.mysql.cj.jdbc.ClientPreparedStatement.executeInternal(ClientPreparedStatement.java:955)\n	at com.mysql.cj.jdbc.ClientPreparedStatement.execute(ClientPreparedStatement.java:372)\n	at com.alibaba.druid.filter.FilterChainImpl.preparedStatement_execute(FilterChainImpl.java:3409)\n	at com.alibaba.druid.filter.FilterEventAdapter.preparedStatement_execute(FilterEventAdapter.java:440)\n	at com.alibaba.druid.filter.FilterChainImpl.preparedStatement_execute(FilterChainImpl.java:3407)\n	at com.alibaba.druid.wall.WallFilter.preparedStatement_execute(WallFilter.java:619)\n	at com.alibaba.druid.filter.FilterChainImpl.preparedStatement_execute(FilterChainImpl.java:3407)\n	at com.alibaba.druid.filter.FilterEventAdapter.preparedStatement_execute(FilterEventAdapter.java:440)\n	at com.alibaba.druid.filter.FilterChainImpl.preparedStatement_execute(FilterChainImpl.java:3407)\n	at com.alibaba.druid.proxy.jdbc.PreparedStatementProxyImpl.execute(PreparedStatementProxyImpl.java:167)\n	at com.alibaba.druid.pool.DruidPooledPreparedStatement.execute(DruidPooledPreparedStatement.java:498)\n	at org.apache.shardingsphere.shardingjdbc.executor.SQLExecuteCallbackFactory$2.executeSQL(SQLExecuteCallbackFactory.java:65)\n	at org.apache.shardingsphere.shardingjdbc.executor.SQLExecuteCallbackFactory$2.executeSQL(SQLExecuteCallbackFactory.java:61)\n	at org.apache.shardingsphere.core.execute.sql.execute.SQLExecuteCallback.execute0(SQLExecuteCallback.java:69)\n	at org.apache.shardingsphere.core.execute.sql.execute.SQLExecuteCallback.execute(SQLExecuteCallback.java:58)\n	at org.apache.shardingsphere.core.execute.ShardingExecuteEngine.syncGroupExecute(ShardingExecuteEngine.java:126)\n	at org.apache.shardingsphere.core.execute.ShardingExecuteEngine.parallelExecute(ShardingExecuteEngine.java:103)\n	at org.apache.shardingsphere.core.execute.ShardingExecuteEngine.groupExecute(ShardingExecuteEngine.java:83)\n	at org.apache.shardingsphere.core.execute.sql.execute.SQLExecuteTemplate.executeGroup(SQLExecuteTemplate.java:73)\n	at org.apache.shardingsphere.core.execute.sql.execute.SQLExecuteTemplate.executeGroup(SQLExecuteTemplate.java:56)\n	at org.apache.shardingsphere.shardingjdbc.executor.AbstractStatementExecutor.executeCallback(AbstractStatementExecutor.java:128)\n	at org.apache.shardingsphere.shardingjdbc.executor.PreparedStatementExecutor.execute(PreparedStatementExecutor.java:156)\n	at org.apache.shardingsphere.shardingjdbc.jdbc.core.statement.ShardingPreparedStatement.execute(ShardingPreparedStatement.java:172)\n	at sun.reflect.GeneratedMethodAccessor150.invoke(Unknown Source)\n	at sun.reflect.DelegatingMethodAccessorImpl.invoke(DelegatingMethodAccessorImpl.java:43)\n	at java.lang.reflect.Method.invoke(Method.java:498)\n	at org.apache.ibatis.logging.jdbc.PreparedStatementLogger.invoke(PreparedStatementLogger.java:59)\n	at com.sun.proxy.$Proxy226.execute(Unknown Source)\n	at org.apache.ibatis.executor.statement.PreparedStatementHandler.update(PreparedStatementHandler.java:47)\n	at org.apache.ibatis.executor.statement.RoutingStatementHandler.update(RoutingStatementHandler.java:74)\n	at org.apache.ibatis.executor.SimpleExecutor.doUpdate(SimpleExecutor.java:50)\n	at org.apache.ibatis.executor.BaseExecutor.update(BaseExecutor.java:117)\n	at org.apache.ibatis.executor.CachingExecutor.update(CachingExecutor.java:76)\n	at sun.reflect.NativeMethodAccessorImpl.invoke0(Native Method)\n	at sun.reflect.NativeMethodAccessorImpl.invoke(NativeMethodAccessorImpl.java:62)\n	at sun.reflect.DelegatingMethodAccessorImpl.invoke(DelegatingMethodAccessorImpl.java:43)\n	at java.lang.reflect.Method.invoke(Method.java:498)\n	at org.apache.ibatis.plugin.Invocation.proceed(Invocation.java:49)\n	at com.java110.core.db.Java110MybatisInterceptor.intercept(Java110MybatisInterceptor.java:44)\n	at org.apache.ibatis.plugin.Plugin.invoke(Plugin.java:61)\n	at com.sun.proxy.$Proxy224.update(Unknown Source)\n	at sun.reflect.NativeMethodAccessorImpl.invoke0(Native Method)\n	at sun.reflect.NativeMethodAccessorImpl.invoke(NativeMethodAccessorImpl.java:62)\n	at sun.reflect.DelegatingMethodAccessorImpl.invoke(DelegatingMethodAccessorImpl.java:43)\n	at java.lang.reflect.Method.invoke(Method.java:498)\n	at org.apache.ibatis.plugin.Invocation.proceed(Invocation.java:49)\n	at com.java110.core.trace.Java110TraceSqlInterceptor.intercept(Java110TraceSqlInterceptor.java:43)\n	at org.apache.ibatis.plugin.Plugin.invoke(Plugin.java:61)\n	at com.sun.proxy.$Proxy224.update(Unknown Source)\n	at org.apache.ibatis.session.defaults.DefaultSqlSession.update(DefaultSqlSession.java:197)\n	at org.apache.ibatis.session.defaults.DefaultSqlSession.insert(DefaultSqlSession.java:184)\n	at sun.reflect.NativeMethodAccessorImpl.invoke0(Native Method)\n	at sun.reflect.NativeMethodAccessorImpl.invoke(NativeMethodAccessorImpl.java:62)\n	at sun.reflect.DelegatingMethodAccessorImpl.invoke(DelegatingMethodAccessorImpl.java:43)\n	at java.lang.reflect.Method.invoke(Method.java:498)\n	at org.mybatis.spring.SqlSessionTemplate$SqlSessionInterceptor.invoke(SqlSessionTemplate.java:433)\n	... 30 more\n', '2023-11-06 01:26:05', '0');
INSERT INTO `asset_import_log_detail` VALUES ('112023110674480002', '102023110652870001', '102023021386560001', '{\"address\":\"1212\",\"communityId\":\"102023021386560001\",\"implBean\":\"110\",\"machineModel\":\"1001\",\"machineName\":\"1-1-1智能水表\",\"meterType\":\"1001\",\"roomName\":\"1-1-1001\",\"userId\":\"302023021495090004\"}', 'F', 'java.lang.IllegalArgumentException: 房屋不存在\n	at com.java110.core.utils.Assert.listOnlyOne(Assert.java:145)\n	at com.java110.job.importData.adapt.ImportMeterMachineQueueDataAdapt.doImportData(ImportMeterMachineQueueDataAdapt.java:84)\n	at com.java110.job.importData.adapt.ImportMeterMachineQueueDataAdapt.importData(ImportMeterMachineQueueDataAdapt.java:50)\n	at com.java110.job.importData.ImportDataExecutor.doImportData(ImportDataExecutor.java:137)\n	at com.java110.job.importData.ImportDataExecutor.run(ImportDataExecutor.java:51)\n	at java.util.concurrent.ThreadPoolExecutor.runWorker(ThreadPoolExecutor.java:1149)\n	at java.util.concurrent.ThreadPoolExecutor$Worker.run(ThreadPoolExecutor.java:624)\n	at java.lang.Thread.run(Thread.java:748)\n', '2023-11-06 00:30:50', '0');
INSERT INTO `asset_import_log_detail` VALUES ('112023110685150004', '102023110695370003', '102023021386560001', '{\"areaNum\":\"1\",\"carBrand\":\"特斯拉\",\"carColor\":\"白色\",\"carNum\":\"青A77888\",\"carType\":\"9901\",\"communityId\":\"102023021386560001\",\"endTime\":1704038400000,\"link\":\"18909711443\",\"num\":\"12\",\"ownerId\":\"772023110609760004\",\"ownerName\":\"吴学文2\",\"page\":-1,\"records\":0,\"row\":0,\"spaceSate\":\"H\",\"startTime\":1672502400000,\"statusCd\":\"0\",\"total\":0,\"typeCd\":\"1001\",\"userId\":\"302023021495090004\",\"withOwner\":false}', 'F', 'java.lang.RuntimeException: bean转换bean失败\n	at com.java110.core.utils.BeanConvertUtil.covertBean(BeanConvertUtil.java:128)\n	at com.java110.job.importData.adapt.ImportOwnerCarQueueDataAdapt.doImportData(ImportOwnerCarQueueDataAdapt.java:88)\n	at com.java110.job.importData.adapt.ImportOwnerCarQueueDataAdapt.importDatas(ImportOwnerCarQueueDataAdapt.java:71)\n	at com.java110.job.importData.adapt.ImportOwnerCarQueueDataAdapt.importData(ImportOwnerCarQueueDataAdapt.java:62)\n	at com.java110.job.importData.ImportDataExecutor.doImportData(ImportDataExecutor.java:137)\n	at com.java110.job.importData.ImportDataExecutor.run(ImportDataExecutor.java:51)\n	at java.util.concurrent.ThreadPoolExecutor.runWorker(ThreadPoolExecutor.java:1149)\n	at java.util.concurrent.ThreadPoolExecutor$Worker.run(ThreadPoolExecutor.java:624)\n	at java.lang.Thread.run(Thread.java:748)\nCaused by: java.lang.RuntimeException: bean转换bean失败\n	at com.java110.core.utils.BeanConvertUtil.covertBean(BeanConvertUtil.java:84)\n	at com.java110.core.utils.BeanConvertUtil.covertBean(BeanConvertUtil.java:125)\n	... 8 more\nCaused by: java.lang.ClassCastException: java.lang.Long cannot be cast to java.util.Date\n	at com.java110.bean.dto.car.OwnerCarDto$$BeanMapByCGLIB$$2a15fd6d.put(<generated>)\n	at org.springframework.cglib.beans.BeanMap.put(BeanMap.java:172)\n	at com.java110.core.utils.BeanConvertUtil.objectFieldsPutMap(BeanConvertUtil.java:106)\n	at com.java110.core.utils.BeanConvertUtil.covertBean(BeanConvertUtil.java:77)\n	... 9 more\n', '2023-11-06 02:27:04', '0');
INSERT INTO `asset_import_log_detail` VALUES ('112023110695540004', '102023110625320003', '102023021386560001', '{\"address\":\"1212\",\"communityId\":\"102023021386560001\",\"implBean\":\"110\",\"machineModel\":\"1001\",\"machineName\":\"1-1-1智能水表\",\"meterType\":\"水表-1\",\"roomName\":\"1-1-1001\",\"userId\":\"302023021495090004\"}', 'F', 'org.springframework.dao.DataIntegrityViolationException: \n### Error updating database.  Cause: java.sql.SQLIntegrityConstraintViolationException: Column \'spec_value\' cannot be null\n### The error may exist in class path resource [mapper/meter/MeterMachineSpecV1ServiceDaoImplMapper.xml]\n### The error may involve meterMachineSpecV1ServiceDaoImpl.saveMeterMachineSpecInfo-Inline\n### The error occurred while setting parameters\n### SQL: insert into meter_machine_spec(         spec_id,machine_id,spec_name,spec_value,community_id,mms_id         ) values (         ?,?,?,?,?,?         )\n### Cause: java.sql.SQLIntegrityConstraintViolationException: Column \'spec_value\' cannot be null\n; ]; Column \'spec_value\' cannot be null; nested exception is java.sql.SQLIntegrityConstraintViolationException: Column \'spec_value\' cannot be null\n	at org.springframework.jdbc.support.SQLExceptionSubclassTranslator.doTranslate(SQLExceptionSubclassTranslator.java:87)\n	at org.springframework.jdbc.support.AbstractFallbackSQLExceptionTranslator.translate(AbstractFallbackSQLExceptionTranslator.java:72)\n	at org.springframework.jdbc.support.AbstractFallbackSQLExceptionTranslator.translate(AbstractFallbackSQLExceptionTranslator.java:81)\n	at org.mybatis.spring.MyBatisExceptionTranslator.translateExceptionIfPossible(MyBatisExceptionTranslator.java:73)\n	at org.mybatis.spring.SqlSessionTemplate$SqlSessionInterceptor.invoke(SqlSessionTemplate.java:446)\n	at com.sun.proxy.$Proxy166.insert(Unknown Source)\n	at org.mybatis.spring.SqlSessionTemplate.insert(SqlSessionTemplate.java:278)\n	at com.java110.meter.dao.impl.MeterMachineSpecV1ServiceDaoImpl.saveMeterMachineSpecInfo(MeterMachineSpecV1ServiceDaoImpl.java:52)\n	at com.java110.meter.smo.impl.MeterMachineSpecV1InnerServiceSMOImpl.saveMeterMachineSpec(MeterMachineSpecV1InnerServiceSMOImpl.java:48)\n	at com.java110.meter.smo.impl.MeterMachineSpecV1InnerServiceSMOImpl$$FastClassBySpringCGLIB$$f98aca9f.invoke(<generated>)\n	at org.springframework.cglib.proxy.MethodProxy.invoke(MethodProxy.java:204)\n	at org.springframework.aop.framework.CglibAopProxy$CglibMethodInvocation.invokeJoinpoint(CglibAopProxy.java:746)\n	at org.springframework.aop.framework.ReflectiveMethodInvocation.proceed(ReflectiveMethodInvocation.java:163)\n	at org.springframework.aop.aspectj.MethodInvocationProceedingJoinPoint.proceed(MethodInvocationProceedingJoinPoint.java:88)\n	at com.java110.core.trace.Java110TraceLogAop.around(Java110TraceLogAop.java:49)\n	at sun.reflect.GeneratedMethodAccessor158.invoke(Unknown Source)\n	at sun.reflect.DelegatingMethodAccessorImpl.invoke(DelegatingMethodAccessorImpl.java:43)\n	at java.lang.reflect.Method.invoke(Method.java:498)\n	at org.springframework.aop.aspectj.AbstractAspectJAdvice.invokeAdviceMethodWithGivenArgs(AbstractAspectJAdvice.java:644)\n	at org.springframework.aop.aspectj.AbstractAspectJAdvice.invokeAdviceMethod(AbstractAspectJAdvice.java:633)\n	at org.springframework.aop.aspectj.AspectJAroundAdvice.invoke(AspectJAroundAdvice.java:70)\n	at org.springframework.aop.framework.ReflectiveMethodInvocation.proceed(ReflectiveMethodInvocation.java:174)\n	at org.springframework.aop.interceptor.ExposeInvocationInterceptor.invoke(ExposeInvocationInterceptor.java:92)\n	at org.springframework.aop.framework.ReflectiveMethodInvocation.proceed(ReflectiveMethodInvocation.java:185)\n	at org.springframework.aop.framework.CglibAopProxy$DynamicAdvisedInterceptor.intercept(CglibAopProxy.java:688)\n	at com.java110.meter.smo.impl.MeterMachineSpecV1InnerServiceSMOImpl$$EnhancerBySpringCGLIB$$a3840149.saveMeterMachineSpec(<generated>)\n	at com.java110.job.importData.adapt.ImportMeterMachineQueueDataAdapt.doImportData(ImportMeterMachineQueueDataAdapt.java:115)\n	at com.java110.job.importData.adapt.ImportMeterMachineQueueDataAdapt.importData(ImportMeterMachineQueueDataAdapt.java:50)\n	at com.java110.job.importData.ImportDataExecutor.doImportData(ImportDataExecutor.java:137)\n	at com.java110.job.importData.ImportDataExecutor.run(ImportDataExecutor.java:51)\n	at java.util.concurrent.ThreadPoolExecutor.runWorker(ThreadPoolExecutor.java:1149)\n	at java.util.concurrent.ThreadPoolExecutor$Worker.run(ThreadPoolExecutor.java:624)\n	at java.lang.Thread.run(Thread.java:748)\nCaused by: java.sql.SQLIntegrityConstraintViolationException: Column \'spec_value\' cannot be null\n	at com.mysql.cj.jdbc.exceptions.SQLError.createSQLException(SQLError.java:117)\n	at com.mysql.cj.jdbc.exceptions.SQLError.createSQLException(SQLError.java:97)\n	at com.mysql.cj.jdbc.exceptions.SQLExceptionsMapping.translateException(SQLExceptionsMapping.java:122)\n	at com.mysql.cj.jdbc.ClientPreparedStatement.executeInternal(ClientPreparedStatement.java:955)\n	at com.mysql.cj.jdbc.ClientPreparedStatement.execute(ClientPreparedStatement.java:372)\n	at com.alibaba.druid.filter.FilterChainImpl.preparedStatement_execute(FilterChainImpl.java:3409)\n	at com.alibaba.druid.filter.FilterEventAdapter.preparedStatement_execute(FilterEventAdapter.java:440)\n	at com.alibaba.druid.filter.FilterChainImpl.preparedStatement_execute(FilterChainImpl.java:3407)\n	at com.alibaba.druid.wall.WallFilter.preparedStatement_execute(WallFilter.java:619)\n	at com.alibaba.druid.filter.FilterChainImpl.preparedStatement_execute(FilterChainImpl.java:3407)\n	at com.alibaba.druid.filter.FilterEventAdapter.preparedStatement_execute(FilterEventAdapter.java:440)\n	at com.alibaba.druid.filter.FilterChainImpl.preparedStatement_execute(FilterChainImpl.java:3407)\n	at com.alibaba.druid.proxy.jdbc.PreparedStatementProxyImpl.execute(PreparedStatementProxyImpl.java:167)\n	at com.alibaba.druid.pool.DruidPooledPreparedStatement.execute(DruidPooledPreparedStatement.java:498)\n	at org.apache.shardingsphere.shardingjdbc.executor.SQLExecuteCallbackFactory$2.executeSQL(SQLExecuteCallbackFactory.java:65)\n	at org.apache.shardingsphere.shardingjdbc.executor.SQLExecuteCallbackFactory$2.executeSQL(SQLExecuteCallbackFactory.java:61)\n	at org.apache.shardingsphere.core.execute.sql.execute.SQLExecuteCallback.execute0(SQLExecuteCallback.java:69)\n	at org.apache.shardingsphere.core.execute.sql.execute.SQLExecuteCallback.execute(SQLExecuteCallback.java:58)\n	at org.apache.shardingsphere.core.execute.ShardingExecuteEngine.syncGroupExecute(ShardingExecuteEngine.java:126)\n	at org.apache.shardingsphere.core.execute.ShardingExecuteEngine.parallelExecute(ShardingExecuteEngine.java:103)\n	at org.apache.shardingsphere.core.execute.ShardingExecuteEngine.groupExecute(ShardingExecuteEngine.java:83)\n	at org.apache.shardingsphere.core.execute.sql.execute.SQLExecuteTemplate.executeGroup(SQLExecuteTemplate.java:73)\n	at org.apache.shardingsphere.core.execute.sql.execute.SQLExecuteTemplate.executeGroup(SQLExecuteTemplate.java:56)\n	at org.apache.shardingsphere.shardingjdbc.executor.AbstractStatementExecutor.executeCallback(AbstractStatementExecutor.java:128)\n	at org.apache.shardingsphere.shardingjdbc.executor.PreparedStatementExecutor.execute(PreparedStatementExecutor.java:156)\n	at org.apache.shardingsphere.shardingjdbc.jdbc.core.statement.ShardingPreparedStatement.execute(ShardingPreparedStatement.java:172)\n	at sun.reflect.GeneratedMethodAccessor149.invoke(Unknown Source)\n	at sun.reflect.DelegatingMethodAccessorImpl.invoke(DelegatingMethodAccessorImpl.java:43)\n	at java.lang.reflect.Method.invoke(Method.java:498)\n	at org.apache.ibatis.logging.jdbc.PreparedStatementLogger.invoke(PreparedStatementLogger.java:59)\n	at com.sun.proxy.$Proxy226.execute(Unknown Source)\n	at org.apache.ibatis.executor.statement.PreparedStatementHandler.update(PreparedStatementHandler.java:47)\n	at org.apache.ibatis.executor.statement.RoutingStatementHandler.update(RoutingStatementHandler.java:74)\n	at org.apache.ibatis.executor.SimpleExecutor.doUpdate(SimpleExecutor.java:50)\n	at org.apache.ibatis.executor.BaseExecutor.update(BaseExecutor.java:117)\n	at org.apache.ibatis.executor.CachingExecutor.update(CachingExecutor.java:76)\n	at sun.reflect.GeneratedMethodAccessor213.invoke(Unknown Source)\n	at sun.reflect.DelegatingMethodAccessorImpl.invoke(DelegatingMethodAccessorImpl.java:43)\n	at java.lang.reflect.Method.invoke(Method.java:498)\n	at org.apache.ibatis.plugin.Invocation.proceed(Invocation.java:49)\n	at com.java110.core.db.Java110MybatisInterceptor.intercept(Java110MybatisInterceptor.java:44)\n	at org.apache.ibatis.plugin.Plugin.invoke(Plugin.java:61)\n	at com.sun.proxy.$Proxy224.update(Unknown Source)\n	at sun.reflect.GeneratedMethodAccessor213.invoke(Unknown Source)\n	at sun.reflect.DelegatingMethodAccessorImpl.invoke(DelegatingMethodAccessorImpl.java:43)\n	at java.lang.reflect.Method.invoke(Method.java:498)\n	at org.apache.ibatis.plugin.Invocation.proceed(Invocation.java:49)\n	at com.java110.core.trace.Java110TraceSqlInterceptor.intercept(Java110TraceSqlInterceptor.java:43)\n	at org.apache.ibatis.plugin.Plugin.invoke(Plugin.java:61)\n	at com.sun.proxy.$Proxy224.update(Unknown Source)\n	at org.apache.ibatis.session.defaults.DefaultSqlSession.update(DefaultSqlSession.java:197)\n	at org.apache.ibatis.session.defaults.DefaultSqlSession.insert(DefaultSqlSession.java:184)\n	at sun.reflect.NativeMethodAccessorImpl.invoke0(Native Method)\n	at sun.reflect.NativeMethodAccessorImpl.invoke(NativeMethodAccessorImpl.java:62)\n	at sun.reflect.DelegatingMethodAccessorImpl.invoke(DelegatingMethodAccessorImpl.java:43)\n	at java.lang.reflect.Method.invoke(Method.java:498)\n	at org.mybatis.spring.SqlSessionTemplate$SqlSessionInterceptor.invoke(SqlSessionTemplate.java:433)\n	... 28 more\n', '2023-11-06 00:36:07', '0');
INSERT INTO `asset_import_log_detail` VALUES ('112023110699110005', '102023110669100004', '102023021386560001', '{\"address\":\"1212\",\"communityId\":\"102023021386560001\",\"implBean\":\"1\",\"machineModel\":\"1001\",\"machineName\":\"1-1-1智能水表\",\"meterType\":\"水表-1\",\"roomName\":\"1-1-1001\",\"userId\":\"302023021495090004\",\"value1\":\"10102\"}', 'C', '导入成功', '2023-11-06 00:42:52', '0');
INSERT INTO `asset_import_log_detail` VALUES ('112023121682790002', '102023121625530001', '102023021386560001', '{\"areaNum\":\"1\",\"carBrand\":\"未知\",\"carColor\":\"黑白\",\"carNum\":\"甘P88488\",\"carType\":\"9901\",\"communityId\":\"102023021386560001\",\"endTimeStr\":\"2024-04-01\",\"link\":\"17790871234\",\"num\":\"88\",\"ownerName\":\"甘甘\",\"page\":-1,\"records\":0,\"row\":0,\"spaceSate\":\"H\",\"startTimeStr\":\"2023-12-01\",\"statusCd\":\"0\",\"total\":0,\"typeCd\":\"1001\",\"userId\":\"302023021495090004\",\"withOwner\":false}', 'C', '导入成功', '2023-12-16 12:07:56', '0');
INSERT INTO `asset_import_log_detail` VALUES ('112023121698000003', '102023121625530001', '102023021386560001', '{\"areaNum\":\"1\",\"carBrand\":\"未知\",\"carColor\":\"黑白\",\"carNum\":\"甘P88487\",\"carType\":\"9901\",\"communityId\":\"102023021386560001\",\"endTimeStr\":\"2024-04-01\",\"link\":\"17790871234\",\"num\":\"88\",\"ownerName\":\"甘甘\",\"page\":-1,\"records\":0,\"row\":0,\"spaceSate\":\"H\",\"startTimeStr\":\"2023-12-01\",\"statusCd\":\"0\",\"total\":0,\"typeCd\":\"1001\",\"userId\":\"302023021495090004\",\"withOwner\":false}', 'F', 'java.lang.IllegalArgumentException: 1停车场-88停车位不是空闲状态！\n	at com.java110.job.importData.adapt.ImportOwnerCarQueueDataAdapt.doImportData(ImportOwnerCarQueueDataAdapt.java:147)\n	at com.java110.job.importData.adapt.ImportOwnerCarQueueDataAdapt.importDatas(ImportOwnerCarQueueDataAdapt.java:75)\n	at com.java110.job.importData.adapt.ImportOwnerCarQueueDataAdapt.importData(ImportOwnerCarQueueDataAdapt.java:66)\n	at com.java110.job.importData.ImportDataExecutor.doImportData(ImportDataExecutor.java:137)\n	at com.java110.job.importData.ImportDataExecutor.run(ImportDataExecutor.java:51)\n	at java.util.concurrent.ThreadPoolExecutor.runWorker(ThreadPoolExecutor.java:1149)\n	at java.util.concurrent.ThreadPoolExecutor$Worker.run(ThreadPoolExecutor.java:624)\n	at java.lang.Thread.run(Thread.java:748)\n', '2023-12-16 12:07:57', '0');
INSERT INTO `asset_import_log_detail` VALUES ('112024022628652523', '102024022638972521', '102024022629692424', '{\"age\":\"1\",\"builtUpArea\":\"94.56\",\"communityId\":\"102024022629692424\",\"floorNum\":\"1\",\"idCard\":\"111111111111111111\",\"layer\":\"1\",\"layerCount\":\"33\",\"lift\":\"1010\",\"ownerName\":\"孙悟空\",\"ownerTypeCd\":\"1001\",\"roomArea\":\"94.56\",\"roomNum\":\"1002\",\"roomState\":\"2001\",\"roomSubType\":\"110\",\"section\":\"10102\",\"sex\":\"0\",\"tel\":\"13111011002\",\"unitNum\":\"1\",\"userId\":\"302024022622672433\"}', 'C', '导入成功', '2024-02-26 14:08:57', '0');
INSERT INTO `asset_import_log_detail` VALUES ('112024022652122522', '102024022638972521', '102024022629692424', '{\"age\":\"1\",\"builtUpArea\":\"94.56\",\"communityId\":\"102024022629692424\",\"floorNum\":\"1\",\"idCard\":\"111111111111111111\",\"layer\":\"1\",\"layerCount\":\"33\",\"lift\":\"1010\",\"ownerName\":\"唐僧\",\"ownerTypeCd\":\"1001\",\"roomArea\":\"94.56\",\"roomNum\":\"1001\",\"roomState\":\"2001\",\"roomSubType\":\"110\",\"section\":\"10102\",\"sex\":\"0\",\"tel\":\"13111011001\",\"unitNum\":\"1\",\"userId\":\"302024022622672433\"}', 'C', '导入成功', '2024-02-26 14:08:56', '0');

-- ----------------------------
-- Table structure for asset_import_log_type
-- ----------------------------
DROP TABLE IF EXISTS `asset_import_log_type`;
CREATE TABLE `asset_import_log_type` (
  `type_id` varchar(30) NOT NULL COMMENT '类型ID',
  `log_type` varchar(128) NOT NULL COMMENT '导入类型',
  `log_column` varchar(64) NOT NULL COMMENT 'excel字段',
  `log_property` varchar(64) NOT NULL COMMENT 'json属性',
  `remark` varchar(512) DEFAULT NULL COMMENT '备注',
  `create_time` timestamp NOT NULL DEFAULT CURRENT_TIMESTAMP COMMENT '异常时间',
  `status_cd` varchar(2) NOT NULL DEFAULT '0' COMMENT '数据状态',
  PRIMARY KEY (`type_id`)
) ENGINE=InnoDB DEFAULT CHARSET=utf8;

-- ----------------------------
-- Records of asset_import_log_type
-- ----------------------------

-- ----------------------------
-- Table structure for attendance_checkin
-- ----------------------------
DROP TABLE IF EXISTS `attendance_checkin`;
CREATE TABLE `attendance_checkin` (
  `checkin_id` varchar(30) NOT NULL COMMENT '进出ID',
  `machine_id` varchar(30) NOT NULL COMMENT '设备ID',
  `machine_code` varchar(30) NOT NULL COMMENT '设备编码',
  `staff_id` varchar(64) DEFAULT NULL COMMENT '员工编号',
  `staff_name` varchar(200) DEFAULT NULL COMMENT '员工名称',
  `open_type_cd` varchar(12) NOT NULL COMMENT '考勤方式，1000 人脸开门',
  `community_id` varchar(30) NOT NULL COMMENT '小区ID',
  `tel` varchar(20) DEFAULT NULL COMMENT '手机号',
  `face_path` varchar(512) DEFAULT NULL COMMENT '人脸路劲',
  `checkin_time` datetime NOT NULL COMMENT '考勤时间',
  `create_time` timestamp NOT NULL DEFAULT CURRENT_TIMESTAMP COMMENT '创建时间',
  `status_cd` varchar(2) NOT NULL DEFAULT '0' COMMENT '数据状态，详细参考c_status表，S 保存，0, 在用 1失效',
  `state` varchar(12) NOT NULL COMMENT '考勤状态，C 考勤成功 F 考勤失败',
  `remark` varchar(256) DEFAULT NULL COMMENT '考勤说明',
  PRIMARY KEY (`checkin_id`)
) ENGINE=InnoDB DEFAULT CHARSET=utf8;

-- ----------------------------
-- Records of attendance_checkin
-- ----------------------------

-- ----------------------------
-- Table structure for attendance_machine
-- ----------------------------
DROP TABLE IF EXISTS `attendance_machine`;
CREATE TABLE `attendance_machine` (
  `machine_id` varchar(30) NOT NULL COMMENT '设备ID',
  `machine_code` varchar(30) NOT NULL COMMENT '设备编码',
  `machine_name` varchar(200) NOT NULL COMMENT '设备名称',
  `community_id` varchar(30) NOT NULL COMMENT '小区ID',
  `machine_ip` varchar(64) DEFAULT NULL COMMENT '设备IP',
  `heartbeat_time` datetime NOT NULL COMMENT '设备心跳时间',
  `impl_bean` varchar(30) NOT NULL COMMENT '门禁厂家',
  `classes_id` varchar(30) NOT NULL COMMENT '班组ID',
  `classes_name` varchar(30) NOT NULL COMMENT '班组名称',
  `create_time` timestamp NOT NULL DEFAULT CURRENT_TIMESTAMP COMMENT '创建时间',
  `status_cd` varchar(2) NOT NULL DEFAULT '0' COMMENT '数据状态，详细参考c_status表，S 保存，0, 在用 1失效',
  PRIMARY KEY (`machine_id`),
  KEY `i_am_community_id` (`community_id`)
) ENGINE=InnoDB DEFAULT CHARSET=utf8;

-- ----------------------------
-- Records of attendance_machine
-- ----------------------------
INSERT INTO `attendance_machine` VALUES ('102024012467040002', '123123', '人脸机1', '102023021386560001', '', '2024-01-24 16:12:22', '10001', '102024010985270267', '早班', '2024-01-24 16:12:22', '1');
INSERT INTO `attendance_machine` VALUES ('102024012471900009', '2004', '考勤机A', '102023021386560001', '', '2024-01-24 16:16:30', '10001', '102024010985270267', '早班', '2024-01-24 16:16:30', '0');

-- ----------------------------
-- Table structure for attendance_machine_log
-- ----------------------------
DROP TABLE IF EXISTS `attendance_machine_log`;
CREATE TABLE `attendance_machine_log` (
  `log_id` varchar(64) NOT NULL COMMENT '日志ID',
  `machine_id` varchar(64) NOT NULL COMMENT '设备ID',
  `community_id` varchar(30) NOT NULL COMMENT '小区ID',
  `log_action` varchar(256) NOT NULL COMMENT '日志动作',
  `staff_id` varchar(64) DEFAULT NULL COMMENT 'user_id',
  `staff_name` varchar(200) DEFAULT NULL COMMENT '用户名称',
  `req_param` longtext COMMENT '请求报文',
  `res_param` longtext COMMENT '返回报文',
  `state` varchar(12) NOT NULL COMMENT '状态，请求成功 10001,返回成功10002,操作失败 10003',
  `create_time` timestamp NOT NULL DEFAULT CURRENT_TIMESTAMP COMMENT '创建时间',
  PRIMARY KEY (`log_id`)
) ENGINE=InnoDB DEFAULT CHARSET=utf8mb4 COLLATE=utf8mb4_0900_ai_ci;

-- ----------------------------
-- Records of attendance_machine_log
-- ----------------------------

-- ----------------------------
-- Table structure for attendance_staff
-- ----------------------------
DROP TABLE IF EXISTS `attendance_staff`;
CREATE TABLE `attendance_staff` (
  `ms_id` varchar(64) NOT NULL COMMENT '主键ID',
  `machine_id` varchar(64) NOT NULL COMMENT '设备ID',
  `staff_id` varchar(30) NOT NULL COMMENT '人员ID',
  `staff_name` varchar(200) NOT NULL COMMENT '用户名称',
  `face_path` varchar(500) NOT NULL COMMENT '人脸http 地址',
  `state` varchar(12) NOT NULL COMMENT '状态',
  `message` varchar(512) NOT NULL COMMENT '消息',
  `community_id` varchar(64) NOT NULL COMMENT '小区ID',
  `create_time` timestamp NOT NULL DEFAULT CURRENT_TIMESTAMP COMMENT '创建时间',
  `status_cd` varchar(2) NOT NULL DEFAULT '0' COMMENT '数据状态，详细参考c_status表，S 保存，0, 在用 1失效',
  PRIMARY KEY (`ms_id`)
) ENGINE=InnoDB DEFAULT CHARSET=utf8;

-- ----------------------------
-- Records of attendance_staff
-- ----------------------------
INSERT INTO `attendance_staff` VALUES ('102024012413580007', '102024012471900009', '302024011896400039', 'test9989', 'https://java110.oss-cn-beijing.aliyuncs.com/hc/iot/img/20240124/e4123f83-4e5c-4306-9d68-b8f9d7877948.png', 'W', '待下发设备', '102023021386560001', '2024-01-24 18:02:54', '0');
INSERT INTO `attendance_staff` VALUES ('102024012471780002', '102024012471900009', '302024011896400039', 'test9989', 'https://java110.oss-cn-beijing.aliyuncs.com/hc/iot/img/20240124/d8960bf1-8130-4235-a188-5ced32950225.png', 'W', '待下发设备', '102023021386560001', '2024-01-24 17:59:18', '1');

-- ----------------------------
-- Table structure for attr_spec
-- ----------------------------
DROP TABLE IF EXISTS `attr_spec`;
CREATE TABLE `attr_spec` (
  `spec_cd` varchar(12) NOT NULL COMMENT '规格ID',
  `table_name` varchar(50) NOT NULL COMMENT '表名',
  `spec_name` varchar(100) NOT NULL COMMENT '规格名称',
  `spec_holdplace` varchar(100) NOT NULL COMMENT '字段填写说明',
  `required` varchar(2) NOT NULL COMMENT '是否必填 Y 必填，N非必填',
  `spec_show` varchar(2) NOT NULL COMMENT '是否展示',
  `spec_value_type` varchar(12) NOT NULL COMMENT '1001 字符串 2002 整数 3003 金额 4004 日期 5005 时间',
  `spec_type` varchar(12) NOT NULL COMMENT '2233 input 3344 select 4455 日期',
  `create_time` timestamp NOT NULL DEFAULT CURRENT_TIMESTAMP COMMENT '创建时间',
  `status_cd` varchar(2) NOT NULL DEFAULT '0' COMMENT '数据状态，详细参考c_status表，S 保存，0, 在用 1失效',
  `list_show` varchar(2) NOT NULL COMMENT '是否展示在list页面 Y 是 N 不是',
  `domain` varchar(64) NOT NULL COMMENT '域',
  `spec_id` varchar(30) NOT NULL COMMENT '主键ID',
  PRIMARY KEY (`spec_cd`)
) ENGINE=InnoDB DEFAULT CHARSET=utf8;

-- ----------------------------
-- Records of attr_spec
-- ----------------------------
INSERT INTO `attr_spec` VALUES ('0021', 'building_community_attr', '社区编码', '必填，请填写社区编码', 'Y', 'Y', '1001', '2233', '2023-02-13 12:21:50', '1', 'Y', 'COMMON', '102023021386410001');
INSERT INTO `attr_spec` VALUES ('1001', 'machine_attr', 'SIP用户名', '必填，请填写SIP用户名', 'Y', 'Y', '1001', '2233', '2023-10-18 14:58:07', '0', 'Y', 'MONITOR.GB28181', '102023101807130012');
INSERT INTO `attr_spec` VALUES ('1002', 'machine_attr', '视频通道编码ID', '必填，请填写视频通道编码ID', 'Y', 'Y', '1001', '2233', '2023-10-18 15:02:29', '0', 'Y', 'MONITOR.GB28181', '102023101812300017');
INSERT INTO `attr_spec` VALUES ('1003', 'machine_attr', '视频流端口', '必填，请输入视频流端口', 'Y', 'Y', '1001', '2233', '2023-10-18 15:03:45', '0', 'Y', 'MONITOR.GB28181', '102023101840780020');
INSERT INTO `attr_spec` VALUES ('2001', 'machine_attr', '地址', '必填，请填写地址范围', 'Y', 'Y', '1001', '2233', '2023-10-19 10:12:16', '0', 'Y', 'MONITOR.RTSP', '102023101990610002');
INSERT INTO `attr_spec` VALUES ('2002', 'machine_attr', '密码', '必填，请填写设备端口', 'Y', 'Y', '1001', '2233', '2023-10-19 10:13:15', '0', 'Y', 'MONITOR.RTSP', '102023101987270005');
INSERT INTO `attr_spec` VALUES ('2003', 'machine_attr', '账号', '必填，请填写登录账号', 'Y', 'Y', '1001', '2233', '2023-10-19 10:14:53', '0', 'Y', 'MONITOR.RTSP', '102023101982170008');
INSERT INTO `attr_spec` VALUES ('2004', 'machine_attr', '流端口', '必填，请填写视频流端口', 'Y', 'Y', '1001', '2233', '2023-10-19 10:14:53', '0', 'Y', 'MONITOR.RTSP', '102023101982170009');

-- ----------------------------
-- Table structure for attr_value
-- ----------------------------
DROP TABLE IF EXISTS `attr_value`;
CREATE TABLE `attr_value` (
  `value_id` varchar(30) NOT NULL COMMENT '值ID',
  `spec_id` varchar(30) NOT NULL COMMENT '规格ID',
  `value` varchar(200) NOT NULL COMMENT '值',
  `value_name` varchar(200) NOT NULL COMMENT '值名称，前台显示用',
  `value_show` varchar(2) NOT NULL COMMENT '选择时，是否显示在前台 Y显示 N不显示',
  `create_time` timestamp NOT NULL DEFAULT CURRENT_TIMESTAMP COMMENT '创建时间',
  `status_cd` varchar(2) NOT NULL DEFAULT '0' COMMENT '数据状态，详细参考c_status表，S 保存，0, 在用 1失效',
  UNIQUE KEY `value_id` (`value_id`) USING BTREE
) ENGINE=InnoDB DEFAULT CHARSET=utf8mb4 COLLATE=utf8mb4_0900_ai_ci;

-- ----------------------------
-- Records of attr_value
-- ----------------------------
INSERT INTO `attr_value` VALUES ('102023021346250010', '102023021386410001', 'N', '是', 'Y', '2023-02-13 12:28:17', '1');

-- ----------------------------
-- Table structure for barrier
-- ----------------------------
DROP TABLE IF EXISTS `barrier`;
CREATE TABLE `barrier` (
  `machine_id` varchar(30) NOT NULL COMMENT '设备ID',
  `machine_code` varchar(64) NOT NULL COMMENT '设备编码',
  `machine_name` varchar(200) NOT NULL COMMENT '设备名称',
  `community_id` varchar(30) NOT NULL COMMENT '小区ID',
  `machine_ip` varchar(64) DEFAULT NULL COMMENT '设备IP',
  `direction` varchar(12) NOT NULL DEFAULT '3306' COMMENT '设备方向进出，3306 进 3307 出',
  `heartbeat_time` datetime NOT NULL COMMENT '设备心跳时间',
  `impl_bean` varchar(30) NOT NULL COMMENT '道闸厂家',
  `box_id` varchar(30) NOT NULL COMMENT '岗亭ID',
  `create_time` timestamp NOT NULL DEFAULT CURRENT_TIMESTAMP COMMENT '创建时间',
  `status_cd` varchar(2) NOT NULL DEFAULT '0' COMMENT '数据状态，详细参考c_status表，S 保存，0, 在用 1失效',
  PRIMARY KEY (`machine_id`),
  KEY `i_m_community_id` (`community_id`)
) ENGINE=InnoDB DEFAULT CHARSET=utf8;

-- ----------------------------
-- Records of barrier
-- ----------------------------
INSERT INTO `barrier` VALUES ('102023092152400003', '926bc310-29b221e1', '观阁学府停车场进口', '102023021386560001', '192.168.100.109', '3306', '2023-11-10 15:07:56', '17', '102023092180170031', '2023-09-21 02:10:03', '0');
INSERT INTO `barrier` VALUES ('102023102693150008', 'c1ec21c5-dceb2daf', '观阁学府停车场出口', '102023021386560001', '192.168.100.109', '3307', '2023-11-10 15:09:55', '17', '102023092180170031', '2023-10-26 23:11:49', '0');
INSERT INTO `barrier` VALUES ('102024020103720008', '2', '2', '2024012252790005', '2', '3307', '2024-02-01 15:29:46', '15', '102024013105050002', '2024-02-01 15:29:47', '0');
INSERT INTO `barrier` VALUES ('102024020186650002', '1', '1', '2024012252790005', '1', '3306', '2024-02-01 12:24:08', '15', '102024013105050002', '2024-02-01 12:24:08', '0');
INSERT INTO `barrier` VALUES ('102024021910180441', '3742', '57', '102023021386560001', '5757', '3306', '2024-02-19 18:30:47', '17', '102023092180170031', '2024-02-19 18:30:47', '0');
INSERT INTO `barrier` VALUES ('102024022008200773', '5ba83610-2ad83b19', '测试设备出', '2023052267100146', '1982.168.1.19', '3307', '2024-02-20 20:55:20', '17', '102024021907520113', '2024-02-20 20:55:20', '0');
INSERT INTO `barrier` VALUES ('102024022027080770', 'e1530b10-7e2d4f37', '测试设备入', '2023052267100146', '192.168.1.18', '3306', '2024-02-20 20:54:41', '17', '102024021907520113', '2024-02-20 20:54:41', '0');
INSERT INTO `barrier` VALUES ('102024022052020499', '1111111', '002', '102023021386560001', '192.168.1.102', '3306', '2024-02-20 09:23:04', '17', '102024022034440485', '2024-02-20 09:23:04', '0');
INSERT INTO `barrier` VALUES ('102024022077040502', '122222', '003', '102023021386560001', '192.168.1.103', '3306', '2024-02-20 09:23:25', '17', '102024022053460494', '2024-02-20 09:23:25', '0');

-- ----------------------------
-- Table structure for building_owner
-- ----------------------------
DROP TABLE IF EXISTS `building_owner`;
CREATE TABLE `building_owner` (
  `member_id` varchar(30) CHARACTER SET utf8 COLLATE utf8_general_ci NOT NULL COMMENT '业主成员ID',
  `owner_id` varchar(30) CHARACTER SET utf8 COLLATE utf8_general_ci NOT NULL COMMENT '业主ID',
  `b_id` varchar(30) CHARACTER SET utf8 COLLATE utf8_general_ci DEFAULT NULL COMMENT '业务ID',
  `name` varchar(64) CHARACTER SET utf8 COLLATE utf8_general_ci NOT NULL COMMENT '业主名称',
  `sex` varchar(12) CHARACTER SET utf8 COLLATE utf8_general_ci NOT NULL COMMENT '性别',
  `age` varchar(12) CHARACTER SET utf8 COLLATE utf8_general_ci DEFAULT NULL COMMENT '年龄',
  `link` varchar(11) CHARACTER SET utf8 COLLATE utf8_general_ci NOT NULL COMMENT '联系人手机号',
  `user_id` varchar(30) CHARACTER SET utf8 COLLATE utf8_general_ci NOT NULL COMMENT '用户ID',
  `remark` varchar(200) CHARACTER SET utf8 COLLATE utf8_general_ci DEFAULT NULL COMMENT '备注',
  `create_time` timestamp NOT NULL DEFAULT CURRENT_TIMESTAMP COMMENT '创建时间',
  `status_cd` varchar(2) CHARACTER SET utf8 COLLATE utf8_general_ci NOT NULL DEFAULT '0' COMMENT '数据状态，详细参考c_status表，0, 在用 1失效',
  `owner_type_cd` varchar(4) CHARACTER SET utf8 COLLATE utf8_general_ci NOT NULL DEFAULT '1001' COMMENT '1001 业主本人 1002 家庭成员',
  `community_id` varchar(30) CHARACTER SET utf8 COLLATE utf8_general_ci DEFAULT NULL COMMENT '小区ID',
  `id_card` varchar(18) CHARACTER SET utf8 COLLATE utf8_general_ci DEFAULT '-1' COMMENT '身份证号码',
  `state` varchar(12) CHARACTER SET utf8 COLLATE utf8_general_ci NOT NULL DEFAULT '2000' COMMENT '业主 成员状态 1000 表示待审核，2000 审核完成  3000 拒绝审核 ',
  `owner_flag` varchar(12) CHARACTER SET utf8 COLLATE utf8_general_ci NOT NULL DEFAULT 'T' COMMENT '业主标识 T是真实业主 F 是虚拟业主',
  `address` varchar(255) CHARACTER SET utf8 COLLATE utf8_general_ci DEFAULT NULL COMMENT '家庭住址',
  `card_number` varchar(64) DEFAULT NULL COMMENT '门禁卡号',
  UNIQUE KEY `member_id` (`member_id`) USING BTREE,
  UNIQUE KEY `idx_owner_id` (`member_id`) USING BTREE,
  KEY `idx_owner_b_id` (`b_id`) USING BTREE,
  KEY `i_bo_owner_id` (`owner_id`) USING BTREE
) ENGINE=InnoDB DEFAULT CHARSET=utf8 ROW_FORMAT=DYNAMIC;

-- ----------------------------
-- Records of building_owner
-- ----------------------------
INSERT INTO `building_owner` VALUES ('772023082271670002', '772023082271670002', null, 'xx', '0', null, '18909714523', '302023021495090004', '', '2023-08-22 18:26:59', '0', '1001', '102023021386560001', '', '2000', 'T', '', null);
INSERT INTO `building_owner` VALUES ('772023110609760004', '772023110609760004', '', '吴学文2', '0', '1', '18909711443', '302023021495090004', '房产导入', '2023-11-06 01:43:03', '0', '1001', '102023021386560001', '632126199109162056', '2000', 'T', '', null);
INSERT INTO `building_owner` VALUES ('772023110685440004', '772023110685440004', null, '吴学文1', '0', '1', '18909711443', '302023021495090004', '房产导入', '2023-11-06 01:30:48', '0', '1001', '102023021386560001', '632126199109162056', '2000', 'T', null, null);
INSERT INTO `building_owner` VALUES ('772023111006680012', '772023111006680012', null, '门禁测试人员', '0', null, '18909712222', '302023021495090004', '', '2023-11-10 12:52:33', '0', '1001', '102023021386560001', '', '2000', 'T', '', null);
INSERT INTO `building_owner` VALUES ('772023111038450017', '772023111038450017', null, '123', '0', null, '18909714545', '302023021495090004', '', '2023-11-10 12:54:30', '0', '1001', '102023021386560001', '', '2000', 'T', '', '');
INSERT INTO `building_owner` VALUES ('772023111390610012', '772023111390610012', null, '门锁测试', '0', null, '13345674567', '302023021495090004', '', '2023-11-13 09:36:06', '0', '1001', '102023021386560001', '', '2000', 'T', '', null);
INSERT INTO `building_owner` VALUES ('772023120586090338', '772023120586090338', null, '吴学文', '1', '1', '18109711443', '-1', '第三方导入系统同步', '2024-01-22 14:28:25', '0', '1001', '2023052267100146', '', '2000', 'T', '无', '');
INSERT INTO `building_owner` VALUES ('772023121674460004', '772023121674460004', null, '甘甘', '1', '1', '17790871234', '-1', '导入车辆导入', '2023-12-16 12:07:55', '0', '1001', '102023021386560001', '', '2000', 'T', '无', null);
INSERT INTO `building_owner` VALUES ('772024012272180002', '772024012272180002', null, '死三八1', '1', null, '15666665556', '-1', '第三方导入系统同步', '2024-01-22 23:27:22', '1', '1001', '2024012252790005', null, '2000', 'T', '无', null);
INSERT INTO `building_owner` VALUES ('772024012292610085', '772024012292610085', null, '同步业主', '1', '1', '18975756565', '-1', '第三方导入系统同步', '2024-01-22 15:12:10', '0', '1001', '2024012252790005', '', '2000', 'T', '无', '556667788');
INSERT INTO `building_owner` VALUES ('772024012296540095', '772024012296540095', null, '死三八1', '1', '1', '15666665555', '-1', '第三方导入系统同步', '2024-01-22 23:18:20', '0', '1001', '2024012252790005', '', '2000', 'T', '无', '1231256');
INSERT INTO `building_owner` VALUES ('772024012299410005', '772024012299410005', null, '张飞3', '1', '1', '18922224444', '-1', '第三方导入系统同步', '2024-01-22 22:42:02', '0', '1001', '2024012252790005', '', '2000', 'T', '无', '55556667');
INSERT INTO `building_owner` VALUES ('772024020516840034', '772024012296540095', null, '成员张三', '1', '1', '18909714523', '-1', '第三方导入系统同步', '2024-02-05 23:36:52', '0', '1002', '2024012252790005', '', '2000', 'T', '无', '');
INSERT INTO `building_owner` VALUES ('772024020882790038', '772024020882790038', null, '123', '1', '1', '15696522323', '-1', '第三方导入系统同步', '2024-02-08 02:03:14', '0', '1001', '2023062100700008', '', '2000', 'T', '无', '');
INSERT INTO `building_owner` VALUES ('772024021624210722', '772024021624210722', null, '李丽', '1', '1', '13111111111', '-1', '第三方导入系统同步', '2024-02-16 16:50:22', '0', '1001', '2023052267100146', '', '2000', 'T', '无', '');
INSERT INTO `building_owner` VALUES ('772024021697820551', '772024021697820551', null, '嘀嘀嘀', '1', '1', '19173406232', '-1', '第三方导入系统同步', '2024-02-20 14:20:58', '0', '1001', '2023052267100146', '', '2000', 'T', '无', '');
INSERT INTO `building_owner` VALUES ('772024021865421354', '772024021624210722', null, '测试1', '1', '1', '18900000000', '-1', '第三方导入系统同步', '2024-02-18 08:50:03', '0', '1002', '2023052267100146', '', '2000', 'T', '无', '');
INSERT INTO `building_owner` VALUES ('772024021878531367', '772024021624210722', null, '测试2', '1', '1', '18900000002', '-1', '第三方导入系统同步', '2024-02-18 08:50:18', '0', '1003', '2023052267100146', '', '2000', 'T', '无', '');
INSERT INTO `building_owner` VALUES ('772024021903822961', '772024021903822961', null, '测试', '1', '1', '18049392222', '-1', '第三方导入系统同步', '2024-02-19 10:33:01', '0', '1001', '2023052267100146', '', '2000', 'T', '无', '');
INSERT INTO `building_owner` VALUES ('772024021911550008', '772024021911550008', null, '兆琉', '0', null, '19923452345', '-1', '房屋认证通过', '2024-02-19 09:14:08', '0', '1001', '102023021386560001', null, '2000', 'T', null, null);
INSERT INTO `building_owner` VALUES ('772024021916390005', '772024021916390005', null, '章彡', '0', null, '13345784578', '-1', '房屋认证通过', '2024-02-19 09:02:15', '0', '1001', '102023021386560001', null, '2000', 'T', null, null);
INSERT INTO `building_owner` VALUES ('772024021942673049', '772024021988183022', null, 'haha', '1', '1', '18511112222', '-1', '第三方导入系统同步', '2024-02-19 10:58:35', '0', '1002', '2023052267100146', '', '2000', 'T', '无', '');
INSERT INTO `building_owner` VALUES ('772024021952223083', '772024021952223083', null, 'yyanz', '1', '1', '18512341234', '-1', '第三方导入系统同步', '2024-02-19 11:02:20', '0', '1001', '2023052267100146', '', '2000', 'T', '无', '');
INSERT INTO `building_owner` VALUES ('772024021975172442', '772024021975172442', null, '张三', '1', '1', '15395136032', '-1', '第三方导入系统同步', '2024-02-19 06:39:48', '0', '1001', '2023052267100146', '', '2000', 'T', '无', '');
INSERT INTO `building_owner` VALUES ('772024021975863681', '772024021975863681', null, 'Mei001', '1', '1', '13782790901', '-1', '第三方导入系统同步', '2024-02-19 16:53:23', '0', '1001', '2023052267100146', '', '2000', 'T', '无', '2把');
INSERT INTO `building_owner` VALUES ('772024021975893605', '772024021975893605', null, '测试222', '1', '1', '13154831191', '-1', '第三方导入系统同步', '2024-02-19 16:32:26', '0', '1001', '2023052267100146', '15211111111111111', '2000', 'T', '无', '');
INSERT INTO `building_owner` VALUES ('772024021984292637', '772024021985712625', null, '李四', '1', '1', '18856065616', '-1', '第三方导入系统同步', '2024-02-19 07:19:32', '0', '1002', '2024021911282483', '', '2000', 'T', '无', '');
INSERT INTO `building_owner` VALUES ('772024021985712625', '772024021985712625', null, '张三', '1', '1', '15395136032', '-1', '第三方导入系统同步', '2024-02-19 07:18:49', '0', '1001', '2024021911282483', '', '2000', 'T', '无', '');
INSERT INTO `building_owner` VALUES ('772024021988183022', '772024021988183022', null, '吴学文', '1', '1', '18909711443', '-1', '第三方导入系统同步', '2024-02-20 14:20:53', '0', '1001', '2023052267100146', '632126199109162056', '2000', 'T', '无', '');
INSERT INTO `building_owner` VALUES ('772024021994213006', '772024021994213006', null, '赵子龙', '1', '1', '13800138001', '-1', '第三方导入系统同步', '2024-02-19 10:46:38', '0', '1001', '2023052267100146', '', '2000', 'T', '无', '');
INSERT INTO `building_owner` VALUES ('772024022014786019', '772024022014786019', null, 'manman', '1', '1', '18523030594', '-1', '第三方导入系统同步', '2024-02-20 16:14:21', '0', '1001', '2023052267100146', '', '2000', 'T', '无', '');
INSERT INTO `building_owner` VALUES ('772024022015804609', '772024022015804609', null, '啧啧啧', '1', '1', '18234905095', '-1', '第三方导入系统同步', '2024-02-20 10:13:30', '0', '1001', '2023052267100146', '', '2000', 'T', '无', '');
INSERT INTO `building_owner` VALUES ('772024022036744590', '772024022036744590', null, '啧啧啧', '1', '1', '18888888888', '-1', '第三方导入系统同步', '2024-02-20 10:11:54', '0', '1001', '2023052267100146', '', '2000', 'T', '无', '1');
INSERT INTO `building_owner` VALUES ('772024022127837095', '772024022127837095', null, '钵钵鸡', '1', '1', '18048902312', '-1', '第三方导入系统同步', '2024-02-21 10:43:23', '0', '1001', '2023052267100146', '', '2000', 'T', '无', '');
INSERT INTO `building_owner` VALUES ('772024022167516578', '772024022167516578', null, '请1', '1', '1', '13095005341', '-1', '第三方导入系统同步', '2024-02-21 01:39:59', '0', '1001', '2023052267100146', '13095005341', '2000', 'T', '无', '34');
INSERT INTO `building_owner` VALUES ('772024022183707296', '772024022183707296', null, '成龙', '1', '1', '13345674567', '-1', '第三方导入系统同步', '2024-02-21 11:41:31', '0', '1001', '2023052267100146', '', '2000', 'T', '无', '');
INSERT INTO `building_owner` VALUES ('772024022268841147', '772024022268841147', null, '张飞', '0', null, '13100131000', '302024012273480017', '', '2024-02-22 17:43:36', '0', '1001', '2023062100700008', '', '2000', 'T', '', '');
INSERT INTO `building_owner` VALUES ('772024022363092065', '772024022363092065', null, '陈某人', '1', '1', '17317539405', '-1', '第三方导入系统同步', '2024-02-23 14:03:14', '0', '1001', '2023052267100146', '430281199810137811', '2000', 'T', '无', '');
INSERT INTO `building_owner` VALUES ('772024022485623473', '772024022485623473', null, 'zkl', '1', '1', '18142583965', '-1', '第三方导入系统同步', '2024-02-24 10:32:36', '0', '1001', '2023052267100146', '', '2000', 'T', '无', '');
INSERT INTO `building_owner` VALUES ('772024022613322527', '772024022613322527', null, '唐僧', '0', '1', '13111011001', '302024022622672433', '房产导入', '2024-02-26 14:08:56', '0', '1001', '102024022629692424', '111111111111111111', '2000', 'T', null, null);
INSERT INTO `building_owner` VALUES ('772024022624100162', '772024022624100162', null, '孙悟空', '1', '1', '13111011002', '-1', '第三方导入系统同步', '2024-02-26 14:10:31', '0', '1001', '2024022647620054', '111111111111111111', '2000', 'T', '无', '');
INSERT INTO `building_owner` VALUES ('772024022641420195', '772024022641420195', null, '一刀', '1', '1', '15044108708', '-1', '第三方导入系统同步', '2024-02-26 14:35:16', '0', '1001', '2024022643710121', '111111111111111111', '2000', 'T', '无', '');
INSERT INTO `building_owner` VALUES ('772024022657322530', '772024022657322530', null, '孙悟空', '0', '1', '13111011002', '302024022622672433', '房产导入', '2024-02-26 14:08:56', '0', '1001', '102024022629692424', '111111111111111111', '2000', 'T', null, null);

-- ----------------------------
-- Table structure for building_owner_attr
-- ----------------------------
DROP TABLE IF EXISTS `building_owner_attr`;
CREATE TABLE `building_owner_attr` (
  `b_id` varchar(30) NOT NULL COMMENT '订单ID',
  `attr_id` varchar(30) NOT NULL COMMENT '属性id',
  `member_id` varchar(30) NOT NULL COMMENT '业主ID',
  `spec_cd` varchar(64) NOT NULL COMMENT '规格ID',
  `value` varchar(50) NOT NULL COMMENT '属性值',
  `create_time` timestamp NOT NULL DEFAULT CURRENT_TIMESTAMP COMMENT '创建时间',
  `status_cd` varchar(2) NOT NULL DEFAULT '0' COMMENT '数据状态，详细参考c_status表，S 保存，0, 在用 1失效',
  `community_id` varchar(30) NOT NULL COMMENT '小区ID 分片ID',
  UNIQUE KEY `attr_id` (`attr_id`) USING BTREE
) ENGINE=InnoDB DEFAULT CHARSET=utf8;

-- ----------------------------
-- Records of building_owner_attr
-- ----------------------------

-- ----------------------------
-- Table structure for building_owner_room_rel
-- ----------------------------
DROP TABLE IF EXISTS `building_owner_room_rel`;
CREATE TABLE `building_owner_room_rel` (
  `rel_id` varchar(30) NOT NULL COMMENT '关系ID',
  `owner_id` varchar(30) NOT NULL COMMENT '业主ID',
  `room_id` varchar(30) NOT NULL COMMENT '房间ID',
  `b_id` varchar(30) DEFAULT NULL COMMENT '业务ID',
  `state` varchar(4) NOT NULL COMMENT '业务状态 2001 业主未迁入 2002 业主迁入 2003 业主迁出',
  `user_id` varchar(30) NOT NULL COMMENT '用户ID',
  `remark` varchar(200) DEFAULT NULL COMMENT '备注',
  `create_time` timestamp NOT NULL DEFAULT CURRENT_TIMESTAMP COMMENT '创建时间',
  `status_cd` varchar(2) NOT NULL DEFAULT '0' COMMENT '数据状态，详细参考c_status表，0, 在用 1失效',
  `start_time` datetime NOT NULL COMMENT '起租时间',
  `end_time` datetime NOT NULL COMMENT '起租时间',
  UNIQUE KEY `rel_id` (`rel_id`) USING BTREE,
  UNIQUE KEY `idx_borr_rel_id` (`rel_id`) USING BTREE,
  UNIQUE KEY `idx_orr_rel_id` (`rel_id`) USING BTREE,
  KEY `idx_borr_b_id` (`b_id`) USING BTREE,
  KEY `idx_orr_b_id` (`b_id`) USING BTREE,
  KEY `i_borr_owner_id` (`owner_id`) USING BTREE,
  KEY `i_borr_room_id` (`room_id`) USING BTREE
) ENGINE=InnoDB DEFAULT CHARSET=utf8;

-- ----------------------------
-- Records of building_owner_room_rel
-- ----------------------------
INSERT INTO `building_owner_room_rel` VALUES ('842023080972710005', '772023080989560002', '752023080997680002', null, '2001', '-1', null, '2023-08-09 22:06:46', '1', '2023-08-09 00:00:00', '2050-01-01 00:00:00');
INSERT INTO `building_owner_room_rel` VALUES ('842023081456210004', '772023080989560002', '752023080997680002', null, '2001', '-1', null, '2023-08-14 16:42:34', '1', '2023-08-14 00:00:00', '2050-01-01 00:00:00');
INSERT INTO `building_owner_room_rel` VALUES ('842023081491470007', '772023080989560002', '752023080997680002', null, '2001', '-1', null, '2023-08-14 16:44:56', '1', '2023-08-14 00:00:00', '2050-01-01 00:00:00');
INSERT INTO `building_owner_room_rel` VALUES ('842023110632620005', '772023110609760004', '752023110693110003', null, '2001', '302023021495090004', null, '2023-11-06 01:43:03', '0', '2023-11-06 00:00:00', '2038-01-01 00:00:00');
INSERT INTO `building_owner_room_rel` VALUES ('842023111004290003', '772023111006680012', '752023110696240003', null, '2001', '-1', null, '2023-11-10 14:52:27', '1', '2023-11-10 00:00:00', '2050-01-01 00:00:00');
INSERT INTO `building_owner_room_rel` VALUES ('842023111010980004', '772023111006680012', '752023110696240003', null, '2001', '-1', null, '2023-11-10 15:08:32', '1', '2023-11-10 00:00:00', '2050-01-01 00:00:00');
INSERT INTO `building_owner_room_rel` VALUES ('842023111031680004', '772023111006680012', '752023110696240003', null, '2001', '-1', null, '2023-11-10 16:10:39', '0', '2023-11-10 00:00:00', '2050-01-01 00:00:00');
INSERT INTO `building_owner_room_rel` VALUES ('842023111050100011', '772023111006680012', '752023110696240003', null, '2001', '-1', null, '2023-11-10 15:37:10', '1', '2023-11-10 00:00:00', '2050-01-01 00:00:00');
INSERT INTO `building_owner_room_rel` VALUES ('842023111076020021', '772023111006680012', '752023110696240003', null, '2001', '-1', null, '2023-11-10 13:10:08', '1', '2023-11-10 00:00:00', '2050-01-01 00:00:00');
INSERT INTO `building_owner_room_rel` VALUES ('842023120867910009', '772023111038450017', '752023080997680002', null, '2001', '-1', null, '2023-12-08 10:27:41', '1', '2023-12-08 00:00:00', '2050-01-01 00:00:00');
INSERT INTO `building_owner_room_rel` VALUES ('842024012203630003', '772024012292610085', '752024012295280082', null, '2001', '30518939884421922816', null, '2024-01-22 16:30:49', '1', '2024-01-22 00:00:00', '2038-01-01 00:00:00');
INSERT INTO `building_owner_room_rel` VALUES ('842024012229690003', '772024012292610085', '752024012295280082', null, '2001', '30518939884421922816', null, '2024-01-22 15:35:02', '1', '2024-01-22 00:00:00', '2038-01-01 00:00:00');
INSERT INTO `building_owner_room_rel` VALUES ('842024012245830009', '772024012292610085', '752024012295280082', null, '2001', '30518939884421922816', null, '2024-01-22 16:24:05', '1', '2024-01-22 00:00:00', '2038-01-01 00:00:00');
INSERT INTO `building_owner_room_rel` VALUES ('842024012264700003', '772024012292610085', '752024012295280082', null, '2001', '30518939884421922816', null, '2024-01-22 15:25:00', '1', '2024-01-22 00:00:00', '2038-01-01 00:00:00');
INSERT INTO `building_owner_room_rel` VALUES ('842024012265950044', '772023120586090338', '752024010438310020', null, '2001', '30518939884421922816', null, '2024-01-22 14:28:26', '1', '2024-01-22 00:00:00', '2038-01-01 00:00:00');
INSERT INTO `building_owner_room_rel` VALUES ('842024012266040003', '772024012292610085', '752024012295280082', null, '2001', '30518939884421922816', null, '2024-01-22 15:19:59', '1', '2024-01-22 00:00:00', '2038-01-01 00:00:00');
INSERT INTO `building_owner_room_rel` VALUES ('842024012269540009', '772024012292610085', '752024012295280082', null, '2001', '30518939884421922816', null, '2024-01-22 16:42:31', '1', '2024-01-22 00:00:00', '2038-01-01 00:00:00');
INSERT INTO `building_owner_room_rel` VALUES ('842024012271280022', '772024012292610085', '752024012295280082', null, '2001', '30518939884421922816', null, '2024-01-22 15:12:10', '1', '2024-01-22 00:00:00', '2038-01-01 00:00:00');
INSERT INTO `building_owner_room_rel` VALUES ('842024012274330012', '772024012299410005', '752024012283880019', null, '2001', '30518939884421922816', null, '2024-01-22 22:45:18', '1', '2024-01-22 00:00:00', '2038-01-01 00:00:00');
INSERT INTO `building_owner_room_rel` VALUES ('842024012297520003', '772024012292610085', '752024012295280082', null, '2001', '30518939884421922816', null, '2024-01-22 16:20:32', '1', '2024-01-22 00:00:00', '2038-01-01 00:00:00');
INSERT INTO `building_owner_room_rel` VALUES ('842024012299980048', '772023120586090338', '752023120523340349', null, '2001', '30518939884421922816', null, '2024-01-22 14:28:26', '1', '2024-01-22 00:00:00', '2038-01-01 00:00:00');
INSERT INTO `building_owner_room_rel` VALUES ('842024012324140030', '772024012299410005', '752024012283880019', null, '2001', '30518939884421922816', null, '2024-01-23 00:33:05', '1', '2024-01-23 00:00:00', '2038-01-01 00:00:00');
INSERT INTO `building_owner_room_rel` VALUES ('842024012362260024', '772024012299410005', '752024012283880019', null, '2001', '30518939884421922816', null, '2024-01-23 00:17:42', '1', '2024-01-23 00:00:00', '2038-01-01 00:00:00');
INSERT INTO `building_owner_room_rel` VALUES ('842024020566110012', '772024012299410005', '752024012283880019', null, '2001', '30518939884421922816', null, '2024-02-05 22:07:00', '1', '2024-02-05 00:00:00', '2038-01-01 00:00:00');
INSERT INTO `building_owner_room_rel` VALUES ('842024020569740037', '772024012299410005', '752024012283880019', null, '2001', '30518939884421922816', null, '2024-02-05 02:08:50', '1', '2024-02-05 00:00:00', '2038-01-01 00:00:00');
INSERT INTO `building_owner_room_rel` VALUES ('842024020576730042', '772024012292610085', '752024012295280082', null, '2001', '30518939884421922816', null, '2024-02-05 02:08:51', '1', '2024-02-05 00:00:00', '2038-01-01 00:00:00');
INSERT INTO `building_owner_room_rel` VALUES ('842024020644330049', '772024012299410005', '752024012283880019', null, '2001', '30518939884421922816', null, '2024-02-06 01:02:43', '1', '2024-02-06 00:00:00', '2038-01-01 00:00:00');
INSERT INTO `building_owner_room_rel` VALUES ('842024020666580008', '772024012292610085', '752024012295280082', null, '2001', '30518939884421922816', null, '2024-02-06 02:22:59', '1', '2024-02-06 00:00:00', '2038-01-01 00:00:00');
INSERT INTO `building_owner_room_rel` VALUES ('842024020668430017', '772024012292610085', '752024012295280082', null, '2001', '30518939884421922816', null, '2024-02-06 11:25:04', '1', '2024-02-06 00:00:00', '2038-01-01 00:00:00');
INSERT INTO `building_owner_room_rel` VALUES ('842024020689320016', '772024012299410005', '752024012283880019', null, '2001', '30518939884421922816', null, '2024-02-06 00:36:40', '1', '2024-02-06 00:00:00', '2038-01-01 00:00:00');
INSERT INTO `building_owner_room_rel` VALUES ('842024020697720024', '772024012299410005', '752024012283880019', null, '2001', '30518939884421922816', null, '2024-02-06 00:37:25', '1', '2024-02-06 00:00:00', '2038-01-01 00:00:00');
INSERT INTO `building_owner_room_rel` VALUES ('842024021805040028', '772023082271670002', '752024021894110026', null, '2001', '-1', null, '2024-02-18 14:34:19', '0', '2024-02-18 00:00:00', '2050-01-01 00:00:00');
INSERT INTO `building_owner_room_rel` VALUES ('842024021816550004', '772023121674460004', '752023121245770012', null, '2001', '-1', null, '2024-02-18 14:26:52', '1', '2024-02-18 00:00:00', '2050-01-01 00:00:00');
INSERT INTO `building_owner_room_rel` VALUES ('842024021895850031', '772023121674460004', '752024021894110026', null, '2001', '-1', null, '2024-02-18 14:34:40', '0', '2024-02-18 00:00:00', '2050-01-01 00:00:00');
INSERT INTO `building_owner_room_rel` VALUES ('842024021902000007', '772024021916390005', '752023110696240003', null, '2001', '-1', null, '2024-02-19 09:02:16', '0', '2024-02-19 00:00:00', '2074-02-19 00:00:00');
INSERT INTO `building_owner_room_rel` VALUES ('842024021905420229', '772024021994213006', '752024021992183029', null, '2001', '30518939884421922816', null, '2024-02-19 11:02:35', '1', '2024-02-19 00:00:00', '2038-01-01 00:00:00');
INSERT INTO `building_owner_room_rel` VALUES ('842024021915010224', '772024021994213006', '752024021992183029', null, '2001', '30518939884421922816', null, '2024-02-19 10:59:34', '1', '2024-02-19 00:00:00', '2038-01-01 00:00:00');
INSERT INTO `building_owner_room_rel` VALUES ('842024021947980322', '772024021911550008', '752023080997680002', null, '2001', '-1', null, '2024-02-19 12:50:23', '0', '2024-02-19 00:00:00', '2050-01-01 00:00:00');
INSERT INTO `building_owner_room_rel` VALUES ('842024021951400221', '772024021988183022', '752023120523340349', null, '2001', '30518939884421922816', null, '2024-02-19 10:58:36', '1', '2024-02-19 00:00:00', '2038-01-01 00:00:00');
INSERT INTO `building_owner_room_rel` VALUES ('842024021976780218', '772024021988183022', '752024021963592858', null, '2001', '30518939884421922816', null, '2024-02-19 10:58:35', '1', '2024-02-19 00:00:00', '2038-01-01 00:00:00');
INSERT INTO `building_owner_room_rel` VALUES ('842024021982550010', '772024021911550008', '752023121245770012', null, '2001', '-1', null, '2024-02-19 09:14:09', '0', '2024-02-19 00:00:00', '2074-02-19 00:00:00');
INSERT INTO `building_owner_room_rel` VALUES ('842024022007560547', '772024021985712625', '752024021954392622', null, '2001', '30518939884421922816', null, '2024-02-20 09:38:36', '0', '2024-02-20 00:00:00', '2038-01-01 00:00:00');
INSERT INTO `building_owner_room_rel` VALUES ('842024022008400669', '772024021697820551', '752023120523340349', null, '2001', '30518939884421922816', null, '2024-02-20 14:20:59', '1', '2024-02-20 00:00:00', '2038-01-01 00:00:00');
INSERT INTO `building_owner_room_rel` VALUES ('842024022009320621', '772024021988183022', '752023120523340349', null, '2001', '30518939884421922816', null, '2024-02-20 14:20:53', '1', '2024-02-20 00:00:00', '2038-01-01 00:00:00');
INSERT INTO `building_owner_room_rel` VALUES ('842024022013680660', '772024021624210722', '752024021570130194', null, '2001', '30518939884421922816', null, '2024-02-20 14:20:58', '1', '2024-02-20 00:00:00', '2038-01-01 00:00:00');
INSERT INTO `building_owner_room_rel` VALUES ('842024022016370606', '772024022015804609', '752024021990734183', null, '2001', '30518939884421922816', null, '2024-02-20 14:20:50', '1', '2024-02-20 00:00:00', '2038-01-01 00:00:00');
INSERT INTO `building_owner_room_rel` VALUES ('842024022032510626', '772024021988183022', '752024021996923125', null, '2001', '30518939884421922816', null, '2024-02-20 14:20:54', '1', '2024-02-20 00:00:00', '2038-01-01 00:00:00');
INSERT INTO `building_owner_room_rel` VALUES ('842024022035920634', '772024021994213006', '752024021992183029', null, '2001', '30518939884421922816', null, '2024-02-20 14:20:55', '1', '2024-02-20 00:00:00', '2038-01-01 00:00:00');
INSERT INTO `building_owner_room_rel` VALUES ('842024022040550542', '772024021985712625', '752024021954392622', null, '2001', '30518939884421922816', null, '2024-02-20 09:38:35', '1', '2024-02-20 00:00:00', '2038-01-01 00:00:00');
INSERT INTO `building_owner_room_rel` VALUES ('842024022043380629', '772024021988183022', '752023120523340349', null, '2001', '30518939884421922816', null, '2024-02-20 14:20:54', '1', '2024-02-20 00:00:00', '2038-01-01 00:00:00');
INSERT INTO `building_owner_room_rel` VALUES ('842024022043700663', '772024021697820551', '752024021610450528', null, '2001', '30518939884421922816', null, '2024-02-20 14:20:58', '1', '2024-02-20 00:00:00', '2038-01-01 00:00:00');
INSERT INTO `building_owner_room_rel` VALUES ('842024022048180615', '772024021975893605', '752024021967653523', null, '2001', '30518939884421922816', null, '2024-02-20 14:20:52', '1', '2024-02-20 00:00:00', '2038-01-01 00:00:00');
INSERT INTO `building_owner_room_rel` VALUES ('842024022050530643', '772024021624210722', '752024021696970716', null, '2001', '30518939884421922816', null, '2024-02-20 14:20:56', '1', '2024-02-20 00:00:00', '2038-01-01 00:00:00');
INSERT INTO `building_owner_room_rel` VALUES ('842024022050680666', '772024021697820551', '752024021619860527', null, '2001', '30518939884421922816', null, '2024-02-20 14:20:58', '1', '2024-02-20 00:00:00', '2038-01-01 00:00:00');
INSERT INTO `building_owner_room_rel` VALUES ('842024022054780646', '772024021624210722', '752024021570130194', null, '2001', '30518939884421922816', null, '2024-02-20 14:20:56', '1', '2024-02-20 00:00:00', '2038-01-01 00:00:00');
INSERT INTO `building_owner_room_rel` VALUES ('842024022057060612', '772024021975863681', '752024021996573669', null, '2001', '30518939884421922816', null, '2024-02-20 14:20:51', '1', '2024-02-20 00:00:00', '2038-01-01 00:00:00');
INSERT INTO `building_owner_room_rel` VALUES ('842024022059590657', '772024021624210722', '752024021696970716', null, '2001', '30518939884421922816', null, '2024-02-20 14:20:57', '1', '2024-02-20 00:00:00', '2038-01-01 00:00:00');
INSERT INTO `building_owner_room_rel` VALUES ('842024022062890637', '772024021903822961', '752024021954542993', null, '2001', '30518939884421922816', null, '2024-02-20 14:20:55', '1', '2024-02-20 00:00:00', '2038-01-01 00:00:00');
INSERT INTO `building_owner_room_rel` VALUES ('842024022064910618', '772024021988183022', '752024021996923125', null, '2001', '30518939884421922816', null, '2024-02-20 14:20:53', '1', '2024-02-20 00:00:00', '2038-01-01 00:00:00');
INSERT INTO `building_owner_room_rel` VALUES ('842024022074380674', '772023120586090338', '752024010438310020', null, '2001', '30518939884421922816', null, '2024-02-20 14:20:59', '1', '2024-02-20 00:00:00', '2038-01-01 00:00:00');
INSERT INTO `building_owner_room_rel` VALUES ('842024022079220640', '772024021975172442', '752024021972102457', null, '2001', '30518939884421922816', null, '2024-02-20 14:20:55', '1', '2024-02-20 00:00:00', '2038-01-01 00:00:00');
INSERT INTO `building_owner_room_rel` VALUES ('842024022086000609', '772024022015804609', '752024021963592858', null, '2001', '30518939884421922816', null, '2024-02-20 14:20:50', '1', '2024-02-20 00:00:00', '2038-01-01 00:00:00');
INSERT INTO `building_owner_room_rel` VALUES ('842024022086530649', '772024021624210722', '752024021696970716', null, '2001', '30518939884421922816', null, '2024-02-20 14:20:57', '1', '2024-02-20 00:00:00', '2038-01-01 00:00:00');
INSERT INTO `building_owner_room_rel` VALUES ('842024022091730652', '772024021624210722', '752024021570130194', null, '2001', '30518939884421922816', null, '2024-02-20 14:20:57', '1', '2024-02-20 00:00:00', '2038-01-01 00:00:00');
INSERT INTO `building_owner_room_rel` VALUES ('842024022200701075', '772024021988183022', '752024022197670241', null, '2001', '30518939884421922816', null, '2024-02-22 17:34:47', '1', '2024-02-22 00:00:00', '2038-01-01 00:00:00');
INSERT INTO `building_owner_room_rel` VALUES ('842024022201071051', '772024022015804609', '752024021963592858', null, '2001', '30518939884421922816', null, '2024-02-22 17:34:43', '1', '2024-02-22 00:00:00', '2038-01-01 00:00:00');
INSERT INTO `building_owner_room_rel` VALUES ('842024022209591056', '772024021975863681', '752024021996573669', null, '2001', '30518939884421922816', null, '2024-02-22 17:34:44', '1', '2024-02-22 00:00:00', '2038-01-01 00:00:00');
INSERT INTO `building_owner_room_rel` VALUES ('842024022215151105', '772024021624210722', '752024021696970716', null, '2001', '30518939884421922816', null, '2024-02-22 17:34:50', '1', '2024-02-22 00:00:00', '2038-01-01 00:00:00');
INSERT INTO `building_owner_room_rel` VALUES ('842024022216931091', '772024021903822961', '752024021954542993', null, '2001', '30518939884421922816', null, '2024-02-22 17:34:48', '1', '2024-02-22 00:00:00', '2038-01-01 00:00:00');
INSERT INTO `building_owner_room_rel` VALUES ('842024022219711048', '772024022015804609', '752024021990734183', null, '2001', '30518939884421922816', null, '2024-02-22 17:34:43', '1', '2024-02-22 00:00:00', '2038-01-01 00:00:00');
INSERT INTO `building_owner_room_rel` VALUES ('842024022223831061', '772024021975893605', '752024021967653523', null, '2001', '30518939884421922816', null, '2024-02-22 17:34:45', '1', '2024-02-22 00:00:00', '2038-01-01 00:00:00');
INSERT INTO `building_owner_room_rel` VALUES ('842024022226281064', '772024021988183022', '752024022197670241', null, '2001', '30518939884421922816', null, '2024-02-22 17:34:45', '1', '2024-02-22 00:00:00', '2038-01-01 00:00:00');
INSERT INTO `building_owner_room_rel` VALUES ('842024022227861096', '772024021975172442', '752024021972102457', null, '2001', '30518939884421922816', null, '2024-02-22 17:34:49', '1', '2024-02-22 00:00:00', '2038-01-01 00:00:00');
INSERT INTO `building_owner_room_rel` VALUES ('842024022228670967', '772023111390610012', '752023121245770012', null, '2001', '-1', null, '2024-02-22 11:46:53', '0', '2024-02-22 00:00:00', '2050-01-01 00:00:00');
INSERT INTO `building_owner_room_rel` VALUES ('842024022230371043', '772024022014786019', '752024022078176031', null, '2001', '30518939884421922816', null, '2024-02-22 17:34:42', '1', '2024-02-22 00:00:00', '2038-01-01 00:00:00');
INSERT INTO `building_owner_room_rel` VALUES ('842024022231770977', '772023082271670002', '752023121245770012', null, '2001', '-1', null, '2024-02-22 11:47:03', '1', '2024-02-22 00:00:00', '2050-01-01 00:00:00');
INSERT INTO `building_owner_room_rel` VALUES ('842024022234051081', '772024021988183022', '752023120523340349', null, '2001', '30518939884421922816', null, '2024-02-22 17:34:47', '1', '2024-02-22 00:00:00', '2038-01-01 00:00:00');
INSERT INTO `building_owner_room_rel` VALUES ('842024022234291132', '772023120586090338', '752024010438310020', null, '2001', '30518939884421922816', null, '2024-02-22 17:34:54', '1', '2024-02-22 00:00:00', '2038-01-01 00:00:00');
INSERT INTO `building_owner_room_rel` VALUES ('842024022234411037', '772024022183707296', '752024022169007291', null, '2001', '30518939884421922816', null, '2024-02-22 17:34:41', '1', '2024-02-22 00:00:00', '2038-01-01 00:00:00');
INSERT INTO `building_owner_room_rel` VALUES ('842024022257171116', '772024021624210722', '752024021570130194', null, '2001', '30518939884421922816', null, '2024-02-22 17:34:51', '1', '2024-02-22 00:00:00', '2038-01-01 00:00:00');
INSERT INTO `building_owner_room_rel` VALUES ('842024022257301108', '772024021624210722', '752024021570130194', null, '2001', '30518939884421922816', null, '2024-02-22 17:34:50', '1', '2024-02-22 00:00:00', '2038-01-01 00:00:00');
INSERT INTO `building_owner_room_rel` VALUES ('842024022257351070', '772024021988183022', '752023120523340349', null, '2001', '30518939884421922816', null, '2024-02-22 17:34:46', '1', '2024-02-22 00:00:00', '2038-01-01 00:00:00');
INSERT INTO `building_owner_room_rel` VALUES ('842024022263721099', '772024021624210722', '752024021696970716', null, '2001', '30518939884421922816', null, '2024-02-22 17:34:49', '1', '2024-02-22 00:00:00', '2038-01-01 00:00:00');
INSERT INTO `building_owner_room_rel` VALUES ('842024022263881121', '772024021697820551', '752024021610450528', null, '2001', '30518939884421922816', null, '2024-02-22 17:34:52', '1', '2024-02-22 00:00:00', '2038-01-01 00:00:00');
INSERT INTO `building_owner_room_rel` VALUES ('842024022265091113', '772024021624210722', '752024021696970716', null, '2001', '30518939884421922816', null, '2024-02-22 17:34:51', '1', '2024-02-22 00:00:00', '2038-01-01 00:00:00');
INSERT INTO `building_owner_room_rel` VALUES ('842024022276261040', '772024022127837095', '752024022122117085', null, '2001', '30518939884421922816', null, '2024-02-22 17:34:42', '1', '2024-02-22 00:00:00', '2038-01-01 00:00:00');
INSERT INTO `building_owner_room_rel` VALUES ('842024022277611078', '772024021988183022', '752024021996923125', null, '2001', '30518939884421922816', null, '2024-02-22 17:34:47', '1', '2024-02-22 00:00:00', '2038-01-01 00:00:00');
INSERT INTO `building_owner_room_rel` VALUES ('842024022278431124', '772024021697820551', '752024021619860527', null, '2001', '30518939884421922816', null, '2024-02-22 17:34:53', '1', '2024-02-22 00:00:00', '2038-01-01 00:00:00');
INSERT INTO `building_owner_room_rel` VALUES ('842024022278551127', '772024021697820551', '752023120523340349', null, '2001', '30518939884421922816', null, '2024-02-22 17:34:53', '1', '2024-02-22 00:00:00', '2038-01-01 00:00:00');
INSERT INTO `building_owner_room_rel` VALUES ('842024022286961067', '772024021988183022', '752024021996923125', null, '2001', '30518939884421922816', null, '2024-02-22 17:34:46', '1', '2024-02-22 00:00:00', '2038-01-01 00:00:00');
INSERT INTO `building_owner_room_rel` VALUES ('842024022296921102', '772024021624210722', '752024021570130194', null, '2001', '30518939884421922816', null, '2024-02-22 17:34:50', '1', '2024-02-22 00:00:00', '2038-01-01 00:00:00');
INSERT INTO `building_owner_room_rel` VALUES ('842024022298151086', '772024021994213006', '752024021992183029', null, '2001', '30518939884421922816', null, '2024-02-22 17:34:48', '1', '2024-02-22 00:00:00', '2038-01-01 00:00:00');
INSERT INTO `building_owner_room_rel` VALUES ('842024022301831672', '772024021988183022', '752023120523340349', null, '2001', '30518939884421922816', null, '2024-02-23 17:18:30', '1', '2024-02-23 00:00:00', '2038-01-01 00:00:00');
INSERT INTO `building_owner_room_rel` VALUES ('842024022304821758', '772024021697820551', '752024021619860527', null, '2001', '30518939884421922816', null, '2024-02-23 17:18:36', '1', '2024-02-23 00:00:00', '2038-01-01 00:00:00');
INSERT INTO `building_owner_room_rel` VALUES ('842024022305601453', '772024021697820551', '752024021619860527', null, '2001', '30518939884421922816', null, '2024-02-23 10:59:37', '1', '2024-02-23 00:00:00', '2038-01-01 00:00:00');
INSERT INTO `building_owner_room_rel` VALUES ('842024022306131635', '772024021975893605', '752024021967653523', null, '2001', '30518939884421922816', null, '2024-02-23 17:18:27', '1', '2024-02-23 00:00:00', '2038-01-01 00:00:00');
INSERT INTO `building_owner_room_rel` VALUES ('842024022311991370', '772024022014786019', '752024022078176031', null, '2001', '30518939884421922816', null, '2024-02-23 10:59:27', '1', '2024-02-23 00:00:00', '2038-01-01 00:00:00');
INSERT INTO `building_owner_room_rel` VALUES ('842024022313371739', '772024021988183022', '752023120523340349', null, '2001', '30518939884421922816', null, '2024-02-23 17:18:35', '1', '2024-02-23 00:00:00', '2038-01-01 00:00:00');
INSERT INTO `building_owner_room_rel` VALUES ('842024022313431805', '772024021697820551', '752023120523340349', null, '2001', '30518939884421922816', null, '2024-02-23 17:18:40', '1', '2024-02-23 00:00:00', '2038-01-01 00:00:00');
INSERT INTO `building_owner_room_rel` VALUES ('842024022316181445', '772024021624210722', '752024021570130194', null, '2001', '30518939884421922816', null, '2024-02-23 10:59:35', '1', '2024-02-23 00:00:00', '2038-01-01 00:00:00');
INSERT INTO `building_owner_room_rel` VALUES ('842024022317041427', '772024021624210722', '752024021696970716', null, '2001', '30518939884421922816', null, '2024-02-23 10:59:34', '1', '2024-02-23 00:00:00', '2038-01-01 00:00:00');
INSERT INTO `building_owner_room_rel` VALUES ('842024022318331715', '772024021624210722', '752024021570130194', null, '2001', '30518939884421922816', null, '2024-02-23 17:18:33', '1', '2024-02-23 00:00:00', '2038-01-01 00:00:00');
INSERT INTO `building_owner_room_rel` VALUES ('842024022319271729', '772024021988183022', '752024022197670241', null, '2001', '30518939884421922816', null, '2024-02-23 17:18:34', '1', '2024-02-23 00:00:00', '2038-01-01 00:00:00');
INSERT INTO `building_owner_room_rel` VALUES ('842024022319831661', '772024022014786019', '752024022078176031', null, '2001', '30518939884421922816', null, '2024-02-23 17:18:30', '1', '2024-02-23 00:00:00', '2038-01-01 00:00:00');
INSERT INTO `building_owner_room_rel` VALUES ('842024022319871820', '772024012299410005', '752024012283880019', null, '2001', '30518939884421922816', null, '2024-02-23 17:18:49', '0', '2024-02-23 00:00:00', '2038-01-01 00:00:00');
INSERT INTO `building_owner_room_rel` VALUES ('842024022321441799', '772024021697820551', '752024021610450528', null, '2001', '30518939884421922816', null, '2024-02-23 17:18:39', '1', '2024-02-23 00:00:00', '2038-01-01 00:00:00');
INSERT INTO `building_owner_room_rel` VALUES ('842024022321981771', '772024021975172442', '752024021972102457', null, '2001', '30518939884421922816', null, '2024-02-23 17:18:37', '1', '2024-02-23 00:00:00', '2038-01-01 00:00:00');
INSERT INTO `building_owner_room_rel` VALUES ('842024022322021413', '772024021994213006', '752024021992183029', null, '2001', '30518939884421922816', null, '2024-02-23 10:59:32', '1', '2024-02-23 00:00:00', '2038-01-01 00:00:00');
INSERT INTO `building_owner_room_rel` VALUES ('842024022322121810', '772023120586090338', '752024010438310020', null, '2001', '30518939884421922816', null, '2024-02-23 17:18:40', '1', '2024-02-23 00:00:00', '2038-01-01 00:00:00');
INSERT INTO `building_owner_room_rel` VALUES ('842024022324721721', '772024021624210722', '752024021696970716', null, '2001', '30518939884421922816', null, '2024-02-23 17:18:33', '1', '2024-02-23 00:00:00', '2038-01-01 00:00:00');
INSERT INTO `building_owner_room_rel` VALUES ('842024022329271408', '772024021988183022', '752023120523340349', null, '2001', '30518939884421922816', null, '2024-02-23 10:59:31', '1', '2024-02-23 00:00:00', '2038-01-01 00:00:00');
INSERT INTO `building_owner_room_rel` VALUES ('842024022329501654', '772024021988183022', '752023120523340349', null, '2001', '30518939884421922816', null, '2024-02-23 17:18:29', '1', '2024-02-23 00:00:00', '2038-01-01 00:00:00');
INSERT INTO `building_owner_room_rel` VALUES ('842024022329651786', '772024021624210722', '752024021570130194', null, '2001', '30518939884421922816', null, '2024-02-23 17:18:38', '1', '2024-02-23 00:00:00', '2038-01-01 00:00:00');
INSERT INTO `building_owner_room_rel` VALUES ('842024022331391764', '772024021697820551', '752023120523340349', null, '2001', '30518939884421922816', null, '2024-02-23 17:18:36', '1', '2024-02-23 00:00:00', '2038-01-01 00:00:00');
INSERT INTO `building_owner_room_rel` VALUES ('842024022332511375', '772024022015804609', '752024021990734183', null, '2001', '30518939884421922816', null, '2024-02-23 10:59:28', '1', '2024-02-23 00:00:00', '2038-01-01 00:00:00');
INSERT INTO `building_owner_room_rel` VALUES ('842024022334651643', '772024021988183022', '752024022197670241', null, '2001', '30518939884421922816', null, '2024-02-23 17:18:28', '1', '2024-02-23 00:00:00', '2038-01-01 00:00:00');
INSERT INTO `building_owner_room_rel` VALUES ('842024022336301450', '772024021697820551', '752024021610450528', null, '2001', '30518939884421922816', null, '2024-02-23 10:59:37', '1', '2024-02-23 00:00:00', '2038-01-01 00:00:00');
INSERT INTO `building_owner_room_rel` VALUES ('842024022336371737', '772024021624210722', '752024021696970716', null, '2001', '30518939884421922816', null, '2024-02-23 17:18:34', '1', '2024-02-23 00:00:00', '2038-01-01 00:00:00');
INSERT INTO `building_owner_room_rel` VALUES ('842024022337801647', '772024021988183022', '752024021996923125', null, '2001', '30518939884421922816', null, '2024-02-23 17:18:28', '1', '2024-02-23 00:00:00', '2038-01-01 00:00:00');
INSERT INTO `building_owner_room_rel` VALUES ('842024022337801678', '772024022015804609', '752024021963592858', null, '2001', '30518939884421922816', null, '2024-02-23 17:18:31', '1', '2024-02-23 00:00:00', '2038-01-01 00:00:00');
INSERT INTO `building_owner_room_rel` VALUES ('842024022338261611', '772024022014786019', '752024022078176031', null, '2001', '30518939884421922816', null, '2024-02-23 17:18:25', '1', '2024-02-23 00:00:00', '2038-01-01 00:00:00');
INSERT INTO `building_owner_room_rel` VALUES ('842024022340041828', '772024012292610085', '752024012295280082', null, '2001', '30518939884421922816', null, '2024-02-23 17:18:53', '0', '2024-02-23 00:00:00', '2038-01-01 00:00:00');
INSERT INTO `building_owner_room_rel` VALUES ('842024022340761436', '772024021624210722', '752024021570130194', null, '2001', '30518939884421922816', null, '2024-02-23 10:59:34', '1', '2024-02-23 00:00:00', '2038-01-01 00:00:00');
INSERT INTO `building_owner_room_rel` VALUES ('842024022341731675', '772024022015804609', '752024021990734183', null, '2001', '30518939884421922816', null, '2024-02-23 17:18:30', '1', '2024-02-23 00:00:00', '2038-01-01 00:00:00');
INSERT INTO `building_owner_room_rel` VALUES ('842024022341861688', '772024021975863681', '752024021996573669', null, '2001', '30518939884421922816', null, '2024-02-23 17:18:31', '1', '2024-02-23 00:00:00', '2038-01-01 00:00:00');
INSERT INTO `building_owner_room_rel` VALUES ('842024022344111619', '772024022015804609', '752024021963592858', null, '2001', '30518939884421922816', null, '2024-02-23 17:18:26', '1', '2024-02-23 00:00:00', '2038-01-01 00:00:00');
INSERT INTO `building_owner_room_rel` VALUES ('842024022345271405', '772024021988183022', '752024021996923125', null, '2001', '30518939884421922816', null, '2024-02-23 10:59:31', '1', '2024-02-23 00:00:00', '2038-01-01 00:00:00');
INSERT INTO `building_owner_room_rel` VALUES ('842024022345331699', '772024021975893605', '752024021967653523', null, '2001', '30518939884421922816', null, '2024-02-23 17:18:32', '1', '2024-02-23 00:00:00', '2038-01-01 00:00:00');
INSERT INTO `building_owner_room_rel` VALUES ('842024022345771388', '772024021975893605', '752024021967653523', null, '2001', '30518939884421922816', null, '2024-02-23 10:59:29', '1', '2024-02-23 00:00:00', '2038-01-01 00:00:00');
INSERT INTO `building_owner_room_rel` VALUES ('842024022346351783', '772024021624210722', '752024021696970716', null, '2001', '30518939884421922816', null, '2024-02-23 17:18:38', '1', '2024-02-23 00:00:00', '2038-01-01 00:00:00');
INSERT INTO `building_owner_room_rel` VALUES ('842024022346551402', '772024021988183022', '752024022197670241', null, '2001', '30518939884421922816', null, '2024-02-23 10:59:31', '1', '2024-02-23 00:00:00', '2038-01-01 00:00:00');
INSERT INTO `building_owner_room_rel` VALUES ('842024022348891397', '772024021988183022', '752023120523340349', null, '2001', '30518939884421922816', null, '2024-02-23 10:59:30', '1', '2024-02-23 00:00:00', '2038-01-01 00:00:00');
INSERT INTO `building_owner_room_rel` VALUES ('842024022351181748', '772024021994213006', '752024021992183029', null, '2001', '30518939884421922816', null, '2024-02-23 17:18:35', '1', '2024-02-23 00:00:00', '2038-01-01 00:00:00');
INSERT INTO `building_owner_room_rel` VALUES ('842024022352531378', '772024022015804609', '752024021963592858', null, '2001', '30518939884421922816', null, '2024-02-23 10:59:28', '1', '2024-02-23 00:00:00', '2038-01-01 00:00:00');
INSERT INTO `building_owner_room_rel` VALUES ('842024022352711616', '772024022015804609', '752024021990734183', null, '2001', '30518939884421922816', null, '2024-02-23 17:18:26', '1', '2024-02-23 00:00:00', '2038-01-01 00:00:00');
INSERT INTO `building_owner_room_rel` VALUES ('842024022355171596', '772024022363092065', '752024022240580266', null, '2001', '30518939884421922816', null, '2024-02-23 17:18:23', '1', '2024-02-23 00:00:00', '2038-01-01 00:00:00');
INSERT INTO `building_owner_room_rel` VALUES ('842024022356541433', '772024021624210722', '752024021696970716', null, '2001', '30518939884421922816', null, '2024-02-23 10:59:34', '1', '2024-02-23 00:00:00', '2038-01-01 00:00:00');
INSERT INTO `building_owner_room_rel` VALUES ('842024022357441360', '772024022183707296', '752024022169007291', null, '2001', '30518939884421922816', null, '2024-02-23 10:59:26', '1', '2024-02-23 00:00:00', '2038-01-01 00:00:00');
INSERT INTO `building_owner_room_rel` VALUES ('842024022357971365', '772024022127837095', '752024022122117085', null, '2001', '30518939884421922816', null, '2024-02-23 10:59:26', '1', '2024-02-23 00:00:00', '2038-01-01 00:00:00');
INSERT INTO `building_owner_room_rel` VALUES ('842024022360021802', '772024021697820551', '752024021619860527', null, '2001', '30518939884421922816', null, '2024-02-23 17:18:39', '1', '2024-02-23 00:00:00', '2038-01-01 00:00:00');
INSERT INTO `building_owner_room_rel` VALUES ('842024022360541667', '772024021988183022', '752024021996923125', null, '2001', '30518939884421922816', null, '2024-02-23 17:18:30', '1', '2024-02-23 00:00:00', '2038-01-01 00:00:00');
INSERT INTO `building_owner_room_rel` VALUES ('842024022360561794', '772024021624210722', '752024021570130194', null, '2001', '30518939884421922816', null, '2024-02-23 17:18:39', '1', '2024-02-23 00:00:00', '2038-01-01 00:00:00');
INSERT INTO `building_owner_room_rel` VALUES ('842024022361001733', '772024021988183022', '752024021996923125', null, '2001', '30518939884421922816', null, '2024-02-23 17:18:34', '1', '2024-02-23 00:00:00', '2038-01-01 00:00:00');
INSERT INTO `building_owner_room_rel` VALUES ('842024022362911777', '772024021624210722', '752024021696970716', null, '2001', '30518939884421922816', null, '2024-02-23 17:18:37', '1', '2024-02-23 00:00:00', '2038-01-01 00:00:00');
INSERT INTO `building_owner_room_rel` VALUES ('842024022363621718', '772024021988183022', '752023120523340349', null, '2001', '30518939884421922816', null, '2024-02-23 17:18:33', '1', '2024-02-23 00:00:00', '2038-01-01 00:00:00');
INSERT INTO `building_owner_room_rel` VALUES ('842024022369291693', '772024021903822961', '752024021954542993', null, '2001', '30518939884421922816', null, '2024-02-23 17:18:32', '1', '2024-02-23 00:00:00', '2038-01-01 00:00:00');
INSERT INTO `building_owner_room_rel` VALUES ('842024022369671780', '772024021624210722', '752024021570130194', null, '2001', '30518939884421922816', null, '2024-02-23 17:18:37', '1', '2024-02-23 00:00:00', '2038-01-01 00:00:00');
INSERT INTO `building_owner_room_rel` VALUES ('842024022370301774', '772023120586090338', '752024010438310020', null, '2001', '30518939884421922816', null, '2024-02-23 17:18:37', '1', '2024-02-23 00:00:00', '2038-01-01 00:00:00');
INSERT INTO `building_owner_room_rel` VALUES ('842024022370581651', '772024022127837095', '752024022122117085', null, '2001', '30518939884421922816', null, '2024-02-23 17:18:29', '1', '2024-02-23 00:00:00', '2038-01-01 00:00:00');
INSERT INTO `building_owner_room_rel` VALUES ('842024022371621430', '772024021624210722', '752024021570130194', null, '2001', '30518939884421922816', null, '2024-02-23 10:59:34', '1', '2024-02-23 00:00:00', '2038-01-01 00:00:00');
INSERT INTO `building_owner_room_rel` VALUES ('842024022372981709', '772024021624210722', '752024021696970716', null, '2001', '30518939884421922816', null, '2024-02-23 17:18:33', '1', '2024-02-23 00:00:00', '2038-01-01 00:00:00');
INSERT INTO `building_owner_room_rel` VALUES ('842024022374351424', '772024021975172442', '752024021972102457', null, '2001', '30518939884421922816', null, '2024-02-23 10:59:33', '1', '2024-02-23 00:00:00', '2038-01-01 00:00:00');
INSERT INTO `building_owner_room_rel` VALUES ('842024022374811743', '772024021624210722', '752024021570130194', null, '2001', '30518939884421922816', null, '2024-02-23 17:18:35', '1', '2024-02-23 00:00:00', '2038-01-01 00:00:00');
INSERT INTO `building_owner_room_rel` VALUES ('842024022375561461', '772023120586090338', '752024010438310020', null, '2001', '30518939884421922816', null, '2024-02-23 10:59:38', '1', '2024-02-23 00:00:00', '2038-01-01 00:00:00');
INSERT INTO `building_owner_room_rel` VALUES ('842024022377321761', '772024021903822961', '752024021954542993', null, '2001', '30518939884421922816', null, '2024-02-23 17:18:36', '1', '2024-02-23 00:00:00', '2038-01-01 00:00:00');
INSERT INTO `building_owner_room_rel` VALUES ('842024022378291601', '772024022183707296', '752024022169007291', null, '2001', '30518939884421922816', null, '2024-02-23 17:18:24', '1', '2024-02-23 00:00:00', '2038-01-01 00:00:00');
INSERT INTO `building_owner_room_rel` VALUES ('842024022379001631', '772024022363092065', '752024022240580266', null, '2001', '30518939884421922816', null, '2024-02-23 17:18:27', '1', '2024-02-23 00:00:00', '2038-01-01 00:00:00');
INSERT INTO `building_owner_room_rel` VALUES ('842024022379541394', '772024021988183022', '752024021996923125', null, '2001', '30518939884421922816', null, '2024-02-23 10:59:30', '1', '2024-02-23 00:00:00', '2038-01-01 00:00:00');
INSERT INTO `building_owner_room_rel` VALUES ('842024022380341753', '772024021697820551', '752024021610450528', null, '2001', '30518939884421922816', null, '2024-02-23 17:18:36', '1', '2024-02-23 00:00:00', '2038-01-01 00:00:00');
INSERT INTO `building_owner_room_rel` VALUES ('842024022380771456', '772024021697820551', '752023120523340349', null, '2001', '30518939884421922816', null, '2024-02-23 10:59:37', '1', '2024-02-23 00:00:00', '2038-01-01 00:00:00');
INSERT INTO `building_owner_room_rel` VALUES ('842024022382741442', '772024021624210722', '752024021696970716', null, '2001', '30518939884421922816', null, '2024-02-23 10:59:35', '1', '2024-02-23 00:00:00', '2038-01-01 00:00:00');
INSERT INTO `building_owner_room_rel` VALUES ('842024022384091418', '772024021903822961', '752024021954542993', null, '2001', '30518939884421922816', null, '2024-02-23 10:59:32', '1', '2024-02-23 00:00:00', '2038-01-01 00:00:00');
INSERT INTO `building_owner_room_rel` VALUES ('842024022385161625', '772024021975863681', '752024021996573669', null, '2001', '30518939884421922816', null, '2024-02-23 17:18:27', '1', '2024-02-23 00:00:00', '2038-01-01 00:00:00');
INSERT INTO `building_owner_room_rel` VALUES ('842024022386021683', '772024021994213006', '752024021992183029', null, '2001', '30518939884421922816', null, '2024-02-23 17:18:31', '1', '2024-02-23 00:00:00', '2038-01-01 00:00:00');
INSERT INTO `building_owner_room_rel` VALUES ('842024022387431640', '772024022183707296', '752024022169007291', null, '2001', '30518939884421922816', null, '2024-02-23 17:18:28', '1', '2024-02-23 00:00:00', '2038-01-01 00:00:00');
INSERT INTO `building_owner_room_rel` VALUES ('842024022388751703', '772024021975172442', '752024021972102457', null, '2001', '30518939884421922816', null, '2024-02-23 17:18:32', '1', '2024-02-23 00:00:00', '2038-01-01 00:00:00');
INSERT INTO `building_owner_room_rel` VALUES ('842024022389501791', '772024021624210722', '752024021696970716', null, '2001', '30518939884421922816', null, '2024-02-23 17:18:38', '1', '2024-02-23 00:00:00', '2038-01-01 00:00:00');
INSERT INTO `building_owner_room_rel` VALUES ('842024022391521663', '772024021988183022', '752024022197670241', null, '2001', '30518939884421922816', null, '2024-02-23 17:18:30', '1', '2024-02-23 00:00:00', '2038-01-01 00:00:00');
INSERT INTO `building_owner_room_rel` VALUES ('842024022393611391', '772024021988183022', '752024022197670241', null, '2001', '30518939884421922816', null, '2024-02-23 10:59:30', '1', '2024-02-23 00:00:00', '2038-01-01 00:00:00');
INSERT INTO `building_owner_room_rel` VALUES ('842024022394951383', '772024021975863681', '752024021996573669', null, '2001', '30518939884421922816', null, '2024-02-23 10:59:29', '1', '2024-02-23 00:00:00', '2038-01-01 00:00:00');
INSERT INTO `building_owner_room_rel` VALUES ('842024022395821606', '772024022127837095', '752024022122117085', null, '2001', '30518939884421922816', null, '2024-02-23 17:18:24', '1', '2024-02-23 00:00:00', '2038-01-01 00:00:00');
INSERT INTO `building_owner_room_rel` VALUES ('842024022397081712', '772024021988183022', '752024021996923125', null, '2001', '30518939884421922816', null, '2024-02-23 17:18:33', '1', '2024-02-23 00:00:00', '2038-01-01 00:00:00');
INSERT INTO `building_owner_room_rel` VALUES ('842024022397261726', '772024021624210722', '752024021570130194', null, '2001', '30518939884421922816', null, '2024-02-23 17:18:34', '1', '2024-02-23 00:00:00', '2038-01-01 00:00:00');
INSERT INTO `building_owner_room_rel` VALUES ('842024022398241706', '772024021988183022', '752024022197670241', null, '2001', '30518939884421922816', null, '2024-02-23 17:18:33', '1', '2024-02-23 00:00:00', '2038-01-01 00:00:00');
INSERT INTO `building_owner_room_rel` VALUES ('842024022600502287', '772024021697820551', '752024021610450528', null, '2001', '30518939884421922816', null, '2024-02-26 09:55:59', '0', '2024-02-26 00:00:00', '2038-01-01 00:00:00');
INSERT INTO `building_owner_room_rel` VALUES ('842024022600602252', '772024021994213006', '752024021992183029', null, '2001', '30518939884421922816', null, '2024-02-26 09:55:55', '0', '2024-02-26 00:00:00', '2038-01-01 00:00:00');
INSERT INTO `building_owner_room_rel` VALUES ('842024022601772183', '772024021697820551', '752023120523340349', null, '2001', '30518939884421922816', null, '2024-02-26 09:55:25', '1', '2024-02-26 00:00:00', '2038-01-01 00:00:00');
INSERT INTO `building_owner_room_rel` VALUES ('842024022603142531', '772024022657322530', '752024022677062529', null, '2001', '302024022622672433', null, '2024-02-26 14:08:56', '0', '2024-02-26 00:00:00', '2038-01-01 00:00:00');
INSERT INTO `building_owner_room_rel` VALUES ('842024022603302084', '772024022363092065', '752024022240580266', null, '2001', '30518939884421922816', null, '2024-02-26 09:55:13', '1', '2024-02-26 00:00:00', '2038-01-01 00:00:00');
INSERT INTO `building_owner_room_rel` VALUES ('842024022603392268', '772024021624210722', '752024021570130194', null, '2001', '30518939884421922816', null, '2024-02-26 09:55:57', '1', '2024-02-26 00:00:00', '2038-01-01 00:00:00');
INSERT INTO `building_owner_room_rel` VALUES ('842024022607132131', '772024021988183022', '752024022197670241', null, '2001', '30518939884421922816', null, '2024-02-26 09:55:19', '1', '2024-02-26 00:00:00', '2038-01-01 00:00:00');
INSERT INTO `building_owner_room_rel` VALUES ('842024022608582107', '772024022015804609', '752024021963592858', null, '2001', '30518939884421922816', null, '2024-02-26 09:55:16', '1', '2024-02-26 00:00:00', '2038-01-01 00:00:00');
INSERT INTO `building_owner_room_rel` VALUES ('842024022610142099', '772024022014786019', '752024022078176031', null, '2001', '30518939884421922816', null, '2024-02-26 09:55:15', '1', '2024-02-26 00:00:00', '2038-01-01 00:00:00');
INSERT INTO `building_owner_room_rel` VALUES ('842024022613152271', '772024021624210722', '752024021696970716', null, '2001', '30518939884421922816', null, '2024-02-26 09:55:57', '1', '2024-02-26 00:00:00', '2038-01-01 00:00:00');
INSERT INTO `building_owner_room_rel` VALUES ('842024022614412137', '772024021988183022', '752023120523340349', null, '2001', '30518939884421922816', null, '2024-02-26 09:55:20', '1', '2024-02-26 00:00:00', '2038-01-01 00:00:00');
INSERT INTO `building_owner_room_rel` VALUES ('842024022617532155', '772024021624210722', '752024021696970716', null, '2001', '30518939884421922816', null, '2024-02-26 09:55:23', '1', '2024-02-26 00:00:00', '2038-01-01 00:00:00');
INSERT INTO `building_owner_room_rel` VALUES ('842024022618032152', '772024021975172442', '752024021972102457', null, '2001', '30518939884421922816', null, '2024-02-26 09:55:22', '1', '2024-02-26 00:00:00', '2038-01-01 00:00:00');
INSERT INTO `building_owner_room_rel` VALUES ('842024022619182241', '772024021988183022', '752024022197670241', null, '2001', '30518939884421922816', null, '2024-02-26 09:55:54', '0', '2024-02-26 00:00:00', '2038-01-01 00:00:00');
INSERT INTO `building_owner_room_rel` VALUES ('842024022622532528', '772024022613322527', '752024022629362526', null, '2001', '302024022622672433', null, '2024-02-26 14:08:56', '0', '2024-02-26 00:00:00', '2038-01-01 00:00:00');
INSERT INTO `building_owner_room_rel` VALUES ('842024022626132274', '772024021624210722', '752024021570130194', null, '2001', '30518939884421922816', null, '2024-02-26 09:55:57', '1', '2024-02-26 00:00:00', '2038-01-01 00:00:00');
INSERT INTO `building_owner_room_rel` VALUES ('842024022627032262', '772024021975172442', '752024021972102457', null, '2001', '30518939884421922816', null, '2024-02-26 09:55:56', '0', '2024-02-26 00:00:00', '2038-01-01 00:00:00');
INSERT INTO `building_owner_room_rel` VALUES ('842024022628222120', '772024021988183022', '752024022197670241', null, '2001', '30518939884421922816', null, '2024-02-26 09:55:18', '1', '2024-02-26 00:00:00', '2038-01-01 00:00:00');
INSERT INTO `building_owner_room_rel` VALUES ('842024022628802244', '772024021988183022', '752024021996923125', null, '2001', '30518939884421922816', null, '2024-02-26 09:55:54', '0', '2024-02-26 00:00:00', '2038-01-01 00:00:00');
INSERT INTO `building_owner_room_rel` VALUES ('842024022630222247', '772024021988183022', '752023120523340349', null, '2001', '30518939884421922816', null, '2024-02-26 09:55:54', '0', '2024-02-26 00:00:00', '2038-01-01 00:00:00');
INSERT INTO `building_owner_room_rel` VALUES ('842024022630822796', '772024022641420195', '752024022663290194', null, '2001', '30518939884421922816', null, '2024-02-26 14:35:17', '0', '2024-02-26 00:00:00', '2038-01-01 00:00:00');
INSERT INTO `building_owner_room_rel` VALUES ('842024022634952279', '772024021624210722', '752024021696970716', null, '2001', '30518939884421922816', null, '2024-02-26 09:55:58', '0', '2024-02-26 00:00:00', '2038-01-01 00:00:00');
INSERT INTO `building_owner_room_rel` VALUES ('842024022635202104', '772024022015804609', '752024021990734183', null, '2001', '30518939884421922816', null, '2024-02-26 09:55:16', '1', '2024-02-26 00:00:00', '2038-01-01 00:00:00');
INSERT INTO `building_owner_room_rel` VALUES ('842024022637532265', '772024021624210722', '752024021696970716', null, '2001', '30518939884421922816', null, '2024-02-26 09:55:56', '1', '2024-02-26 00:00:00', '2038-01-01 00:00:00');
INSERT INTO `building_owner_room_rel` VALUES ('842024022639782222', '772024021975863681', '752024021996573669', null, '2001', '30518939884421922816', null, '2024-02-26 09:55:51', '0', '2024-02-26 00:00:00', '2038-01-01 00:00:00');
INSERT INTO `building_owner_room_rel` VALUES ('842024022640502236', '772024021988183022', '752023120523340349', null, '2001', '30518939884421922816', null, '2024-02-26 09:55:53', '1', '2024-02-26 00:00:00', '2038-01-01 00:00:00');
INSERT INTO `building_owner_room_rel` VALUES ('842024022642272164', '772024021624210722', '752024021570130194', null, '2001', '30518939884421922816', null, '2024-02-26 09:55:24', '1', '2024-02-26 00:00:00', '2038-01-01 00:00:00');
INSERT INTO `building_owner_room_rel` VALUES ('842024022642592158', '772024021624210722', '752024021570130194', null, '2001', '30518939884421922816', null, '2024-02-26 09:55:23', '1', '2024-02-26 00:00:00', '2038-01-01 00:00:00');
INSERT INTO `building_owner_room_rel` VALUES ('842024022642792147', '772024021903822961', '752024021954542993', null, '2001', '30518939884421922816', null, '2024-02-26 09:55:21', '1', '2024-02-26 00:00:00', '2038-01-01 00:00:00');
INSERT INTO `building_owner_room_rel` VALUES ('842024022645862172', '772024021624210722', '752024021570130194', null, '2001', '30518939884421922816', null, '2024-02-26 09:55:24', '1', '2024-02-26 00:00:00', '2038-01-01 00:00:00');
INSERT INTO `building_owner_room_rel` VALUES ('842024022647492134', '772024021988183022', '752024021996923125', null, '2001', '30518939884421922816', null, '2024-02-26 09:55:20', '1', '2024-02-26 00:00:00', '2038-01-01 00:00:00');
INSERT INTO `building_owner_room_rel` VALUES ('842024022647792142', '772024021994213006', '752024021992183029', null, '2001', '30518939884421922816', null, '2024-02-26 09:55:20', '1', '2024-02-26 00:00:00', '2038-01-01 00:00:00');
INSERT INTO `building_owner_room_rel` VALUES ('842024022652322282', '772024021624210722', '752024021570130194', null, '2001', '30518939884421922816', null, '2024-02-26 09:55:58', '0', '2024-02-26 00:00:00', '2038-01-01 00:00:00');
INSERT INTO `building_owner_room_rel` VALUES ('842024022653222230', '772024021988183022', '752024022197670241', null, '2001', '30518939884421922816', null, '2024-02-26 09:55:53', '1', '2024-02-26 00:00:00', '2038-01-01 00:00:00');
INSERT INTO `building_owner_room_rel` VALUES ('842024022657382233', '772024021988183022', '752024021996923125', null, '2001', '30518939884421922816', null, '2024-02-26 09:55:53', '1', '2024-02-26 00:00:00', '2038-01-01 00:00:00');
INSERT INTO `building_owner_room_rel` VALUES ('842024022658862177', '772024021697820551', '752024021610450528', null, '2001', '30518939884421922816', null, '2024-02-26 09:55:25', '1', '2024-02-26 00:00:00', '2038-01-01 00:00:00');
INSERT INTO `building_owner_room_rel` VALUES ('842024022661122290', '772024021697820551', '752024021619860527', null, '2001', '30518939884421922816', null, '2024-02-26 09:55:59', '0', '2024-02-26 00:00:00', '2038-01-01 00:00:00');
INSERT INTO `building_owner_room_rel` VALUES ('842024022663952123', '772024021988183022', '752024021996923125', null, '2001', '30518939884421922816', null, '2024-02-26 09:55:18', '1', '2024-02-26 00:00:00', '2038-01-01 00:00:00');
INSERT INTO `building_owner_room_rel` VALUES ('842024022665562217', '772024022015804609', '752024021963592858', null, '2001', '30518939884421922816', null, '2024-02-26 09:55:50', '0', '2024-02-26 00:00:00', '2038-01-01 00:00:00');
INSERT INTO `building_owner_room_rel` VALUES ('842024022669742298', '772023120586090338', '752024010438310020', null, '2001', '30518939884421922816', null, '2024-02-26 09:56:00', '0', '2024-02-26 00:00:00', '2038-01-01 00:00:00');
INSERT INTO `building_owner_room_rel` VALUES ('842024022670602180', '772024021697820551', '752024021619860527', null, '2001', '30518939884421922816', null, '2024-02-26 09:55:25', '1', '2024-02-26 00:00:00', '2038-01-01 00:00:00');
INSERT INTO `building_owner_room_rel` VALUES ('842024022672302227', '772024021975893605', '752024021967653523', null, '2001', '30518939884421922816', null, '2024-02-26 09:55:52', '0', '2024-02-26 00:00:00', '2038-01-01 00:00:00');
INSERT INTO `building_owner_room_rel` VALUES ('842024022672602204', '772024022127837095', '752024022122117085', null, '2001', '30518939884421922816', null, '2024-02-26 09:55:49', '0', '2024-02-26 00:00:00', '2038-01-01 00:00:00');
INSERT INTO `building_owner_room_rel` VALUES ('842024022672982293', '772024021697820551', '752023120523340349', null, '2001', '30518939884421922816', null, '2024-02-26 09:55:59', '0', '2024-02-26 00:00:00', '2038-01-01 00:00:00');
INSERT INTO `building_owner_room_rel` VALUES ('842024022673942257', '772024021903822961', '752024021954542993', null, '2001', '30518939884421922816', null, '2024-02-26 09:55:56', '0', '2024-02-26 00:00:00', '2038-01-01 00:00:00');
INSERT INTO `building_owner_room_rel` VALUES ('842024022679152169', '772024021624210722', '752024021696970716', null, '2001', '30518939884421922816', null, '2024-02-26 09:55:24', '1', '2024-02-26 00:00:00', '2038-01-01 00:00:00');
INSERT INTO `building_owner_room_rel` VALUES ('842024022681352161', '772024021624210722', '752024021696970716', null, '2001', '30518939884421922816', null, '2024-02-26 09:55:23', '1', '2024-02-26 00:00:00', '2038-01-01 00:00:00');
INSERT INTO `building_owner_room_rel` VALUES ('842024022685072126', '772024021988183022', '752023120523340349', null, '2001', '30518939884421922816', null, '2024-02-26 09:55:19', '1', '2024-02-26 00:00:00', '2038-01-01 00:00:00');
INSERT INTO `building_owner_room_rel` VALUES ('842024022685742214', '772024022015804609', '752024021990734183', null, '2001', '30518939884421922816', null, '2024-02-26 09:55:50', '0', '2024-02-26 00:00:00', '2038-01-01 00:00:00');
INSERT INTO `building_owner_room_rel` VALUES ('842024022687362199', '772024022183707296', '752024022169007291', null, '2001', '30518939884421922816', null, '2024-02-26 09:55:48', '0', '2024-02-26 00:00:00', '2038-01-01 00:00:00');
INSERT INTO `building_owner_room_rel` VALUES ('842024022688432089', '772024022183707296', '752024022169007291', null, '2001', '30518939884421922816', null, '2024-02-26 09:55:14', '1', '2024-02-26 00:00:00', '2038-01-01 00:00:00');
INSERT INTO `building_owner_room_rel` VALUES ('842024022690712112', '772024021975863681', '752024021996573669', null, '2001', '30518939884421922816', null, '2024-02-26 09:55:17', '1', '2024-02-26 00:00:00', '2038-01-01 00:00:00');
INSERT INTO `building_owner_room_rel` VALUES ('842024022690882117', '772024021975893605', '752024021967653523', null, '2001', '30518939884421922816', null, '2024-02-26 09:55:18', '1', '2024-02-26 00:00:00', '2038-01-01 00:00:00');
INSERT INTO `building_owner_room_rel` VALUES ('842024022692332209', '772024022014786019', '752024022078176031', null, '2001', '30518939884421922816', null, '2024-02-26 09:55:50', '0', '2024-02-26 00:00:00', '2038-01-01 00:00:00');
INSERT INTO `building_owner_room_rel` VALUES ('842024022692722094', '772024022127837095', '752024022122117085', null, '2001', '30518939884421922816', null, '2024-02-26 09:55:14', '1', '2024-02-26 00:00:00', '2038-01-01 00:00:00');
INSERT INTO `building_owner_room_rel` VALUES ('842024022696192188', '772023120586090338', '752024010438310020', null, '2001', '30518939884421922816', null, '2024-02-26 09:55:26', '1', '2024-02-26 00:00:00', '2038-01-01 00:00:00');
INSERT INTO `building_owner_room_rel` VALUES ('842024022699882194', '772024022363092065', '752024022240580266', null, '2001', '30518939884421922816', null, '2024-02-26 09:55:48', '0', '2024-02-26 00:00:00', '2038-01-01 00:00:00');

-- ----------------------------
-- Table structure for building_room
-- ----------------------------
DROP TABLE IF EXISTS `building_room`;
CREATE TABLE `building_room` (
  `room_id` varchar(30) NOT NULL COMMENT '房屋ID',
  `b_id` varchar(30) DEFAULT NULL COMMENT '业务ID',
  `room_num` varchar(64) NOT NULL COMMENT '房屋编号',
  `unit_id` varchar(30) NOT NULL COMMENT '单元ID',
  `layer` varchar(12) NOT NULL COMMENT '层数',
  `section` int DEFAULT NULL COMMENT '室',
  `apartment` varchar(20) NOT NULL COMMENT '户型',
  `built_up_area` decimal(12,2) NOT NULL COMMENT '建筑面积',
  `fee_coefficient` decimal(12,2) NOT NULL DEFAULT '1.00' COMMENT '算费系数',
  `user_id` varchar(30) NOT NULL COMMENT '用户ID',
  `remark` varchar(200) DEFAULT NULL COMMENT '备注',
  `create_time` timestamp NOT NULL DEFAULT CURRENT_TIMESTAMP COMMENT '创建时间',
  `status_cd` varchar(2) NOT NULL DEFAULT '0' COMMENT '数据状态，详细参考c_status表，S 保存，0, 在用 1失效',
  `state` varchar(4) NOT NULL COMMENT '房屋状态，如房屋出售等，请查看state 表',
  `community_id` varchar(30) DEFAULT NULL COMMENT '小区ID',
  `room_type` varchar(12) NOT NULL DEFAULT '1010301' COMMENT '房屋类型',
  `room_sub_type` varchar(12) NOT NULL DEFAULT '110' COMMENT '房屋类型 110 住宅房屋，119 办公室 120 宿舍',
  `room_area` decimal(6,2) NOT NULL COMMENT '室内面积',
  `room_rent` decimal(10,2) NOT NULL DEFAULT '0.00' COMMENT '租金',
  UNIQUE KEY `room_id` (`room_id`) USING BTREE,
  UNIQUE KEY `idx_room_id` (`room_id`) USING BTREE,
  KEY `idx_room_b_id` (`b_id`) USING BTREE,
  KEY `i_br_unit_id` (`unit_id`)
) ENGINE=InnoDB DEFAULT CHARSET=utf8;

-- ----------------------------
-- Records of building_room
-- ----------------------------
INSERT INTO `building_room` VALUES ('752023080983000013', null, '3003', '742023080997310002', '1', '0', '10102', '1.00', '1.00', '302023021495090004', '1', '2023-08-09 14:26:28', '1', '2002', '102023021386560001', '1010301', '110', '1.00', '0.00');
INSERT INTO `building_room` VALUES ('752023080997680002', null, '1001', '742023080997310002', '1', '1', '10102', '100.00', '1.00', '-1', '测试', '2023-08-09 11:55:11', '0', '2001', '102023021386560001', '1010301', '110', '100.00', '0.00');
INSERT INTO `building_room` VALUES ('752023110693110003', null, '3004', '742023080997310002', '1', '1', '10102', '94.56', '1.00', '302023021495090004', '房产导入', '2023-11-06 01:43:03', '0', '2001', '102023021386560001', '1010301', '110', '94.56', '0.00');
INSERT INTO `building_room` VALUES ('752023110696240003', null, '3003', '742023080997310002', '1', '1', '10102', '94.56', '1.00', '-1', '房产导入', '2023-11-06 01:30:48', '0', '2001', '102023021386560001', '1010301', '110', '94.56', '0.00');
INSERT INTO `building_room` VALUES ('752023120523340349', null, '1001', '742023120517690335', '1', '1', '10102', '1.00', '1.00', '30518939884421922816', '房产导入', '2024-01-22 14:28:26', '0', '2001', '2023052267100146', '1010301', '110', '1.00', '0.00');
INSERT INTO `building_room` VALUES ('752023121245770012', null, '4004', '742023080997310002', '1', '1', '10102', '100.00', '1.00', '-1', '', '2023-12-12 13:58:27', '0', '2002', '102023021386560001', '1010301', '110', '100.00', '0.00');
INSERT INTO `building_room` VALUES ('752024010438310020', null, '1002', '742023120517690335', '1', '1', '10102', '1.00', '1.00', '30518939884421922816', '房产导入', '2024-01-22 14:28:25', '0', '2001', '2023052267100146', '1010301', '110', '1.00', '0.00');
INSERT INTO `building_room` VALUES ('752024012283880019', null, '2003', '742024012295860079', '1', '1', '10102', '1.00', '1.00', '30518939884421922816', '房产导入', '2024-01-22 22:45:18', '0', '2001', '2024012252790005', '1010301', '110', '1.00', '0.00');
INSERT INTO `building_room` VALUES ('752024012295280082', null, '9009', '742024012295860079', '1', '1', '10102', '1.00', '1.00', '30518939884421922816', '房产导入', '2024-01-22 15:12:10', '0', '2001', '2024012252790005', '1010301', '110', '1.00', '0.00');
INSERT INTO `building_room` VALUES ('752024021570130194', null, '3', '742024021514140188', '1', '1', '10102', '1.00', '1.00', '30518939884421922816', '房产导入', '2024-02-20 14:20:56', '0', '2001', '2023052267100146', '1010301', '110', '1.00', '0.00');
INSERT INTO `building_room` VALUES ('752024021610450528', null, '201', '742024021630480526', '1', '1', '10102', '1.00', '1.00', '30518939884421922816', '房产导入', '2024-02-20 14:20:58', '0', '2001', '2023052267100146', '1010301', '110', '1.00', '0.00');
INSERT INTO `building_room` VALUES ('752024021619860527', null, '101', '742024021630480526', '1', '1', '10102', '1.00', '1.00', '30518939884421922816', '房产导入', '2024-02-20 14:20:58', '0', '2001', '2023052267100146', '1010301', '110', '1.00', '0.00');
INSERT INTO `building_room` VALUES ('752024021696970716', null, '102', '742023120517690335', '1', '1', '10102', '1.00', '1.00', '30518939884421922816', '房产导入', '2024-02-20 14:20:56', '0', '2001', '2023052267100146', '1010301', '110', '1.00', '0.00');
INSERT INTO `building_room` VALUES ('752024021883820015', null, '1201', '', '12', '0', '10102', '107.00', '1.00', '302023021495090004', '', '2024-02-18 14:30:08', '0', '2002', '102023021386560001', '1010301', '110', '95.70', '0.00');
INSERT INTO `building_room` VALUES ('752024021894110026', null, '1204', '742024021826620023', '12', '0', '10102', '107.00', '1.00', '-1', '采光好', '2024-02-18 14:33:47', '0', '2001', '102023021386560001', '1010301', '110', '95.70', '0.00');
INSERT INTO `building_room` VALUES ('752024021954392622', null, '102', '742024021969492613', '1', '1', '10102', '1.00', '1.00', '30518939884421922816', '房产导入', '2024-02-20 09:38:35', '0', '2001', '2024021911282483', '1010301', '110', '1.00', '0.00');
INSERT INTO `building_room` VALUES ('752024021954542993', null, '2', '742023120517690335', '1', '1', '10102', '1.00', '1.00', '30518939884421922816', '房产导入', '2024-02-20 14:20:55', '0', '2001', '2023052267100146', '1010301', '110', '1.00', '0.00');
INSERT INTO `building_room` VALUES ('752024021963592858', null, '110', '742024021974112857', '1', '1', '10102', '1.00', '1.00', '30518939884421922816', '房产导入', '2024-02-19 10:58:35', '0', '2001', '2023052267100146', '1010301', '110', '1.00', '0.00');
INSERT INTO `building_room` VALUES ('752024021967653523', null, '888', '742023120517690335', '1', '1', '10102', '1.00', '1.00', '30518939884421922816', '房产导入', '2024-02-20 14:20:51', '0', '2001', '2023052267100146', '1010301', '110', '1.00', '0.00');
INSERT INTO `building_room` VALUES ('752024021972102457', null, '408', '742024021514140188', '1', '1', '10102', '1.00', '1.00', '30518939884421922816', '房产导入', '2024-02-20 14:20:55', '0', '2001', '2023052267100146', '1010301', '110', '1.00', '0.00');
INSERT INTO `building_room` VALUES ('752024021990734183', null, '110', '742024021974112857', '1', '1', '10102', '1.00', '1.00', '30518939884421922816', '房产导入', '2024-02-20 14:20:50', '0', '2001', '2023052267100146', '1010301', '110', '1.00', '0.00');
INSERT INTO `building_room` VALUES ('752024021992183029', null, '001', '742023120517690335', '1', '1', '10102', '1.00', '1.00', '30518939884421922816', '房产导入', '2024-02-19 10:59:34', '0', '2001', '2023052267100146', '1010301', '110', '1.00', '0.00');
INSERT INTO `building_room` VALUES ('752024021996573669', null, '101', '742024021987493003', '1', '1', '10102', '1.00', '1.00', '30518939884421922816', '房产导入', '2024-02-20 14:20:51', '0', '2001', '2023052267100146', '1010301', '110', '1.00', '0.00');
INSERT INTO `building_room` VALUES ('752024021996923125', null, '12345', '742024021974112857', '1', '1', '10102', '1.00', '1.00', '30518939884421922816', '房产导入', '2024-02-20 14:20:52', '0', '2001', '2023052267100146', '1010301', '110', '1.00', '0.00');
INSERT INTO `building_room` VALUES ('752024022078176031', null, '20', '742023120517690335', '1', '1', '10102', '1.00', '1.00', '30518939884421922816', '房产导入', '2024-02-22 17:34:42', '0', '2001', '2023052267100146', '1010301', '110', '1.00', '0.00');
INSERT INTO `building_room` VALUES ('752024022122117085', null, '606', '742023120517690335', '1', '1', '10102', '1.00', '1.00', '30518939884421922816', '房产导入', '2024-02-22 17:34:41', '0', '2001', '2023052267100146', '1010301', '110', '1.00', '0.00');
INSERT INTO `building_room` VALUES ('752024022169007291', null, '1-1-1', '742024021514140188', '1', '1', '10102', '1.00', '1.00', '30518939884421922816', '房产导入', '2024-02-22 17:34:41', '0', '2001', '2023052267100146', '1010301', '110', '1.00', '0.00');
INSERT INTO `building_room` VALUES ('752024022197670241', null, '101', '742024022102450236', '1', '1', '10102', '1.00', '1.00', '30518939884421922816', '房产导入', '2024-02-22 17:34:45', '0', '2001', '2023052267100146', '1010301', '110', '1.00', '0.00');
INSERT INTO `building_room` VALUES ('752024022240580266', null, '103', '742024022251010259', '1', '1', '10102', '1.00', '1.00', '30518939884421922816', '房产导入', '2024-02-23 17:18:22', '0', '2001', '2023052267100146', '1010301', '110', '1.00', '0.00');
INSERT INTO `building_room` VALUES ('752024022629362526', null, '1001', '742024022690572525', '1', '1', '10102', '94.56', '1.00', '302024022622672433', '房产导入', '2024-02-26 14:08:56', '0', '2001', '102024022629692424', '1010301', '110', '94.56', '0.00');
INSERT INTO `building_room` VALUES ('752024022663290194', null, '1001', '742024022643970193', '1', '1', '10102', '1.00', '1.00', '30518939884421922816', '房产导入', '2024-02-26 14:35:17', '0', '2001', '2024022643710121', '1010301', '110', '1.00', '0.00');
INSERT INTO `building_room` VALUES ('752024022677062529', null, '1002', '742024022690572525', '1', '1', '10102', '94.56', '1.00', '302024022622672433', '房产导入', '2024-02-26 14:08:56', '0', '2001', '102024022629692424', '1010301', '110', '94.56', '0.00');

-- ----------------------------
-- Table structure for building_room_attr
-- ----------------------------
DROP TABLE IF EXISTS `building_room_attr`;
CREATE TABLE `building_room_attr` (
  `b_id` varchar(30) DEFAULT '-1' COMMENT '业务ID',
  `attr_id` varchar(30) NOT NULL COMMENT '属性id',
  `room_id` varchar(30) NOT NULL COMMENT '房屋ID',
  `spec_cd` varchar(12) NOT NULL COMMENT '规格id,参考spec表',
  `value` varchar(50) NOT NULL COMMENT '属性值',
  `create_time` timestamp NOT NULL DEFAULT CURRENT_TIMESTAMP COMMENT '创建时间',
  `status_cd` varchar(2) NOT NULL DEFAULT '0' COMMENT '数据状态，详细参考c_status表，S 保存，0, 在用 1失效',
  UNIQUE KEY `attr_id` (`attr_id`) USING BTREE,
  KEY `idx_b_attr_b_id` (`b_id`) USING BTREE,
  KEY `idx_attr_room_id` (`room_id`) USING BTREE
) ENGINE=InnoDB DEFAULT CHARSET=utf8;

-- ----------------------------
-- Records of building_room_attr
-- ----------------------------

-- ----------------------------
-- Table structure for building_unit
-- ----------------------------
DROP TABLE IF EXISTS `building_unit`;
CREATE TABLE `building_unit` (
  `unit_id` varchar(30) NOT NULL COMMENT '单元ID',
  `b_id` varchar(30) DEFAULT NULL COMMENT '业务ID',
  `unit_num` varchar(12) NOT NULL COMMENT '单元编号',
  `floor_id` varchar(30) NOT NULL COMMENT '楼ID',
  `layer_count` int NOT NULL COMMENT '总层数',
  `lift` varchar(4) NOT NULL COMMENT '是否有电梯 1010有 2020 无',
  `user_id` varchar(30) NOT NULL COMMENT '用户ID',
  `remark` varchar(200) DEFAULT NULL COMMENT '备注',
  `create_time` timestamp NOT NULL DEFAULT CURRENT_TIMESTAMP COMMENT '创建时间',
  `status_cd` varchar(2) NOT NULL DEFAULT '0' COMMENT '数据状态，详细参考c_status表，S 保存，0, 在用 1失效',
  `unit_area` decimal(10,2) NOT NULL COMMENT '单元面积',
  UNIQUE KEY `unit_id` (`unit_id`) USING BTREE,
  UNIQUE KEY `idx_unit_id` (`unit_id`) USING BTREE,
  UNIQUE KEY `unit_id_2` (`unit_id`),
  KEY `idx_unit_b_id` (`b_id`) USING BTREE,
  KEY `i_bu_floor_id` (`floor_id`)
) ENGINE=InnoDB DEFAULT CHARSET=utf8;

-- ----------------------------
-- Records of building_unit
-- ----------------------------
INSERT INTO `building_unit` VALUES ('742023080981000013', null, '88', '732023080900970002', '1', '1010', '302023021495090004', '1', '2023-08-09 11:35:47', '1', '1.00');
INSERT INTO `building_unit` VALUES ('742023080997310002', null, '1', '732023080900970002', '33', '1010', '302023021495090004', '房产导入', '2023-08-09 11:31:27', '0', '1.00');
INSERT INTO `building_unit` VALUES ('742023120517690335', null, '1', '732023120568080332', '33', '1010', '30518939884421922816', '第三方系统同步', '2024-01-22 14:28:25', '0', '1.00');
INSERT INTO `building_unit` VALUES ('742024012214740047', null, '1', '732023120568080332', '33', '1010', '30518939884421922816', '第三方系统同步', '2024-01-22 14:28:26', '0', '1.00');
INSERT INTO `building_unit` VALUES ('742024012295860079', null, '3', '732024012265490076', '33', '1010', '30518939884421922816', '第三方系统同步', '2024-01-22 15:12:10', '0', '1.00');
INSERT INTO `building_unit` VALUES ('742024021514140188', null, '2', '732023120568080332', '33', '1010', '30518939884421922816', '第三方系统同步', '2024-02-20 14:20:55', '0', '1.00');
INSERT INTO `building_unit` VALUES ('742024021630480526', null, '0', '732023120568080332', '33', '1010', '30518939884421922816', '第三方系统同步', '2024-02-20 14:20:58', '0', '1.00');
INSERT INTO `building_unit` VALUES ('742024021826620023', null, '1', '732023112595880006', '23', '1010', '302023021495090004', '坐北朝南', '2024-02-18 14:32:40', '0', '107.00');
INSERT INTO `building_unit` VALUES ('742024021969492613', null, '1', '732024021926182608', '33', '1010', '30518939884421922816', '第三方系统同步', '2024-02-20 09:38:35', '0', '1.00');
INSERT INTO `building_unit` VALUES ('742024021974112857', null, '0', '732024021518860179', '33', '1010', '30518939884421922816', '第三方系统同步', '2024-02-19 10:58:35', '0', '1.00');
INSERT INTO `building_unit` VALUES ('742024021987493003', null, '3', '732023120568080332', '33', '1010', '30518939884421922816', '第三方系统同步', '2024-02-20 14:20:51', '0', '1.00');
INSERT INTO `building_unit` VALUES ('742024022102450236', null, '1', '732024021518860179', '33', '1010', '30518939884421922816', '第三方系统同步', '2024-02-22 17:34:45', '0', '1.00');
INSERT INTO `building_unit` VALUES ('742024022251010259', null, '1', '732024022269670256', '33', '1010', '30518939884421922816', '第三方系统同步', '2024-02-23 17:18:22', '0', '1.00');
INSERT INTO `building_unit` VALUES ('742024022643970193', null, '1', '732024022672450192', '33', '1010', '30518939884421922816', '第三方系统同步', '2024-02-26 14:35:17', '0', '1.00');
INSERT INTO `building_unit` VALUES ('742024022679912481', null, '1', '732024022666652478', '10', '1010', '302024022622672433', '', '2024-02-26 14:00:22', '1', '1000.00');
INSERT INTO `building_unit` VALUES ('742024022690572525', null, '1', '732024022673032524', '33', '1010', '302024022622672433', '房产导入', '2024-02-26 14:08:55', '0', '1.00');

-- ----------------------------
-- Table structure for buiness_small_wechat
-- ----------------------------
DROP TABLE IF EXISTS `buiness_small_wechat`;
CREATE TABLE `buiness_small_wechat` (
  `wechat_id` varchar(30) CHARACTER SET utf8 COLLATE utf8_bin NOT NULL COMMENT '微信ID',
  `b_id` varchar(30) CHARACTER SET utf8 COLLATE utf8_bin NOT NULL COMMENT '业务ID',
  `store_Id` varchar(30) CHARACTER SET utf8 COLLATE utf8_bin NOT NULL COMMENT '商户ID',
  `name` varchar(100) CHARACTER SET utf8 COLLATE utf8_bin NOT NULL COMMENT '小程序名称',
  `appId` varchar(100) CHARACTER SET utf8 COLLATE utf8_bin NOT NULL COMMENT '小程序appid',
  `appSecret` varchar(200) CHARACTER SET utf8 COLLATE utf8_bin NOT NULL COMMENT '应用密钥',
  `pay_password` varchar(200) CHARACTER SET utf8 COLLATE utf8_bin NOT NULL COMMENT '支付密码',
  `remarks` varchar(200) CHARACTER SET utf8 COLLATE utf8_bin DEFAULT NULL COMMENT '备注信息',
  `create_time` timestamp NOT NULL DEFAULT CURRENT_TIMESTAMP COMMENT '创建时间',
  `operate` varchar(4) CHARACTER SET utf8 COLLATE utf8_bin NOT NULL COMMENT '数据状态，添加ADD，修改MOD 删除DEL',
  `obj_id` varchar(30) CHARACTER SET utf8 COLLATE utf8_bin NOT NULL,
  `obj_type` varchar(4) CHARACTER SET utf8 COLLATE utf8_bin NOT NULL,
  `mch_id` varchar(200) CHARACTER SET utf8 COLLATE utf8_bin NOT NULL,
  `wechat_type` varchar(4) CHARACTER SET utf8 COLLATE utf8_bin DEFAULT NULL,
  `cert_path` varchar(512) CHARACTER SET utf8 COLLATE utf8_bin DEFAULT NULL COMMENT '证书地址',
  `mch_name` varchar(128) CHARACTER SET utf8 COLLATE utf8_bin NOT NULL DEFAULT '无' COMMENT '商户名称'
) ENGINE=InnoDB DEFAULT CHARSET=utf8 COLLATE=utf8_bin ROW_FORMAT=DYNAMIC;

-- ----------------------------
-- Records of buiness_small_wechat
-- ----------------------------

-- ----------------------------
-- Table structure for business_account
-- ----------------------------
DROP TABLE IF EXISTS `business_account`;
CREATE TABLE `business_account` (
  `acct_id` varchar(30) CHARACTER SET utf8 COLLATE utf8_general_ci NOT NULL COMMENT '账户ID',
  `acct_name` varchar(128) CHARACTER SET utf8 COLLATE utf8_general_ci NOT NULL COMMENT '账户名称',
  `acct_type` varchar(12) CHARACTER SET utf8 COLLATE utf8_general_ci NOT NULL COMMENT '账户类型，2003 现金账户 2004 积分账户 2005 优惠券账户',
  `amount` decimal(10,2) NOT NULL DEFAULT '0.00' COMMENT '金额',
  `obj_type` varchar(12) CHARACTER SET utf8 COLLATE utf8_general_ci NOT NULL COMMENT '对象类型，6006 个人 7007 商户',
  `obj_id` varchar(30) CHARACTER SET utf8 COLLATE utf8_general_ci NOT NULL COMMENT '对象ID',
  `b_id` varchar(30) CHARACTER SET utf8 COLLATE utf8_general_ci NOT NULL COMMENT '业务Id',
  `create_time` timestamp NOT NULL DEFAULT CURRENT_TIMESTAMP COMMENT '创建时间',
  `operate` varchar(3) CHARACTER SET utf8 COLLATE utf8_general_ci NOT NULL COMMENT '数据状态，添加ADD，修改MOD 删除DEL',
  `part_id` varchar(30) CHARACTER SET utf8 COLLATE utf8_general_ci DEFAULT NULL COMMENT '局部ID',
  `link` varchar(11) CHARACTER SET utf8 COLLATE utf8_general_ci DEFAULT NULL COMMENT '账户手机号'
) ENGINE=InnoDB DEFAULT CHARSET=utf8 ROW_FORMAT=DYNAMIC;

-- ----------------------------
-- Records of business_account
-- ----------------------------

-- ----------------------------
-- Table structure for business_account_detail
-- ----------------------------
DROP TABLE IF EXISTS `business_account_detail`;
CREATE TABLE `business_account_detail` (
  `detail_id` varchar(30) CHARACTER SET utf8 COLLATE utf8_general_ci NOT NULL COMMENT '明细ID',
  `acct_id` varchar(30) CHARACTER SET utf8 COLLATE utf8_general_ci NOT NULL COMMENT '账户ID',
  `detail_type` varchar(128) CHARACTER SET utf8 COLLATE utf8_general_ci NOT NULL COMMENT '类型，1001 转入 2002 转出',
  `rel_acct_id` varchar(30) CHARACTER SET utf8 COLLATE utf8_general_ci NOT NULL DEFAULT '-1' COMMENT '关联账户',
  `amount` decimal(10,2) NOT NULL DEFAULT '0.00' COMMENT '金额',
  `obj_type` varchar(12) CHARACTER SET utf8 COLLATE utf8_general_ci NOT NULL COMMENT '对象类型，6006 个人 7007 商户',
  `obj_id` varchar(30) CHARACTER SET utf8 COLLATE utf8_general_ci NOT NULL COMMENT '对象ID',
  `order_id` varchar(30) CHARACTER SET utf8 COLLATE utf8_general_ci NOT NULL COMMENT '交易单号',
  `b_id` varchar(30) CHARACTER SET utf8 COLLATE utf8_general_ci NOT NULL COMMENT '业务Id',
  `remark` varchar(1024) CHARACTER SET utf8 COLLATE utf8_general_ci DEFAULT NULL COMMENT '备注',
  `create_time` timestamp NOT NULL DEFAULT CURRENT_TIMESTAMP COMMENT '创建时间',
  `operate` varchar(3) CHARACTER SET utf8 COLLATE utf8_general_ci NOT NULL COMMENT '数据状态，添加ADD，修改MOD 删除DEL'
) ENGINE=InnoDB DEFAULT CHARSET=utf8 ROW_FORMAT=DYNAMIC;

-- ----------------------------
-- Records of business_account_detail
-- ----------------------------

-- ----------------------------
-- Table structure for business_owner_car
-- ----------------------------
DROP TABLE IF EXISTS `business_owner_car`;
CREATE TABLE `business_owner_car` (
  `car_id` varchar(30) CHARACTER SET utf8 COLLATE utf8_general_ci NOT NULL COMMENT '汽车ID',
  `owner_id` varchar(30) CHARACTER SET utf8 COLLATE utf8_general_ci NOT NULL COMMENT '业主ID',
  `b_id` varchar(30) CHARACTER SET utf8 COLLATE utf8_general_ci NOT NULL COMMENT '业务Id',
  `car_num` varchar(12) CHARACTER SET utf8 COLLATE utf8_general_ci NOT NULL COMMENT '车牌号',
  `car_brand` varchar(50) CHARACTER SET utf8 COLLATE utf8_general_ci DEFAULT NULL COMMENT '汽车品牌',
  `car_type` varchar(4) CHARACTER SET utf8 COLLATE utf8_general_ci NOT NULL COMMENT '9901 家用小汽车，9902 客车，9903 货车',
  `car_color` varchar(12) CHARACTER SET utf8 COLLATE utf8_general_ci DEFAULT NULL COMMENT '颜色',
  `ps_id` varchar(30) CHARACTER SET utf8 COLLATE utf8_general_ci NOT NULL COMMENT '车位ID',
  `user_id` varchar(30) CHARACTER SET utf8 COLLATE utf8_general_ci NOT NULL COMMENT '用户ID',
  `remark` varchar(200) CHARACTER SET utf8 COLLATE utf8_general_ci DEFAULT NULL COMMENT '备注',
  `create_time` timestamp NOT NULL DEFAULT CURRENT_TIMESTAMP COMMENT '创建时间',
  `operate` varchar(4) CHARACTER SET utf8 COLLATE utf8_general_ci NOT NULL COMMENT '数据状态，添加ADD，修改MOD 删除DEL',
  `community_id` varchar(30) CHARACTER SET utf8 COLLATE utf8_general_ci NOT NULL COMMENT '小区ID',
  `start_time` datetime NOT NULL COMMENT '起租时间',
  `end_time` datetime NOT NULL COMMENT '结租时间',
  `state` varchar(12) CHARACTER SET utf8 COLLATE utf8_general_ci NOT NULL COMMENT '状态，1001 正常状态，2002 车位释放欠费状态  3003 车位释放',
  `car_type_cd` varchar(4) CHARACTER SET utf8 COLLATE utf8_general_ci NOT NULL DEFAULT '1001' COMMENT '1001 主车辆 1002 成员车辆',
  `member_id` varchar(30) CHARACTER SET utf8 COLLATE utf8_general_ci NOT NULL COMMENT '成员ID',
  `lease_type` varchar(12) CHARACTER SET utf8 COLLATE utf8_general_ci NOT NULL DEFAULT 'H' COMMENT '租赁类型，H 月租车 S 出售车 I 内部车 NM 免费车',
  KEY `idx_boc_car_id` (`car_id`) USING BTREE,
  KEY `idx_boc_b_id` (`b_id`) USING BTREE
) ENGINE=InnoDB DEFAULT CHARSET=utf8 ROW_FORMAT=DYNAMIC;

-- ----------------------------
-- Records of business_owner_car
-- ----------------------------

-- ----------------------------
-- Table structure for business_owner_car_attr
-- ----------------------------
DROP TABLE IF EXISTS `business_owner_car_attr`;
CREATE TABLE `business_owner_car_attr` (
  `b_id` varchar(30) CHARACTER SET utf8 COLLATE utf8_general_ci NOT NULL COMMENT '订单ID',
  `attr_id` varchar(30) CHARACTER SET utf8 COLLATE utf8_general_ci NOT NULL COMMENT '属性id',
  `car_id` varchar(30) CHARACTER SET utf8 COLLATE utf8_general_ci NOT NULL COMMENT '车辆ID',
  `community_id` varchar(30) CHARACTER SET utf8 COLLATE utf8_general_ci NOT NULL COMMENT '小区ID',
  `spec_cd` varchar(12) CHARACTER SET utf8 COLLATE utf8_general_ci NOT NULL COMMENT '规格id,参考spec表',
  `value` varchar(50) CHARACTER SET utf8 COLLATE utf8_general_ci NOT NULL COMMENT '属性值',
  `create_time` timestamp NOT NULL DEFAULT CURRENT_TIMESTAMP COMMENT '创建时间',
  `operate` varchar(3) CHARACTER SET utf8 COLLATE utf8_general_ci NOT NULL COMMENT '数据状态，添加ADD，修改MOD 删除DEL',
  PRIMARY KEY (`attr_id`) USING BTREE
) ENGINE=InnoDB DEFAULT CHARSET=utf8 ROW_FORMAT=DYNAMIC;

-- ----------------------------
-- Records of business_owner_car_attr
-- ----------------------------

-- ----------------------------
-- Table structure for c_app
-- ----------------------------
DROP TABLE IF EXISTS `c_app`;
CREATE TABLE `c_app` (
  `app_id` varchar(30) NOT NULL COMMENT '应用ID',
  `name` varchar(50) NOT NULL COMMENT '名称 对应系统名称',
  `security_code` varchar(64) DEFAULT NULL COMMENT '签名码 sign签名时用',
  `while_list_ip` varchar(200) DEFAULT NULL COMMENT '白名单ip 多个之间用;隔开',
  `black_list_ip` varchar(200) DEFAULT NULL COMMENT '黑名单ip 多个之间用;隔开',
  `remark` varchar(200) DEFAULT NULL COMMENT '描述',
  `create_time` timestamp NOT NULL DEFAULT CURRENT_TIMESTAMP COMMENT '创建时间',
  `status_cd` varchar(2) NOT NULL DEFAULT '0' COMMENT '数据状态，详细参考c_status表，0在用，1失效',
  PRIMARY KEY (`app_id`)
) ENGINE=InnoDB DEFAULT CHARSET=utf8mb4 COLLATE=utf8mb4_0900_ai_ci COMMENT='应用ID';

-- ----------------------------
-- Records of c_app
-- ----------------------------
INSERT INTO `c_app` VALUES ('992023010100000001', '物联网web端', '', '', '', '物联网web端1', '2019-11-10 23:12:38', '0');
INSERT INTO `c_app` VALUES ('992023021231380002', '测试应用', '', '', '', '1231234', '2023-02-12 14:19:41', '1');
INSERT INTO `c_app` VALUES ('992023111817510002', '物联网用户', '', '', '', '物联网用户', '2023-11-18 15:36:22', '0');
INSERT INTO `c_app` VALUES ('992023121426830015', '商家手机', '', '', '', '商家手机', '2023-12-14 21:37:29', '0');
INSERT INTO `c_app` VALUES ('992024012179880001', '物业系统', 'localhost', '', '', '', '2024-01-21 19:01:42', '0');

-- ----------------------------
-- Table structure for c_business
-- ----------------------------
DROP TABLE IF EXISTS `c_business`;
CREATE TABLE `c_business` (
  `b_id` varchar(30) NOT NULL COMMENT '业务Id',
  `o_id` varchar(30) NOT NULL COMMENT '订单ID',
  `create_time` timestamp NOT NULL DEFAULT CURRENT_TIMESTAMP COMMENT '创建时间',
  `business_type_cd` varchar(12) DEFAULT NULL,
  `finish_time` date DEFAULT NULL COMMENT '完成时间',
  `remark` varchar(200) DEFAULT NULL COMMENT '备注',
  `status_cd` varchar(2) NOT NULL COMMENT '数据状态，详细参考c_status表',
  UNIQUE KEY `b_id` (`b_id`) USING BTREE,
  KEY `i_cb_o_id` (`o_id`) USING BTREE
) ENGINE=InnoDB DEFAULT CHARSET=utf8;

-- ----------------------------
-- Records of c_business
-- ----------------------------

-- ----------------------------
-- Table structure for c_business_databus
-- ----------------------------
DROP TABLE IF EXISTS `c_business_databus`;
CREATE TABLE `c_business_databus` (
  `databus_id` varchar(30) NOT NULL COMMENT 'databus ID',
  `databus_name` varchar(128) NOT NULL COMMENT '名称',
  `business_type_cd` varchar(255) NOT NULL COMMENT '业务类型',
  `bean_name` varchar(256) NOT NULL COMMENT '适配器',
  `seq` int NOT NULL DEFAULT '1' COMMENT '顺序',
  `state` varchar(12) NOT NULL DEFAULT '1001' COMMENT '1001 代表在用 2002 表示停用',
  `create_time` timestamp NOT NULL DEFAULT CURRENT_TIMESTAMP COMMENT '创建时间',
  `status_cd` varchar(2) NOT NULL DEFAULT '0' COMMENT '数据状态',
  PRIMARY KEY (`databus_id`)
) ENGINE=InnoDB DEFAULT CHARSET=utf8mb4 COLLATE=utf8mb4_0900_ai_ci;

-- ----------------------------
-- Records of c_business_databus
-- ----------------------------

-- ----------------------------
-- Table structure for c_business_table_his
-- ----------------------------
DROP TABLE IF EXISTS `c_business_table_his`;
CREATE TABLE `c_business_table_his` (
  `his_id` varchar(30) NOT NULL COMMENT '历史ID',
  `action` varchar(12) DEFAULT NULL COMMENT '动作表，ADD 添加记录 MOD 修改记录 DEL删除记录',
  `action_obj` varchar(64) NOT NULL COMMENT '动作对象，一般为表名',
  `action_obj_his` varchar(64) NOT NULL COMMENT 'his表',
  `business_type_cd` varchar(64) NOT NULL COMMENT '业务动作',
  `remark` varchar(200) DEFAULT NULL COMMENT '备注',
  `create_time` timestamp NOT NULL DEFAULT CURRENT_TIMESTAMP COMMENT '创建时间',
  `status_cd` varchar(2) NOT NULL DEFAULT '0' COMMENT '数据状态，详细参考c_status表',
  UNIQUE KEY `his_id` (`his_id`) USING BTREE
) ENGINE=InnoDB DEFAULT CHARSET=utf8mb4 COLLATE=utf8mb4_0900_ai_ci;

-- ----------------------------
-- Records of c_business_table_his
-- ----------------------------
INSERT INTO `c_business_table_his` VALUES ('102023021205810018', 'ADD', 'ss', 'ss', 'abcvb', 'ss', '2023-02-12 20:20:23', '1');

-- ----------------------------
-- Table structure for c_business_type
-- ----------------------------
DROP TABLE IF EXISTS `c_business_type`;
CREATE TABLE `c_business_type` (
  `id` int NOT NULL AUTO_INCREMENT COMMENT 'id',
  `business_type_cd` varchar(12) NOT NULL COMMENT '业务项类型',
  `name` varchar(50) NOT NULL COMMENT '名称',
  `description` varchar(200) DEFAULT NULL COMMENT '描述',
  `create_time` timestamp NOT NULL DEFAULT CURRENT_TIMESTAMP COMMENT '创建时间',
  PRIMARY KEY (`id`),
  UNIQUE KEY `business_type_cd` (`business_type_cd`) USING BTREE,
  UNIQUE KEY `business_type_cd_2` (`business_type_cd`) USING BTREE
) ENGINE=InnoDB AUTO_INCREMENT=293 DEFAULT CHARSET=utf8;

-- ----------------------------
-- Records of c_business_type
-- ----------------------------
INSERT INTO `c_business_type` VALUES ('292', 'abc', 'abcn', 'sd', '2023-02-12 20:12:36');

-- ----------------------------
-- Table structure for c_cache
-- ----------------------------
DROP TABLE IF EXISTS `c_cache`;
CREATE TABLE `c_cache` (
  `id` int NOT NULL AUTO_INCREMENT COMMENT '缓存ID',
  `cache_code` varchar(10) NOT NULL COMMENT '缓存编码 开始于1001',
  `service_code` varchar(50) NOT NULL COMMENT '调用服务编码 对应 c_service',
  `name` varchar(50) NOT NULL COMMENT '前台显示名称',
  `seq` int NOT NULL COMMENT '列顺序',
  `group` varchar(10) NOT NULL DEFAULT 'COMMON' COMMENT '组，缓存属于哪个组',
  `create_time` timestamp NOT NULL DEFAULT CURRENT_TIMESTAMP COMMENT '创建时间',
  `status_cd` varchar(2) NOT NULL DEFAULT '0' COMMENT '数据状态，详细参考c_status表，0在用，1失效',
  `url` varchar(500) NOT NULL COMMENT '地址',
  PRIMARY KEY (`id`),
  UNIQUE KEY `cache_code` (`cache_code`) USING BTREE
) ENGINE=InnoDB AUTO_INCREMENT=9 DEFAULT CHARSET=utf8mb4 COLLATE=utf8mb4_0900_ai_ci;

-- ----------------------------
-- Records of c_cache
-- ----------------------------
INSERT INTO `c_cache` VALUES ('1', '1001', 'flush.center.cache', '映射缓存（c_mapping表）', '1', 'COMMON', '2018-11-14 13:28:51', '0', 'MAPPING');
INSERT INTO `c_cache` VALUES ('2', '1002', 'flush.center.cache', '业务配置缓存（c_app,c_service,c_route表）', '2', 'COMMON', '2018-11-14 13:28:51', '0', 'APP_ROUTE_SERVICE');
INSERT INTO `c_cache` VALUES ('3', '1003', 'flush.center.cache', '公用服务缓存（c_service_sql表）', '3', 'COMMON', '2018-11-14 13:28:51', '0', 'SERVICE_SQL');
INSERT INTO `c_cache` VALUES ('4', '1007', 'flush.center.cache', 'Databus（business_databus）', '4', 'COMMON', '2019-08-11 06:00:23', '0', 'DATABUS');
INSERT INTO `c_cache` VALUES ('5', '1005', 'flush.center.cache', '服务业务信息（c_service_business）', '5', 'COMMON', '2019-08-11 06:00:23', '0', 'SERVICE_BUSINESS');
INSERT INTO `c_cache` VALUES ('6', '1006', 'flush.center.cache', '基础权限信息（p_privilege）', '6', 'COMMON', '2019-08-11 06:00:23', '0', 'PRIVILEGE');
INSERT INTO `c_cache` VALUES ('8', '1004', 'flush.center.cache', '刷新所有缓存（ALL）', '7', 'COMMON', '2019-08-11 05:44:40', '0', 'All');

-- ----------------------------
-- Table structure for c_mapping
-- ----------------------------
DROP TABLE IF EXISTS `c_mapping`;
CREATE TABLE `c_mapping` (
  `id` varchar(30) NOT NULL COMMENT 'id',
  `domain` varchar(50) NOT NULL COMMENT '域',
  `name` varchar(50) NOT NULL COMMENT '名称',
  `mapping_key` varchar(100) NOT NULL COMMENT 'key',
  `value` varchar(1000) NOT NULL COMMENT 'value',
  `remark` longtext COMMENT '描述',
  `create_time` timestamp NOT NULL DEFAULT CURRENT_TIMESTAMP COMMENT '创建时间',
  `status_cd` varchar(2) NOT NULL DEFAULT '0' COMMENT '数据状态，详细参考c_status表，0在用，1失效',
  PRIMARY KEY (`id`)
) ENGINE=InnoDB DEFAULT CHARSET=utf8mb4 COLLATE=utf8mb4_0900_ai_ci;

-- ----------------------------
-- Records of c_mapping
-- ----------------------------
INSERT INTO `c_mapping` VALUES ('102023021308780004', 'DOMAIN.COMMON', '2333', '2', '2', '2', '2023-02-13 01:24:56', '1');
INSERT INTO `c_mapping` VALUES ('102023021357700001', 'ENV_DOMAIN', '环境标识', 'HC_ENV', 'PROD', 'ENV1', '2023-02-13 01:22:20', '0');
INSERT INTO `c_mapping` VALUES ('102023082203750005', 'OSS', 'bucket', 'bucketName', 'java110', '', '2023-08-22 16:56:46', '0');
INSERT INTO `c_mapping` VALUES ('102023082236190012', 'FILE_DOMAIN', '静态资源域名', 'IMG_PATH', 'https://xx.oss-cn-beijing.aliyuncs.com/hc/iot/', '', '2023-08-22 17:02:24', '0');
INSERT INTO `c_mapping` VALUES ('102023082245390006', 'OSS', 'accessKeySecret', 'accessKeySecret', 'xx', '', '2023-08-22 16:57:13', '0');
INSERT INTO `c_mapping` VALUES ('102023082246810008', 'OSS', 'endpoint', 'endpoint', 'http://oss-cn-beijing.aliyuncs.com', '', '2023-08-22 16:57:56', '0');
INSERT INTO `c_mapping` VALUES ('102023082294930007', 'OSS', 'accessKeyId', 'accessKeyId', 'xx', '', '2023-08-22 16:57:26', '0');
INSERT INTO `c_mapping` VALUES ('102023102771040002', 'FILE_DOMAIN', 'OSS地址用于道闸', 'OSS_URL', 'https://xx.oss-cn-beijing.aliyuncs.com/', '', '2023-10-27 22:05:02', '0');
INSERT INTO `c_mapping` VALUES ('102023111084740004', 'FILE_DOMAIN', '存储方式', 'OSS_SWITCH', 'OSS', '目前只支持OSS', '2023-11-10 17:26:36', '0');
INSERT INTO `c_mapping` VALUES ('102023112127290055', 'TDDIANBIAO_DOMAIN', 'nonce', 'nonce', 'xx', '', '2023-11-21 01:26:38', '0');
INSERT INTO `c_mapping` VALUES ('102023112164960056', 'TDDIANBIAO_DOMAIN', 'auth_code', 'auth_code', 'xx', '', '2023-11-21 01:27:11', '0');
INSERT INTO `c_mapping` VALUES ('102024012402260026', 'WUYE', '物业系统地址', 'url', 'http://192.168.1.108:8008', '', '2024-01-24 22:04:17', '0');
INSERT INTO `c_mapping` VALUES ('102024012442090025', 'WUYE', '物业秘钥', 'securityCode', 'g3kE9ggkM4Jqrs576rJS0CYg7dbtMXPT', '', '2024-01-24 22:03:41', '0');
INSERT INTO `c_mapping` VALUES ('102024012445870024', 'WUYE', '应用ID', 'appId', '992020051967020024', '', '2024-01-24 22:03:11', '0');
INSERT INTO `c_mapping` VALUES ('102024022631412822', 'WECHAT_PAY', '服务商开关', 'WECHAT_SERVICE_PAY_SWITCH', 'OFF', '', '2024-02-26 23:53:38', '0');
INSERT INTO `c_mapping` VALUES ('102024022646552824', 'WECHAT_PAY', '服务商商户ID', 'SERVICE_MCH_ID', '1', '', '2024-02-26 23:54:22', '0');
INSERT INTO `c_mapping` VALUES ('102024022695142823', 'WECHAT_PAY', '服务商appId', 'SERVICE_APP_ID', '1', '', '2024-02-26 23:54:02', '0');
INSERT INTO `c_mapping` VALUES ('102024030954270097', 'VZICLOUD', 'AccessKey', 'AccessKey', 'xx', '', '2024-03-09 12:19:04', '0');
INSERT INTO `c_mapping` VALUES ('102024030984490098', 'VZICLOUD', 'AccessKeySecret', 'AccessKeySecret', 'xx', '', '2024-03-09 12:19:16', '0');
INSERT INTO `c_mapping` VALUES ('116', 'DEFAULT_PRIVILEGE_ADMIN', '商家对应的管理员权限组', '800900000005', '600201906009', '商家对应的管理员权限组', '2019-04-01 12:24:36', '0');
INSERT INTO `c_mapping` VALUES ('201', 'MICROINDUSTRYPLATFORM_MALL', '供应链商城地址', 'url', 'http://shop.songbingcloud.com', '配置供应链商城地址或域名', '2023-09-15 14:04:35', '0');
INSERT INTO `c_mapping` VALUES ('208', 'DING_DING_CHARGE', '应用ID', 'APP_ID', 'ss', '', '2023-03-17 12:17:38', '0');
INSERT INTO `c_mapping` VALUES ('209', 'DING_DING_CHARGE', '应用秘钥', 'APP_SECURE', 'ss', '', '2023-03-17 12:18:06', '0');
INSERT INTO `c_mapping` VALUES ('211', 'EVENT_WAY', '阿里云短信处理类', 'SMS-ALI', '', '配置阿里云短信处理类beanName', '2023-09-27 15:38:35', '0');
INSERT INTO `c_mapping` VALUES ('212', 'EVENT_WAY', '钉钉群通知处理类', 'DINGDING', '', '配置钉钉群通知处理类beanName', '2023-09-27 15:38:35', '0');
INSERT INTO `c_mapping` VALUES ('213', 'EVENT_WAY', '企业微信群通知处理类', 'WECHAT', '', '配置企业微信群通知处理类beanName', '2023-09-27 15:38:35', '0');
INSERT INTO `c_mapping` VALUES ('28', 'DEFAULT_PRIVILEGE_ADMIN', '物业对应的管理员权限组', '800900000003', '600201904002', '物业对应的管理员权限组', '2019-04-01 12:24:36', '0');
INSERT INTO `c_mapping` VALUES ('34', 'DEFAULT_PRIVILEGE_ADMIN', '运营团队对应的管理员权限组', '800900000001', '600201906005', '运营团队对应的管理员权限组', '2019-04-01 12:24:36', '0');
INSERT INTO `c_mapping` VALUES ('37', 'DEFAULT_PRIVILEGE_ADMIN', '开发团队对应的管理员权限组', '800900000000', '600201906007', '开发团队对应的管理员权限组', '2019-04-01 12:24:36', '0');
INSERT INTO `c_mapping` VALUES ('94', 'URL_DOMAIN', '业主公众号地址', 'OWNER_WECHAT_URL', 'http://localhost:8001', '公众号时写 公众号域名\n\n小程序时写 小程序appId', '2020-07-20 14:59:38', '0');

-- ----------------------------
-- Table structure for c_mapping_domain
-- ----------------------------
DROP TABLE IF EXISTS `c_mapping_domain`;
CREATE TABLE `c_mapping_domain` (
  `id` varchar(30) NOT NULL COMMENT 'id',
  `domain` varchar(50) NOT NULL COMMENT '域',
  `domain_name` varchar(64) NOT NULL COMMENT '配置项',
  `seq` int NOT NULL COMMENT '排序',
  `remark` longtext COMMENT '描述',
  `create_time` timestamp NOT NULL DEFAULT CURRENT_TIMESTAMP COMMENT '创建时间',
  `status_cd` varchar(2) NOT NULL DEFAULT '0' COMMENT '数据状态，详细参考c_status表，0在用，1失效',
  PRIMARY KEY (`id`)
) ENGINE=InnoDB DEFAULT CHARSET=utf8mb4 COLLATE=utf8mb4_0900_ai_ci;

-- ----------------------------
-- Records of c_mapping_domain
-- ----------------------------
INSERT INTO `c_mapping_domain` VALUES ('102023021346210019', '1', '1', '1', '1', '2023-02-13 01:06:12', '1');
INSERT INTO `c_mapping_domain` VALUES ('102023021377130023', 'ENV_DOMAIN', '环境配置', '1', '环境相关配置，如演示环境 生产环境 切换', '2023-02-13 01:08:44', '0');
INSERT INTO `c_mapping_domain` VALUES ('102023021380610022', 'SYSTEM_SWITCH', '系统开关', '2', '系统相关开关，比如日志开关，耗时开关等', '2023-02-13 01:08:19', '0');
INSERT INTO `c_mapping_domain` VALUES ('102023021383440013', 'DOMAIN.COMMON', '通用配置', '10', '通用配置，一般很少配置1', '2023-02-13 01:03:08', '0');
INSERT INTO `c_mapping_domain` VALUES ('102023082234410010', 'FILE_DOMAIN', '存储配置', '3', '存储配置', '2023-08-22 17:01:58', '0');
INSERT INTO `c_mapping_domain` VALUES ('102023082296330003', 'OSS', '阿里云OSS', '4', '阿里云OSS', '2023-08-22 16:56:26', '0');
INSERT INTO `c_mapping_domain` VALUES ('102023112061480002', 'URL_DOMAIN', '平台URL', '5', '平台URL', '2023-11-20 12:30:25', '0');
INSERT INTO `c_mapping_domain` VALUES ('102023112115110053', 'TDDIANBIAO_DOMAIN', '智能水电表', '6', '智能水电表', '2023-11-21 01:24:58', '0');
INSERT INTO `c_mapping_domain` VALUES ('102024012434290022', 'WUYE', '物业配置', '7', '物联网系统调用物业系统配置信息', '2024-01-24 22:02:41', '0');
INSERT INTO `c_mapping_domain` VALUES ('102024022601992820', 'WECHAT_PAY', '微信支付', '8', '微信支付相关配置', '2024-02-26 23:53:04', '0');
INSERT INTO `c_mapping_domain` VALUES ('102024030912650093', 'VZICLOUD', '臻识云', '9', '请填写臻云极致的AccessKeyId和AccessKeySecret，请到这里申请臻云极致(https://open.vzicloud.com)', '2024-03-09 12:17:36', '0');

-- ----------------------------
-- Table structure for c_order_item
-- ----------------------------
DROP TABLE IF EXISTS `c_order_item`;
CREATE TABLE `c_order_item` (
  `b_id` varchar(30) NOT NULL COMMENT '业务Id',
  `o_id` varchar(30) NOT NULL COMMENT '订单ID',
  `create_time` timestamp NOT NULL DEFAULT CURRENT_TIMESTAMP COMMENT '创建时间',
  `action` varchar(12) DEFAULT NULL COMMENT '动作表，ADD 添加记录 MOD 修改记录 DEL删除记录',
  `action_obj` varchar(64) NOT NULL COMMENT '动作对象，一般为表名',
  `finish_time` datetime DEFAULT NULL COMMENT '完成时间',
  `remark` varchar(200) DEFAULT NULL COMMENT '备注',
  `status_cd` varchar(2) NOT NULL COMMENT '数据状态，详细参考c_status表',
  UNIQUE KEY `b_id` (`b_id`) USING BTREE
) ENGINE=InnoDB DEFAULT CHARSET=utf8;

-- ----------------------------
-- Records of c_order_item
-- ----------------------------
INSERT INTO `c_order_item` VALUES ('202024030417150009', '102024030403460008', '2024-03-04 18:32:13', 'MOD', 'work_license_machine', '2024-03-04 18:32:14', null, 'C');
INSERT INTO `c_order_item` VALUES ('202024030423550005', '102024030488380003', '2024-03-04 18:31:41', 'ADD', 'access_control', '2024-03-04 18:31:41', null, 'C');
INSERT INTO `c_order_item` VALUES ('202024030433640007', '102024030475730006', '2024-03-04 18:31:48', 'MOD', 'access_control', '2024-03-04 18:31:48', null, 'C');
INSERT INTO `c_order_item` VALUES ('202024030508830014', '102024030512060013', '2024-03-05 22:30:01', 'MOD', 'space_machine_factory', '2024-03-05 22:30:01', null, 'C');
INSERT INTO `c_order_item` VALUES ('202024030530950017', '102024030503820015', '2024-03-05 22:30:07', 'ADD', 'space_machine_factory', '2024-03-05 22:30:07', null, 'C');
INSERT INTO `c_order_item` VALUES ('202024030545130008', '102024030524110006', '2024-03-05 22:29:41', 'ADD', 'space_machine_factory', '2024-03-05 22:29:41', null, 'C');
INSERT INTO `c_order_item` VALUES ('202024030554510032', '102024030533660030', '2024-03-05 23:31:33', 'ADD', 'parking_space_machine', '2024-03-05 23:31:33', null, 'C');
INSERT INTO `c_order_item` VALUES ('202024030582960012', '102024030549850011', '2024-03-05 22:29:55', 'MOD', 'space_machine_factory', '2024-03-05 22:29:55', null, 'C');
INSERT INTO `c_order_item` VALUES ('202024030597940010', '102024030508160009', '2024-03-05 22:29:48', 'MOD', 'space_machine_factory', '2024-03-05 22:29:48', null, 'C');
INSERT INTO `c_order_item` VALUES ('202024030615200015', '102024030658470009', '2024-03-06 00:10:55', 'ADD', 'parking_space_machine_rel', '2024-03-06 00:10:56', null, 'E');
INSERT INTO `c_order_item` VALUES ('202024030616990007', '102024030637890001', '2024-03-06 01:19:23', 'ADD', 'parking_space_machine_rel', '2024-03-06 01:19:23', null, 'C');
INSERT INTO `c_order_item` VALUES ('202024030621060003', '102024030637890001', '2024-03-06 01:19:22', 'ADD', 'parking_space_machine', '2024-03-06 01:19:23', null, 'C');
INSERT INTO `c_order_item` VALUES ('202024030625730005', '102024030611500001', '2024-03-06 00:09:48', 'ADD', 'parking_space_machine_rel', '2024-03-06 00:09:49', null, 'E');
INSERT INTO `c_order_item` VALUES ('202024030635170023', '102024030670120017', '2024-03-06 00:11:42', 'ADD', 'parking_space_machine_rel', '2024-03-06 00:11:42', null, 'C');
INSERT INTO `c_order_item` VALUES ('202024030635510021', '102024030670120017', '2024-03-06 00:11:42', 'ADD', 'parking_space_machine_rel', '2024-03-06 00:11:42', null, 'C');
INSERT INTO `c_order_item` VALUES ('202024030637810003', '102024030611500001', '2024-03-06 00:09:48', 'ADD', 'parking_space_machine', '2024-03-06 00:09:49', null, 'E');
INSERT INTO `c_order_item` VALUES ('202024030644260013', '102024030658470009', '2024-03-06 00:10:55', 'ADD', 'parking_space_machine_rel', '2024-03-06 00:10:56', null, 'E');
INSERT INTO `c_order_item` VALUES ('202024030644420005', '102024030637890001', '2024-03-06 01:19:22', 'ADD', 'parking_space_machine_rel', '2024-03-06 01:19:23', null, 'C');
INSERT INTO `c_order_item` VALUES ('202024030650590013', '102024030680040012', '2024-03-06 02:41:33', 'MOD', 'space_machine_factory', '2024-03-06 02:41:33', null, 'C');
INSERT INTO `c_order_item` VALUES ('202024030670770006', '102024030640160005', '2024-03-06 00:38:21', 'MOD', 'parking_space_machine', '2024-03-06 00:38:21', null, 'C');
INSERT INTO `c_order_item` VALUES ('202024030671840011', '102024030658470009', '2024-03-06 00:10:55', 'ADD', 'parking_space_machine', '2024-03-06 00:10:56', null, 'E');
INSERT INTO `c_order_item` VALUES ('202024030671860009', '102024030640160005', '2024-03-06 00:38:21', 'ADD', 'parking_space_machine_rel', '2024-03-06 00:38:21', null, 'C');
INSERT INTO `c_order_item` VALUES ('202024030677180007', '102024030640160005', '2024-03-06 00:38:21', 'MOD', 'parking_space_machine_rel', '2024-03-06 00:38:21', null, 'C');
INSERT INTO `c_order_item` VALUES ('202024030690980007', '102024030611500001', '2024-03-06 00:09:48', 'ADD', 'parking_space_machine_rel', '2024-03-06 00:09:49', null, 'E');
INSERT INTO `c_order_item` VALUES ('202024030693560019', '102024030670120017', '2024-03-06 00:11:42', 'ADD', 'parking_space_machine', '2024-03-06 00:11:42', null, 'C');
INSERT INTO `c_order_item` VALUES ('202024030697240003', '102024030623540001', '2024-03-06 00:47:27', 'ADD', 'parking_space_machine', '2024-03-06 00:47:27', null, 'E');
INSERT INTO `c_order_item` VALUES ('202024030699150002', '102024030644810001', '2024-03-06 00:05:11', 'MOD', 'parking_space_machine', '2024-03-06 00:05:11', null, 'C');
INSERT INTO `c_order_item` VALUES ('202024030804640015', '102024030847250013', '2024-03-08 04:27:59', 'ADD', 'parking_region', '2024-03-08 04:27:59', null, 'C');
INSERT INTO `c_order_item` VALUES ('202024030805780005', '102024030876900003', '2024-03-08 03:09:41', 'ADD', 'parking_space', '2024-03-08 03:09:41', null, 'C');
INSERT INTO `c_order_item` VALUES ('202024030808680027', '102024030835190026', '2024-03-08 04:28:35', 'MOD', 'parking_space', '2024-03-08 04:28:35', null, 'C');
INSERT INTO `c_order_item` VALUES ('202024030809600019', '102024030800180018', '2024-03-08 04:28:17', 'MOD', 'parking_space', '2024-03-08 04:28:17', null, 'C');
INSERT INTO `c_order_item` VALUES ('202024030823640015', '102024030878530014', '2024-03-08 02:42:19', 'MOD', 'parking_region', '2024-03-08 02:42:19', null, 'C');
INSERT INTO `c_order_item` VALUES ('202024030827860012', '102024030872230010', '2024-03-08 04:27:54', 'ADD', 'parking_region', '2024-03-08 04:27:54', null, 'C');
INSERT INTO `c_order_item` VALUES ('202024030829120025', '102024030887930024', '2024-03-08 04:28:30', 'MOD', 'parking_space', '2024-03-08 04:28:30', null, 'C');
INSERT INTO `c_order_item` VALUES ('202024030831010008', '102024030897220006', '2024-03-08 02:40:13', 'ADD', 'parking_region', '2024-03-08 02:40:13', null, 'C');
INSERT INTO `c_order_item` VALUES ('202024030840180002', '102024030844960001', '2024-03-08 03:07:25', 'MOD', 'parking_space', '2024-03-08 03:07:25', null, 'C');
INSERT INTO `c_order_item` VALUES ('202024030853270010', '102024030862900009', '2024-03-08 02:41:57', 'MOD', 'parking_region', '2024-03-08 02:41:57', null, 'C');
INSERT INTO `c_order_item` VALUES ('202024030868210013', '102024030854010011', '2024-03-08 02:42:12', 'ADD', 'parking_region', '2024-03-08 02:42:12', null, 'C');
INSERT INTO `c_order_item` VALUES ('202024030877650017', '102024030838750016', '2024-03-08 04:28:11', 'MOD', 'parking_space', '2024-03-08 04:28:11', null, 'C');
INSERT INTO `c_order_item` VALUES ('202024030877820033', '102024030839160032', '2024-03-08 04:28:51', 'MOD', 'parking_space', '2024-03-08 04:28:51', null, 'C');
INSERT INTO `c_order_item` VALUES ('202024030878760031', '102024030893180030', '2024-03-08 04:28:47', 'MOD', 'parking_space', '2024-03-08 04:28:47', null, 'C');
INSERT INTO `c_order_item` VALUES ('202024030880050023', '102024030812450022', '2024-03-08 04:28:24', 'MOD', 'parking_space', '2024-03-08 04:28:24', null, 'C');
INSERT INTO `c_order_item` VALUES ('202024030891050002', '102024030897310001', '2024-03-08 03:15:45', 'MOD', 'parking_space', '2024-03-08 03:15:46', null, 'C');
INSERT INTO `c_order_item` VALUES ('202024030891680029', '102024030837560028', '2024-03-08 04:28:43', 'MOD', 'parking_space', '2024-03-08 04:28:43', null, 'C');
INSERT INTO `c_order_item` VALUES ('202024030891910021', '102024030824750020', '2024-03-08 04:28:20', 'MOD', 'parking_space', '2024-03-08 04:28:20', null, 'C');
INSERT INTO `c_order_item` VALUES ('202024030929390004', '102024030911230003', '2024-03-09 12:40:38', 'MOD', 'barrier', '2024-03-09 12:40:38', null, 'C');
INSERT INTO `c_order_item` VALUES ('202024030936020005', '102024030985770004', '2024-03-09 12:32:47', 'MOD', 'barrier', '2024-03-09 12:32:47', null, 'C');
INSERT INTO `c_order_item` VALUES ('202024030945040096', '102024030945760095', '2024-03-09 12:18:49', 'MOD', 'c_mapping_domain', '2024-03-09 12:18:49', null, 'C');
INSERT INTO `c_order_item` VALUES ('202024030945120003', '102024030983560002', '2024-03-09 12:32:31', 'MOD', 'barrier', '2024-03-09 12:32:31', null, 'C');
INSERT INTO `c_order_item` VALUES ('202024030951170007', '102024030904060006', '2024-03-09 12:32:59', 'MOD', 'barrier', '2024-03-09 12:32:59', null, 'C');
INSERT INTO `c_order_item` VALUES ('202024030976670002', '102024030968860001', '2024-03-09 12:40:33', 'MOD', 'barrier', '2024-03-09 12:40:33', null, 'C');
INSERT INTO `c_order_item` VALUES ('202024030987720094', '102024030956340092', '2024-03-09 12:17:36', 'ADD', 'c_mapping_domain', '2024-03-09 12:17:36', null, 'C');
INSERT INTO `c_order_item` VALUES ('202024031102710012', '102024031112530010', '2024-03-11 17:31:36', 'ADD', 'f_floor', '2024-03-11 17:31:36', null, 'E');
INSERT INTO `c_order_item` VALUES ('202024031105050004', '102024031111090003', '2024-03-11 21:31:29', 'MOD', 's_community', '2024-03-11 21:31:29', null, 'C');
INSERT INTO `c_order_item` VALUES ('202024031114920006', '102024031166500005', '2024-03-11 21:32:11', 'MOD', 's_community', '2024-03-11 21:32:11', null, 'C');
INSERT INTO `c_order_item` VALUES ('202024031115500002', '102024031158830001', '2024-03-11 21:31:19', 'MOD', 's_community', '2024-03-11 21:31:19', null, 'C');
INSERT INTO `c_order_item` VALUES ('202024031122540014', '102024031120300013', '2024-03-11 21:18:26', 'MOD', 's_community', '2024-03-11 21:18:27', null, 'C');
INSERT INTO `c_order_item` VALUES ('202024031131590008', '102024031190910006', '2024-03-11 18:14:25', 'ADD', 'f_floor', '2024-03-11 18:14:25', null, 'C');
INSERT INTO `c_order_item` VALUES ('202024031151340009', '102024031185760008', '2024-03-11 17:28:22', 'MOD', 'f_floor', '2024-03-11 17:28:22', null, 'C');
INSERT INTO `c_order_item` VALUES ('202024031151450021', '102024031186310020', '2024-03-11 23:58:22', 'MOD', 'f_floor', '2024-03-11 23:58:22', null, 'C');
INSERT INTO `c_order_item` VALUES ('202024031152800019', '102024031138740018', '2024-03-11 22:04:20', 'MOD', 'f_floor', '2024-03-11 22:04:20', null, 'C');
INSERT INTO `c_order_item` VALUES ('202024031156210013', '102024031116110012', '2024-03-11 21:38:44', 'MOD', 'f_floor', '2024-03-11 21:38:44', null, 'C');
INSERT INTO `c_order_item` VALUES ('202024031162050015', '102024031124450014', '2024-03-11 22:03:35', 'MOD', 'f_floor', '2024-03-11 22:03:35', null, 'C');
INSERT INTO `c_order_item` VALUES ('202024031165510005', '102024031176380003', '2024-03-11 21:27:38', 'ADD', 's_community', '2024-03-11 21:27:38', null, 'C');
INSERT INTO `c_order_item` VALUES ('202024031167110016', '102024031141090014', '2024-03-11 17:31:46', 'ADD', 'f_floor', '2024-03-11 17:31:46', null, 'E');
INSERT INTO `c_order_item` VALUES ('202024031175590023', '102024031169260022', '2024-03-11 23:58:55', 'MOD', 'f_floor', '2024-03-11 23:58:55', null, 'C');
INSERT INTO `c_order_item` VALUES ('202024031180200017', '102024031135400016', '2024-03-11 22:03:56', 'MOD', 'f_floor', '2024-03-11 22:03:56', null, 'C');
INSERT INTO `c_order_item` VALUES ('202024031189730002', '102024031110640001', '2024-03-11 21:24:20', 'MOD', 's_community', '2024-03-11 21:24:20', null, 'C');

-- ----------------------------
-- Table structure for c_order_type
-- ----------------------------
DROP TABLE IF EXISTS `c_order_type`;
CREATE TABLE `c_order_type` (
  `id` int NOT NULL AUTO_INCREMENT COMMENT 'id',
  `order_type_cd` varchar(4) NOT NULL COMMENT '订单类型',
  `name` varchar(50) NOT NULL COMMENT '名称',
  `description` varchar(200) DEFAULT NULL COMMENT '描述',
  `create_time` timestamp NOT NULL DEFAULT CURRENT_TIMESTAMP COMMENT '创建时间',
  PRIMARY KEY (`id`),
  UNIQUE KEY `order_type_cd` (`order_type_cd`) USING BTREE
) ENGINE=InnoDB AUTO_INCREMENT=3 DEFAULT CHARSET=utf8;

-- ----------------------------
-- Records of c_order_type
-- ----------------------------

-- ----------------------------
-- Table structure for c_orders
-- ----------------------------
DROP TABLE IF EXISTS `c_orders`;
CREATE TABLE `c_orders` (
  `o_id` varchar(30) NOT NULL COMMENT '订单ID',
  `app_id` varchar(30) NOT NULL COMMENT '应用ID',
  `ext_transaction_id` varchar(36) DEFAULT NULL,
  `user_id` varchar(30) NOT NULL COMMENT '用户ID',
  `request_time` varchar(16) NOT NULL COMMENT '外部系统请求时间',
  `create_time` timestamp NOT NULL DEFAULT CURRENT_TIMESTAMP COMMENT '创建时间',
  `order_type_cd` varchar(4) NOT NULL COMMENT '订单类型，参考c_order_type表',
  `finish_time` date DEFAULT NULL COMMENT '订单完成时间',
  `remark` varchar(200) DEFAULT NULL COMMENT '备注',
  `status_cd` varchar(2) NOT NULL COMMENT '数据状态，详细参考c_status表',
  UNIQUE KEY `o_id` (`o_id`) USING BTREE,
  UNIQUE KEY `o_id_2` (`o_id`) USING BTREE
) ENGINE=InnoDB DEFAULT CHARSET=utf8;

-- ----------------------------
-- Records of c_orders
-- ----------------------------
INSERT INTO `c_orders` VALUES ('102024030403460008', '992023010100000001', '110d09ec-fe54-4c01-834a-a17877d97eb9', '302023021495090004', '20240304183211', '2024-03-04 18:32:13', 'D', '2024-03-04', null, 'C');
INSERT INTO `c_orders` VALUES ('102024030475730006', '992023010100000001', 'b52e4650-5d2a-49c5-be52-e42a08dd45dd', '302023021495090004', '20240304183146', '2024-03-04 18:31:48', 'D', '2024-03-04', null, 'C');
INSERT INTO `c_orders` VALUES ('102024030488380003', '992023010100000001', '544601f8-b06f-43c0-805e-691baccd620d', '302023021495090004', '20240304183138', '2024-03-04 18:31:41', 'D', '2024-03-04', null, 'C');
INSERT INTO `c_orders` VALUES ('102024030503820015', '992023010100000001', '6da3db18-fdbb-4428-812f-b028f9955fbc', '30518939884421922816', '20240305223005', '2024-03-05 22:30:07', 'D', '2024-03-05', null, 'C');
INSERT INTO `c_orders` VALUES ('102024030508160009', '992023010100000001', '792c8e0c-e3a5-4c6f-8d88-171ae7b7b353', '30518939884421922816', '20240305222946', '2024-03-05 22:29:48', 'D', '2024-03-05', null, 'C');
INSERT INTO `c_orders` VALUES ('102024030512060013', '992023010100000001', 'c9e2839d-7015-4fd1-b28f-a5ab0f07e03f', '30518939884421922816', '20240305222959', '2024-03-05 22:30:01', 'D', '2024-03-05', null, 'C');
INSERT INTO `c_orders` VALUES ('102024030524110006', '992023010100000001', '8c83df97-dfb6-4e28-8aa7-bd9a8d3789a3', '30518939884421922816', '20240305222939', '2024-03-05 22:29:40', 'D', '2024-03-05', null, 'C');
INSERT INTO `c_orders` VALUES ('102024030524270029', '992023010100000001', '7bda6062-fefd-4ba2-abae-c5fe73489cf2', '30520751775595118592', '20240305224936', '2024-03-05 22:49:38', 'D', '2024-03-05', null, 'C');
INSERT INTO `c_orders` VALUES ('102024030533660030', '992023010100000001', '61e2fee1-b71b-4e3c-99d5-ce10fba01acf', '302023021495090004', '20240305233131', '2024-03-05 23:31:33', 'D', '2024-03-05', null, 'C');
INSERT INTO `c_orders` VALUES ('102024030549850011', '992023010100000001', 'fcc9e3b5-d02c-4ccf-8340-81ee872f6b3b', '30518939884421922816', '20240305222953', '2024-03-05 22:29:55', 'D', '2024-03-05', null, 'C');
INSERT INTO `c_orders` VALUES ('102024030611500001', '992023010100000001', '03d7fe4e-7b93-4acb-897c-f85ec9dca4f5', '302023021495090004', '20240306000945', '2024-03-06 00:09:48', 'D', '2024-03-06', null, 'E');
INSERT INTO `c_orders` VALUES ('102024030623540001', '992023010100000001', 'b2a9bdd9-358d-472e-8bd9-b8d64bfd3402', '302023021495090004', '20240306004725', '2024-03-06 00:47:27', 'D', '2024-03-06', null, 'E');
INSERT INTO `c_orders` VALUES ('102024030637890001', '992023010100000001', '69ac6dd8-62ff-45d0-a273-db2519c269a1', '302023021495090004', '20240306011920', '2024-03-06 01:19:22', 'D', '2024-03-06', null, 'C');
INSERT INTO `c_orders` VALUES ('102024030640160005', '992023010100000001', 'b6e193df-c7d9-41e5-8cad-783d067f1364', '302023021495090004', '20240306003819', '2024-03-06 00:38:21', 'D', '2024-03-06', null, 'C');
INSERT INTO `c_orders` VALUES ('102024030644810001', '992023010100000001', 'aebb2f88-b59f-4581-91bc-c1eb08ab3b36', '302023021495090004', '20240306000509', '2024-03-06 00:05:11', 'D', '2024-03-06', null, 'C');
INSERT INTO `c_orders` VALUES ('102024030658470009', '992023010100000001', '5128cfb1-d829-4dbd-8278-04642eb4f70e', '302023021495090004', '20240306001053', '2024-03-06 00:10:55', 'D', '2024-03-06', null, 'E');
INSERT INTO `c_orders` VALUES ('102024030670120017', '992023010100000001', 'd41a6d41-ab7c-4c30-8fa9-83a9558dcf29', '302023021495090004', '20240306001140', '2024-03-06 00:11:42', 'D', '2024-03-06', null, 'C');
INSERT INTO `c_orders` VALUES ('102024030680040012', '992023010100000001', 'ce4b1365-869c-42c1-8550-28a06c5d2075', '30518939884421922816', '20240306024130', '2024-03-06 02:41:33', 'D', '2024-03-06', null, 'C');
INSERT INTO `c_orders` VALUES ('102024030800180018', '992023010100000001', '998b3a34-e815-47ae-8898-1e62cf6a0902', '302023021495090004', '20240308042814', '2024-03-08 04:28:17', 'D', '2024-03-08', null, 'C');
INSERT INTO `c_orders` VALUES ('102024030812450022', '992023010100000001', '62f3c102-7b76-4bbd-9737-450b98284e5b', '302023021495090004', '20240308042822', '2024-03-08 04:28:24', 'D', '2024-03-08', null, 'C');
INSERT INTO `c_orders` VALUES ('102024030824750020', '992023010100000001', '7ab3063b-9faf-4e3d-9570-1f069fac5e77', '302023021495090004', '20240308042818', '2024-03-08 04:28:20', 'D', '2024-03-08', null, 'C');
INSERT INTO `c_orders` VALUES ('102024030835190026', '992023010100000001', 'ad35b519-6ae3-4559-9a97-01518ac8833a', '302023021495090004', '20240308042833', '2024-03-08 04:28:35', 'D', '2024-03-08', null, 'C');
INSERT INTO `c_orders` VALUES ('102024030837560028', '992023010100000001', '7805f6c4-a135-4bd3-8c8b-ab776fc88e2b', '302023021495090004', '20240308042840', '2024-03-08 04:28:43', 'D', '2024-03-08', null, 'C');
INSERT INTO `c_orders` VALUES ('102024030838750016', '992023010100000001', 'abb145b2-303f-4010-b2fa-04a244416f93', '302023021495090004', '20240308042809', '2024-03-08 04:28:11', 'D', '2024-03-08', null, 'C');
INSERT INTO `c_orders` VALUES ('102024030839160032', '992023010100000001', '67d8059d-7f6d-4d39-997d-8ac18039dabe', '302023021495090004', '20240308042848', '2024-03-08 04:28:51', 'D', '2024-03-08', null, 'C');
INSERT INTO `c_orders` VALUES ('102024030844960001', '992023010100000001', '92ced882-0301-4e64-b79b-ed8e05c8eade', '302023021495090004', '20240308030722', '2024-03-08 03:07:25', 'D', '2024-03-08', null, 'C');
INSERT INTO `c_orders` VALUES ('102024030847250013', '992023010100000001', '34c58a26-f433-447d-9384-5616322501d2', '302023021495090004', '20240308042756', '2024-03-08 04:27:59', 'D', '2024-03-08', null, 'C');
INSERT INTO `c_orders` VALUES ('102024030854010011', '992023010100000001', '63b10ea6-7984-4de7-9fa1-8ad49ef3de53', '302023021495090004', '20240308024210', '2024-03-08 02:42:12', 'D', '2024-03-08', null, 'C');
INSERT INTO `c_orders` VALUES ('102024030862900009', '992023010100000001', 'c11077e3-e8ab-48c6-8ade-b03a59f98530', '302023021495090004', '20240308024155', '2024-03-08 02:41:57', 'D', '2024-03-08', null, 'C');
INSERT INTO `c_orders` VALUES ('102024030872230010', '992023010100000001', '2be28e29-bdca-46b3-83c0-d7611702af3f', '302023021495090004', '20240308042752', '2024-03-08 04:27:54', 'D', '2024-03-08', null, 'C');
INSERT INTO `c_orders` VALUES ('102024030876900003', '992023010100000001', 'ff85942e-e9c3-417e-a359-25cda9b3ccd3', '302023021495090004', '20240308030939', '2024-03-08 03:09:41', 'D', '2024-03-08', null, 'C');
INSERT INTO `c_orders` VALUES ('102024030878530014', '992023010100000001', 'cef667d8-1c20-4869-b355-762f18cf3712', '302023021495090004', '20240308024217', '2024-03-08 02:42:19', 'D', '2024-03-08', null, 'C');
INSERT INTO `c_orders` VALUES ('102024030887930024', '992023010100000001', '6e68f567-b8ae-4f28-8ecc-aae333f83aa8', '302023021495090004', '20240308042828', '2024-03-08 04:28:30', 'D', '2024-03-08', null, 'C');
INSERT INTO `c_orders` VALUES ('102024030893180030', '992023010100000001', 'ff7b53dc-f5d4-4dc4-82df-a95e417dbdc7', '302023021495090004', '20240308042845', '2024-03-08 04:28:47', 'D', '2024-03-08', null, 'C');
INSERT INTO `c_orders` VALUES ('102024030897220006', '992023010100000001', 'c4de94bb-b627-467d-88da-6d49473766e7', '302023021495090004', '20240308024011', '2024-03-08 02:40:13', 'D', '2024-03-08', null, 'C');
INSERT INTO `c_orders` VALUES ('102024030897310001', '992023010100000001', '93e1cecc-3509-4864-9011-43ca4ae82bf9', '302023021495090004', '20240308031543', '2024-03-08 03:15:45', 'D', '2024-03-08', null, 'C');
INSERT INTO `c_orders` VALUES ('102024030904060006', '992023010100000001', '9357fe8a-f13d-4260-acc5-ebb1db99946c', '302023021495090004', '20240309123258', '2024-03-09 12:32:59', 'D', '2024-03-09', null, 'C');
INSERT INTO `c_orders` VALUES ('102024030911230003', '992023010100000001', '567ab87d-92e9-4e79-a2fd-4ed34976b239', '302023021495090004', '20240309124037', '2024-03-09 12:40:38', 'D', '2024-03-09', null, 'C');
INSERT INTO `c_orders` VALUES ('102024030945760095', '992023010100000001', '75de9e04-c4a3-4412-81df-4616c3b0cb62', '30520751775595118592', '20240309121848', '2024-03-09 12:18:49', 'D', '2024-03-09', null, 'C');
INSERT INTO `c_orders` VALUES ('102024030956340092', '992023010100000001', '4f2f7b76-07df-4065-96b3-ef8366f22eb1', '30520751775595118592', '20240309121735', '2024-03-09 12:17:36', 'D', '2024-03-09', null, 'C');
INSERT INTO `c_orders` VALUES ('102024030968860001', '992023010100000001', '1030f15c-b95e-49b0-8e0b-b2f0a1460565', '302023021495090004', '20240309124032', '2024-03-09 12:40:32', 'D', '2024-03-09', null, 'C');
INSERT INTO `c_orders` VALUES ('102024030983560002', '992023010100000001', 'cece71b0-a893-473e-85f9-f91ad3160d79', '302023021495090004', '20240309123230', '2024-03-09 12:32:31', 'D', '2024-03-09', null, 'C');
INSERT INTO `c_orders` VALUES ('102024030985770004', '992023010100000001', 'fba95b5c-e08d-4302-9a55-4e2b42232166', '302023021495090004', '20240309123247', '2024-03-09 12:32:47', 'D', '2024-03-09', null, 'C');
INSERT INTO `c_orders` VALUES ('102024030999890001', '992023010100000001', 'e2c1e68c-ec30-4557-b5c5-236098359289', '30520751775595118592', '20240309123154', '2024-03-09 12:31:55', 'D', '2024-03-09', null, 'C');
INSERT INTO `c_orders` VALUES ('102024031110640001', '992023010100000001', 'b3ba100c-3172-4c86-8634-47538668904f', '30518939884421922816', '20240311212418', '2024-03-11 21:24:20', 'D', '2024-03-11', null, 'C');
INSERT INTO `c_orders` VALUES ('102024031111090003', '992023010100000001', 'ffb5757c-be71-4c90-891a-fa2f22359090', '30518939884421922816', '20240311213128', '2024-03-11 21:31:29', 'D', '2024-03-11', null, 'C');
INSERT INTO `c_orders` VALUES ('102024031112530010', '992023010100000001', 'a325f90e-e3ff-45fd-87ac-46ef1e32f228', '302023021495090004', '20240311173135', '2024-03-11 17:31:36', 'D', '2024-03-11', null, 'E');
INSERT INTO `c_orders` VALUES ('102024031116110012', '992023010100000001', '66c26207-41ed-419a-a803-dc3f1884736a', '302023021495090004', '20240311213842', '2024-03-11 21:38:43', 'D', '2024-03-11', null, 'C');
INSERT INTO `c_orders` VALUES ('102024031120300013', '992023010100000001', '363dd7cf-1b7e-4f57-8fc5-ae1caccee5e2', '30518939884421922816', '20240311211825', '2024-03-11 21:18:26', 'D', '2024-03-11', null, 'C');
INSERT INTO `c_orders` VALUES ('102024031124450014', '992023010100000001', '7d9300b4-5ee5-4425-80aa-b8ea498e699f', '302023021495090004', '20240311220333', '2024-03-11 22:03:35', 'D', '2024-03-11', null, 'C');
INSERT INTO `c_orders` VALUES ('102024031135400016', '992023010100000001', '3482b9ba-b0db-4cc4-80d6-7ed3e4ffa4c0', '302023021495090004', '20240311220355', '2024-03-11 22:03:56', 'D', '2024-03-11', null, 'C');
INSERT INTO `c_orders` VALUES ('102024031138740018', '992023010100000001', 'e305c6d4-d1c7-4b8a-b88e-d0cb6201e85b', '302023021495090004', '20240311220419', '2024-03-11 22:04:20', 'D', '2024-03-11', null, 'C');
INSERT INTO `c_orders` VALUES ('102024031141090014', '992023010100000001', '7dd72b17-4496-48b4-b3d6-1df8bab05017', '302023021495090004', '20240311173145', '2024-03-11 17:31:45', 'D', '2024-03-11', null, 'E');
INSERT INTO `c_orders` VALUES ('102024031158830001', '992023010100000001', '960f7775-8b57-446d-80c0-f9bf9d9cc73f', '30518939884421922816', '20240311213117', '2024-03-11 21:31:19', 'D', '2024-03-11', null, 'C');
INSERT INTO `c_orders` VALUES ('102024031166500005', '992023010100000001', '60bbf8e7-1d74-4be1-a03e-ab948aa8c796', '30518939884421922816', '20240311213210', '2024-03-11 21:32:11', 'D', '2024-03-11', null, 'C');
INSERT INTO `c_orders` VALUES ('102024031169260022', '992023010100000001', 'd5249d12-deae-477d-851f-f70df1916d68', '302023021495090004', '20240311235853', '2024-03-11 23:58:55', 'D', '2024-03-11', null, 'C');
INSERT INTO `c_orders` VALUES ('102024031176380003', '992023010100000001', '5d560cc9-070b-4bfa-8e3a-df954ceb682e', '30518939884421922816', '20240311212736', '2024-03-11 21:27:38', 'D', '2024-03-11', null, 'C');
INSERT INTO `c_orders` VALUES ('102024031185760008', '992023010100000001', '9ecd272d-fee8-4d9b-b5e8-8ef873e1f3ee', '302023021495090004', '20240311172820', '2024-03-11 17:28:21', 'D', '2024-03-11', null, 'C');
INSERT INTO `c_orders` VALUES ('102024031186310020', '992023010100000001', '04141f8e-b4f6-47c2-8ab4-148cf0b810b0', '302023021495090004', '20240311235820', '2024-03-11 23:58:22', 'D', '2024-03-11', null, 'C');
INSERT INTO `c_orders` VALUES ('102024031190910006', '992023010100000001', '72e6268b-b2a3-47a9-89c9-98ee96cd827e', '302023021495090004', '20240311181423', '2024-03-11 18:14:25', 'D', '2024-03-11', null, 'C');

-- ----------------------------
-- Table structure for c_route
-- ----------------------------
DROP TABLE IF EXISTS `c_route`;
CREATE TABLE `c_route` (
  `id` varchar(30) NOT NULL COMMENT 'id',
  `app_id` varchar(30) NOT NULL COMMENT '应用ID',
  `service_id` varchar(30) NOT NULL COMMENT '服务ID',
  `order_type_cd` varchar(4) NOT NULL COMMENT '订单类型，参考c_order_type表',
  `invoke_limit_times` int DEFAULT NULL COMMENT '接口调用一分钟调用次数',
  `invoke_model` varchar(1) NOT NULL COMMENT '1-同步方式 2-异步方式',
  `create_time` timestamp NOT NULL DEFAULT CURRENT_TIMESTAMP COMMENT '创建时间',
  `status_cd` varchar(2) NOT NULL DEFAULT '0' COMMENT '数据状态，详细参考c_status表，0在用，1失效，2 表示下线（当组件调用服务超过限制时自动下线）',
  PRIMARY KEY (`id`)
) ENGINE=InnoDB DEFAULT CHARSET=utf8mb4 COLLATE=utf8mb4_0900_ai_ci;

-- ----------------------------
-- Records of c_route
-- ----------------------------
INSERT INTO `c_route` VALUES ('1', '992023010100000001', '1', 'Q', '100', 'S', '2023-02-11 16:26:01', '0');
INSERT INTO `c_route` VALUES ('10', '992023010100000001', '10', 'Q', '100', 'S', '2023-02-11 16:26:02', '0');
INSERT INTO `c_route` VALUES ('102023021211350036', '992023010100000001', '982023021223650035', 'Q', '1000', 'S', '2023-02-12 23:20:33', '0');
INSERT INTO `c_route` VALUES ('102023021225690038', '992023010100000001', '982023021203470037', 'D', '1000', 'S', '2023-02-12 23:23:28', '0');
INSERT INTO `c_route` VALUES ('102023021230340022', '992023010100000001', '982023021223940021', 'D', '1000', 'S', '2023-02-12 20:22:35', '0');
INSERT INTO `c_route` VALUES ('102023021232260003', '992023010100000001', '982023021258190002', 'D', '1000', 'S', '2023-02-12 19:42:30', '0');
INSERT INTO `c_route` VALUES ('102023021238440032', '992023010100000001', '982023021214060031', 'Q', '1000', 'S', '2023-02-12 20:40:39', '0');
INSERT INTO `c_route` VALUES ('102023021240560020', '992023010100000001', '982023021227650019', 'D', '1000', 'S', '2023-02-12 20:21:16', '0');
INSERT INTO `c_route` VALUES ('102023021242430005', '992023010100000001', '982023021248040004', 'D', '1000', 'S', '2023-02-12 23:35:41', '0');
INSERT INTO `c_route` VALUES ('102023021249110013', '992023010100000001', '982023021204510012', 'Q', '1000', 'S', '2023-02-12 23:44:04', '0');
INSERT INTO `c_route` VALUES ('102023021251050011', '992023010100000001', '982023021273350010', 'D', '1000', 'S', '2023-02-12 20:13:57', '0');
INSERT INTO `c_route` VALUES ('102023021253270005', '992023010100000001', '982023021296170004', 'D', '1000', 'S', '2023-02-12 23:57:27', '0');
INSERT INTO `c_route` VALUES ('102023021254470028', '992023010100000001', '982023021235240027', 'D', '1000', 'S', '2023-02-12 20:38:41', '0');
INSERT INTO `c_route` VALUES ('102023021255530024', '992023010100000001', '982023021216390023', 'Q', '1000', 'S', '2023-02-12 20:26:31', '0');
INSERT INTO `c_route` VALUES ('102023021259300015', '992023010100000001', '982023021256680014', 'Q', '1000', 'S', '2023-02-12 20:18:25', '0');
INSERT INTO `c_route` VALUES ('102023021260040007', '992023010100000001', '982023021237010006', 'Q', '1000', 'S', '2023-02-12 20:11:01', '0');
INSERT INTO `c_route` VALUES ('102023021263470013', '992023010100000001', '982023021260000012', 'D', '1000', 'S', '2023-02-12 20:14:58', '0');
INSERT INTO `c_route` VALUES ('102023021268920026', '992023010100000001', '982023021296210025', 'D', '1000', 'S', '2023-02-12 20:32:22', '0');
INSERT INTO `c_route` VALUES ('102023021273060001', '992023010100000001', '982023021245840003', 'D', '1000', 'S', '2023-02-12 16:05:21', '0');
INSERT INTO `c_route` VALUES ('102023021275390003', '992023010100000001', '982023021241540002', 'Q', '1000', 'S', '2023-02-12 23:56:02', '0');
INSERT INTO `c_route` VALUES ('102023021275500030', '992023010100000001', '982023021259860029', 'D', '1000', 'S', '2023-02-12 20:39:41', '0');
INSERT INTO `c_route` VALUES ('102023021278870008', '992023010100000001', '982023021247300007', 'D', '1000', 'S', '2023-02-12 23:36:27', '0');
INSERT INTO `c_route` VALUES ('102023021281530005', '992023010100000001', '982023021216270004', 'D', '1000', 'S', '2023-02-12 20:09:35', '0');
INSERT INTO `c_route` VALUES ('102023021283770009', '992023010100000001', '982023021276940008', 'D', '1000', 'S', '2023-02-12 20:12:13', '0');
INSERT INTO `c_route` VALUES ('102023021287430017', '992023010100000001', '982023021259400016', 'D', '1000', 'S', '2023-02-12 20:20:01', '0');
INSERT INTO `c_route` VALUES ('102023021289240034', '992023010100000001', '982023021285420033', 'D', '1000', 'S', '2023-02-12 23:19:20', '0');
INSERT INTO `c_route` VALUES ('102023021293120011', '992023010100000001', '982023021296240010', 'D', '1000', 'S', '2023-02-12 23:37:28', '0');
INSERT INTO `c_route` VALUES ('102023021302460021', '992023010100000001', '982023021368120020', 'D', '1000', 'S', '2023-02-13 01:06:45', '0');
INSERT INTO `c_route` VALUES ('102023021306950006', '992023010100000001', '982023021370120005', 'D', '1000', 'S', '2023-02-13 01:25:29', '0');
INSERT INTO `c_route` VALUES ('102023021309550011', '992023010100000001', '982023021334130010', 'D', '1000', 'S', '2023-02-13 00:38:34', '0');
INSERT INTO `c_route` VALUES ('102023021310890006', '992023010100000001', '982023021330160005', 'Q', '1000', 'S', '2023-02-13 23:51:04', '0');
INSERT INTO `c_route` VALUES ('102023021312970002', '992023010100000001', '982023021310500001', 'Q', '1000', 'S', '2023-02-13 12:08:14', '0');
INSERT INTO `c_route` VALUES ('102023021313230002', '992023010100000001', '982023021309900001', 'Q', '1000', 'S', '2023-02-13 15:10:28', '0');
INSERT INTO `c_route` VALUES ('102023021319320013', '992023010100000001', '982023021357210012', 'D', '1000', 'S', '2023-02-13 00:40:03', '0');
INSERT INTO `c_route` VALUES ('102023021320930010', '992023010100000001', '982023021328190009', 'D', '1000', 'S', '2023-02-13 01:37:13', '0');
INSERT INTO `c_route` VALUES ('102023021325490006', '992023010100000001', '982023021336370005', 'D', '1000', 'S', '2023-02-13 12:16:15', '0');
INSERT INTO `c_route` VALUES ('102023021326040008', '992023010100000001', '982023021323660007', 'D', '1000', 'S', '2023-02-13 01:28:53', '0');
INSERT INTO `c_route` VALUES ('102023021331740005', '992023010100000001', '982023021374860004', 'D', '1000', 'S', '2023-02-13 12:26:37', '0');
INSERT INTO `c_route` VALUES ('102023021335260008', '992023010100000001', '982023021377330007', 'D', '1000', 'S', '2023-02-13 12:16:47', '0');
INSERT INTO `c_route` VALUES ('102023021336450004', '992023010100000001', '982023021322710003', 'D', '1000', 'S', '2023-02-13 12:15:43', '0');
INSERT INTO `c_route` VALUES ('102023021341130010', '992023010100000001', '982023021321230009', 'Q', '1000', 'S', '2023-02-13 01:01:38', '0');
INSERT INTO `c_route` VALUES ('102023021341480004', '992023010100000001', '982023021324220003', 'D', '1000', 'S', '2023-02-13 15:15:18', '0');
INSERT INTO `c_route` VALUES ('102023021349350006', '992023010100000001', '982023021337250005', 'D', '1000', 'S', '2023-02-13 15:35:12', '0');
INSERT INTO `c_route` VALUES ('102023021350340018', '992023010100000001', '982023021325460017', 'Q', '1000', 'S', '2023-02-13 01:05:44', '0');
INSERT INTO `c_route` VALUES ('102023021353510007', '992023010100000001', '982023021360730006', 'D', '1000', 'S', '2023-02-13 12:27:07', '0');
INSERT INTO `c_route` VALUES ('102023021363990004', '992023010100000001', '982023021312140003', 'Q', '1000', 'S', '2023-02-13 23:41:31', '0');
INSERT INTO `c_route` VALUES ('102023021365630009', '992023010100000001', '982023021360120008', 'D', '1000', 'S', '2023-02-13 00:03:03', '0');
INSERT INTO `c_route` VALUES ('102023021373790003', '992023010100000001', '982023021302420002', 'D', '1000', 'S', '2023-02-13 01:24:21', '0');
INSERT INTO `c_route` VALUES ('102023021379350012', '992023010100000001', '982023021395440011', 'D', '1000', 'S', '2023-02-13 01:02:55', '0');
INSERT INTO `c_route` VALUES ('102023021387790025', '992023010100000001', '982023021326930024', 'D', '1000', 'S', '2023-02-13 01:10:06', '0');
INSERT INTO `c_route` VALUES ('102023021387900015', '992023010100000001', '982023021386140014', 'D', '1000', 'S', '2023-02-13 00:43:44', '0');
INSERT INTO `c_route` VALUES ('102023021388470008', '992023010100000001', '982023021358370007', 'D', '1000', 'S', '2023-02-13 15:37:52', '0');
INSERT INTO `c_route` VALUES ('102023021389730013', '992023010100000001', '982023021303060012', 'Q', '1000', 'S', '2023-02-13 02:07:24', '0');
INSERT INTO `c_route` VALUES ('102023021390830015', '992023010100000001', '982023021372850014', 'D', '1000', 'S', '2023-02-13 01:03:44', '0');
INSERT INTO `c_route` VALUES ('102023021391130003', '992023010100000001', '982023021395620002', 'Q', '1000', 'S', '2023-02-13 12:26:03', '0');
INSERT INTO `c_route` VALUES ('102023021392960009', '992023010100000001', '982023021309160008', 'D', '1000', 'S', '2023-02-13 12:27:34', '0');
INSERT INTO `c_route` VALUES ('102023021399890004', '992023010100000001', '982023021322750003', 'D', '1000', 'S', '2023-02-13 00:59:16', '0');
INSERT INTO `c_route` VALUES ('102023021400750038', '992023010100000001', '982023021473350037', 'D', '1000', 'S', '2023-02-14 17:47:31', '0');
INSERT INTO `c_route` VALUES ('102023021401770026', '992023010100000001', '982023021439850025', 'D', '1000', 'S', '2023-02-14 01:58:01', '0');
INSERT INTO `c_route` VALUES ('102023021402080026', '992023010100000001', '982023021488540025', 'Q', '1000', 'S', '2023-02-14 16:56:35', '0');
INSERT INTO `c_route` VALUES ('102023021402380010', '992023010100000001', '982023021405630009', 'D', '1000', 'S', '2023-02-14 00:30:47', '0');
INSERT INTO `c_route` VALUES ('102023021402660028', '992023010100000001', '982023021439470027', 'Q', '1000', 'S', '2023-02-14 16:58:36', '0');
INSERT INTO `c_route` VALUES ('102023021407460052', '992023010100000001', '982023021496750051', 'Q', '1000', 'S', '2023-02-14 18:57:59', '0');
INSERT INTO `c_route` VALUES ('102023021410870036', '992023010100000001', '982023021482340035', 'D', '1000', 'S', '2023-02-14 02:49:34', '0');
INSERT INTO `c_route` VALUES ('102023021415110016', '992023010100000001', '982023021450050015', 'D', '1000', 'S', '2023-02-14 01:41:56', '0');
INSERT INTO `c_route` VALUES ('102023021416340032', '992023010100000001', '982023021419530031', 'Q', '1000', 'S', '2023-02-14 17:23:28', '0');
INSERT INTO `c_route` VALUES ('102023021417040024', '992023010100000001', '982023021491480023', 'D', '1000', 'S', '2023-02-14 01:53:59', '0');
INSERT INTO `c_route` VALUES ('102023021418480046', '992023010100000001', '982023021485940045', 'D', '1000', 'S', '2023-02-14 18:18:49', '0');
INSERT INTO `c_route` VALUES ('102023021418670024', '992023010100000001', '982023021403550023', 'D', '1000', 'S', '2023-02-14 16:00:18', '0');
INSERT INTO `c_route` VALUES ('102023021419550040', '992023010100000001', '982023021498420039', 'D', '1000', 'S', '2023-02-14 17:51:02', '0');
INSERT INTO `c_route` VALUES ('102023021419940034', '992023010100000001', '982023021486110033', 'D', '1000', 'S', '2023-02-14 02:44:30', '0');
INSERT INTO `c_route` VALUES ('102023021423490050', '992023010100000001', '982023021494870049', 'Q', '1000', 'S', '2023-02-14 18:46:52', '0');
INSERT INTO `c_route` VALUES ('102023021425370048', '992023010100000001', '982023021487090047', 'D', '1000', 'S', '2023-02-14 18:32:35', '0');
INSERT INTO `c_route` VALUES ('102023021430220034', '992023010100000001', '982023021447920033', 'D', '1000', 'S', '2023-02-14 17:24:32', '0');
INSERT INTO `c_route` VALUES ('102023021432050030', '992023010100000001', '982023021453590029', 'D', '1000', 'S', '2023-02-14 17:00:38', '0');
INSERT INTO `c_route` VALUES ('102023021436790032', '992023010100000001', '982023021469650031', 'Q', '1000', 'S', '2023-02-14 02:25:19', '0');
INSERT INTO `c_route` VALUES ('102023021437730012', '992023010100000001', '982023021499840011', 'Q', '1000', 'S', '2023-02-14 13:43:57', '0');
INSERT INTO `c_route` VALUES ('102023021438280010', '992023010100000001', '982023021466280009', 'Q', '1000', 'S', '2023-02-14 13:31:56', '0');
INSERT INTO `c_route` VALUES ('102023021444180016', '992023010100000001', '982023021492500015', 'D', '1000', 'S', '2023-02-14 14:09:27', '0');
INSERT INTO `c_route` VALUES ('102023021447420028', '992023010100000001', '982023021435790027', 'Q', '1000', 'S', '2023-02-14 02:07:36', '0');
INSERT INTO `c_route` VALUES ('102023021452130022', '992023010100000001', '982023021497050021', 'D', '1000', 'S', '2023-02-14 15:19:11', '0');
INSERT INTO `c_route` VALUES ('102023021462630036', '992023010100000001', '982023021431180035', 'Q', '1000', 'S', '2023-02-14 17:43:51', '0');
INSERT INTO `c_route` VALUES ('102023021463570018', '992023010100000001', '982023021407670017', 'D', '1000', 'S', '2023-02-14 01:44:40', '0');
INSERT INTO `c_route` VALUES ('102023021467660020', '992023010100000001', '982023021497030019', 'D', '1000', 'S', '2023-02-14 14:16:27', '0');
INSERT INTO `c_route` VALUES ('102023021480340030', '992023010100000001', '982023021458210029', 'D', '1000', 'S', '2023-02-14 02:15:51', '0');
INSERT INTO `c_route` VALUES ('102023021480970008', '992023010100000001', '982023021464680007', 'Q', '1000', 'S', '2023-02-14 00:04:40', '0');
INSERT INTO `c_route` VALUES ('102023021486270014', '992023010100000001', '982023021408200013', 'Q', '1000', 'S', '2023-02-14 13:58:26', '0');
INSERT INTO `c_route` VALUES ('102023021490760022', '992023010100000001', '982023021433280021', 'D', '1000', 'S', '2023-02-14 01:52:18', '0');
INSERT INTO `c_route` VALUES ('102023021493040042', '992023010100000001', '982023021452340041', 'Q', '1000', 'S', '2023-02-14 18:04:55', '0');
INSERT INTO `c_route` VALUES ('102023021493740044', '992023010100000001', '982023021487850043', 'Q', '1000', 'S', '2023-02-14 18:06:39', '0');
INSERT INTO `c_route` VALUES ('102023021497310018', '992023010100000001', '982023021481320017', 'D', '1000', 'S', '2023-02-14 14:14:39', '0');
INSERT INTO `c_route` VALUES ('102023021497830020', '992023010100000001', '982023021436810019', 'Q', '1000', 'S', '2023-02-14 01:47:02', '0');
INSERT INTO `c_route` VALUES ('102023021616720002', '992023010100000001', '982023021601160001', 'D', '1000', 'S', '2023-02-16 00:02:44', '0');
INSERT INTO `c_route` VALUES ('102023021650140004', '992023010100000001', '982023021648060003', 'D', '1000', 'S', '2023-02-16 00:04:40', '0');
INSERT INTO `c_route` VALUES ('102023080903830003', '992023010100000001', '982023080921840002', 'D', '1000', 'S', '2023-08-09 11:21:45', '0');
INSERT INTO `c_route` VALUES ('102023080909750007', '992023010100000001', '982023080951470006', 'D', '1000', 'S', '2023-08-09 11:24:41', '0');
INSERT INTO `c_route` VALUES ('102023080910940003', '992023010100000001', '982023080915140002', 'D', '1000', 'S', '2023-08-09 22:06:22', '0');
INSERT INTO `c_route` VALUES ('102023080913930008', '992023010100000001', '982023080979520007', 'D', '1000', 'S', '2023-08-09 14:25:58', '0');
INSERT INTO `c_route` VALUES ('102023080919240002', '992023010100000001', '982023080921430001', 'D', '1000', 'S', '2023-08-09 10:54:07', '0');
INSERT INTO `c_route` VALUES ('102023080922300002', '992023010100000001', '982023080933940001', 'Q', '1000', 'S', '2023-08-09 02:49:49', '0');
INSERT INTO `c_route` VALUES ('102023080927200005', '992023010100000001', '982023080910140004', 'Q', '1000', 'S', '2023-08-09 18:10:49', '0');
INSERT INTO `c_route` VALUES ('102023080927320005', '992023010100000001', '982023080988790004', 'Q', '1000', 'S', '2023-08-09 11:32:18', '0');
INSERT INTO `c_route` VALUES ('102023080929950016', '992023010100000001', '982023080906630015', 'D', '1000', 'S', '2023-08-09 14:27:00', '0');
INSERT INTO `c_route` VALUES ('102023080931590016', '992023010100000001', '982023080978720015', 'D', '1000', 'S', '2023-08-09 11:36:17', '0');
INSERT INTO `c_route` VALUES ('102023080942870012', '992023010100000001', '982023080984110011', 'D', '1000', 'S', '2023-08-09 11:26:16', '0');
INSERT INTO `c_route` VALUES ('102023080949160011', '992023010100000001', '982023080948440010', 'D', '1000', 'S', '2023-08-09 18:36:21', '0');
INSERT INTO `c_route` VALUES ('102023080953650008', '992023010100000001', '982023080961400007', 'D', '1000', 'S', '2023-08-09 11:35:15', '0');
INSERT INTO `c_route` VALUES ('102023080957710008', '992023010100000001', '982023080953980007', 'Q', '1000', 'S', '2023-08-09 11:09:28', '0');
INSERT INTO `c_route` VALUES ('102023080966400021', '992023010100000001', '982023080903700020', 'D', '1000', 'S', '2023-08-09 11:48:40', '0');
INSERT INTO `c_route` VALUES ('102023080971440024', '992023010100000001', '982023080910750023', 'D', '1000', 'S', '2023-08-09 17:15:42', '0');
INSERT INTO `c_route` VALUES ('102023080984140011', '992023010100000001', '982023080966350010', 'Q', '1000', 'S', '2023-08-09 11:13:53', '0');
INSERT INTO `c_route` VALUES ('102023080994010002', '992023010100000001', '982023080995670001', 'D', '1000', 'S', '2023-08-09 18:46:07', '0');
INSERT INTO `c_route` VALUES ('102023080997700005', '992023010100000001', '982023080957850004', 'Q', '1000', 'S', '2023-08-09 11:07:42', '0');
INSERT INTO `c_route` VALUES ('102023081427550002', '992023010100000001', '982023081417290001', 'Q', '1000', 'S', '2023-08-14 16:06:31', '0');
INSERT INTO `c_route` VALUES ('102023081437530002', '992023010100000001', '982023081419530001', 'D', '1000', 'S', '2023-08-14 16:32:50', '0');
INSERT INTO `c_route` VALUES ('102023081510470004', '992023010100000001', '982023081553090003', 'Q', '1000', 'S', '2023-08-15 18:37:12', '0');
INSERT INTO `c_route` VALUES ('102023081518980008', '992023010100000001', '982023081569750007', 'D', '1000', 'S', '2023-08-15 01:25:26', '0');
INSERT INTO `c_route` VALUES ('102023081519000007', '992023010100000001', '982023081561050006', 'D', '1000', 'S', '2023-08-15 21:35:45', '0');
INSERT INTO `c_route` VALUES ('102023081523510021', '992023010100000001', '982023081552200020', 'Q', '1000', 'S', '2023-08-15 09:06:32', '0');
INSERT INTO `c_route` VALUES ('102023081535970002', '992023010100000001', '982023081584920001', 'D', '1000', 'S', '2023-08-15 01:24:02', '0');
INSERT INTO `c_route` VALUES ('102023081540790032', '992023010100000001', '982023081579150031', 'D', '1000', 'S', '2023-08-15 09:10:40', '0');
INSERT INTO `c_route` VALUES ('102023081542830030', '992023010100000001', '982023081581350029', 'D', '1000', 'S', '2023-08-15 09:10:12', '0');
INSERT INTO `c_route` VALUES ('102023081553290040', '992023010100000001', '982023081546790039', 'Q', '1000', 'S', '2023-08-15 09:39:13', '0');
INSERT INTO `c_route` VALUES ('102023081561110013', '992023010100000001', '982023081590210012', 'Q', '1000', 'S', '2023-08-15 12:24:18', '0');
INSERT INTO `c_route` VALUES ('102023081562690028', '992023010100000001', '982023081596860027', 'D', '1000', 'S', '2023-08-15 09:09:42', '0');
INSERT INTO `c_route` VALUES ('102023081579850023', '992023010100000001', '982023081528910022', 'D', '1000', 'S', '2023-08-15 09:08:06', '0');
INSERT INTO `c_route` VALUES ('102023081581760004', '992023010100000001', '982023081562520003', 'Q', '1000', 'S', '2023-08-15 01:24:29', '0');
INSERT INTO `c_route` VALUES ('102023081588830006', '992023010100000001', '982023081545940005', 'D', '1000', 'S', '2023-08-15 01:25:00', '0');
INSERT INTO `c_route` VALUES ('102023081621360002', '992023010100000001', '982023081672890001', 'D', '1000', 'S', '2023-08-16 10:59:52', '0');
INSERT INTO `c_route` VALUES ('102023081636250003', '992023010100000001', '982023081646380002', 'D', '1000', 'S', '2023-08-16 10:35:40', '0');
INSERT INTO `c_route` VALUES ('102023081651780011', '992023010100000001', '982023081607370010', 'D', '1000', 'S', '2023-08-16 11:19:00', '0');
INSERT INTO `c_route` VALUES ('102023081670620009', '992023010100000001', '982023081643040008', 'Q', '1000', 'S', '2023-08-16 11:17:38', '0');
INSERT INTO `c_route` VALUES ('102023081692680003', '992023010100000001', '982023081639070002', 'D', '1000', 'S', '2023-08-16 16:25:25', '0');
INSERT INTO `c_route` VALUES ('102023081697760007', '992023010100000001', '982023081624290006', 'D', '1000', 'S', '2023-08-16 11:17:04', '0');
INSERT INTO `c_route` VALUES ('102023081711750010', '992023010100000001', '982023081706060009', 'Q', '1000', 'S', '2023-08-17 09:17:44', '0');
INSERT INTO `c_route` VALUES ('102023081711840017', '992023010100000001', '982023081781300016', 'D', '1000', 'S', '2023-08-17 09:42:15', '0');
INSERT INTO `c_route` VALUES ('102023081726490006', '992023010100000001', '982023081726810005', 'Q', '1000', 'S', '2023-08-17 09:35:07', '0');
INSERT INTO `c_route` VALUES ('102023081726630009', '992023010100000001', '982023081741300008', 'D', '1000', 'S', '2023-08-17 09:38:13', '0');
INSERT INTO `c_route` VALUES ('102023081732830011', '992023010100000001', '982023081750380010', 'D', '1000', 'S', '2023-08-17 09:39:13', '0');
INSERT INTO `c_route` VALUES ('102023081736230007', '992023010100000001', '982023081781500006', 'Q', '1000', 'S', '2023-08-17 09:07:28', '0');
INSERT INTO `c_route` VALUES ('102023081745380015', '992023010100000001', '982023081769950014', 'D', '1000', 'S', '2023-08-17 09:41:12', '0');
INSERT INTO `c_route` VALUES ('102023081767840004', '992023010100000001', '982023081726920003', 'Q', '1000', 'S', '2023-08-17 09:33:04', '0');
INSERT INTO `c_route` VALUES ('102023081772160019', '992023010100000001', '982023081768670018', 'D', '1000', 'S', '2023-08-17 09:43:12', '0');
INSERT INTO `c_route` VALUES ('102023081777700038', '992023010100000001', '982023081729000037', 'Q', '1000', 'S', '2023-08-17 11:00:46', '0');
INSERT INTO `c_route` VALUES ('102023081786690013', '992023010100000001', '982023081701610012', 'D', '1000', 'S', '2023-08-17 09:40:09', '0');
INSERT INTO `c_route` VALUES ('102023081810520035', '992023010100000001', '982023081889510034', 'D', '1000', 'S', '2023-08-18 15:24:09', '0');
INSERT INTO `c_route` VALUES ('102023081810520041', '992023010100000001', '982023081862200040', 'D', '1000', 'S', '2023-08-18 15:26:23', '0');
INSERT INTO `c_route` VALUES ('102023081814490043', '992023010100000001', '982023081832110042', 'D', '1000', 'S', '2023-08-18 15:27:03', '0');
INSERT INTO `c_route` VALUES ('102023081841920028', '992023010100000001', '982023081864360027', 'Q', '1000', 'S', '2023-08-18 15:14:14', '0');
INSERT INTO `c_route` VALUES ('102023081850360032', '992023010100000001', '982023081881490031', 'Q', '1000', 'S', '2023-08-18 15:15:56', '0');
INSERT INTO `c_route` VALUES ('102023081852600021', '992023010100000001', '982023081874930020', 'Q', '1000', 'S', '2023-08-18 16:02:11', '0');
INSERT INTO `c_route` VALUES ('102023081852870002', '992023010100000001', '982023081809840001', 'D', '1000', 'S', '2023-08-18 14:34:23', '0');
INSERT INTO `c_route` VALUES ('102023081854520024', '992023010100000001', '982023081887340023', 'D', '1000', 'S', '2023-08-18 16:06:48', '0');
INSERT INTO `c_route` VALUES ('102023081855480030', '992023010100000001', '982023081800230029', 'Q', '1000', 'S', '2023-08-18 15:15:07', '0');
INSERT INTO `c_route` VALUES ('102023081861370003', '992023010100000001', '982023081896720002', 'Q', '1000', 'S', '2023-08-18 14:04:00', '0');
INSERT INTO `c_route` VALUES ('102023081862610006', '992023010100000001', '982023081809110005', 'D', '1000', 'S', '2023-08-18 15:39:29', '0');
INSERT INTO `c_route` VALUES ('102023081873780010', '992023010100000001', '982023081836950009', 'D', '1000', 'S', '2023-08-18 11:14:57', '0');
INSERT INTO `c_route` VALUES ('102023081874980011', '992023010100000001', '982023081833930010', 'D', '1000', 'S', '2023-08-18 14:40:09', '0');
INSERT INTO `c_route` VALUES ('102023081876270008', '992023010100000001', '982023081803910007', 'D', '1000', 'S', '2023-08-18 11:13:38', '0');
INSERT INTO `c_route` VALUES ('102023081885940012', '992023010100000001', '982023081879880011', 'D', '1000', 'S', '2023-08-18 11:16:32', '0');
INSERT INTO `c_route` VALUES ('102023081894260014', '992023010100000001', '982023081807430013', 'D', '1000', 'S', '2023-08-18 11:18:51', '0');
INSERT INTO `c_route` VALUES ('102023082154050006', '992023010100000001', '982023082118290005', 'Q', '1000', 'S', '2023-08-21 13:34:08', '0');
INSERT INTO `c_route` VALUES ('102023082213590006', '992023010100000001', '982023082259940005', 'Q', '1000', 'S', '2023-08-22 10:50:27', '0');
INSERT INTO `c_route` VALUES ('102023082302930013', '992023010100000001', '982023082305810012', 'D', '1000', 'S', '2023-08-23 13:54:46', '0');
INSERT INTO `c_route` VALUES ('102023082320790007', '992023010100000001', '982023082395390006', 'Q', '1000', 'S', '2023-08-23 13:53:01', '0');
INSERT INTO `c_route` VALUES ('102023082322130009', '992023010100000001', '982023082331040008', 'D', '1000', 'S', '2023-08-23 08:51:22', '0');
INSERT INTO `c_route` VALUES ('102023082324140009', '992023010100000001', '982023082333600008', 'D', '1000', 'S', '2023-08-23 13:53:36', '0');
INSERT INTO `c_route` VALUES ('102023082327680011', '992023010100000001', '982023082378700010', 'D', '1000', 'S', '2023-08-23 13:54:10', '0');
INSERT INTO `c_route` VALUES ('102023082334300002', '992023010100000001', '982023082358690001', 'Q', '1000', 'S', '2023-08-23 11:06:26', '1');
INSERT INTO `c_route` VALUES ('102023082362280003', '992023010100000001', '982023082374690002', 'D', '1000', 'S', '2023-08-23 08:50:02', '0');
INSERT INTO `c_route` VALUES ('102023082366200005', '992023010100000001', '982023082338070004', 'D', '1000', 'S', '2023-08-23 08:50:31', '0');
INSERT INTO `c_route` VALUES ('102023082379050002', '992023010100000001', '982023082337440001', 'Q', '1000', 'S', '2023-08-23 14:31:22', '0');
INSERT INTO `c_route` VALUES ('102023082389110007', '992023010100000001', '982023082302040006', 'D', '1000', 'S', '2023-08-23 08:50:57', '0');
INSERT INTO `c_route` VALUES ('102023082441270002', '992023010100000001', '982023082481950001', 'Q', '1000', 'S', '2023-08-24 15:45:17', '0');
INSERT INTO `c_route` VALUES ('102023082449930006', '992023010100000001', '982023082403230005', 'D', '1000', 'S', '2023-08-24 15:47:18', '0');
INSERT INTO `c_route` VALUES ('102023082463500004', '992023010100000001', '982023082488900003', 'D', '1000', 'S', '2023-08-24 15:46:37', '0');
INSERT INTO `c_route` VALUES ('102023082482150025', '992023010100000001', '982023082426580024', 'Q', '1000', 'S', '2023-08-24 16:41:32', '0');
INSERT INTO `c_route` VALUES ('102023082497080008', '992023010100000001', '982023082402870007', 'D', '1000', 'S', '2023-08-24 15:48:04', '0');
INSERT INTO `c_route` VALUES ('102023082497710003', '992023010100000001', '982023082429250002', 'Q', '1000', 'S', '2023-08-24 18:08:29', '0');
INSERT INTO `c_route` VALUES ('102023082502310007', '992023010100000001', '982023082587180006', 'D', '1000', 'S', '2023-08-25 08:58:50', '0');
INSERT INTO `c_route` VALUES ('102023082504170014', '992023010100000001', '982023082548480013', 'D', '1000', 'S', '2023-08-25 11:41:03', '0');
INSERT INTO `c_route` VALUES ('102023082511900019', '992023010100000001', '982023082507660018', 'D', '1000', 'S', '2023-08-25 11:44:24', '0');
INSERT INTO `c_route` VALUES ('102023082513040003', '992023010100000001', '982023082523510002', 'Q', '1000', 'S', '2023-08-25 08:56:48', '0');
INSERT INTO `c_route` VALUES ('102023082527490009', '992023010100000001', '982023082581760008', 'D', '1000', 'S', '2023-08-25 08:59:42', '0');
INSERT INTO `c_route` VALUES ('102023082528480005', '992023010100000001', '982023082548550004', 'D', '1000', 'S', '2023-08-25 08:58:11', '0');
INSERT INTO `c_route` VALUES ('102023082558790009', '992023010100000001', '982023082591540008', 'Q', '1000', 'S', '2023-08-25 11:33:18', '0');
INSERT INTO `c_route` VALUES ('102023082915940002', '992023010100000001', '982023082982310001', 'Q', '1000', 'S', '2023-08-29 11:26:51', '0');
INSERT INTO `c_route` VALUES ('102023083119210002', '992023010100000001', '982023083164580001', 'D', '1000', 'S', '2023-08-31 09:42:13', '0');
INSERT INTO `c_route` VALUES ('102023091528640002', '992023010100000001', '982023091556600001', 'Q', '1000', 'S', '2023-09-15 11:26:17', '0');
INSERT INTO `c_route` VALUES ('102023091559990003', '992023010100000001', '982023091533750002', 'Q', '1000', 'S', '2023-09-15 16:02:00', '0');
INSERT INTO `c_route` VALUES ('102023091802350007', '992023010100000001', '982023091841420006', 'D', '1000', 'S', '2023-09-18 17:34:22', '0');
INSERT INTO `c_route` VALUES ('102023091803960043', '992023010100000001', '982023091896520042', 'D', '1000', 'S', '2023-09-18 16:07:40', '0');
INSERT INTO `c_route` VALUES ('102023091806260005', '992023010100000001', '982023091881660004', 'Q', '1000', 'S', '2023-09-18 17:33:09', '0');
INSERT INTO `c_route` VALUES ('102023091830480005', '992023010100000001', '982023091841790004', 'Q', '1000', 'S', '2023-09-18 16:26:35', '0');
INSERT INTO `c_route` VALUES ('102023091840330013', '992023010100000001', '982023091830570012', 'D', '1000', 'S', '2023-09-18 17:13:25', '0');
INSERT INTO `c_route` VALUES ('102023091853190010', '992023010100000001', '982023091804870009', 'D', '1000', 'S', '2023-09-18 16:51:07', '0');
INSERT INTO `c_route` VALUES ('102023091855920008', '992023010100000001', '982023091865840007', 'D', '1000', 'S', '2023-09-18 16:50:12', '0');
INSERT INTO `c_route` VALUES ('102023091911560002', '992023010100000001', '982023091994060001', 'D', '1000', 'S', '2023-09-19 17:50:29', '0');
INSERT INTO `c_route` VALUES ('102023091915520009', '992023010100000001', '982023091952940008', 'D', '1000', 'S', '2023-09-19 10:55:49', '0');
INSERT INTO `c_route` VALUES ('102023091917740013', '992023010100000001', '982023091910520012', 'D', '1000', 'S', '2023-09-19 10:57:41', '0');
INSERT INTO `c_route` VALUES ('102023091917850002', '992023010100000001', '982023091913690001', 'Q', '1000', 'S', '2023-09-19 10:43:31', '0');
INSERT INTO `c_route` VALUES ('102023091919360004', '992023010100000001', '982023091934370003', 'Q', '1000', 'S', '2023-09-19 10:44:29', '0');
INSERT INTO `c_route` VALUES ('102023091931340004', '992023010100000001', '982023091983790003', 'D', '1000', 'S', '2023-09-19 17:39:39', '0');
INSERT INTO `c_route` VALUES ('102023091936370011', '992023010100000001', '982023091919880010', 'D', '1000', 'S', '2023-09-19 10:56:44', '0');
INSERT INTO `c_route` VALUES ('102023091947960004', '992023010100000001', '982023091973270003', 'D', '1000', 'S', '2023-09-19 17:27:35', '0');
INSERT INTO `c_route` VALUES ('102023091950400009', '992023010100000001', '982023091935410008', 'Q', '1000', 'S', '2023-09-19 12:14:38', '0');
INSERT INTO `c_route` VALUES ('102023091977190002', '992023010100000001', '982023091979020001', 'D', '1000', 'S', '2023-09-19 12:32:12', '0');
INSERT INTO `c_route` VALUES ('102023091994620007', '992023010100000001', '982023091959660006', 'Q', '1000', 'S', '2023-09-19 10:54:59', '0');
INSERT INTO `c_route` VALUES ('102023092052530002', '992023010100000001', '982023092013630001', 'D', '1000', 'S', '2023-09-20 16:31:02', '0');
INSERT INTO `c_route` VALUES ('102023092096910004', '992023010100000001', '982023092044560003', 'D', '1000', 'S', '2023-09-20 10:05:38', '0');
INSERT INTO `c_route` VALUES ('102023092101470040', '992023010100000001', '982023092101490039', 'D', '1000', 'S', '2023-09-21 15:07:21', '0');
INSERT INTO `c_route` VALUES ('102023092101860009', '992023010100000001', '982023092171410008', 'D', '1000', 'S', '2023-09-21 16:21:51', '0');
INSERT INTO `c_route` VALUES ('102023092102230033', '992023010100000001', '982023092196640032', 'D', '1000', 'S', '2023-09-21 14:45:01', '0');
INSERT INTO `c_route` VALUES ('102023092102960013', '992023010100000001', '982023092150550012', 'D', '1000', 'S', '2023-09-21 13:24:58', '0');
INSERT INTO `c_route` VALUES ('102023092104820006', '992023010100000001', '982023092103320005', 'Q', '1000', 'S', '2023-09-21 00:23:57', '0');
INSERT INTO `c_route` VALUES ('102023092109160036', '992023010100000001', '982023092169120035', 'Q', '1000', 'S', '2023-09-21 15:05:51', '0');
INSERT INTO `c_route` VALUES ('102023092122340008', '992023010100000001', '982023092122750007', 'D', '1000', 'S', '2023-09-21 00:24:41', '0');
INSERT INTO `c_route` VALUES ('102023092124870010', '992023010100000001', '982023092154190009', 'D', '1000', 'S', '2023-09-21 00:25:15', '0');
INSERT INTO `c_route` VALUES ('102023092133900011', '992023010100000001', '982023092112130010', 'D', '1000', 'S', '2023-09-21 16:22:46', '0');
INSERT INTO `c_route` VALUES ('102023092136740016', '992023010100000001', '982023092131970015', 'Q', '1000', 'S', '2023-09-21 00:27:00', '0');
INSERT INTO `c_route` VALUES ('102023092148790038', '992023010100000001', '982023092183370037', 'D', '1000', 'S', '2023-09-21 15:06:35', '0');
INSERT INTO `c_route` VALUES ('102023092150050043', '992023010100000001', '982023092185410042', 'D', '1000', 'S', '2023-09-21 00:36:14', '0');
INSERT INTO `c_route` VALUES ('102023092153810010', '992023010100000001', '982023092114040009', 'D', '1000', 'S', '2023-09-21 01:55:47', '0');
INSERT INTO `c_route` VALUES ('102023092154330002', '992023010100000001', '982023092177360001', 'Q', '1000', 'S', '2023-09-21 23:20:49', '0');
INSERT INTO `c_route` VALUES ('102023092154960007', '992023010100000001', '982023092178860006', 'D', '1000', 'S', '2023-09-21 13:22:22', '0');
INSERT INTO `c_route` VALUES ('102023092158310012', '992023010100000001', '982023092151010011', 'D', '1000', 'S', '2023-09-21 00:25:40', '0');
INSERT INTO `c_route` VALUES ('102023092164080014', '992023010100000001', '982023092154440013', 'D', '1000', 'S', '2023-09-21 00:26:25', '0');
INSERT INTO `c_route` VALUES ('102023092164420018', '992023010100000001', '982023092156940017', 'D', '1000', 'S', '2023-09-21 00:27:39', '0');
INSERT INTO `c_route` VALUES ('102023092166700014', '992023010100000001', '982023092115730013', 'D', '1000', 'S', '2023-09-21 01:57:14', '0');
INSERT INTO `c_route` VALUES ('102023092176870009', '992023010100000001', '982023092156700008', 'Q', '1000', 'S', '2023-09-21 13:22:54', '0');
INSERT INTO `c_route` VALUES ('102023092183290016', '992023010100000001', '982023092165230015', 'D', '1000', 'S', '2023-09-21 01:57:44', '0');
INSERT INTO `c_route` VALUES ('102023092183480011', '992023010100000001', '982023092186810010', 'D', '1000', 'S', '2023-09-21 13:23:22', '0');
INSERT INTO `c_route` VALUES ('102023092190070013', '992023010100000001', '982023092156670012', 'Q', '1000', 'S', '2023-09-21 16:23:48', '0');
INSERT INTO `c_route` VALUES ('102023092197680012', '992023010100000001', '982023092100730011', 'Q', '1000', 'S', '2023-09-21 01:56:35', '0');
INSERT INTO `c_route` VALUES ('102023092198140005', '992023010100000001', '982023092164030004', 'Q', '1000', 'S', '2023-09-21 22:36:33', '0');
INSERT INTO `c_route` VALUES ('102023092205170002', '992023010100000001', '982023092279500001', 'Q', '1000', 'S', '2023-09-22 15:31:07', '0');
INSERT INTO `c_route` VALUES ('102023092222720007', '992023010100000001', '982023092214980006', 'Q', '1000', 'S', '2023-09-22 14:51:10', '0');
INSERT INTO `c_route` VALUES ('102023092229560006', '992023010100000001', '982023092208760005', 'D', '1000', 'S', '2023-09-22 14:07:26', '0');
INSERT INTO `c_route` VALUES ('102023092231480008', '992023010100000001', '982023092226180007', 'D', '1000', 'S', '2023-09-22 14:08:01', '0');
INSERT INTO `c_route` VALUES ('102023092241300002', '992023010100000001', '982023092238200001', 'Q', '1000', 'S', '2023-09-22 14:05:43', '0');
INSERT INTO `c_route` VALUES ('102023092244680011', '992023010100000001', '982023092296000010', 'D', '1000', 'S', '2023-09-22 14:52:35', '0');
INSERT INTO `c_route` VALUES ('102023092261260003', '992023010100000001', '982023092252040002', 'Q', '1000', 'S', '2023-09-22 22:08:32', '0');
INSERT INTO `c_route` VALUES ('102023092271030009', '992023010100000001', '982023092271700008', 'D', '1000', 'S', '2023-09-22 14:52:01', '0');
INSERT INTO `c_route` VALUES ('102023092284650004', '992023010100000001', '982023092294760003', 'D', '1000', 'S', '2023-09-22 14:06:25', '0');
INSERT INTO `c_route` VALUES ('102023092287660013', '992023010100000001', '982023092232560012', 'D', '1000', 'S', '2023-09-22 15:10:18', '0');
INSERT INTO `c_route` VALUES ('102023092288630002', '992023010100000001', '982023092282830001', 'Q', '1000', 'S', '2023-09-22 11:55:18', '0');
INSERT INTO `c_route` VALUES ('102023092292470002', '992023010100000001', '982023092209070001', 'Q', '1000', 'S', '2023-09-22 16:38:38', '0');
INSERT INTO `c_route` VALUES ('102023092504350002', '992023010100000001', '982023092558060001', 'D', '1000', 'S', '2023-09-25 16:55:19', '0');
INSERT INTO `c_route` VALUES ('102023092664920004', '992023010100000001', '982023092644180003', 'D', '1000', 'S', '2023-09-26 09:23:34', '0');
INSERT INTO `c_route` VALUES ('102023092666350002', '992023010100000001', '982023092646350001', 'Q', '1000', 'S', '2023-09-26 09:22:33', '0');
INSERT INTO `c_route` VALUES ('102023092707320025', '992023010100000001', '982023092700250024', 'D', '1000', 'S', '2023-09-27 16:56:20', '0');
INSERT INTO `c_route` VALUES ('102023092708130007', '992023010100000001', '982023092735400006', 'D', '1000', 'S', '2023-09-27 16:37:26', '0');
INSERT INTO `c_route` VALUES ('102023092709370021', '992023010100000001', '982023092727360020', 'Q', '1000', 'S', '2023-09-27 16:52:55', '0');
INSERT INTO `c_route` VALUES ('102023092709510019', '992023010100000001', '982023092700170018', 'D', '1000', 'S', '2023-09-27 16:42:43', '0');
INSERT INTO `c_route` VALUES ('102023092714650017', '992023010100000001', '982023092717570016', 'D', '1000', 'S', '2023-09-27 16:41:46', '0');
INSERT INTO `c_route` VALUES ('102023092719870036', '992023010100000001', '982023092706610035', 'D', '1000', 'S', '2023-09-27 10:57:06', '0');
INSERT INTO `c_route` VALUES ('102023092723180023', '992023010100000001', '982023092719040022', 'D', '1000', 'S', '2023-09-27 16:55:34', '0');
INSERT INTO `c_route` VALUES ('102023092724460005', '992023010100000001', '982023092724320004', 'Q', '1000', 'S', '2023-09-27 15:05:32', '0');
INSERT INTO `c_route` VALUES ('102023092734200009', '992023010100000001', '982023092709840008', 'D', '1000', 'S', '2023-09-27 16:38:04', '0');
INSERT INTO `c_route` VALUES ('102023092736160005', '992023010100000001', '982023092740550004', 'Q', '1000', 'S', '2023-09-27 16:36:45', '0');
INSERT INTO `c_route` VALUES ('102023092737410026', '992023010100000001', '982023092770300025', 'Q', '1000', 'S', '2023-09-27 13:51:28', '0');
INSERT INTO `c_route` VALUES ('102023092743860032', '992023010100000001', '982023092746910031', 'D', '1000', 'S', '2023-09-27 13:54:23', '0');
INSERT INTO `c_route` VALUES ('102023092754060034', '992023010100000001', '982023092786220033', 'Q', '1000', 'S', '2023-09-27 10:56:16', '0');
INSERT INTO `c_route` VALUES ('102023092760060012', '992023010100000001', '982023092722710011', 'Q', '1000', 'S', '2023-09-27 13:27:29', '0');
INSERT INTO `c_route` VALUES ('102023092765060038', '992023010100000001', '982023092716470037', 'D', '1000', 'S', '2023-09-27 10:57:52', '0');
INSERT INTO `c_route` VALUES ('102023092768280006', '992023010100000001', '982023092792030005', 'D', '1000', 'S', '2023-09-27 15:58:34', '0');
INSERT INTO `c_route` VALUES ('102023092770240002', '992023010100000001', '982023092708060001', 'Q', '1000', 'S', '2023-09-27 15:51:57', '0');
INSERT INTO `c_route` VALUES ('102023092772420013', '992023010100000001', '982023092786950012', 'Q', '1000', 'S', '2023-09-27 16:39:49', '0');
INSERT INTO `c_route` VALUES ('102023092772680015', '992023010100000001', '982023092747550014', 'D', '1000', 'S', '2023-09-27 16:40:38', '0');
INSERT INTO `c_route` VALUES ('102023092777170027', '992023010100000001', '982023092737630026', 'D', '1000', 'S', '2023-09-27 16:57:02', '0');
INSERT INTO `c_route` VALUES ('102023092777610002', '992023010100000001', '982023092730940001', 'Q', '1000', 'S', '2023-09-27 14:51:53', '0');
INSERT INTO `c_route` VALUES ('102023092781440011', '992023010100000001', '982023092796270010', 'D', '1000', 'S', '2023-09-27 16:38:52', '0');
INSERT INTO `c_route` VALUES ('102023092782820002', '992023010100000001', '982023092721930001', 'Q', '1000', 'S', '2023-09-27 14:55:46', '0');
INSERT INTO `c_route` VALUES ('102023092784670008', '992023010100000001', '982023092713170007', 'Q', '1000', 'S', '2023-09-27 12:26:24', '0');
INSERT INTO `c_route` VALUES ('102023092784680030', '992023010100000001', '982023092797650029', 'D', '1000', 'S', '2023-09-27 13:53:11', '0');
INSERT INTO `c_route` VALUES ('102023092789930028', '992023010100000001', '982023092778110027', 'D', '1000', 'S', '2023-09-27 13:52:21', '0');
INSERT INTO `c_route` VALUES ('102023092798150040', '992023010100000001', '982023092700090039', 'D', '1000', 'S', '2023-09-27 10:58:39', '0');
INSERT INTO `c_route` VALUES ('102023100805530012', '992023010100000001', '982023100860740011', 'D', '1000', 'S', '2023-10-08 15:44:09', '0');
INSERT INTO `c_route` VALUES ('102023100809510010', '992023010100000001', '982023100805530009', 'D', '1000', 'S', '2023-10-08 15:43:16', '0');
INSERT INTO `c_route` VALUES ('102023100878480014', '992023010100000001', '982023100842780013', 'D', '1000', 'S', '2023-10-08 15:44:46', '0');
INSERT INTO `c_route` VALUES ('102023100897230010', '992023010100000001', '982023100888550009', 'Q', '1000', 'S', '2023-10-08 09:13:09', '0');
INSERT INTO `c_route` VALUES ('102023100916130002', '992023010100000001', '982023100962650001', 'D', '1000', 'S', '2023-10-09 11:35:17', '0');
INSERT INTO `c_route` VALUES ('102023100978440008', '992023010100000001', '982023100953390007', 'D', '1000', 'S', '2023-10-09 09:41:29', '0');
INSERT INTO `c_route` VALUES ('102023100982810005', '992023010100000001', '982023100918850004', 'Q', '1000', 'S', '2023-10-09 08:40:11', '0');
INSERT INTO `c_route` VALUES ('102023101273030002', '992023010100000001', '982023101231580001', 'Q', '1000', 'S', '2023-10-12 11:56:42', '0');
INSERT INTO `c_route` VALUES ('102023101674610002', '992023010100000001', '982023101680480001', 'D', '1000', 'S', '2023-10-16 17:06:11', '0');
INSERT INTO `c_route` VALUES ('102023101713930018', '992023010100000001', '982023101794500017', 'D', '1000', 'S', '2023-10-17 16:59:43', '0');
INSERT INTO `c_route` VALUES ('102023101716470016', '992023010100000001', '982023101769190015', 'D', '1000', 'S', '2023-10-17 16:58:50', '0');
INSERT INTO `c_route` VALUES ('102023101716720012', '992023010100000001', '982023101762070011', 'Q', '1000', 'S', '2023-10-17 16:56:47', '0');
INSERT INTO `c_route` VALUES ('102023101747270014', '992023010100000001', '982023101727160013', 'D', '1000', 'S', '2023-10-17 16:57:50', '0');
INSERT INTO `c_route` VALUES ('102023101806910064', '992023010100000001', '982023101887880063', 'D', '1000', 'S', '2023-10-18 10:01:13', '0');
INSERT INTO `c_route` VALUES ('102023101821850068', '992023010100000001', '982023101804120067', 'D', '1000', 'S', '2023-10-18 10:02:48', '0');
INSERT INTO `c_route` VALUES ('102023101830100039', '992023010100000001', '982023101851480038', 'D', '1000', 'S', '2023-10-18 15:57:42', '0');
INSERT INTO `c_route` VALUES ('102023101843740035', '992023010100000001', '982023101830950034', 'D', '1000', 'S', '2023-10-18 15:56:18', '0');
INSERT INTO `c_route` VALUES ('102023101843990033', '992023010100000001', '982023101882210032', 'Q', '1000', 'S', '2023-10-18 15:55:24', '0');
INSERT INTO `c_route` VALUES ('102023101888670037', '992023010100000001', '982023101801400036', 'D', '1000', 'S', '2023-10-18 15:56:58', '0');
INSERT INTO `c_route` VALUES ('102023101892000066', '992023010100000001', '982023101897800065', 'D', '1000', 'S', '2023-10-18 10:02:04', '0');
INSERT INTO `c_route` VALUES ('102023101898280062', '992023010100000001', '982023101892950061', 'Q', '1000', 'S', '2023-10-18 09:59:56', '0');
INSERT INTO `c_route` VALUES ('102023101928030022', '992023010100000001', '982023101998270021', 'Q', '1000', 'S', '2023-10-19 15:23:06', '0');
INSERT INTO `c_route` VALUES ('102023101963510024', '992023010100000001', '982023101924650023', 'D', '1000', 'S', '2023-10-19 15:23:48', '0');
INSERT INTO `c_route` VALUES ('102023101975860026', '992023010100000001', '982023101962330025', 'D', '1000', 'S', '2023-10-19 15:24:30', '0');
INSERT INTO `c_route` VALUES ('102023102092270005', '992023010100000001', '982023102089120004', 'Q', '1000', 'S', '2023-10-20 10:17:07', '0');
INSERT INTO `c_route` VALUES ('102023102357050002', '992023010100000001', '982023102300890001', 'Q', '1000', 'S', '2023-10-23 09:00:08', '0');
INSERT INTO `c_route` VALUES ('102023102365810005', '992023010100000001', '982023102335040004', 'Q', '1000', 'S', '2023-10-23 11:04:16', '0');
INSERT INTO `c_route` VALUES ('102023102665940012', '992023010100000001', '982023102644900011', 'Q', '1000', 'S', '2023-10-26 23:17:58', '0');
INSERT INTO `c_route` VALUES ('102023102739840006', '992023010100000001', '982023102759210005', 'D', '1000', 'S', '2023-10-27 21:34:48', '0');
INSERT INTO `c_route` VALUES ('102023102747750004', '992023010100000001', '982023102750370003', 'D', '1000', 'S', '2023-10-27 21:34:17', '0');
INSERT INTO `c_route` VALUES ('102023102845380016', '992023010100000001', '982023102833380015', 'D', '1000', 'S', '2023-10-28 11:54:33', '0');
INSERT INTO `c_route` VALUES ('102023102896510003', '992023010100000001', '982023102890790002', 'Q', '1000', 'S', '2023-10-28 12:03:59', '0');
INSERT INTO `c_route` VALUES ('102023103001860036', '992023010100000001', '982023103006960035', 'Q', '1000', 'S', '2023-10-30 17:46:29', '0');
INSERT INTO `c_route` VALUES ('102023103005850040', '992023010100000001', '982023103038610039', 'Q', '1000', 'S', '2023-10-30 04:41:27', '0');
INSERT INTO `c_route` VALUES ('102023103007180043', '992023010100000001', '982023103084880042', 'D', '1000', 'S', '2023-10-30 00:42:05', '0');
INSERT INTO `c_route` VALUES ('102023103008490038', '992023010100000001', '982023103016790037', 'D', '1000', 'S', '2023-10-30 17:47:14', '0');
INSERT INTO `c_route` VALUES ('102023103011560037', '992023010100000001', '982023103086820036', 'Q', '1000', 'S', '2023-10-30 00:39:49', '0');
INSERT INTO `c_route` VALUES ('102023103017400004', '992023010100000001', '982023103019560003', 'D', '1000', 'S', '2023-10-30 10:48:17', '0');
INSERT INTO `c_route` VALUES ('102023103017450039', '992023010100000001', '982023103047790038', 'D', '1000', 'S', '2023-10-30 00:40:31', '0');
INSERT INTO `c_route` VALUES ('102023103017450041', '992023010100000001', '982023103086830040', 'D', '1000', 'S', '2023-10-30 00:41:33', '0');
INSERT INTO `c_route` VALUES ('102023103038860051', '992023010100000001', '982023103000230050', 'Q', '1000', 'S', '2023-10-30 04:49:43', '0');
INSERT INTO `c_route` VALUES ('102023103043140004', '992023010100000001', '982023103037160003', 'D', '1000', 'S', '2023-10-30 13:56:08', '0');
INSERT INTO `c_route` VALUES ('102023103058920063', '992023010100000001', '982023103065540062', 'D', '1000', 'S', '2023-10-30 04:21:43', '0');
INSERT INTO `c_route` VALUES ('102023103060830040', '992023010100000001', '982023103013530039', 'D', '1000', 'S', '2023-10-30 17:47:55', '0');
INSERT INTO `c_route` VALUES ('102023103060890042', '992023010100000001', '982023103007440041', 'D', '1000', 'S', '2023-10-30 17:48:41', '0');
INSERT INTO `c_route` VALUES ('102023103070580008', '992023010100000001', '982023103098000007', 'D', '1000', 'S', '2023-10-30 10:49:49', '0');
INSERT INTO `c_route` VALUES ('102023103071890006', '992023010100000001', '982023103085050005', 'D', '1000', 'S', '2023-10-30 13:56:57', '0');
INSERT INTO `c_route` VALUES ('102023103072510060', '992023010100000001', '982023103085700059', 'Q', '1000', 'S', '2023-10-30 04:17:52', '0');
INSERT INTO `c_route` VALUES ('102023103079000016', '992023010100000001', '982023103096630015', 'Q', '1000', 'S', '2023-10-30 01:54:07', '0');
INSERT INTO `c_route` VALUES ('102023103086800002', '992023010100000001', '982023103033380001', 'Q', '1000', 'S', '2023-10-30 10:47:06', '0');
INSERT INTO `c_route` VALUES ('102023103092420006', '992023010100000001', '982023103068040005', 'D', '1000', 'S', '2023-10-30 10:49:04', '0');
INSERT INTO `c_route` VALUES ('102023103095000002', '992023010100000001', '982023103009090001', 'D', '1000', 'S', '2023-10-30 02:18:54', '0');
INSERT INTO `c_route` VALUES ('102023103095320002', '992023010100000001', '982023103052370001', 'D', '1000', 'S', '2023-10-30 04:25:23', '0');
INSERT INTO `c_route` VALUES ('102023103098140002', '992023010100000001', '982023103041530001', 'Q', '1000', 'S', '2023-10-30 13:55:20', '0');
INSERT INTO `c_route` VALUES ('102023103105950008', '992023010100000001', '982023103113740007', 'D', '1000', 'S', '2023-10-31 09:42:48', '0');
INSERT INTO `c_route` VALUES ('102023103121700005', '992023010100000001', '982023103179860004', 'Q', '1000', 'S', '2023-10-31 14:50:27', '0');
INSERT INTO `c_route` VALUES ('102023103135110004', '992023010100000001', '982023103145360003', 'D', '1000', 'S', '2023-10-31 09:41:17', '0');
INSERT INTO `c_route` VALUES ('102023103135230007', '992023010100000001', '982023103185880006', 'D', '1000', 'S', '2023-10-31 14:51:09', '0');
INSERT INTO `c_route` VALUES ('102023103171010011', '992023010100000001', '982023103174880010', 'D', '1000', 'S', '2023-10-31 14:52:30', '0');
INSERT INTO `c_route` VALUES ('102023103172420006', '992023010100000001', '982023103149660005', 'D', '1000', 'S', '2023-10-31 09:42:10', '0');
INSERT INTO `c_route` VALUES ('102023103189000009', '992023010100000001', '982023103159240008', 'D', '1000', 'S', '2023-10-31 14:51:51', '0');
INSERT INTO `c_route` VALUES ('102023103196950002', '992023010100000001', '982023103112460001', 'Q', '1000', 'S', '2023-10-31 09:40:35', '0');
INSERT INTO `c_route` VALUES ('102023110113020020', '992023010100000001', '982023110165140019', 'D', '1000', 'S', '2023-11-01 17:32:28', '0');
INSERT INTO `c_route` VALUES ('102023110117790397', '992023010100000001', '982023110166020396', 'Q', '1000', 'S', '2023-11-01 23:20:26', '0');
INSERT INTO `c_route` VALUES ('102023110118550022', '992023010100000001', '982023110105060021', 'D', '1000', 'S', '2023-11-01 14:26:27', '0');
INSERT INTO `c_route` VALUES ('102023110127850010', '992023010100000001', '982023110125260009', 'Q', '1000', 'S', '2023-11-01 16:23:55', '0');
INSERT INTO `c_route` VALUES ('102023110143430005', '992023010100000001', '982023110194410004', 'Q', '1000', 'S', '2023-11-01 23:33:29', '0');
INSERT INTO `c_route` VALUES ('102023110146320003', '992023010100000001', '982023110165530002', 'D', '1000', 'S', '2023-11-01 15:42:51', '0');
INSERT INTO `c_route` VALUES ('102023110172050004', '992023010100000001', '982023110168710003', 'Q', '1000', 'S', '2023-11-01 23:58:07', '0');
INSERT INTO `c_route` VALUES ('102023110178880002', '992023010100000001', '982023110148750001', 'Q', '1000', 'S', '2023-11-01 23:57:34', '0');
INSERT INTO `c_route` VALUES ('102023110180620008', '992023010100000001', '982023110189450007', 'Q', '1000', 'S', '2023-11-01 16:23:08', '0');
INSERT INTO `c_route` VALUES ('102023110186580395', '992023010100000001', '982023110184710394', 'Q', '1000', 'S', '2023-11-01 23:19:51', '0');
INSERT INTO `c_route` VALUES ('102023110605740002', '992023010100000001', '982023110606400001', 'Q', '1000', 'S', '2023-11-06 00:26:03', '0');
INSERT INTO `c_route` VALUES ('102023110632090039', '992023010100000001', '982023110609390038', 'Q', '1000', 'S', '2023-11-06 00:10:02', '0');
INSERT INTO `c_route` VALUES ('102023110690190041', '992023010100000001', '982023110670170040', 'Q', '1000', 'S', '2023-11-06 00:15:11', '0');
INSERT INTO `c_route` VALUES ('102023110985350005', '992023010100000001', '982023110918500004', 'Q', '1000', 'S', '2023-11-09 01:32:21', '0');
INSERT INTO `c_route` VALUES ('102023111029520037', '992023010100000001', '982023111051920036', 'D', '1000', 'S', '2023-11-10 10:23:03', '0');
INSERT INTO `c_route` VALUES ('102023111039360002', '992023010100000001', '982023111071170001', 'D', '1000', 'S', '2023-11-10 10:26:51', '0');
INSERT INTO `c_route` VALUES ('102023111097600004', '992023010100000001', '982023111082910003', 'Q', '1000', 'S', '2023-11-10 23:57:33', '0');
INSERT INTO `c_route` VALUES ('102023111818770013', '992023010100000001', '982023111809080012', 'Q', '1000', 'S', '2023-11-18 04:03:02', '0');
INSERT INTO `c_route` VALUES ('102023111842090006', '992023111817510002', '982023111852930005', 'D', '1000', 'S', '2023-11-18 15:38:51', '0');
INSERT INTO `c_route` VALUES ('102023111859590005', '992023010100000001', '982023111880690004', 'D', '1000', 'S', '2023-11-18 01:22:28', '0');
INSERT INTO `c_route` VALUES ('102023111897100004', '992023111817510002', '982023111873780003', 'D', '1000', 'S', '2023-11-18 15:37:48', '0');
INSERT INTO `c_route` VALUES ('102023112012740002', '992023111817510002', '982023081729000037', 'Q', '1000', 'S', '2023-11-20 09:57:38', '0');
INSERT INTO `c_route` VALUES ('102023112020700004', '992023111817510002', '982023081896720002', 'Q', '1000', 'S', '2023-11-20 09:59:37', '0');
INSERT INTO `c_route` VALUES ('102023112023120007', '992023111817510002', '982023112051660006', 'Q', '1000', 'S', '2023-11-20 10:36:56', '0');
INSERT INTO `c_route` VALUES ('102023112032170034', '992023111817510002', '982023081864360027', 'Q', '1000', 'S', '2023-11-20 20:41:17', '0');
INSERT INTO `c_route` VALUES ('102023112048090020', '992023111817510002', '982023112070050019', 'D', '1000', 'S', '2023-11-20 14:42:28', '0');
INSERT INTO `c_route` VALUES ('102023112059800002', '992023111817510002', '982023112024490001', 'Q', '1000', 'S', '2023-11-20 12:14:56', '0');
INSERT INTO `c_route` VALUES ('102023112063900039', '992023111817510002', '982023081881490031', 'Q', '1000', 'S', '2023-11-20 21:26:37', '0');
INSERT INTO `c_route` VALUES ('102023112091370018', '992023111817510002', '982023112071440017', 'D', '1000', 'S', '2023-11-20 14:41:55', '0');
INSERT INTO `c_route` VALUES ('102023112098800037', '992023111817510002', '982023081800230029', 'Q', '1000', 'S', '2023-11-20 21:22:01', '0');
INSERT INTO `c_route` VALUES ('102023112129210014', '992023010100000001', '982023112177330013', 'Q', '1000', 'S', '2023-11-21 23:34:01', '0');
INSERT INTO `c_route` VALUES ('102023112136370009', '992023010100000001', '982023112156620008', 'D', '1000', 'S', '2023-11-21 23:53:44', '0');
INSERT INTO `c_route` VALUES ('102023112201790011', '992023111817510002', '982023112255190010', 'Q', '1000', 'S', '2023-11-22 18:57:28', '0');
INSERT INTO `c_route` VALUES ('102023112214960007', '992023010100000001', '982023112279260006', 'Q', '1000', 'S', '2023-11-22 13:50:25', '0');
INSERT INTO `c_route` VALUES ('102023112225870004', '992023111817510002', '982023112241880003', 'Q', '1000', 'S', '2023-11-22 11:45:00', '0');
INSERT INTO `c_route` VALUES ('102023112227100006', '992023010100000001', '982023112258210005', 'D', '1000', 'S', '2023-11-22 16:55:56', '0');
INSERT INTO `c_route` VALUES ('102023112260940005', '992023010100000001', '982023112257810004', 'D', '1000', 'S', '2023-11-22 13:49:19', '0');
INSERT INTO `c_route` VALUES ('102023112264720003', '992023111817510002', '982023092792030005', 'D', '1000', 'S', '2023-11-22 11:20:22', '0');
INSERT INTO `c_route` VALUES ('102023112269020004', '992023010100000001', '982023112293070003', 'D', '1000', 'S', '2023-11-22 16:55:03', '0');
INSERT INTO `c_route` VALUES ('102023112274410009', '992023010100000001', '982023112251000008', 'D', '1000', 'S', '2023-11-22 13:51:24', '0');
INSERT INTO `c_route` VALUES ('102023112283110011', '992023010100000001', '982023112254160010', 'D', '1000', 'S', '2023-11-22 13:52:07', '0');
INSERT INTO `c_route` VALUES ('102023112288730009', '992023111817510002', '982023112208460008', 'Q', '1000', 'S', '2023-11-22 18:56:53', '0');
INSERT INTO `c_route` VALUES ('102023112289340002', '992023010100000001', '982023112209130001', 'Q', '1000', 'S', '2023-11-22 16:54:12', '0');
INSERT INTO `c_route` VALUES ('102023112317820024', '992023010100000001', '982023112330070023', 'D', '1000', 'S', '2023-11-23 17:35:41', '0');
INSERT INTO `c_route` VALUES ('102023112333550002', '992023010100000001', '982023112324940001', 'Q', '1000', 'S', '2023-11-23 09:53:53', '0');
INSERT INTO `c_route` VALUES ('102023112351580026', '992023010100000001', '982023112313810025', 'D', '1000', 'S', '2023-11-23 17:36:16', '0');
INSERT INTO `c_route` VALUES ('102023112354910028', '992023010100000001', '982023112328570027', 'D', '1000', 'S', '2023-11-23 17:36:51', '0');
INSERT INTO `c_route` VALUES ('102023112357610004', '992023010100000001', '982023112379730003', 'D', '1000', 'S', '2023-11-23 09:54:40', '0');
INSERT INTO `c_route` VALUES ('102023112384840022', '992023010100000001', '982023112380470021', 'Q', '1000', 'S', '2023-11-23 17:34:59', '0');
INSERT INTO `c_route` VALUES ('102023112386440008', '992023010100000001', '982023112356790007', 'D', '1000', 'S', '2023-11-23 09:56:06', '0');
INSERT INTO `c_route` VALUES ('102023112390120006', '992023010100000001', '982023112365600005', 'D', '1000', 'S', '2023-11-23 09:55:21', '0');
INSERT INTO `c_route` VALUES ('102023112412290064', '992023010100000001', '982023112414180063', 'D', '1000', 'S', '2023-11-24 17:48:58', '0');
INSERT INTO `c_route` VALUES ('102023112419210028', '992023010100000001', '982023112484900027', 'D', '1000', 'S', '2023-11-24 01:09:17', '0');
INSERT INTO `c_route` VALUES ('102023112419470018', '992023010100000001', '982023112413800017', 'D', '1000', 'S', '2023-11-24 01:05:50', '0');
INSERT INTO `c_route` VALUES ('102023112421890060', '992023010100000001', '982023112457480059', 'Q', '1000', 'S', '2023-11-24 17:48:03', '0');
INSERT INTO `c_route` VALUES ('102023112423610012', '992023010100000001', '982023112460090011', 'Q', '1000', 'S', '2023-11-24 00:58:09', '0');
INSERT INTO `c_route` VALUES ('102023112431520066', '992023010100000001', '982023112457690065', 'D', '1000', 'S', '2023-11-24 17:49:26', '0');
INSERT INTO `c_route` VALUES ('102023112438650006', '992023010100000001', '982023112478280005', 'Q', '1000', 'S', '2023-11-24 00:30:08', '0');
INSERT INTO `c_route` VALUES ('102023112442260012', '992023010100000001', '982023112443190011', 'D', '1000', 'S', '2023-11-24 00:31:51', '0');
INSERT INTO `c_route` VALUES ('102023112450450010', '992023010100000001', '982023112452770009', 'Q', '1000', 'S', '2023-11-24 00:57:23', '0');
INSERT INTO `c_route` VALUES ('102023112463410008', '992023010100000001', '982023112478820007', 'D', '1000', 'S', '2023-11-24 00:30:46', '0');
INSERT INTO `c_route` VALUES ('102023112465950062', '992023010100000001', '982023112417380061', 'D', '1000', 'S', '2023-11-24 17:48:30', '0');
INSERT INTO `c_route` VALUES ('102023112471240030', '992023010100000001', '982023112437410029', 'D', '1000', 'S', '2023-11-24 01:10:06', '0');
INSERT INTO `c_route` VALUES ('102023112479030010', '992023010100000001', '982023112445570009', 'D', '1000', 'S', '2023-11-24 00:31:20', '0');
INSERT INTO `c_route` VALUES ('102023112479900015', '992023010100000001', '982023112400400014', 'Q', '1000', 'S', '2023-11-24 01:01:55', '0');
INSERT INTO `c_route` VALUES ('102023112503170002', '992023010100000001', '982023112522500001', 'D', '1000', 'S', '2023-11-25 14:19:36', '0');
INSERT INTO `c_route` VALUES ('102023112506660027', '992023010100000001', '982023112533940026', 'Q', '1000', 'S', '2023-11-25 14:14:24', '0');
INSERT INTO `c_route` VALUES ('102023112534320016', '992023010100000001', '982023112560230015', 'Q', '1000', 'S', '2023-11-25 01:41:48', '0');
INSERT INTO `c_route` VALUES ('102023112570890004', '992023010100000001', '982023112529890003', 'D', '1000', 'S', '2023-11-25 14:20:15', '0');
INSERT INTO `c_route` VALUES ('102023112718860002', '992023010100000001', '982023112728960001', 'Q', '1000', 'S', '2023-11-27 08:57:04', '0');
INSERT INTO `c_route` VALUES ('102023120153380002', '992023010100000001', '982023120179430001', 'Q', '1000', 'S', '2023-12-01 14:27:31', '0');
INSERT INTO `c_route` VALUES ('102023120156770004', '992023010100000001', '982023120154500003', 'D', '1000', 'S', '2023-12-01 14:34:53', '0');
INSERT INTO `c_route` VALUES ('102023120196420008', '992023010100000001', '982023120132530007', 'D', '1000', 'S', '2023-12-01 14:36:19', '0');
INSERT INTO `c_route` VALUES ('102023120197610006', '992023010100000001', '982023120113850005', 'D', '1000', 'S', '2023-12-01 14:35:39', '0');
INSERT INTO `c_route` VALUES ('102023120400460006', '992023010100000001', '982023120442680005', 'D', '1000', 'S', '2023-12-04 10:24:53', '0');
INSERT INTO `c_route` VALUES ('102023120410890004', '992023010100000001', '982023120412830003', 'D', '1000', 'S', '2023-12-04 10:24:08', '0');
INSERT INTO `c_route` VALUES ('102023120415420008', '992023010100000001', '982023120492460007', 'D', '1000', 'S', '2023-12-04 10:25:41', '0');
INSERT INTO `c_route` VALUES ('102023120419550012', '992023010100000001', '982023120497750011', 'D', '1000', 'S', '2023-12-04 17:14:32', '0');
INSERT INTO `c_route` VALUES ('102023120423310002', '992023010100000001', '982023120433820001', 'Q', '1000', 'S', '2023-12-04 16:55:29', '0');
INSERT INTO `c_route` VALUES ('102023120429500002', '992023010100000001', '982023120429880001', 'Q', '1000', 'S', '2023-12-04 10:23:09', '0');
INSERT INTO `c_route` VALUES ('102023120442350006', '992023010100000001', '982023120465940005', 'D', '1000', 'S', '2023-12-04 14:40:57', '0');
INSERT INTO `c_route` VALUES ('102023120444460004', '992023010100000001', '982023120490000003', 'D', '1000', 'S', '2023-12-04 14:39:40', '0');
INSERT INTO `c_route` VALUES ('102023120444990002', '992023010100000001', '982023120416660001', 'Q', '1000', 'S', '2023-12-04 14:38:05', '0');
INSERT INTO `c_route` VALUES ('102023120449000009', '992023010100000001', '982023120485570008', 'Q', '1000', 'S', '2023-12-04 17:11:56', '0');
INSERT INTO `c_route` VALUES ('102023120456420002', '992023010100000001', '982023120480640001', 'D', '1000', 'S', '2023-12-04 13:47:42', '0');
INSERT INTO `c_route` VALUES ('102023120457330008', '992023010100000001', '982023120417690007', 'D', '1000', 'S', '2023-12-04 13:51:07', '0');
INSERT INTO `c_route` VALUES ('102023120476450010', '992023010100000001', '982023120472570009', 'D', '1000', 'S', '2023-12-04 13:52:03', '0');
INSERT INTO `c_route` VALUES ('102023120507540013', '992023010100000001', '982023120581160012', 'D', '1000', 'S', '2023-12-05 15:18:25', '0');
INSERT INTO `c_route` VALUES ('102023120512230015', '992023010100000001', '982023120588350014', 'D', '1000', 'S', '2023-12-05 15:24:35', '0');
INSERT INTO `c_route` VALUES ('102023120514700011', '992023010100000001', '982023120571420010', 'Q', '1000', 'S', '2023-12-05 14:59:57', '0');
INSERT INTO `c_route` VALUES ('102023120515240031', '992023010100000001', '982023120546280030', 'D', '1000', 'S', '2023-12-05 14:45:36', '0');
INSERT INTO `c_route` VALUES ('102023120517430005', '992023010100000001', '982023120531600004', 'D', '1000', 'S', '2023-12-05 14:58:17', '0');
INSERT INTO `c_route` VALUES ('102023120559960002', '992023010100000001', '982023120567990001', 'Q', '1000', 'S', '2023-12-05 15:32:21', '0');
INSERT INTO `c_route` VALUES ('102023120572820015', '992023010100000001', '982023120517900014', 'D', '1000', 'S', '2023-12-05 15:19:30', '0');
INSERT INTO `c_route` VALUES ('102023120580940007', '992023010100000001', '982023120541700006', 'D', '1000', 'S', '2023-12-05 14:58:53', '0');
INSERT INTO `c_route` VALUES ('102023120581560003', '992023010100000001', '982023120578000002', 'Q', '1000', 'S', '2023-12-05 14:57:29', '0');
INSERT INTO `c_route` VALUES ('102023120587980017', '992023010100000001', '982023120580470016', 'D', '1000', 'S', '2023-12-05 15:25:22', '0');
INSERT INTO `c_route` VALUES ('102023120593780029', '992023010100000001', '982023120500470028', 'D', '1000', 'S', '2023-12-05 14:44:43', '0');
INSERT INTO `c_route` VALUES ('102023120596870009', '992023010100000001', '982023120551660008', 'D', '1000', 'S', '2023-12-05 14:59:22', '0');
INSERT INTO `c_route` VALUES ('102023120599590027', '992023010100000001', '982023120580700026', 'D', '1000', 'S', '2023-12-05 14:43:55', '0');
INSERT INTO `c_route` VALUES ('102023120940160048', '992023111817510002', '982023102644900011', 'Q', '1000', 'S', '2023-12-09 16:59:17', '0');
INSERT INTO `c_route` VALUES ('102023120975430046', '992023111817510002', '982023120969520045', 'D', '1000', 'S', '2023-12-09 16:57:20', '0');
INSERT INTO `c_route` VALUES ('102023121129980002', '992023010100000001', '982023121159610001', 'Q', '1000', 'S', '2023-12-11 17:08:49', '0');
INSERT INTO `c_route` VALUES ('102023121139900008', '992023010100000001', '982023121195650007', 'D', '1000', 'S', '2023-12-11 17:11:08', '0');
INSERT INTO `c_route` VALUES ('102023121156130004', '992023010100000001', '982023121132930003', 'D', '1000', 'S', '2023-12-11 17:09:44', '0');
INSERT INTO `c_route` VALUES ('102023121175600006', '992023010100000001', '982023121124210005', 'D', '1000', 'S', '2023-12-11 17:10:29', '0');
INSERT INTO `c_route` VALUES ('102023121218650007', '992023010100000001', '982023121272790006', 'D', '1000', 'S', '2023-12-12 10:47:57', '0');
INSERT INTO `c_route` VALUES ('102023121234760009', '992023010100000001', '982023121240490008', 'D', '1000', 'S', '2023-12-12 10:48:41', '0');
INSERT INTO `c_route` VALUES ('102023121284050005', '992023010100000001', '982023121215000004', 'Q', '1000', 'S', '2023-12-12 10:46:31', '0');
INSERT INTO `c_route` VALUES ('102023121295710011', '992023010100000001', '982023121287520010', 'D', '1000', 'S', '2023-12-12 10:49:23', '0');
INSERT INTO `c_route` VALUES ('102023121412170010', '992023121426830015', '982023121496340009', 'D', '1000', 'S', '2023-12-14 23:23:34', '0');
INSERT INTO `c_route` VALUES ('102023121438040004', '992023010100000001', '982023121416250003', 'D', '1000', 'S', '2023-12-14 12:52:19', '0');
INSERT INTO `c_route` VALUES ('102023121443810001', '992023121426830015', '982023103085700059', 'Q', '1000', 'S', '2023-12-14 23:15:22', '0');
INSERT INTO `c_route` VALUES ('102023121447260014', '992023010100000001', '982023121471690013', 'D', '1000', 'S', '2023-12-14 12:55:14', '0');
INSERT INTO `c_route` VALUES ('102023121452700008', '992023010100000001', '982023121462180007', 'Q', '1000', 'S', '2023-12-14 12:53:34', '0');
INSERT INTO `c_route` VALUES ('102023121463010016', '992023121426830015', '982023080933940001', 'Q', '1000', 'S', '2023-12-14 21:39:56', '0');
INSERT INTO `c_route` VALUES ('102023121464600002', '992023121426830015', '982023121429700001', 'Q', '1000', 'S', '2023-12-14 23:01:28', '0');
INSERT INTO `c_route` VALUES ('102023121470470002', '992023010100000001', '982023121438440001', 'Q', '1000', 'S', '2023-12-14 12:51:42', '0');
INSERT INTO `c_route` VALUES ('102023121473790020', '992023121426830015', '2', 'D', '1000', 'S', '2023-12-14 22:22:54', '0');
INSERT INTO `c_route` VALUES ('102023121479810010', '992023010100000001', '982023121473890009', 'D', '1000', 'S', '2023-12-14 12:54:14', '0');
INSERT INTO `c_route` VALUES ('102023121481050004', '992023121426830015', '982023121492620003', 'D', '1000', 'S', '2023-12-14 23:21:52', '0');
INSERT INTO `c_route` VALUES ('102023121483860012', '992023010100000001', '982023121400750011', 'D', '1000', 'S', '2023-12-14 12:54:47', '0');
INSERT INTO `c_route` VALUES ('102023121484240014', '992023121426830015', '982023102644900011', 'Q', '1000', 'S', '2023-12-14 23:24:55', '0');
INSERT INTO `c_route` VALUES ('102023121489180006', '992023010100000001', '982023121495470005', 'D', '1000', 'S', '2023-12-14 12:52:56', '0');
INSERT INTO `c_route` VALUES ('102023121489400017', '992023111817510002', '982023080933940001', 'Q', '1000', 'S', '2023-12-14 21:40:11', '0');
INSERT INTO `c_route` VALUES ('102023121489600006', '992023010100000001', '982023121406640005', 'D', '1000', 'S', '2023-12-14 17:22:41', '0');
INSERT INTO `c_route` VALUES ('102023121492430014', '992023010100000001', '982023121429410013', 'D', '1000', 'S', '2023-12-14 18:04:30', '0');
INSERT INTO `c_route` VALUES ('102023121523210006', '992023010100000001', '982023121566180005', 'Q', '1000', 'S', '2023-12-15 12:00:43', '0');
INSERT INTO `c_route` VALUES ('102023121526120005', '992023010100000001', '982023121521930004', 'Q', '1000', 'S', '2023-12-15 14:31:42', '0');
INSERT INTO `c_route` VALUES ('102023121583550014', '992023010100000001', '982023121543000013', 'D', '1000', 'S', '2023-12-15 01:30:30', '0');
INSERT INTO `c_route` VALUES ('102023121583590017', '992023111817510002', '982023121526710016', 'Q', '1000', 'S', '2023-12-15 11:58:39', '0');
INSERT INTO `c_route` VALUES ('102023121588180004', '992023111817510002', '982023121509510003', 'Q', '1000', 'S', '2023-12-15 19:49:01', '0');
INSERT INTO `c_route` VALUES ('102023121801870005', '992023010100000001', '982023121844320004', 'D', '1000', 'S', '2023-12-18 19:18:57', '0');
INSERT INTO `c_route` VALUES ('102023121802090007', '992023111817510002', '982023121819520006', 'Q', '1000', 'S', '2023-12-18 11:21:26', '0');
INSERT INTO `c_route` VALUES ('102023121811000016', '992023010100000001', '982023121811580015', 'Q', '1000', 'S', '2023-12-18 22:05:02', '0');
INSERT INTO `c_route` VALUES ('102023121818480003', '992023121426830015', '982023121844870002', 'D', '1000', 'S', '2023-12-18 10:54:53', '0');
INSERT INTO `c_route` VALUES ('102023121824780022', '992023010100000001', '982023121833800021', 'D', '1000', 'S', '2023-12-18 22:07:07', '0');
INSERT INTO `c_route` VALUES ('102023121831330020', '992023010100000001', '982023121838920019', 'D', '1000', 'S', '2023-12-18 22:06:13', '0');
INSERT INTO `c_route` VALUES ('102023121849130043', '992023111817510002', '982023121826360042', 'Q', '1000', 'S', '2023-12-18 13:51:10', '0');
INSERT INTO `c_route` VALUES ('102023121876730011', '992023010100000001', '982023121841870010', 'D', '1000', 'S', '2023-12-18 19:20:20', '0');
INSERT INTO `c_route` VALUES ('102023121886020002', '992023111817510002', '982023121894910001', 'D', '1000', 'S', '2023-12-18 11:02:19', '0');
INSERT INTO `c_route` VALUES ('102023121891810009', '992023010100000001', '982023121879940008', 'D', '1000', 'S', '2023-12-18 19:19:53', '0');
INSERT INTO `c_route` VALUES ('102023121893020008', '992023121426830015', '982023121822680007', 'D', '1000', 'A', '2023-12-18 10:21:03', '0');
INSERT INTO `c_route` VALUES ('102023121895720018', '992023010100000001', '982023121850790017', 'D', '1000', 'S', '2023-12-18 22:05:40', '0');
INSERT INTO `c_route` VALUES ('102023121895810007', '992023010100000001', '982023121815120006', 'Q', '1000', 'S', '2023-12-18 19:19:25', '0');
INSERT INTO `c_route` VALUES ('102023121915270002', '992023111817510002', '982023080966350010', 'Q', '1000', 'S', '2023-12-19 14:43:48', '0');
INSERT INTO `c_route` VALUES ('102023121931530003', '992023111817510002', '982023080988790004', 'Q', '1000', 'S', '2023-12-19 14:44:18', '0');
INSERT INTO `c_route` VALUES ('102023121932510002', '992023111817510002', '982023121850790017', 'D', '1000', 'S', '2023-12-19 16:09:10', '0');
INSERT INTO `c_route` VALUES ('102023121937820017', '992023111817510002', '982023121811580015', 'Q', '1000', 'S', '2023-12-19 16:40:00', '0');
INSERT INTO `c_route` VALUES ('102023121945570006', '992023010100000001', '982023121902860005', 'D', '1000', 'S', '2023-12-19 14:35:59', '0');
INSERT INTO `c_route` VALUES ('102023121946410004', '992023010100000001', '982023121953580003', 'D', '1000', 'S', '2023-12-19 14:35:08', '0');
INSERT INTO `c_route` VALUES ('102023121951340008', '992023010100000001', '982023121957440007', 'D', '1000', 'S', '2023-12-19 14:36:51', '0');
INSERT INTO `c_route` VALUES ('102023121973870002', '992023010100000001', '982023121933440001', 'Q', '1000', 'S', '2023-12-19 14:34:19', '0');
INSERT INTO `c_route` VALUES ('102023121992620003', '992023111817510002', '982023121947500002', 'Q', '1000', 'S', '2023-12-19 14:20:35', '0');
INSERT INTO `c_route` VALUES ('102023122021670016', '992023111817510002', '982023122051650015', 'D', '1000', 'S', '2023-12-20 12:50:05', '0');
INSERT INTO `c_route` VALUES ('102023122029010010', '992023010100000001', '982023122017510009', 'Q', '1000', 'S', '2023-12-20 01:47:18', '0');
INSERT INTO `c_route` VALUES ('102023122032640014', '992023010100000001', '982023122047180013', 'D', '1000', 'S', '2023-12-20 01:48:32', '0');
INSERT INTO `c_route` VALUES ('102023122034820002', '992023111817510002', '982023122058900001', 'Q', '1000', 'S', '2023-12-20 14:49:20', '0');
INSERT INTO `c_route` VALUES ('102023122037060003', '992023111817510002', '982023122038180002', 'Q', '1000', 'S', '2023-12-20 15:23:59', '0');
INSERT INTO `c_route` VALUES ('102023122041240008', '992023010100000001', '982023122085820007', 'D', '1000', 'S', '2023-12-20 01:46:32', '0');
INSERT INTO `c_route` VALUES ('102023122054330002', '992023010100000001', '982023122062270001', 'D', '1000', 'S', '2023-12-20 17:00:55', '0');
INSERT INTO `c_route` VALUES ('102023122060610017', '992023010100000001', '982023122008450016', 'Q', '1000', 'S', '2023-12-20 19:46:27', '0');
INSERT INTO `c_route` VALUES ('102023122068240006', '992023010100000001', '982023122082660005', 'D', '1000', 'S', '2023-12-20 01:45:41', '0');
INSERT INTO `c_route` VALUES ('102023122073140002', '992023111817510002', '982023122047370001', 'Q', '1000', 'S', '2023-12-20 10:18:01', '0');
INSERT INTO `c_route` VALUES ('102023122087770012', '992023010100000001', '982023122099500011', 'Q', '1000', 'S', '2023-12-20 01:47:48', '0');
INSERT INTO `c_route` VALUES ('102023122096000002', '992023111817510002', '982023122052140001', 'D', '1000', 'S', '2023-12-20 14:06:43', '0');
INSERT INTO `c_route` VALUES ('102023122096420016', '992023010100000001', '982023122066010015', 'D', '1000', 'S', '2023-12-20 01:49:01', '0');
INSERT INTO `c_route` VALUES ('102023122100570009', '992023010100000001', '982023122147950008', 'Q', '1000', 'S', '2023-12-21 13:57:16', '0');
INSERT INTO `c_route` VALUES ('102023122108760008', '992023010100000001', '982023122127000007', 'Q', '1000', 'S', '2023-12-21 11:45:08', '0');
INSERT INTO `c_route` VALUES ('102023122115530014', '992023010100000001', '982023122119330013', 'Q', '1000', 'S', '2023-12-21 11:46:47', '0');
INSERT INTO `c_route` VALUES ('102023122119430002', '992023010100000001', '982023122173110001', 'Q', '1000', 'S', '2023-12-21 09:59:03', '0');
INSERT INTO `c_route` VALUES ('102023122137910010', '992023010100000001', '982023122193640009', 'Q', '1000', 'S', '2023-12-21 11:45:41', '0');
INSERT INTO `c_route` VALUES ('102023122171990007', '992023010100000001', '982023122146210006', 'Q', '1000', 'S', '2023-12-21 09:12:32', '0');
INSERT INTO `c_route` VALUES ('102023122174030007', '992023010100000001', '982023122140270006', 'Q', '1000', 'S', '2023-12-21 13:56:43', '0');
INSERT INTO `c_route` VALUES ('102023122177270012', '992023010100000001', '982023122177680011', 'Q', '1000', 'S', '2023-12-21 11:46:17', '0');
INSERT INTO `c_route` VALUES ('102023122188090006', '992023010100000001', '982023122174020005', 'Q', '1000', 'S', '2023-12-21 09:45:55', '0');
INSERT INTO `c_route` VALUES ('102024012109990009', '992024012179880001', '982024012141030008', 'D', '1000', 'S', '2024-01-21 19:11:17', '0');
INSERT INTO `c_route` VALUES ('102024012151600007', '992024012179880001', '982024012128580006', 'D', '1000', 'S', '2024-01-21 19:10:44', '0');
INSERT INTO `c_route` VALUES ('102024012162530005', '992024012179880001', '982024012139130004', 'D', '1000', 'S', '2024-01-21 19:09:58', '0');
INSERT INTO `c_route` VALUES ('102024012164520003', '992024012179880001', '982024012118760002', 'D', '1000', 'S', '2024-01-21 19:09:02', '0');
INSERT INTO `c_route` VALUES ('102024012210570016', '992024012179880001', '982024012258280015', 'D', '1000', 'S', '2024-01-22 22:57:46', '0');
INSERT INTO `c_route` VALUES ('102024012218160018', '992024012179880001', '982024012297000017', 'D', '1000', 'S', '2024-01-22 22:58:27', '0');
INSERT INTO `c_route` VALUES ('102024012219410011', '992024012179880001', '2', 'D', '1000', 'S', '2024-01-22 11:17:12', '0');
INSERT INTO `c_route` VALUES ('102024012418080004', '992023010100000001', '982024012430780003', 'D', '1000', 'S', '2024-01-24 15:47:17', '0');
INSERT INTO `c_route` VALUES ('102024012434210019', '992023010100000001', '982024012457080018', 'D', '1000', 'S', '2024-01-24 17:24:37', '0');
INSERT INTO `c_route` VALUES ('102024012437420002', '992024012179880001', '982024012445110001', 'D', '1000', 'S', '2024-01-24 12:00:30', '0');
INSERT INTO `c_route` VALUES ('102024012442890008', '992023010100000001', '982024012452500007', 'D', '1000', 'S', '2024-01-24 15:48:16', '0');
INSERT INTO `c_route` VALUES ('102024012457850017', '992023010100000001', '982024012478490016', 'D', '1000', 'S', '2024-01-24 17:24:00', '0');
INSERT INTO `c_route` VALUES ('102024012468290013', '992023010100000001', '982024012406520012', 'Q', '1000', 'S', '2024-01-24 18:22:52', '0');
INSERT INTO `c_route` VALUES ('102024012476010019', '992023010100000001', '982024012400000018', 'Q', '1000', 'S', '2024-01-24 18:42:08', '0');
INSERT INTO `c_route` VALUES ('102024012482910006', '992023010100000001', '982024012496280005', 'D', '1000', 'S', '2024-01-24 15:47:44', '0');
INSERT INTO `c_route` VALUES ('102024012489620002', '992023010100000001', '982024012460250001', 'Q', '1000', 'S', '2024-01-24 15:46:44', '0');
INSERT INTO `c_route` VALUES ('102024012498680015', '992023010100000001', '982024012498230014', 'Q', '1000', 'S', '2024-01-24 17:20:09', '0');
INSERT INTO `c_route` VALUES ('102024012511830006', '992024012179880001', '982024012533370005', 'D', '1000', 'S', '2024-01-25 04:42:01', '0');
INSERT INTO `c_route` VALUES ('102024012539040011', '992023010100000001', '982024012569880010', 'D', '1000', 'S', '2024-01-25 13:19:50', '0');
INSERT INTO `c_route` VALUES ('102024012588190004', '992024012179880001', '982024012527030003', 'D', '1000', 'S', '2024-01-25 04:41:29', '0');
INSERT INTO `c_route` VALUES ('102024012596720009', '992024012179880001', '982024012565700008', 'D', '1000', 'S', '2024-01-25 13:19:11', '0');
INSERT INTO `c_route` VALUES ('102024013109430013', '992023010100000001', '982024013166490012', 'D', '1000', 'S', '2024-01-31 11:38:02', '0');
INSERT INTO `c_route` VALUES ('102024013117260016', '992024012179880001', '982024013109910015', 'D', '1000', 'S', '2024-01-31 14:59:30', '0');
INSERT INTO `c_route` VALUES ('102024013120700009', '992023010100000001', '982024013169190008', 'Q', '1000', 'S', '2024-01-31 11:36:49', '0');
INSERT INTO `c_route` VALUES ('102024013146520013', '992023010100000001', '982024013155030012', 'Q', '1000', 'S', '2024-01-31 12:04:20', '0');
INSERT INTO `c_route` VALUES ('102024013185550011', '992023010100000001', '982024013150640010', 'D', '1000', 'S', '2024-01-31 11:37:30', '0');
INSERT INTO `c_route` VALUES ('102024020514800004', '992023111817510002', '982024020526460003', 'Q', '1000', 'S', '2024-02-05 20:16:50', '0');
INSERT INTO `c_route` VALUES ('102024020531480019', '992023111817510002', '982024020530720018', 'D', '1000', 'S', '2024-02-05 22:50:17', '0');
INSERT INTO `c_route` VALUES ('102024020554760017', '992023111817510002', '982024020535860016', 'D', '1000', 'S', '2024-02-05 22:14:08', '0');
INSERT INTO `c_route` VALUES ('102024020557080001', '992023111817510002', '982023111809080012', 'Q', '1000', 'S', '2024-02-05 18:48:16', '0');
INSERT INTO `c_route` VALUES ('102024020580000004', '992023111817510002', '982024020569760003', 'D', '1000', 'S', '2024-02-05 17:54:23', '0');
INSERT INTO `c_route` VALUES ('102024020604040002', '992023111817510002', '982024020692140001', 'D', '1000', 'S', '2024-02-06 22:44:25', '0');
INSERT INTO `c_route` VALUES ('102024020629260006', '992023010100000001', '982024020626920005', 'D', '1000', 'S', '2024-02-06 12:22:29', '0');
INSERT INTO `c_route` VALUES ('102024020635840001', '992023111817510002', '982023121566180005', 'Q', '1000', 'S', '2024-02-06 17:11:31', '0');
INSERT INTO `c_route` VALUES ('102024020636180008', '992023111817510002', '982023021328190009', 'D', '1000', 'S', '2024-02-06 00:08:29', '0');
INSERT INTO `c_route` VALUES ('102024020689020009', '992023111817510002', '982024020629050008', 'Q', '1000', 'S', '2024-02-06 22:20:28', '0');
INSERT INTO `c_route` VALUES ('102024020828520002', '992023111817510002', '982024020837070001', 'D', '1000', 'S', '2024-02-08 04:00:48', '0');
INSERT INTO `c_route` VALUES ('102024020840180079', '992023010100000001', '982024020841260078', 'D', '1000', 'S', '2024-02-08 02:18:37', '0');
INSERT INTO `c_route` VALUES ('102024020841100002', '992023111817510002', '982024020816050001', 'Q', '1000', 'S', '2024-02-08 15:08:08', '0');
INSERT INTO `c_route` VALUES ('102024020869240002', '992023111817510002', '982024020898490001', 'Q', '1000', 'S', '2024-02-08 15:33:08', '0');
INSERT INTO `c_route` VALUES ('102024020871090010', '992023111817510002', '982024020830400009', 'Q', '1000', 'S', '2024-02-08 03:46:43', '0');
INSERT INTO `c_route` VALUES ('102024020876500077', '992023010100000001', '982024020844280076', 'D', '1000', 'S', '2024-02-08 02:17:59', '0');
INSERT INTO `c_route` VALUES ('102024021827250002', '992023111817510002', '982024021814580001', 'Q', '1000', 'S', '2024-02-18 10:02:29', '0');
INSERT INTO `c_route` VALUES ('102024021830190011', '992023111817510002', '982024021854780010', 'Q', '1000', 'S', '2024-02-18 10:19:22', '0');
INSERT INTO `c_route` VALUES ('102024021837530018', '992023111817510002', '982024021855830017', 'Q', '1000', 'S', '2024-02-18 09:58:34', '0');
INSERT INTO `c_route` VALUES ('102024021840040101', '992023111817510002', '982024021853370100', 'Q', '1000', 'S', '2024-02-18 00:08:52', '0');
INSERT INTO `c_route` VALUES ('102024021849030021', '992023111817510002', '982024021821810020', 'Q', '1000', 'S', '2024-02-18 13:47:45', '0');
INSERT INTO `c_route` VALUES ('102024021856310020', '992023111817510002', '982024021862590019', 'Q', '1000', 'S', '2024-02-18 12:11:52', '0');
INSERT INTO `c_route` VALUES ('102024021857150014', '992023111817510002', '982024021804290013', 'Q', '1000', 'S', '2024-02-18 11:38:53', '0');
INSERT INTO `c_route` VALUES ('102024021859360023', '992023010100000001', '982024021857050022', 'D', '1000', 'S', '2024-02-18 16:19:10', '0');
INSERT INTO `c_route` VALUES ('102024021897370002', '992023111817510002', '982024021841050001', 'D', '1000', 'S', '2024-02-18 15:38:32', '0');
INSERT INTO `c_route` VALUES ('102024022902510008', '992023010100000001', '982024022998680007', 'Q', '1000', 'S', '2024-02-29 15:15:57', '0');
INSERT INTO `c_route` VALUES ('102024022908560004', '992023010100000001', '982024022963210003', 'D', '1000', 'S', '2024-02-29 15:13:07', '0');
INSERT INTO `c_route` VALUES ('102024022928220077', '992023010100000001', '982024022987610076', 'D', '1000', 'S', '2024-02-29 02:14:10', '0');
INSERT INTO `c_route` VALUES ('102024022945380075', '992023010100000001', '982024022986980074', 'D', '1000', 'S', '2024-02-29 02:13:34', '0');
INSERT INTO `c_route` VALUES ('102024022951120073', '992023010100000001', '982024022996270072', 'Q', '1000', 'S', '2024-02-29 02:13:01', '0');
INSERT INTO `c_route` VALUES ('102024022951320002', '992023010100000001', '982024022990660001', 'D', '1000', 'S', '2024-02-29 15:12:25', '0');
INSERT INTO `c_route` VALUES ('102024022956250006', '992023010100000001', '982024022963740005', 'Q', '1000', 'S', '2024-02-29 15:14:43', '0');
INSERT INTO `c_route` VALUES ('102024022969500012', '992023010100000001', '982024022942580011', 'D', '1000', 'S', '2024-02-29 15:17:28', '0');
INSERT INTO `c_route` VALUES ('102024022972010010', '992023010100000001', '982024022922880009', 'Q', '1000', 'S', '2024-02-29 15:16:56', '0');
INSERT INTO `c_route` VALUES ('102024022998690071', '992023010100000001', '982024022995730070', 'D', '1000', 'S', '2024-02-29 02:12:30', '0');
INSERT INTO `c_route` VALUES ('102024030138270022', '992023010100000001', '982024030188400021', 'D', '1000', 'S', '2024-03-01 17:32:38', '0');
INSERT INTO `c_route` VALUES ('102024030506890022', '992023010100000001', '982024030568460021', 'Q', '1000', 'S', '2024-03-05 22:47:30', '0');
INSERT INTO `c_route` VALUES ('102024030517950024', '992023010100000001', '982024030559260023', 'D', '1000', 'S', '2024-03-05 22:47:59', '0');
INSERT INTO `c_route` VALUES ('102024030533850033', '992023010100000001', '982024030517080032', 'D', '1000', 'S', '2024-03-05 22:06:05', '0');
INSERT INTO `c_route` VALUES ('102024030543740037', '992023010100000001', '982024030545520036', 'D', '1000', 'S', '2024-03-05 22:07:05', '0');
INSERT INTO `c_route` VALUES ('102024030552680035', '992023010100000001', '982024030542580034', 'Q', '1000', 'S', '2024-03-05 22:06:31', '0');
INSERT INTO `c_route` VALUES ('102024030571110028', '992023010100000001', '982024030536790027', 'D', '1000', 'S', '2024-03-05 22:49:05', '0');
INSERT INTO `c_route` VALUES ('102024030594910026', '992023010100000001', '982024030542340025', 'D', '1000', 'S', '2024-03-05 22:48:34', '0');
INSERT INTO `c_route` VALUES ('102024030598370039', '992023010100000001', '982024030590950038', 'D', '1000', 'S', '2024-03-05 22:07:30', '0');
INSERT INTO `c_route` VALUES ('102024030701890164', '992023010100000001', '982024030759560163', 'D', '1000', 'S', '2024-03-07 19:17:31', '0');
INSERT INTO `c_route` VALUES ('102024030733200162', '992023010100000001', '982024030711820161', 'Q', '1000', 'S', '2024-03-07 19:16:18', '0');
INSERT INTO `c_route` VALUES ('102024030740630007', '992023111817510002', '982024030753340006', 'Q', '1000', 'S', '2024-03-07 00:21:09', '0');
INSERT INTO `c_route` VALUES ('102024030784480168', '992023010100000001', '982024030766450167', 'D', '1000', 'S', '2024-03-07 19:18:34', '0');
INSERT INTO `c_route` VALUES ('102024030796180166', '992023010100000001', '982024030746710165', 'D', '1000', 'S', '2024-03-07 19:18:00', '0');
INSERT INTO `c_route` VALUES ('102024030960620091', '992023010100000001', '982024030928520090', 'Q', '1000', 'S', '2024-03-09 12:17:02', '0');
INSERT INTO `c_route` VALUES ('11', '992023010100000001', '11', 'Q', '100', 'S', '2023-02-11 16:26:03', '0');
INSERT INTO `c_route` VALUES ('12', '992023010100000001', '12', 'Q', '100', 'S', '2023-02-11 16:26:04', '0');
INSERT INTO `c_route` VALUES ('13', '992023010100000001', '13', 'Q', '100', 'S', '2023-02-11 16:26:05', '0');
INSERT INTO `c_route` VALUES ('14', '992023010100000001', '14', 'Q', '100', 'S', '2023-02-11 16:26:06', '0');
INSERT INTO `c_route` VALUES ('15', '992023010100000001', '15', 'Q', '100', 'S', '2023-02-11 16:26:07', '0');
INSERT INTO `c_route` VALUES ('16', '992023010100000001', '16', 'Q', '100', 'S', '2023-02-11 16:26:08', '0');
INSERT INTO `c_route` VALUES ('17', '992023010100000001', '17', 'Q', '100', 'S', '2023-02-11 16:26:09', '0');
INSERT INTO `c_route` VALUES ('18', '992023010100000001', '982023021277800001', 'Q', '100', 'S', '2023-02-11 16:26:10', '0');
INSERT INTO `c_route` VALUES ('19', '992023010100000001', '982023021278440002', 'Q', '100', 'S', '2023-02-11 16:26:11', '0');
INSERT INTO `c_route` VALUES ('2', '992023010100000001', '2', 'Q', '100', 'S', '2023-02-11 16:26:12', '0');
INSERT INTO `c_route` VALUES ('20', '992023010100000001', '982023021210330001', 'D', '100', 'S', '2023-02-11 16:26:13', '0');
INSERT INTO `c_route` VALUES ('3', '992023010100000001', '3', 'Q', '100', 'S', '2023-02-11 16:26:14', '0');
INSERT INTO `c_route` VALUES ('4', '992023010100000001', '4', 'Q', '100', 'S', '2023-02-11 16:26:15', '0');
INSERT INTO `c_route` VALUES ('5', '992023010100000001', '5', 'Q', '100', 'S', '2023-02-11 16:26:16', '0');
INSERT INTO `c_route` VALUES ('6', '992023010100000001', '6', 'Q', '100', 'S', '2023-02-11 16:26:17', '0');
INSERT INTO `c_route` VALUES ('7', '992023010100000001', '7', 'Q', '100', 'S', '2023-02-11 16:26:18', '0');
INSERT INTO `c_route` VALUES ('8', '992023010100000001', '8', 'Q', '100', 'S', '2023-02-11 16:26:19', '0');
INSERT INTO `c_route` VALUES ('9', '992023010100000001', '9', 'Q', '100', 'S', '2023-02-11 16:26:53', '0');

-- ----------------------------
-- Table structure for c_service
-- ----------------------------
DROP TABLE IF EXISTS `c_service`;
CREATE TABLE `c_service` (
  `service_id` varchar(30) NOT NULL COMMENT '服务ID',
  `service_code` varchar(100) NOT NULL COMMENT '自定义，命名方式查询类query.+目标系统+.+业务名称 保存类 save.+目标系统+.+业务名称 修改类 modify.+目标系统+.+业务名称 删除类 remove.+目标系统+.+业务名称 例如：query.user.userinfo save.user.adduserinfo',
  `business_type_cd` varchar(12) DEFAULT NULL,
  `name` varchar(50) NOT NULL COMMENT '服务名称',
  `seq` int DEFAULT '1' COMMENT '顺序 只有同步方式下根据seq从小到大调用接口',
  `is_instance` varchar(12) NOT NULL DEFAULT 'CMD' COMMENT '是否Instance Y 需要，N不需要，NT透传类',
  `url` varchar(200) DEFAULT NULL COMMENT '目标地址',
  `method` varchar(50) DEFAULT NULL COMMENT '方法 空 为http post LOCAL_SERVICE 为调用本地服务 其他为webservice方式调用',
  `timeout` int NOT NULL DEFAULT '60' COMMENT '超时时间',
  `retry_count` int NOT NULL DEFAULT '3' COMMENT '重试次数',
  `create_time` timestamp NOT NULL DEFAULT CURRENT_TIMESTAMP COMMENT '创建时间',
  `status_cd` varchar(2) NOT NULL DEFAULT '0' COMMENT '数据状态，详细参考c_status表，0在用，1失效',
  PRIMARY KEY (`service_id`)
) ENGINE=InnoDB DEFAULT CHARSET=utf8mb4 COLLATE=utf8mb4_0900_ai_ci;

-- ----------------------------
-- Records of c_service
-- ----------------------------
INSERT INTO `c_service` VALUES ('1', 'login.generatorValidateCode', 'API', '验证码接口', '1', 'CMD', 'http://iot-user', 'GET', '60', '3', '2023-02-11 16:25:53', '0');
INSERT INTO `c_service` VALUES ('10', 'app.saveApp', 'API', '添加应用', '1', 'CMD', 'http://iot-dev', 'POST', '60', '3', '2019-07-03 15:31:30', '0');
INSERT INTO `c_service` VALUES ('11', 'cache.listCache', 'API', '查询缓存', '1', 'CMD', 'http://iot-dev', 'GET', '60', '3', '2019-07-03 15:31:56', '0');
INSERT INTO `c_service` VALUES ('12', 'cache.flushCache', 'API', '刷新缓存', '1', 'CMD', 'http://iot-dev', 'POST', '60', '3', '2019-07-03 15:31:51', '0');
INSERT INTO `c_service` VALUES ('13', 'app.updateApp', 'API', '刷新缓存', '1', 'CMD', 'http://iot-dev', 'POST', '60', '3', '2019-07-03 15:31:44', '0');
INSERT INTO `c_service` VALUES ('14', 'app.deleteApp', 'API', '刷新缓存', '1', 'CMD', 'http://iot-dev', 'POST', '60', '3', '2019-07-03 15:31:01', '0');
INSERT INTO `c_service` VALUES ('15', 'service.listServices', 'API', '查询服务', '1', 'CMD', 'http://iot-dev', 'GET', '60', '3', '2019-07-03 15:31:02', '0');
INSERT INTO `c_service` VALUES ('16', 'dict.listDict', 'API', '查询字典', '1', 'CMD', 'http://iot-dev', 'GET', '60', '3', '2019-07-03 15:31:03', '0');
INSERT INTO `c_service` VALUES ('17', 'service.saveService', 'API', '添加服务', '1', 'CMD', 'http://iot-dev', 'POST', '60', '3', '2019-07-03 15:31:04', '0');
INSERT INTO `c_service` VALUES ('2', 'login.pcUserLogin', 'API', '登录接口', '1', 'CMD', 'http://iot-user', 'POST', '60', '3', '2023-02-11 16:25:06', '0');
INSERT INTO `c_service` VALUES ('3', 'store.listMyStore', 'API', '查询我的商户', '1', 'CMD', 'http://iot-user', 'GET', '60', '3', '2023-02-11 16:25:07', '0');
INSERT INTO `c_service` VALUES ('4', 'privilege.queryStaffPrivileges', 'API', '查询员工权限', '1', 'CMD', 'http://iot-user', 'GET', '60', '3', '2023-02-11 16:25:08', '0');
INSERT INTO `c_service` VALUES ('5', 'community.listMyEnteredCommunitys', 'API', '查询入驻小区', '1', 'CMD', 'http://iot-community', 'GET', '60', '3', '2023-02-11 16:25:09', '0');
INSERT INTO `c_service` VALUES ('6', 'menu.listCatalog', 'API', '查询入驻小区', '1', 'CMD', 'http://iot-user', 'GET', '60', '3', '2023-02-11 16:25:10', '0');
INSERT INTO `c_service` VALUES ('7', 'user.getUserInfo', 'API', '查询登录用户', '1', 'CMD', 'http://iot-user', 'GET', '60', '3', '2023-02-10 16:25:11', '0');
INSERT INTO `c_service` VALUES ('8', 'menu.listCatalogMenus', 'API', '查询目录菜单', '1', 'CMD', 'http://iot-user', 'GET', '60', '3', '2023-02-11 16:25:12', '0');
INSERT INTO `c_service` VALUES ('9', 'app.listApps', 'API', '查询应用', '1', 'CMD', 'http://iot-dev', 'GET', '60', '3', '2019-07-03 15:31:14', '0');
INSERT INTO `c_service` VALUES ('982023021203470037', 'menuGroupCatalog.saveMenuGroupCatalog', 'API', '保存菜单组目录', '1', 'CMD', 'http://iot-dev', 'POST', '60', '3', '2023-02-12 23:23:28', '0');
INSERT INTO `c_service` VALUES ('982023021204510012', 'menu.listMenus', 'API', '查询菜单', '1', 'CMD', 'http://iot-dev', 'GET', '60', '3', '2023-02-12 23:44:04', '0');
INSERT INTO `c_service` VALUES ('982023021210330001', 'service.bindingService', 'API', '服务绑定', '1', 'CMD', 'http://iot-dev', 'POST', '60', '3', '2023-02-12 15:34:55', '0');
INSERT INTO `c_service` VALUES ('982023021214060031', 'menuGroupCatalog.listMenuGroupCatalog', 'API', '查询目录菜单组', '1', 'CMD', 'http://iot-user', 'GET', '60', '3', '2023-02-12 20:40:39', '0');
INSERT INTO `c_service` VALUES ('982023021216270004', 'serviceRegister.deleteServiceRegister', 'API', '删除服务注册', '1', 'CMD', 'http://iot-dev', 'POST', '60', '3', '2023-02-12 20:09:35', '0');
INSERT INTO `c_service` VALUES ('982023021216390023', 'menuCatalog.listMenuCatalog', 'API', '查询菜单目录', '1', 'CMD', 'http://iot-user', 'GET', '60', '3', '2023-02-12 20:26:31', '0');
INSERT INTO `c_service` VALUES ('982023021223650035', 'menuGroup.listMenuGroups', 'API', '查询菜单组', '1', 'CMD', 'http://iot-dev', 'GET', '60', '3', '2023-02-12 23:20:33', '0');
INSERT INTO `c_service` VALUES ('982023021223940021', 'businessTableHis.deleteBusinessTableHis', 'API', '删除业务轨迹', '1', 'CMD', 'http://iot-dev', 'POST', '60', '3', '2023-02-12 20:22:34', '0');
INSERT INTO `c_service` VALUES ('982023021227650019', 'businessTableHis.updateBusinessTableHis', 'API', '修改业务轨迹', '1', 'CMD', 'http://iot-dev', 'POST', '60', '3', '2023-02-12 20:21:15', '0');
INSERT INTO `c_service` VALUES ('982023021235240027', 'menuCatalog.saveMenuCatalog', 'API', '添加菜单目录', '1', 'CMD', 'http://iot-user', 'POST', '60', '3', '2023-02-12 20:38:41', '0');
INSERT INTO `c_service` VALUES ('982023021237010006', 'serviceImpl.listServiceImpls', 'API', '查询服务实现', '1', 'CMD', 'http://iot-dev', 'GET', '60', '3', '2023-02-12 20:11:01', '0');
INSERT INTO `c_service` VALUES ('982023021241540002', 'basePrivilege.listBasePrivileges', 'API', '查询菜单权限', '1', 'CMD', 'http://iot-dev', 'GET', '60', '3', '2023-02-12 23:56:02', '0');
INSERT INTO `c_service` VALUES ('982023021245840003', 'service.deleteService', 'API', '删除服务', '1', 'CMD', 'http://iot-dev', 'POST', '60', '3', '2023-02-12 15:38:22', '0');
INSERT INTO `c_service` VALUES ('982023021247300007', 'menuGroup.updateMenuGroup', 'API', '修改菜单组', '1', 'CMD', 'http://iot-dev', 'POST', '60', '3', '2023-02-12 23:36:27', '0');
INSERT INTO `c_service` VALUES ('982023021248040004', 'menuGroup.saveMenuGroup', 'API', '添加菜单组', '1', 'CMD', 'http://iot-dev', 'POST', '60', '3', '2023-02-12 23:35:40', '0');
INSERT INTO `c_service` VALUES ('982023021256680014', 'businessTableHis.listBusinessTableHis', 'API', '查询业务轨迹', '1', 'CMD', 'http://iot-dev', 'GET', '60', '3', '2023-02-12 20:18:25', '0');
INSERT INTO `c_service` VALUES ('982023021258190002', 'serviceRegister.updateServiceRegister', 'API', '修改服务注册', '1', 'CMD', 'http://iot-dev', 'POST', '60', '3', '2023-02-12 19:42:29', '0');
INSERT INTO `c_service` VALUES ('982023021259400016', 'businessTableHis.saveBusinessTableHis', 'API', '保存业务轨迹', '1', 'CMD', 'http://iot-dev', 'POST', '60', '3', '2023-02-12 20:20:01', '0');
INSERT INTO `c_service` VALUES ('982023021259860029', 'menuCatalog.deleteMenuCatalog', 'API', '删除目录', '1', 'CMD', 'http://iot-user', 'POST', '60', '3', '2023-02-12 20:39:41', '0');
INSERT INTO `c_service` VALUES ('982023021260000012', 'serviceImpl.deleteServiceImpl', 'API', '删除服务提供', '1', 'CMD', 'http://iot-dev', 'POST', '60', '3', '2023-02-12 20:14:58', '0');
INSERT INTO `c_service` VALUES ('982023021264030002', '123', 'API', '123', '1', 'CMD', 'http://iot-community', 'GET', '60', '3', '2023-02-12 15:37:37', '1');
INSERT INTO `c_service` VALUES ('982023021273350010', 'serviceImpl.updateServiceImpl', 'API', '修改服务实现', '1', 'CMD', 'http://iot-dev', 'POST', '60', '3', '2023-02-12 20:13:57', '0');
INSERT INTO `c_service` VALUES ('982023021276940008', 'serviceImpl.saveServiceImpl', 'API', '添加服务注册', '1', 'CMD', 'http://iot-dev', 'POST', '60', '3', '2023-02-12 20:12:13', '0');
INSERT INTO `c_service` VALUES ('982023021277800001', 'service.updateService', 'API', '修改服务', '1', 'CMD', 'http://iot-dev', 'POST', '61', '3', '2023-02-12 15:22:43', '0');
INSERT INTO `c_service` VALUES ('982023021278440002', 'serviceRegister.listServiceRegisters', 'API', '查询服务注册', '1', 'CMD', 'http://iot-dev', 'GET', '60', '3', '2023-02-12 15:23:18', '0');
INSERT INTO `c_service` VALUES ('982023021285420033', 'menuGroupCatalog.deleteMenuGroupCatalog', 'API', '删除菜单组目录', '1', 'CMD', 'http://iot-user', 'POST', '60', '3', '2023-02-12 23:19:19', '0');
INSERT INTO `c_service` VALUES ('982023021296170004', 'basePrivilege.saveBasePrivilege', 'API', '添加权限', '1', 'CMD', 'http://iot-dev', 'POST', '60', '3', '2023-02-12 23:57:27', '0');
INSERT INTO `c_service` VALUES ('982023021296210025', 'menuCatalog.updateMenuCatalog', 'API', '修改菜单目录', '1', 'CMD', 'http://iot-user', 'POST', '60', '3', '2023-02-12 20:32:22', '0');
INSERT INTO `c_service` VALUES ('982023021296240010', 'menuGroup.deleteMenuGroup', 'API', '删除菜单组', '1', 'CMD', 'http://iot-dev', 'POST', '60', '3', '2023-02-12 23:37:27', '0');
INSERT INTO `c_service` VALUES ('982023021302420002', 'mapping.updateMapping', 'API', '修改映射', '1', 'CMD', 'http://iot-dev', 'POST', '60', '3', '2023-02-13 01:24:21', '0');
INSERT INTO `c_service` VALUES ('982023021303060012', 'area.listAreas', 'API', '查询区域', '1', 'CMD', 'http://iot-user', 'GET', '60', '3', '2023-02-13 02:07:24', '0');
INSERT INTO `c_service` VALUES ('982023021309160008', 'attrValue.updateAttrValue', 'API', '修改属性值', '1', 'CMD', 'http://iot-dev', 'POST', '60', '3', '2023-02-13 12:27:34', '0');
INSERT INTO `c_service` VALUES ('982023021309900001', 'community.listCommunitys', 'API', '查询小区', '1', 'CMD', 'http://iot-community', 'GET', '60', '3', '2023-02-13 15:10:28', '0');
INSERT INTO `c_service` VALUES ('982023021310500001', 'attrSpec.listAttrSpec', 'API', '查询属性', '1', 'CMD', 'http://iot-dev', 'GET', '60', '3', '2023-02-13 12:08:14', '0');
INSERT INTO `c_service` VALUES ('982023021312140003', 'property.listProperty', 'API', '查询物业公司', '1', 'CMD', 'http://iot-user', 'GET', '60', '3', '2023-02-13 23:41:31', '0');
INSERT INTO `c_service` VALUES ('982023021321230009', 'mapping.listMappingDomain', 'API', '查询配置', '1', 'CMD', 'http://iot-dev', 'GET', '60', '3', '2023-02-13 01:01:38', '0');
INSERT INTO `c_service` VALUES ('982023021322710003', 'attrSpec.deleteAttrSpec', 'API', '删除属性', '1', 'CMD', 'http://iot-dev', 'POST', '60', '3', '2023-02-13 12:15:42', '0');
INSERT INTO `c_service` VALUES ('982023021322750003', 'menu.deleteMenu', 'API', '删除菜单', '1', 'CMD', 'http://iot-dev', 'POST', '60', '3', '2023-02-13 00:59:15', '0');
INSERT INTO `c_service` VALUES ('982023021323660007', 'user.changeStaffPwd', 'API', '修改密码', '1', 'CMD', 'http://iot-user', 'POST', '60', '3', '2023-02-13 01:28:52', '0');
INSERT INTO `c_service` VALUES ('982023021324220003', 'community.saveCommunity', 'API', '添加小区', '1', 'CMD', 'http://iot-community', 'POST', '60', '3', '2023-02-13 15:15:18', '0');
INSERT INTO `c_service` VALUES ('982023021325460017', 'mapping.listMappings', 'API', '查询配置', '1', 'CMD', 'http://iot-dev', 'GET', '60', '3', '2023-02-13 01:05:44', '0');
INSERT INTO `c_service` VALUES ('982023021326930024', 'mapping.saveMapping', 'API', '添加映射', '1', 'CMD', 'http://iot-dev', 'POST', '60', '3', '2023-02-13 01:10:06', '0');
INSERT INTO `c_service` VALUES ('982023021328190009', 'login.userLogout', 'API', '退出登录', '1', 'CMD', 'http://iot-user', 'POST', '60', '3', '2023-02-13 01:37:13', '0');
INSERT INTO `c_service` VALUES ('982023021330160005', 'menuGroup.listMenuGroup', 'API', '查询菜单组', '1', 'CMD', 'http://iot-user', 'GET', '60', '3', '2023-02-13 23:51:04', '0');
INSERT INTO `c_service` VALUES ('982023021334130010', 'basePrivilege.updateBasePrivilege', 'API', '修改权限', '1', 'CMD', 'http://iot-dev', 'POST', '60', '3', '2023-02-13 00:38:33', '0');
INSERT INTO `c_service` VALUES ('982023021336370005', 'attrSpec.saveAttrSpec', 'API', '保存属性', '1', 'CMD', 'http://iot-dev', 'POST', '60', '3', '2023-02-13 12:16:14', '0');
INSERT INTO `c_service` VALUES ('982023021337250005', 'community.updateCommunity', 'API', '修改小区', '1', 'CMD', 'http://iot-community', 'POST', '60', '3', '2023-02-13 15:35:12', '0');
INSERT INTO `c_service` VALUES ('982023021357210012', 'menu.updateMenu', 'API', '修改菜单', '1', 'CMD', 'http://iot-dev', 'POST', '60', '3', '2023-02-13 00:40:03', '0');
INSERT INTO `c_service` VALUES ('982023021358370007', 'community.deleteCommunity', 'API', '删除小区', '1', 'CMD', 'http://iot-community', 'POST', '60', '3', '2023-02-13 15:37:51', '0');
INSERT INTO `c_service` VALUES ('982023021360120008', 'basePrivilege.deleteBasePrivilege', 'API', '删除权限', '1', 'CMD', 'http://iot-dev', 'POST', '60', '3', '2023-02-13 00:03:02', '0');
INSERT INTO `c_service` VALUES ('982023021360730006', 'attrValue.saveAttrValue', 'API', '保存属性值', '1', 'CMD', 'http://iot-dev', 'POST', '60', '3', '2023-02-13 12:27:07', '0');
INSERT INTO `c_service` VALUES ('982023021368120020', 'mapping.deleteMappingDomain', 'API', '删除配置域', '1', 'CMD', 'http://iot-dev', 'POST', '60', '3', '2023-02-13 01:06:45', '0');
INSERT INTO `c_service` VALUES ('982023021370120005', 'mapping.deleteMapping', 'API', '删除映射', '1', 'CMD', 'http://iot-dev', 'POST', '60', '3', '2023-02-13 01:25:29', '0');
INSERT INTO `c_service` VALUES ('982023021372850014', 'mapping.updateMappingDomain', 'API', '修改配置域', '1', 'CMD', 'http://iot-dev', 'POST', '60', '3', '2023-02-13 01:03:43', '0');
INSERT INTO `c_service` VALUES ('982023021374860004', 'attrValue.deleteAttrValue', 'API', '删除属性值', '1', 'CMD', 'http://iot-dev', 'POST', '60', '3', '2023-02-13 12:26:36', '0');
INSERT INTO `c_service` VALUES ('982023021377330007', 'attrSpec.updateAttrSpec', 'API', '修改属性', '1', 'CMD', 'http://iot-dev', 'POST', '60', '3', '2023-02-13 12:16:47', '0');
INSERT INTO `c_service` VALUES ('982023021386140014', 'menu.configMenu', 'API', '配置菜单', '1', 'CMD', 'http://iot-dev', 'POST', '60', '3', '2023-02-13 00:43:44', '0');
INSERT INTO `c_service` VALUES ('982023021395440011', 'mapping.saveMappingDomain', 'API', '保存配置域', '1', 'CMD', 'http://iot-dev', 'POST', '60', '3', '2023-02-13 01:02:55', '0');
INSERT INTO `c_service` VALUES ('982023021395620002', 'attrValue.listAttrValue', 'API', '查询属性值', '1', 'CMD', 'http://iot-dev', 'GET', '60', '3', '2023-02-13 12:26:03', '0');
INSERT INTO `c_service` VALUES ('982023021403550023', 'user.staff.modify', 'API', '修改员工', '1', 'CMD', 'http://iot-user', 'POST', '60', '3', '2023-02-14 16:00:18', '0');
INSERT INTO `c_service` VALUES ('982023021405630009', 'property.saveProperty', 'API', '添加物业', '1', 'CMD', 'http://iot-user', 'POST', '60', '3', '2023-02-14 00:30:47', '0');
INSERT INTO `c_service` VALUES ('982023021407670017', 'property.deleteProperty', 'API', '删除物业', '1', 'CMD', 'http://iot-user', 'POST', '60', '3', '2023-02-14 01:44:40', '0');
INSERT INTO `c_service` VALUES ('982023021408200013', 'query.staff.infos', 'API', '查询员工', '1', 'CMD', 'http://iot-user', 'GET', '60', '3', '2023-02-14 13:58:26', '0');
INSERT INTO `c_service` VALUES ('982023021419530031', 'query.store.privilegeGroup', 'API', '查询角色', '1', 'CMD', 'http://iot-user', 'GET', '60', '3', '2023-02-14 17:23:27', '0');
INSERT INTO `c_service` VALUES ('982023021431180035', 'query.privilegeGroup.noAddPrivilege', 'API', '查询权限', '1', 'CMD', 'http://iot-user', 'GET', '60', '3', '2023-02-14 17:43:51', '0');
INSERT INTO `c_service` VALUES ('982023021433280021', 'menuGroupCommunity.updateMenuGroupCommunity', 'API', '修改菜单组小区', '1', 'CMD', 'http://iot-user', 'POST', '60', '3', '2023-02-14 01:52:18', '0');
INSERT INTO `c_service` VALUES ('982023021435790027', 'storeStaff.listStoreStaff', 'API', '查询商户员工', '1', 'CMD', 'http://iot-user', 'GET', '60', '3', '2023-02-14 02:07:36', '0');
INSERT INTO `c_service` VALUES ('982023021436810019', 'menuGroupCommunity.listMenuGroupCommunity', 'API', '查询菜单组小区', '1', 'CMD', 'http://iot-user', 'GET', '60', '3', '2023-02-14 01:47:01', '0');
INSERT INTO `c_service` VALUES ('982023021439470027', 'user.listStaffRoles', 'API', '查询员工角色', '1', 'CMD', 'http://iot-user', 'GET', '60', '3', '2023-02-14 16:58:36', '0');
INSERT INTO `c_service` VALUES ('982023021439850025', 'member.join.community', 'API', '加入小区', '1', 'CMD', 'http://iot-user', 'POST', '60', '3', '2023-02-14 01:58:00', '0');
INSERT INTO `c_service` VALUES ('982023021447920033', 'privilegeGroup.savePrivilegeGroup', 'API', '保存权限组', '1', 'CMD', 'http://iot-user', 'POST', '60', '3', '2023-02-14 17:24:32', '0');
INSERT INTO `c_service` VALUES ('982023021450050015', 'property.updateProperty', 'API', '修改物业公司', '1', 'CMD', 'http://iot-user', 'POST', '60', '3', '2023-02-14 01:41:56', '0');
INSERT INTO `c_service` VALUES ('982023021452340041', 'roleCommunity.listRoleCommunity', 'API', '查询小区授权', '1', 'CMD', 'http://iot-user', 'GET', '60', '3', '2023-02-14 18:04:55', '0');
INSERT INTO `c_service` VALUES ('982023021453590029', 'user.staff.delete', 'API', '删除员工', '1', 'CMD', 'http://iot-user', 'POST', '60', '3', '2023-02-14 17:00:38', '0');
INSERT INTO `c_service` VALUES ('982023021458210029', 'login.adminLoginProperty', 'API', 'admin登录物业', '1', 'CMD', 'http://iot-user', 'POST', '60', '3', '2023-02-14 02:15:51', '0');
INSERT INTO `c_service` VALUES ('982023021464680007', 'community.listFreeCommunity', 'API', '查询空闲小区', '1', 'CMD', 'http://iot-community', 'GET', '60', '3', '2023-02-14 00:04:40', '0');
INSERT INTO `c_service` VALUES ('982023021466280009', 'org.listOrgTree', 'API', '查询组织树', '1', 'CMD', 'http://iot-user', 'GET', '60', '3', '2023-02-14 13:31:55', '0');
INSERT INTO `c_service` VALUES ('982023021469650031', 'login.getSysInfo', 'API', '查询系统信息', '1', 'CMD', 'http://iot-user', 'GET', '60', '3', '2023-02-14 02:25:19', '0');
INSERT INTO `c_service` VALUES ('982023021473350037', 'add.privilege.PrivilegeGroup', 'API', '添加权限', '1', 'CMD', 'http://iot-user', 'POST', '60', '3', '2023-02-14 17:47:31', '0');
INSERT INTO `c_service` VALUES ('982023021481320017', 'org.updateOrg', 'API', '修改组织', '1', 'CMD', 'http://iot-user', 'POST', '60', '3', '2023-02-14 14:14:39', '0');
INSERT INTO `c_service` VALUES ('982023021482340035', 'property.updatePropertyState', 'API', '修改物业状态', '1', 'CMD', 'http://iot-user', 'POST', '60', '3', '2023-02-14 02:49:34', '0');
INSERT INTO `c_service` VALUES ('982023021485940045', 'roleCommunity.saveRoleCommunity', 'API', '添加角色小区', '1', 'CMD', 'http://iot-user', 'POST', '60', '3', '2023-02-14 18:18:49', '0');
INSERT INTO `c_service` VALUES ('982023021486110033', 'user.resetStaffPwd', 'API', '重置密码', '1', 'CMD', 'http://iot-user', 'POST', '60', '3', '2023-02-14 02:44:30', '0');
INSERT INTO `c_service` VALUES ('982023021487090047', 'roleCommunity.deleteRoleCommunity', 'API', '删除角色小区', '1', 'CMD', 'http://iot-user', 'POST', '60', '3', '2023-02-14 18:32:34', '0');
INSERT INTO `c_service` VALUES ('982023021487850043', 'org.listOrgNoCommunitys', 'API', '查询未授权小区', '1', 'CMD', 'http://iot-user', 'GET', '60', '3', '2023-02-14 18:06:38', '0');
INSERT INTO `c_service` VALUES ('982023021488540025', 'user.listStaffOrgs', 'API', '查询员工组织', '1', 'CMD', 'http://iot-user', 'GET', '60', '3', '2023-02-14 16:56:35', '0');
INSERT INTO `c_service` VALUES ('982023021491480023', 'member.quit.community', 'API', '退出小区', '1', 'CMD', 'http://iot-user', 'POST', '60', '3', '2023-02-14 01:53:59', '0');
INSERT INTO `c_service` VALUES ('982023021492500015', 'org.saveOrg', 'API', '添加组织', '1', 'CMD', 'http://iot-user', 'POST', '60', '3', '2023-02-14 14:09:27', '0');
INSERT INTO `c_service` VALUES ('982023021494870049', 'role.listRoleStaff', 'API', '查询角色员工', '1', 'CMD', 'http://iot-user', 'GET', '60', '3', '2023-02-14 18:46:52', '0');
INSERT INTO `c_service` VALUES ('982023021496750051', 'role.listStaffsNoRole', 'API', '查询员工', '1', 'CMD', 'http://iot-user', 'GET', '60', '3', '2023-02-14 18:57:59', '0');
INSERT INTO `c_service` VALUES ('982023021497030019', 'org.deleteOrg', 'API', '删除组织', '1', 'CMD', 'http://iot-user', 'POST', '60', '3', '2023-02-14 14:16:27', '0');
INSERT INTO `c_service` VALUES ('982023021497050021', 'user.staff.add', 'API', '添加员工', '1', 'CMD', 'http://iot-user', 'POST', '60', '3', '2023-02-14 15:19:11', '0');
INSERT INTO `c_service` VALUES ('982023021498420039', 'delete.privilege.PrivilegeGroup', 'API', '删除角色权限', '1', 'CMD', 'http://iot-user', 'POST', '60', '3', '2023-02-14 17:51:02', '0');
INSERT INTO `c_service` VALUES ('982023021499840011', 'org.listOrgs', 'API', '查询组织', '1', 'CMD', 'http://iot-user', 'GET', '60', '3', '2023-02-14 13:43:57', '0');
INSERT INTO `c_service` VALUES ('982023021601160001', 'role.saveRoleStaff', 'API', '保存角色员工', '1', 'CMD', 'http://iot-user', 'POST', '60', '3', '2023-02-16 00:02:44', '0');
INSERT INTO `c_service` VALUES ('982023021648060003', 'role.deleteRoleStaff', 'API', '删除角色员工', '1', 'CMD', 'http://iot-user', 'POST', '60', '3', '2023-02-16 00:04:40', '0');
INSERT INTO `c_service` VALUES ('982023080903700020', 'room.saveRoom', 'API', '保存房屋', '1', 'CMD', 'http://iot-community', 'POST', '60', '3', '2023-08-09 11:48:39', '0');
INSERT INTO `c_service` VALUES ('982023080906630015', 'room.deleteRoom', 'API', '删除房屋', '1', 'CMD', 'http://iot-community', 'POST', '60', '3', '2023-08-09 14:27:00', '0');
INSERT INTO `c_service` VALUES ('982023080910140004', 'owner.queryOwners', 'API', '查询人员', '1', 'CMD', 'http://iot-user', 'GET', '60', '3', '2023-08-09 18:10:48', '0');
INSERT INTO `c_service` VALUES ('982023080910750023', 'owner.saveOwner', 'API', '添加人员', '1', 'CMD', 'http://iot-user', 'POST', '60', '3', '2023-08-09 17:15:42', '0');
INSERT INTO `c_service` VALUES ('982023080915140002', 'room.sellRoom', 'API', '房屋绑定人员', '1', 'CMD', 'http://iot-community', 'POST', '60', '3', '2023-08-09 22:06:22', '0');
INSERT INTO `c_service` VALUES ('982023080921430001', 'floor.saveFloor', 'API', '保存楼栋', '1', 'CMD', 'http://iot-community', 'POST', '60', '3', '2023-08-09 10:54:07', '0');
INSERT INTO `c_service` VALUES ('982023080921840002', 'floor.editFloor', 'API', '修改楼栋', '1', 'CMD', 'http://iot-community', 'POST', '60', '3', '2023-08-09 11:21:45', '0');
INSERT INTO `c_service` VALUES ('982023080933940001', 'system.listSystemInfo', 'API', '查询系统信息', '1', 'CMD', 'http://iot-system', 'GET', '60', '3', '2023-08-09 02:49:48', '0');
INSERT INTO `c_service` VALUES ('982023080948440010', 'owner.editOwner', 'API', '修改人员', '1', 'CMD', 'http://iot-user', 'POST', '60', '3', '2023-08-09 18:36:21', '0');
INSERT INTO `c_service` VALUES ('982023080951470006', 'floor.deleteFloor', 'API', '删除楼栋', '1', 'CMD', 'http://iot-community', 'POST', '60', '3', '2023-08-09 11:24:41', '0');
INSERT INTO `c_service` VALUES ('982023080953980007', 'room.queryRooms', 'API', '查询房屋', '1', 'CMD', 'http://iot-community', 'GET', '60', '3', '2023-08-09 11:09:28', '0');
INSERT INTO `c_service` VALUES ('982023080957850004', 'floor.queryFloorAndUnits', 'API', '查询楼栋单元', '1', 'CMD', 'http://iot-community', 'GET', '60', '3', '2023-08-09 11:07:42', '0');
INSERT INTO `c_service` VALUES ('982023080961400007', 'unit.updateUnit', 'API', '修改单元', '1', 'CMD', 'http://iot-community', 'POST', '60', '3', '2023-08-09 11:35:15', '0');
INSERT INTO `c_service` VALUES ('982023080966350010', 'floor.queryFloors', 'API', '查询楼栋', '1', 'CMD', 'http://iot-community', 'GET', '60', '3', '2023-08-09 11:13:53', '0');
INSERT INTO `c_service` VALUES ('982023080978720015', 'unit.deleteUnit', 'API', '删除单元', '1', 'CMD', 'http://iot-community', 'POST', '60', '3', '2023-08-09 11:36:16', '0');
INSERT INTO `c_service` VALUES ('982023080979520007', 'room.updateRoom', 'API', '修改房屋', '1', 'CMD', 'http://iot-community', 'POST', '60', '3', '2023-08-09 14:25:58', '0');
INSERT INTO `c_service` VALUES ('982023080984110011', 'unit.saveUnit', 'API', '添加单元', '1', 'CMD', 'http://iot-community', 'POST', '60', '3', '2023-08-09 11:26:16', '0');
INSERT INTO `c_service` VALUES ('982023080988790004', 'unit.queryUnits', 'API', '查询单元', '1', 'CMD', 'http://iot-community', 'GET', '60', '3', '2023-08-09 11:32:18', '0');
INSERT INTO `c_service` VALUES ('982023080995670001', 'owner.deleteOwner', 'API', '删除人员', '1', 'CMD', 'http://iot-user', 'POST', '60', '3', '2023-08-09 18:46:07', '0');
INSERT INTO `c_service` VALUES ('982023081417290001', 'room.queryRoomOwner', 'API', '查询房屋人员', '1', 'CMD', 'http://iot-community', 'GET', '60', '3', '2023-08-14 16:06:31', '0');
INSERT INTO `c_service` VALUES ('982023081419530001', 'room.exitRoom', 'API', '房屋解绑人员', '1', 'CMD', 'http://iot-community', 'POST', '60', '3', '2023-08-14 16:32:50', '0');
INSERT INTO `c_service` VALUES ('982023081528910022', 'dict.updateDict', 'API', '修改字典', '1', 'CMD', 'http://iot-dev', 'POST', '60', '3', '2023-08-15 09:08:06', '0');
INSERT INTO `c_service` VALUES ('982023081545940005', 'location.saveMachineLocation', 'API', '添加设备位置', '1', 'CMD', 'http://iot-community', 'POST', '60', '3', '2023-08-15 01:25:00', '0');
INSERT INTO `c_service` VALUES ('982023081546790039', 'hm.listHardwareManufacturer', 'API', '查询设备厂家', '1', 'CMD', 'http://iot-system', 'GET', '60', '3', '2023-08-15 09:39:13', '0');
INSERT INTO `c_service` VALUES ('982023081552200020', 'accessControl.listAccessControl', 'API', '查询门禁', '1', 'CMD', 'http://iot-accessControl', 'GET', '60', '3', '2023-08-15 09:06:32', '0');
INSERT INTO `c_service` VALUES ('982023081553090003', 'accessControlFloor.listAccessControlFloor', 'API', '查询楼栋授权', '1', 'CMD', 'http://iot-accessControl', 'GET', '60', '3', '2023-08-15 18:37:12', '0');
INSERT INTO `c_service` VALUES ('982023081561050006', 'accessControlFloor.saveAccessControlFloor', 'API', '楼栋门禁授权', '1', 'CMD', 'http://iot-accessControl', 'POST', '60', '3', '2023-08-15 21:35:45', '0');
INSERT INTO `c_service` VALUES ('982023081562520003', 'location.listMachineLocation', 'API', '查询设备位置', '1', 'CMD', 'http://iot-community', 'GET', '60', '3', '2023-08-15 01:24:29', '0');
INSERT INTO `c_service` VALUES ('982023081569750007', 'location.updateMachineLocation', 'API', '修改设备位置', '1', 'CMD', 'http://iot-community', 'POST', '60', '3', '2023-08-15 01:25:26', '0');
INSERT INTO `c_service` VALUES ('982023081579150031', 'accessControl.updateAccessControl', 'API', '修改门禁', '1', 'CMD', 'http://iot-accessControl', 'POST', '60', '3', '2023-08-15 09:10:39', '0');
INSERT INTO `c_service` VALUES ('982023081581350029', 'accessControl.saveAccessControl', 'API', '保存门禁', '1', 'CMD', 'http://iot-accessControl', 'POST', '60', '3', '2023-08-15 09:10:12', '0');
INSERT INTO `c_service` VALUES ('982023081584920001', 'location.deleteMachineLocation', 'API', '删除设备位置', '1', 'CMD', 'http://iot-community', 'POST', '60', '3', '2023-08-15 01:24:02', '0');
INSERT INTO `c_service` VALUES ('982023081590210012', 'accessControlFace.listAccessControlFace', 'API', '查询门禁人员', '1', 'CMD', 'http://iot-accessControl', 'GET', '60', '3', '2023-08-15 12:24:18', '0');
INSERT INTO `c_service` VALUES ('982023081596860027', 'accessControl.deleteAccessControl', 'API', '删除门禁', '1', 'CMD', 'http://iot-accessControl', 'POST', '60', '3', '2023-08-15 09:09:42', '0');
INSERT INTO `c_service` VALUES ('982023081607370010', 'accessControlOrg.saveAccessControlOrg', 'API', '部门授权', '1', 'CMD', 'http://iot-accessControl', 'POST', '60', '3', '2023-08-16 11:19:00', '0');
INSERT INTO `c_service` VALUES ('982023081624290006', 'accessControlOrg.deleteAccessControlOrg', 'API', '删除部门授权', '1', 'CMD', 'http://iot-accessControl', 'POST', '60', '3', '2023-08-16 11:17:04', '0');
INSERT INTO `c_service` VALUES ('982023081639070002', 'accessControlFace.saveAccessControlFace', 'API', '人员授权人脸', '1', 'CMD', 'http://iot-accessControl', 'POST', '60', '3', '2023-08-16 16:25:25', '0');
INSERT INTO `c_service` VALUES ('982023081643040008', 'accessControlOrg.listAccessControlOrg', 'API', '查询部门权限', '1', 'CMD', 'http://iot-accessControl', 'GET', '60', '3', '2023-08-16 11:17:38', '0');
INSERT INTO `c_service` VALUES ('982023081646380002', 'accessControlFloor.deleteAccessControlFloor', 'API', '删除楼栋授权', '1', 'CMD', 'http://iot-accessControl', 'POST', '60', '3', '2023-08-16 10:35:40', '0');
INSERT INTO `c_service` VALUES ('982023081672890001', 'accessControlFace.deleteAccessControlFace', 'API', '删除门禁人员', '1', 'CMD', 'http://iot-accessControl', 'POST', '60', '3', '2023-08-16 10:59:52', '0');
INSERT INTO `c_service` VALUES ('982023081701610012', 'chargeRule.updateChargeRule', 'API', '修改充电规则', '1', 'CMD', 'http://iot-charge', 'POST', '60', '3', '2023-08-17 09:40:09', '0');
INSERT INTO `c_service` VALUES ('982023081706060009', 'accessControlLog.listAccessControlLogParam', 'API', '查询门禁日志报文', '1', 'CMD', 'http://iot-accessControl', 'GET', '60', '3', '2023-08-17 09:17:44', '0');
INSERT INTO `c_service` VALUES ('982023081726810005', 'chargeRule.listChargeRuleFee', 'API', '查询充电费用', '1', 'CMD', 'http://iot-charge', 'GET', '60', '3', '2023-08-17 09:35:07', '0');
INSERT INTO `c_service` VALUES ('982023081726920003', 'chargeRule.listChargeRule', 'API', '查询充电规则', '1', 'CMD', 'http://iot-charge', 'GET', '60', '3', '2023-08-17 09:33:04', '0');
INSERT INTO `c_service` VALUES ('982023081729000037', 'chargeMachine.listChargeMachine', 'API', '查询充电桩', '1', 'CMD', 'http://iot-charge', 'GET', '60', '3', '2023-08-17 11:00:46', '0');
INSERT INTO `c_service` VALUES ('982023081741300008', 'chargeRule.saveChargeRule', 'API', '添加充电规则', '1', 'CMD', 'http://iot-charge', 'POST', '60', '3', '2023-08-17 09:38:13', '0');
INSERT INTO `c_service` VALUES ('982023081750380010', 'chargeRule.saveChargeRuleFee', 'API', '保存充电费用', '1', 'CMD', 'http://iot-charge', 'POST', '60', '3', '2023-08-17 09:39:13', '0');
INSERT INTO `c_service` VALUES ('982023081768670018', 'chargeRule.deleteChargeRuleFee', 'API', '删除充电费用', '1', 'CMD', 'http://iot-charge', 'POST', '60', '3', '2023-08-17 09:43:12', '0');
INSERT INTO `c_service` VALUES ('982023081769950014', 'chargeRule.updateChargeRuleFee', 'API', '修改充电费用', '1', 'CMD', 'http://iot-charge', 'POST', '60', '3', '2023-08-17 09:41:12', '0');
INSERT INTO `c_service` VALUES ('982023081781300016', 'chargeRule.deleteChargeRule', 'API', '删除充电规则', '1', 'CMD', 'http://iot-charge', 'POST', '60', '3', '2023-08-17 09:42:15', '0');
INSERT INTO `c_service` VALUES ('982023081781500006', 'accessControlLog.listAccessControlLog', 'API', '查询门禁日志', '1', 'CMD', 'http://iot-accessControl', 'GET', '60', '3', '2023-08-17 09:07:28', '0');
INSERT INTO `c_service` VALUES ('982023081800230029', 'chargeCard.listChargeMonthOrder', 'API', '查询充电充值订单', '1', 'CMD', 'http://iot-charge', 'GET', '60', '3', '2023-08-18 15:15:07', '0');
INSERT INTO `c_service` VALUES ('982023081803910007', 'chargeMachine.saveChargeMachine', 'API', '保存充电桩', '1', 'CMD', 'http://iot-charge', 'POST', '60', '3', '2023-08-18 11:13:38', '0');
INSERT INTO `c_service` VALUES ('982023081807430013', 'chargeMachine.deleteChargeMachine', 'API', '删除充电桩', '1', 'CMD', 'http://iot-charge', 'POST', '60', '3', '2023-08-18 11:18:51', '0');
INSERT INTO `c_service` VALUES ('982023081809110005', 'chargeCard.saveChargeMonthOrder', 'API', '月卡充值', '1', 'CMD', 'http://iot-charge', 'POST', '60', '3', '2023-08-18 15:39:28', '0');
INSERT INTO `c_service` VALUES ('982023081809840001', 'chargeMachine.saveChargeMachinePort', 'API', '保存充电桩插槽', '1', 'CMD', 'http://iot-charge', 'POST', '60', '3', '2023-08-18 14:34:23', '0');
INSERT INTO `c_service` VALUES ('982023081832110042', 'chargeCard.deleteChargeMonthCard', 'API', '删除充电月卡设置', '1', 'CMD', 'http://iot-charge', 'POST', '60', '3', '2023-08-18 15:27:02', '0');
INSERT INTO `c_service` VALUES ('982023081833930010', 'chargeMachine.deleteChargeMachinePort', 'API', '删除充电桩插槽', '1', 'CMD', 'http://iot-charge', 'POST', '60', '3', '2023-08-18 14:40:09', '0');
INSERT INTO `c_service` VALUES ('982023081836950009', 'chargeMachine.listChargeMachineFactory', 'API', '查询充电桩厂家', '1', 'CMD', 'http://iot-charge', 'GET', '60', '3', '2023-08-18 11:14:57', '0');
INSERT INTO `c_service` VALUES ('982023081862200040', 'chargeCard.updateChargeMonthCard', 'API', '修改充电月卡', '1', 'CMD', 'http://iot-charge', 'POST', '60', '3', '2023-08-18 15:26:23', '0');
INSERT INTO `c_service` VALUES ('982023081864360027', 'chargeMachine.listChargeMachineOrder', 'API', '查询充电订单', '1', 'CMD', 'http://iot-charge', 'GET', '60', '3', '2023-08-18 15:14:14', '0');
INSERT INTO `c_service` VALUES ('982023081874930020', 'chargeMachine.listChargeMachineOrderAcct', 'API', '充电扣款明细', '1', 'CMD', 'http://iot-charge', 'GET', '60', '3', '2023-08-18 16:02:11', '0');
INSERT INTO `c_service` VALUES ('982023081879880011', 'chargeMachine.updateChargeMachine', 'API', '修改充电桩', '1', 'CMD', 'http://iot-charge', 'POST', '60', '3', '2023-08-18 11:16:32', '0');
INSERT INTO `c_service` VALUES ('982023081881490031', 'chargeCard.listChargeMonthCard', 'API', '查询充电月卡设置', '1', 'CMD', 'http://iot-charge', 'GET', '60', '3', '2023-08-18 15:15:55', '0');
INSERT INTO `c_service` VALUES ('982023081887340023', 'chargeMachine.stopCharge', 'API', '停止充电', '1', 'CMD', 'http://iot-charge', 'POST', '60', '3', '2023-08-18 16:06:48', '0');
INSERT INTO `c_service` VALUES ('982023081889510034', 'chargeCard.saveChargeMonthCard', 'API', '保存充电月卡设置', '1', 'CMD', 'http://iot-charge', 'POST', '60', '3', '2023-08-18 15:24:09', '0');
INSERT INTO `c_service` VALUES ('982023081896720002', 'chargeMachine.listChargeMachinePort', 'API', '查询插槽', '1', 'CMD', 'http://iot-charge', 'GET', '60', '3', '2023-08-18 14:04:00', '0');
INSERT INTO `c_service` VALUES ('982023082118290005', 'accessControlInout.listAccessControlInout', 'API', '查询开门记录', '1', 'CMD', 'http://iot-accessControl', 'GET', '60', '3', '2023-08-21 13:34:08', '0');
INSERT INTO `c_service` VALUES ('982023082259940005', 'log.listMqttLog', 'API', '查询日志', '1', 'CMD', 'http://iot-system', 'GET', '60', '3', '2023-08-22 10:50:27', '0');
INSERT INTO `c_service` VALUES ('982023082302040006', 'parkingArea.saveParkingArea', 'API', '保存停车场', '1', 'CMD', 'http://iot-car', 'POST', '60', '3', '2023-08-23 08:50:57', '0');
INSERT INTO `c_service` VALUES ('982023082305810012', 'parkingSpace.deleteParkingSpace', 'API', '删除停车位', '1', 'CMD', 'http://iot-car', 'POST', '60', '3', '2023-08-23 13:54:46', '0');
INSERT INTO `c_service` VALUES ('982023082331040008', 'parkingArea.updateParkingArea', 'API', '修改停车场', '1', 'CMD', 'http://iot-car', 'POST', '60', '3', '2023-08-23 08:51:22', '0');
INSERT INTO `c_service` VALUES ('982023082333600008', 'parkingSpace.saveParkingSpace', 'API', '添加停车位', '1', 'CMD', 'http://iot-car', 'POST', '60', '3', '2023-08-23 13:53:36', '0');
INSERT INTO `c_service` VALUES ('982023082337440001', 'account.queryOwnerAccount', 'API', '查询业主账户', '1', 'CMD', 'http://iot-acct', 'GET', '60', '3', '2023-08-23 14:31:22', '0');
INSERT INTO `c_service` VALUES ('982023082338070004', 'parkingArea.listParkingArea', 'API', '查询停车场', '1', 'CMD', 'http://iot-car', 'POST', '60', '3', '2023-08-23 08:50:31', '0');
INSERT INTO `c_service` VALUES ('982023082358690001', 'account/queryOwnerAccount', 'API', '查看账户', '1', 'CMD', 'http://iot-charge', 'GET', '60', '3', '2023-08-23 11:06:26', '0');
INSERT INTO `c_service` VALUES ('982023082374690002', 'parkingArea.deleteParkingArea', 'API', '删除停车场', '1', 'CMD', 'http://iot-car', 'POST', '60', '3', '2023-08-23 08:50:02', '0');
INSERT INTO `c_service` VALUES ('982023082378700010', 'parkingSpace.updateParkingSpace', 'API', '修改停车位', '1', 'CMD', 'http://iot-car', 'POST', '60', '3', '2023-08-23 13:54:10', '0');
INSERT INTO `c_service` VALUES ('982023082395390006', 'parkingSpace.listParkingSpace', 'API', '查询停车位', '1', 'CMD', 'http://iot-car', 'GET', '60', '3', '2023-08-23 13:53:01', '0');
INSERT INTO `c_service` VALUES ('982023082402870007', 'meterType.deleteMeterType', 'API', '删除抄表类型', '1', 'CMD', 'http://iot-meter', 'POST', '60', '3', '2023-08-24 15:48:04', '0');
INSERT INTO `c_service` VALUES ('982023082403230005', 'meterType.updateMeterType', 'API', '更新抄表类型', '1', 'CMD', 'http://iot-meter', 'POST', '60', '3', '2023-08-24 15:47:18', '0');
INSERT INTO `c_service` VALUES ('982023082426580024', 'meterMachine.listMeterMachineFactory', 'API', '查询智能水电表厂家', '1', 'CMD', 'http://iot-meter', 'GET', '60', '3', '2023-08-24 16:41:32', '0');
INSERT INTO `c_service` VALUES ('982023082429250002', 'room.queryRoomsTree', 'API', '查询房屋树形', '1', 'CMD', 'http://iot-community', 'GET', '60', '3', '2023-08-24 18:08:29', '0');
INSERT INTO `c_service` VALUES ('982023082481950001', 'meterType.listMeterType', 'API', '查询抄表类型', '1', 'CMD', 'http://iot-meter', 'GET', '60', '3', '2023-08-24 15:45:17', '0');
INSERT INTO `c_service` VALUES ('982023082488900003', 'meterType.saveMeterType', 'API', '保存抄表类型', '1', 'CMD', 'http://iot-meter', 'POST', '60', '3', '2023-08-24 15:46:37', '0');
INSERT INTO `c_service` VALUES ('982023082507660018', 'meterMachine.settingMeterMachineRead', 'API', '设置查表日时', '1', 'CMD', 'http://iot-meter', 'POST', '60', '3', '2023-08-25 11:44:24', '0');
INSERT INTO `c_service` VALUES ('982023082523510002', 'meterMachine.listMeterMachine', 'API', '查询智能电表', '1', 'CMD', 'http://iot-meter', 'GET', '60', '3', '2023-08-25 08:56:48', '0');
INSERT INTO `c_service` VALUES ('982023082548480013', 'meterMachine.customMeterMachineRead', 'API', '手工抄表', '1', 'CMD', 'http://iot-meter', 'POST', '60', '3', '2023-08-25 11:41:03', '0');
INSERT INTO `c_service` VALUES ('982023082548550004', 'meterMachine.saveMeterMachine', 'API', '添加智能电表', '1', 'CMD', 'http://iot-meter', 'POST', '60', '3', '2023-08-25 08:58:11', '0');
INSERT INTO `c_service` VALUES ('982023082581760008', 'meterMachine.deleteMeterMachine', 'API', '删除智能电表', '1', 'CMD', 'http://iot-meter', 'POST', '60', '3', '2023-08-25 08:59:42', '0');
INSERT INTO `c_service` VALUES ('982023082587180006', 'meterMachine.updateMeterMachine', 'API', '修改智能电表', '1', 'CMD', 'http://iot-meter', 'POST', '60', '3', '2023-08-25 08:58:50', '0');
INSERT INTO `c_service` VALUES ('982023082591540008', 'meterMachine.listMeterMachineDetail', 'API', '查询抄表明细', '1', 'CMD', 'http://iot-meter', 'GET', '60', '3', '2023-08-25 11:33:18', '0');
INSERT INTO `c_service` VALUES ('982023082982310001', 'meterMachine.listMeterMachineReadOrRechargeDetail', 'API', '抄表/充值记录', '1', 'CMD', 'http://iot-meter', 'GET', '60', '3', '2023-08-29 11:26:50', '0');
INSERT INTO `c_service` VALUES ('982023083164580001', 'meterMachine.meterMachineControlSwitch', 'API', '表开关阀', '1', 'CMD', 'http://iot-meter', 'POST', '60', '3', '2023-08-31 09:42:13', '0');
INSERT INTO `c_service` VALUES ('982023091533750002', 'product.queryGoodsClass', 'API', '查询商品分类列表', '1', 'CMD', 'http://iot-system', 'GET', '60', '3', '2023-09-15 16:02:00', '0');
INSERT INTO `c_service` VALUES ('982023091556600001', 'product.queryProduct', 'API', '查询商城商品', '1', 'CMD', 'http://iot-system', 'GET', '60', '3', '2023-09-15 11:26:17', '0');
INSERT INTO `c_service` VALUES ('982023091804870009', 'liftMachineFactory.deleteLiftMachineFactory', 'API', '删除电梯厂家', '1', 'CMD', 'http://iot-lift', 'POST', '60', '3', '2023-09-18 16:51:07', '0');
INSERT INTO `c_service` VALUES ('982023091830570012', 'liftMachineFactorySpec.saveLiftMachineFactorySpec', 'API', '新增电梯厂家规格', '1', 'CMD', 'http://iot-lift', 'POST', '60', '3', '2023-09-18 17:13:25', '0');
INSERT INTO `c_service` VALUES ('982023091841420006', 'liftMachineFactorySpec.deleteLiftMachineFactorySpec', 'API', '删除电梯厂家规格', '1', 'CMD', 'http://iot-lift', 'POST', '60', '3', '2023-09-18 17:34:22', '0');
INSERT INTO `c_service` VALUES ('982023091841790004', 'liftMachineFactory.listLiftMachineFactory', 'API', '电梯厂家列表', '1', 'CMD', 'http://iot-lift', 'GET', '60', '3', '2023-09-18 16:26:35', '0');
INSERT INTO `c_service` VALUES ('982023091865840007', 'liftMachineFactory.updateLiftMachineFactory', 'API', '更新电梯厂家', '1', 'CMD', 'http://iot-lift', 'POST', '60', '3', '2023-09-18 16:50:12', '0');
INSERT INTO `c_service` VALUES ('982023091881660004', 'liftMachineFactorySpec.listLiftMachineFactorySpec', 'API', '电梯厂家规格列表', '1', 'CMD', 'http://iot-lift', 'GET', '60', '3', '2023-09-18 17:33:09', '0');
INSERT INTO `c_service` VALUES ('982023091896520042', 'liftMachineFactory.saveLiftMachineFactory', 'API', '新增电梯厂家', '1', 'CMD', 'http://iot-lift', 'POST', '60', '3', '2023-09-18 16:07:40', '0');
INSERT INTO `c_service` VALUES ('982023091910520012', 'liftMachine.deleteLiftMachine', 'API', '删除电梯信息', '1', 'CMD', 'http://iot-lift', 'POST', '60', '3', '2023-09-19 10:57:41', '0');
INSERT INTO `c_service` VALUES ('982023091913690001', 'liftMachineLog.listLiftMachineLog', 'API', '电梯日志列表', '1', 'CMD', 'http://iot-lift', 'GET', '60', '3', '2023-09-19 10:43:31', '0');
INSERT INTO `c_service` VALUES ('982023091919880010', 'liftMachine.updateLiftMachine', 'API', '更新电梯信息', '1', 'CMD', 'http://iot-lift', 'POST', '60', '3', '2023-09-19 10:56:44', '0');
INSERT INTO `c_service` VALUES ('982023091934370003', 'liftMachineReservation.listLiftMachineReservation', 'API', '电梯预约记录列表', '1', 'CMD', 'http://iot-lift', 'GET', '60', '3', '2023-09-19 10:44:28', '0');
INSERT INTO `c_service` VALUES ('982023091935410008', 'ownerCar.queryOwnerCars', 'API', '查询车辆', '1', 'CMD', 'http://iot-car', 'GET', '60', '3', '2023-09-19 12:14:38', '0');
INSERT INTO `c_service` VALUES ('982023091952940008', 'liftMachine.saveLiftMachine', 'API', '新增电梯信息', '1', 'CMD', 'http://iot-lift', 'POST', '60', '3', '2023-09-19 10:55:49', '0');
INSERT INTO `c_service` VALUES ('982023091959660006', 'liftMachine.listLiftMachine', 'API', '电梯信息列表', '1', 'CMD', 'http://iot-lift', 'GET', '60', '3', '2023-09-19 10:54:59', '0');
INSERT INTO `c_service` VALUES ('982023091973270003', 'ownerCar.updateOwnerCar', 'API', '修改业主车辆', '1', 'CMD', 'http://iot-car', 'POST', '60', '3', '2023-09-19 17:27:35', '0');
INSERT INTO `c_service` VALUES ('982023091979020001', 'ownerCar.saveOwnerCar', 'API', '保存业主车辆', '1', 'CMD', 'http://iot-car', 'POST', '60', '3', '2023-09-19 12:32:12', '0');
INSERT INTO `c_service` VALUES ('982023091983790003', 'ownerCar.deleteCarParkingSpace', 'API', '释放车位', '1', 'CMD', 'http://iot-car', 'POST', '60', '3', '2023-09-19 17:39:39', '0');
INSERT INTO `c_service` VALUES ('982023091994060001', 'ownerCar.deleteOwnerCar', 'API', '删除业主车辆', '1', 'CMD', 'http://iot-car', 'POST', '60', '3', '2023-09-19 17:50:29', '0');
INSERT INTO `c_service` VALUES ('982023092013630001', 'liftMachine.reservationLiftMachine', 'API', '预约电梯', '1', 'CMD', 'http://iot-lift', 'POST', '60', '3', '2023-09-20 16:31:02', '0');
INSERT INTO `c_service` VALUES ('982023092044560003', 'liftMachine.switchLiftState', 'API', '切换电梯状态', '1', 'CMD', 'http://iot-lift', 'POST', '60', '3', '2023-09-20 10:05:37', '0');
INSERT INTO `c_service` VALUES ('982023092100730011', 'barrier.listBarrier', 'API', '查询道闸摄像头', '1', 'CMD', 'http://iot-barrier', 'GET', '60', '3', '2023-09-21 01:56:35', '0');
INSERT INTO `c_service` VALUES ('982023092101490039', 'lampMachineFactory.deleteLampMachineFactory', 'API', '删除路灯厂家', '1', 'CMD', 'http://iot-lamp', 'POST', '60', '3', '2023-09-21 15:07:21', '0');
INSERT INTO `c_service` VALUES ('982023092103320005', 'parkingBox.listParkingBox', 'API', '查询岗亭', '1', 'CMD', 'http://iot-barrier', 'GET', '60', '3', '2023-09-21 00:23:57', '0');
INSERT INTO `c_service` VALUES ('982023092112130010', 'lampMachineFactorySpec.deleteLampMachineFactorySpec', 'API', '删除电灯厂家规格', '1', 'CMD', 'http://iot-lamp', 'POST', '60', '3', '2023-09-21 16:22:46', '0');
INSERT INTO `c_service` VALUES ('982023092114040009', 'barrier.deleteBarrier', 'API', '删除道闸摄像头', '1', 'CMD', 'http://iot-barrier', 'POST', '60', '3', '2023-09-21 01:55:47', '0');
INSERT INTO `c_service` VALUES ('982023092115730013', 'barrier.saveBarrier', 'API', '保存道闸摄像头', '1', 'CMD', 'http://iot-barrier', 'POST', '60', '3', '2023-09-21 01:57:14', '0');
INSERT INTO `c_service` VALUES ('982023092122750007', 'parkingBox.deleteParkingBox', 'API', '删除岗亭', '1', 'CMD', 'http://iot-barrier', 'POST', '60', '3', '2023-09-21 00:24:41', '0');
INSERT INTO `c_service` VALUES ('982023092131970015', 'parkingBoxArea.listParkingBoxArea', 'API', '查询停车场岗亭', '1', 'CMD', 'http://iot-barrier', 'GET', '60', '3', '2023-09-21 00:27:00', '0');
INSERT INTO `c_service` VALUES ('982023092150550012', 'carBlackWhite.updateCarBlackWhite', 'API', '修改黑白名单', '1', 'CMD', 'http://iot-car', 'POST', '60', '3', '2023-09-21 13:24:58', '0');
INSERT INTO `c_service` VALUES ('982023092151010011', 'parkingBox.updateParkingBox', 'API', '修改岗亭', '1', 'CMD', 'http://iot-barrier', 'POST', '60', '3', '2023-09-21 00:25:40', '0');
INSERT INTO `c_service` VALUES ('982023092154190009', 'parkingBox.saveParkingBox', 'API', '保存岗亭', '1', 'CMD', 'http://iot-barrier', 'POST', '60', '3', '2023-09-21 00:25:14', '0');
INSERT INTO `c_service` VALUES ('982023092154440013', 'parkingBoxArea.deleteParkingBoxArea', 'API', '删除停车场岗亭', '1', 'CMD', 'http://iot-barrier', 'POST', '60', '3', '2023-09-21 00:26:25', '0');
INSERT INTO `c_service` VALUES ('982023092156670012', 'lampMachineFactorySpec.listLampMachineFactorySpec', 'API', '电灯厂家规格列表', '1', 'CMD', 'http://iot-lamp', 'GET', '60', '3', '2023-09-21 16:23:47', '0');
INSERT INTO `c_service` VALUES ('982023092156700008', 'carBlackWhite.listCarBlackWhites', 'API', '查询黑白名单', '1', 'CMD', 'http://iot-car', 'GET', '60', '3', '2023-09-21 13:22:54', '0');
INSERT INTO `c_service` VALUES ('982023092156940017', 'parkingBoxArea.saveParkingBoxArea', 'API', '保存停车场岗亭', '1', 'CMD', 'http://iot-barrier', 'POST', '60', '3', '2023-09-21 00:27:39', '0');
INSERT INTO `c_service` VALUES ('982023092164030004', 'carInout.listCarInParkingArea', 'API', '查询在场车辆', '1', 'CMD', 'http://iot-barrier', 'GET', '60', '3', '2023-09-21 22:36:33', '0');
INSERT INTO `c_service` VALUES ('982023092165230015', 'barrier.updateBarrier', 'API', '修改道闸摄像头', '1', 'CMD', 'http://iot-barrier', 'POST', '60', '3', '2023-09-21 01:57:44', '0');
INSERT INTO `c_service` VALUES ('982023092169120035', 'lampMachineFactory.listLampMachineFactory', 'API', '路灯厂家列表', '1', 'CMD', 'http://iot-lamp', 'GET', '60', '3', '2023-09-21 15:05:50', '0');
INSERT INTO `c_service` VALUES ('982023092171410008', 'lampMachineFactorySpec.saveLampMachineFactorySpec', 'API', '新增路灯厂家规格', '1', 'CMD', 'http://iot-lamp', 'POST', '60', '3', '2023-09-21 16:21:51', '0');
INSERT INTO `c_service` VALUES ('982023092177360001', 'carInoutDetail.listCarInoutDetail', 'API', '查询出入场明细', '1', 'CMD', 'http://iot-barrier', 'GET', '60', '3', '2023-09-21 23:20:49', '0');
INSERT INTO `c_service` VALUES ('982023092178860006', 'carBlackWhite.deleteCarBlackWhite', 'API', '删除黑白名单', '1', 'CMD', 'http://iot-car', 'POST', '60', '3', '2023-09-21 13:22:22', '0');
INSERT INTO `c_service` VALUES ('982023092183370037', 'lampMachineFactory.updateLampMachineFactory', 'API', '更新路灯厂家', '1', 'CMD', 'http://iot-lamp', 'POST', '60', '3', '2023-09-21 15:06:35', '0');
INSERT INTO `c_service` VALUES ('982023092185410042', 'parkingBoxArea.updateParkingBoxArea', 'API', '修改停车场岗亭', '1', 'CMD', 'http://iot-barrier', 'POST', '60', '3', '2023-09-21 00:36:14', '0');
INSERT INTO `c_service` VALUES ('982023092186810010', 'carBlackWhite.saveCarBlackWhite', 'API', '保存黑白名称', '1', 'CMD', 'http://iot-car', 'POST', '60', '3', '2023-09-21 13:23:22', '0');
INSERT INTO `c_service` VALUES ('982023092196640032', 'lampMachineFactory.saveLampMachineFactory', 'API', '新增路灯厂家', '1', 'CMD', 'http://iot-lamp', 'POST', '60', '3', '2023-09-21 14:45:01', '0');
INSERT INTO `c_service` VALUES ('982023092208760005', 'lampMachine.updateLampMachine', 'API', '更新路灯设备', '1', 'CMD', 'http://iot-lamp', 'POST', '60', '3', '2023-09-22 14:07:25', '0');
INSERT INTO `c_service` VALUES ('982023092209070001', 'lampMachineLog.listLampMachineLog', 'API', '路灯设备下发日志列表', '1', 'CMD', 'http://iot-lamp', 'GET', '60', '3', '2023-09-22 16:38:38', '0');
INSERT INTO `c_service` VALUES ('982023092214980006', 'fee.listTempCarFeeConfigs', 'API', '查询临时车费配置', '1', 'CMD', 'http://iot-barrier', 'GET', '60', '3', '2023-09-22 14:51:10', '0');
INSERT INTO `c_service` VALUES ('982023092226180007', 'lampMachine.deleteLampMachine', 'API', '删除路灯设备', '1', 'CMD', 'http://iot-lamp', 'POST', '60', '3', '2023-09-22 14:08:01', '0');
INSERT INTO `c_service` VALUES ('982023092232560012', 'fee.updateTempCarFeeConfig', 'API', '修改临时车费配置', '1', 'CMD', 'http://iot-barrier', 'POST', '60', '3', '2023-09-22 15:10:18', '0');
INSERT INTO `c_service` VALUES ('982023092238200001', 'lampMachine.listLampMachine', 'API', '路灯设备列表', '1', 'CMD', 'http://iot-lamp', 'GET', '60', '3', '2023-09-22 14:05:43', '0');
INSERT INTO `c_service` VALUES ('982023092252040002', 'tempCarFee.queryTempCarFeeRules', 'API', '查询临时车规则', '1', 'CMD', 'http://iot-barrier', 'GET', '60', '3', '2023-09-22 22:08:32', '0');
INSERT INTO `c_service` VALUES ('982023092271700008', 'fee.deleteTempCarFeeConfig', 'API', '删除临时车配置', '1', 'CMD', 'http://iot-barrier', 'POST', '60', '3', '2023-09-22 14:52:01', '0');
INSERT INTO `c_service` VALUES ('982023092279500001', 'user.listCommunityStaffsByCommunityId', 'API', '查询小区物业员工', '1', 'CMD', 'http://iot-user', 'GET', '60', '3', '2023-09-22 15:31:07', '0');
INSERT INTO `c_service` VALUES ('982023092282830001', 'lampMachineOperation.listLampMachineOperation', 'API', '路灯操作日志列表', '1', 'CMD', 'http://iot-lamp', 'GET', '60', '3', '2023-09-22 11:55:18', '0');
INSERT INTO `c_service` VALUES ('982023092294760003', 'lampMachine.saveLampMachine', 'API', '新增路灯设备', '1', 'CMD', 'http://iot-lamp', 'POST', '60', '3', '2023-09-22 14:06:25', '0');
INSERT INTO `c_service` VALUES ('982023092296000010', 'fee.saveTempCarFeeConfig', 'API', '保存临时车费配置', '1', 'CMD', 'http://iot-barrier', 'POST', '60', '3', '2023-09-22 14:52:35', '0');
INSERT INTO `c_service` VALUES ('982023092558060001', 'lampMachine.switchLampState', 'API', '切换路灯状态', '1', 'CMD', 'http://iot-lamp', 'POST', '60', '3', '2023-09-25 16:55:18', '0');
INSERT INTO `c_service` VALUES ('982023092644180003', 'lampMachineOpenClose.saveLampMachineOpenClose', 'API', '设置路灯开关时间', '1', 'CMD', 'http://iot-lamp', 'POST', '60', '3', '2023-09-26 09:23:34', '0');
INSERT INTO `c_service` VALUES ('982023092646350001', 'lampMachineOpenClose.listLampMachineOpenClose', 'API', '设置路灯开关时间列表', '1', 'CMD', 'http://iot-lamp', 'GET', '60', '3', '2023-09-26 09:22:33', '0');
INSERT INTO `c_service` VALUES ('982023092700090039', 'eventTemplate.deleteEventTemplate', 'API', '删除事件模板', '1', 'CMD', 'http://iot-system', 'POST', '60', '3', '2023-09-27 10:58:39', '0');
INSERT INTO `c_service` VALUES ('982023092700170018', 'eventObject.deleteEventObject', 'API', '删除事件对象', '1', 'CMD', 'http://iot-system', 'POST', '60', '3', '2023-09-27 16:42:42', '0');
INSERT INTO `c_service` VALUES ('982023092700250024', 'eventStaff.updateEventStaff', 'API', '更新事件通知员工', '1', 'CMD', 'http://iot-system', 'POST', '60', '3', '2023-09-27 16:56:20', '0');
INSERT INTO `c_service` VALUES ('982023092706610035', 'eventTemplate.saveEventTemplate', 'API', '新增事件模板', '1', 'CMD', 'http://iot-system', 'POST', '60', '3', '2023-09-27 10:57:06', '0');
INSERT INTO `c_service` VALUES ('982023092708060001', 'barrier.unlicensedCarMachineQrCodeUrl', 'API', '无牌车辆进场', '1', 'CMD', 'http://iot-barrier', 'POST', '60', '3', '2023-09-27 15:51:57', '0');
INSERT INTO `c_service` VALUES ('982023092709840008', 'eventRule.updateEventRule', 'API', '更新事件规则', '1', 'CMD', 'http://iot-system', 'POST', '60', '3', '2023-09-27 16:38:04', '0');
INSERT INTO `c_service` VALUES ('982023092713170007', 'carInoutPayment.listCarInoutPayment', 'API', '查询收费明细', '1', 'CMD', 'http://iot-barrier', 'GET', '60', '3', '2023-09-27 12:26:24', '0');
INSERT INTO `c_service` VALUES ('982023092716470037', 'eventTemplate.updateEventTemplate', 'API', '更新事件模板', '1', 'CMD', 'http://iot-system', 'POST', '60', '3', '2023-09-27 10:57:52', '0');
INSERT INTO `c_service` VALUES ('982023092717570016', 'eventObject.updateEventObject', 'API', '更新事件对象', '1', 'CMD', 'http://iot-system', 'POST', '60', '3', '2023-09-27 16:41:46', '0');
INSERT INTO `c_service` VALUES ('982023092719040022', 'eventStaff.saveEventStaff', 'API', '新增事件通知员工', '1', 'CMD', 'http://iot-system', 'POST', '60', '3', '2023-09-27 16:55:34', '0');
INSERT INTO `c_service` VALUES ('982023092721930001', 'carInoutPayment.listCarInoutPaymentSummary', 'API', '临时车收费统计', '1', 'CMD', 'http://iot-barrier', 'GET', '60', '3', '2023-09-27 14:55:46', '0');
INSERT INTO `c_service` VALUES ('982023092722710011', 'carInout.listCarInoutTempAuth', 'API', '查询临时车审核', '1', 'CMD', 'http://iot-barrier', 'GET', '60', '3', '2023-09-27 13:27:29', '0');
INSERT INTO `c_service` VALUES ('982023092724320004', 'carInout.listManualOpenDoorLog', 'API', '查询开闸记录', '1', 'CMD', 'http://iot-barrier', 'GET', '60', '3', '2023-09-27 15:05:32', '0');
INSERT INTO `c_service` VALUES ('982023092727360020', 'eventStaff.listEventStaff', 'API', '查询事件通知员工列表', '1', 'CMD', 'http://iot-system', 'GET', '60', '3', '2023-09-27 16:52:55', '0');
INSERT INTO `c_service` VALUES ('982023092730940001', 'carInout.getFreeParkingSpace', 'API', '查询空闲车位', '1', 'CMD', 'http://iot-barrier', 'GET', '60', '3', '2023-09-27 14:51:53', '0');
INSERT INTO `c_service` VALUES ('982023092735400006', 'eventRule.saveEventRule', 'API', '新增事件规则', '1', 'CMD', 'http://iot-system', 'POST', '60', '3', '2023-09-27 16:37:26', '0');
INSERT INTO `c_service` VALUES ('982023092737630026', 'eventStaff.deleteEventStaff', 'API', '删除事件通知员工', '1', 'CMD', 'http://iot-system', 'POST', '60', '3', '2023-09-27 16:57:02', '0');
INSERT INTO `c_service` VALUES ('982023092740550004', 'eventRule.listEventRule', 'API', '查询事件规则列表', '1', 'CMD', 'http://iot-system', 'GET', '60', '3', '2023-09-27 16:36:45', '0');
INSERT INTO `c_service` VALUES ('982023092746910031', 'eventTemplateParam.deleteEventTemplateParam', 'API', '删除事件模板参数', '1', 'CMD', 'http://iot-system', 'POST', '60', '3', '2023-09-27 13:54:23', '0');
INSERT INTO `c_service` VALUES ('982023092747550014', 'eventObject.saveEventObject', 'API', '新增事件对象', '1', 'CMD', 'http://iot-system', 'POST', '60', '3', '2023-09-27 16:40:37', '0');
INSERT INTO `c_service` VALUES ('982023092770300025', 'eventTemplateParam.listEventTemplateParam', 'API', '查询事件模板参数列表', '1', 'CMD', 'http://iot-system', 'GET', '60', '3', '2023-09-27 13:51:28', '0');
INSERT INTO `c_service` VALUES ('982023092778110027', 'eventTemplateParam.saveEventTemplateParam', 'API', '添加事件模板参数', '1', 'CMD', 'http://iot-system', 'POST', '60', '3', '2023-09-27 13:52:21', '0');
INSERT INTO `c_service` VALUES ('982023092786220033', 'eventTemplate.listEventTemplate', 'API', '查询事件模板列表', '1', 'CMD', 'http://iot-system', 'GET', '60', '3', '2023-09-27 10:56:16', '0');
INSERT INTO `c_service` VALUES ('982023092786950012', 'eventObject.listEventObject', 'API', '查询事件对象列表', '1', 'CMD', 'http://iot-system', 'GET', '60', '3', '2023-09-27 16:39:49', '0');
INSERT INTO `c_service` VALUES ('982023092792030005', 'barrier.customCarInOut', 'API', '手工进出场', '1', 'CMD', 'http://iot-barrier', 'POST', '60', '3', '2023-09-27 15:58:34', '0');
INSERT INTO `c_service` VALUES ('982023092796270010', 'eventRule.deleteEventRule', 'API', '删除事件规则', '1', 'CMD', 'http://iot-system', 'POST', '60', '3', '2023-09-27 16:38:52', '0');
INSERT INTO `c_service` VALUES ('982023092797650029', 'eventTemplateParam.updateEventTemplateParam', 'API', '更新事件模板参数', '1', 'CMD', 'http://iot-system', 'POST', '60', '3', '2023-09-27 13:53:11', '0');
INSERT INTO `c_service` VALUES ('982023100805530009', 'eventPool.saveEventPool', 'API', '新增事件池事件', '1', 'CMD', 'http://iot-system', 'POST', '60', '3', '2023-10-08 15:43:15', '0');
INSERT INTO `c_service` VALUES ('982023100842780013', 'eventPool.deleteEventPool', 'API', '删除事件池事件', '1', 'CMD', 'http://iot-system', 'POST', '60', '3', '2023-10-08 15:44:46', '0');
INSERT INTO `c_service` VALUES ('982023100860740011', 'eventPool.updateEventPool', 'API', '更新事件池事件', '1', 'CMD', 'http://iot-system', 'POST', '60', '3', '2023-10-08 15:44:08', '0');
INSERT INTO `c_service` VALUES ('982023100888550009', 'eventPool.listEventPool', 'API', '查询事件池列表', '1', 'CMD', 'http://iot-system', 'GET', '60', '3', '2023-10-08 09:13:09', '0');
INSERT INTO `c_service` VALUES ('982023100918850004', 'eventPoolStaff.listEventPoolStaff', 'API', '查询我的事件列表', '1', 'CMD', 'http://iot-system', 'GET', '60', '3', '2023-10-09 08:40:11', '0');
INSERT INTO `c_service` VALUES ('982023100953390007', 'eventPoolStaff.saveEventPoolStaff', 'API', '新增我的事件', '1', 'CMD', 'http://iot-system', 'POST', '60', '3', '2023-10-09 09:41:29', '0');
INSERT INTO `c_service` VALUES ('982023100962650001', 'eventPoolStaff.updateEventPoolStaff', 'API', '更新我的事件', '1', 'CMD', 'http://iot-system', 'POST', '60', '3', '2023-10-09 11:35:17', '0');
INSERT INTO `c_service` VALUES ('982023101231580001', 'eventTemplateParamKey.listEventTemplateParamKey', 'API', '获取通知模板参数规格列表', '1', 'CMD', 'http://iot-system', 'GET', '60', '3', '2023-10-12 11:56:41', '0');
INSERT INTO `c_service` VALUES ('982023101680480001', 'eventPool.cancelEventPoolStaff', 'API', '取消事件分配', '1', 'CMD', 'http://iot-system', 'POST', '60', '3', '2023-10-16 17:06:11', '0');
INSERT INTO `c_service` VALUES ('982023101727160013', 'monitorModel.saveMonitorModel', 'API', '新增监控模型', '1', 'CMD', 'http://iot-monitor', 'POST', '60', '3', '2023-10-17 16:57:50', '0');
INSERT INTO `c_service` VALUES ('982023101762070011', 'monitorModel.listMonitorModel', 'API', '查询监控模型列表', '1', 'CMD', 'http://iot-monitor', 'GET', '60', '3', '2023-10-17 16:56:47', '0');
INSERT INTO `c_service` VALUES ('982023101769190015', 'monitorModel.updateMonitorModel', 'API', '更新监控模型', '1', 'CMD', 'http://iot-monitor', 'POST', '60', '3', '2023-10-17 16:58:50', '0');
INSERT INTO `c_service` VALUES ('982023101794500017', 'monitorModel.deleteMonitorModel', 'API', '删除监控模型', '1', 'CMD', 'http://iot-monitor', 'POST', '60', '3', '2023-10-17 16:59:43', '0');
INSERT INTO `c_service` VALUES ('982023101801400036', 'monitorMachine.updateMonitorMachine', 'API', '更新监控设备', '1', 'CMD', 'http://iot-monitor', 'POST', '60', '3', '2023-10-18 15:56:58', '0');
INSERT INTO `c_service` VALUES ('982023101804120067', 'monitorArea.deleteMonitorArea', 'API', '删除监控区域', '1', 'CMD', 'http://iot-monitor', 'POST', '60', '3', '2023-10-18 10:02:48', '0');
INSERT INTO `c_service` VALUES ('982023101830950034', 'monitorMachine.saveMonitorMachine', 'API', '新增监控设备', '1', 'CMD', 'http://iot-monitor', 'POST', '60', '3', '2023-10-18 15:56:17', '0');
INSERT INTO `c_service` VALUES ('982023101851480038', 'monitorMachine.deleteMonitorMachine', 'API', '删除监控设备', '1', 'CMD', 'http://iot-monitor', 'POST', '60', '3', '2023-10-18 15:57:41', '0');
INSERT INTO `c_service` VALUES ('982023101882210032', 'monitorMachine.listMonitorMachine', 'API', '查询监控设备列表', '1', 'CMD', 'http://iot-monitor', 'GET', '60', '3', '2023-10-18 15:55:24', '0');
INSERT INTO `c_service` VALUES ('982023101887880063', 'monitorArea.saveMonitorArea', 'API', '新增监控区域', '1', 'CMD', 'http://iot-monitor', 'POST', '60', '3', '2023-10-18 10:01:13', '0');
INSERT INTO `c_service` VALUES ('982023101892950061', 'monitorArea.listMonitorArea', 'API', '查询监控区域列表', '1', 'CMD', 'http://iot-monitor', 'GET', '60', '3', '2023-10-18 09:59:56', '0');
INSERT INTO `c_service` VALUES ('982023101897800065', 'monitorArea.updateMonitorArea', 'API', '更新监控区域', '1', 'CMD', 'http://iot-monitor', 'POST', '60', '3', '2023-10-18 10:02:04', '0');
INSERT INTO `c_service` VALUES ('982023101924650023', 'monitorMachineModel.saveMonitorMachineModel', 'API', '新增监控分析', '1', 'CMD', 'http://iot-monitor', 'POST', '60', '3', '2023-10-19 15:23:48', '0');
INSERT INTO `c_service` VALUES ('982023101962330025', 'monitorMachineModel.deleteMonitorMachineModel', 'API', '删除监控分析', '1', 'CMD', 'http://iot-monitor', 'POST', '60', '3', '2023-10-19 15:24:30', '0');
INSERT INTO `c_service` VALUES ('982023101998270021', 'monitorMachineModel.listMonitorMachineModel', 'API', '查询监控分析列表', '1', 'CMD', 'http://iot-monitor', 'GET', '60', '3', '2023-10-19 15:23:06', '0');
INSERT INTO `c_service` VALUES ('982023102089120004', 'monitorPool.listMonitorPool', 'API', '查询监控告警列表', '1', 'CMD', 'http://iot-monitor', 'GET', '60', '3', '2023-10-20 10:17:06', '0');
INSERT INTO `c_service` VALUES ('982023102300890001', 'propertyIndex.queryPropertyAssetsIndex', 'API', '查询首页小区信息', '1', 'CMD', 'http://iot-system', 'GET', '60', '3', '2023-10-23 09:00:08', '0');
INSERT INTO `c_service` VALUES ('982023102335040004', 'propertyIndex.queryPropertyMachinesIndex', 'API', '查询首页设备信息', '1', 'CMD', 'http://iot-system', 'GET', '60', '3', '2023-10-23 11:04:16', '0');
INSERT INTO `c_service` VALUES ('982023102644900011', 'parkingCoupon.listParkingCouponCar', 'API', '查询车辆优惠券', '1', 'CMD', 'http://iot-car', 'GET', '60', '3', '2023-10-26 23:17:58', '0');
INSERT INTO `c_service` VALUES ('982023102750370003', 'barrier.openBarrierDoor', 'API', '道闸开门', '1', 'CMD', 'http://iot-barrier', 'POST', '60', '3', '2023-10-27 21:34:17', '0');
INSERT INTO `c_service` VALUES ('982023102759210005', 'barrier.closeBarrierDoor', 'API', '道闸关门', '1', 'CMD', 'http://iot-barrier', 'POST', '60', '3', '2023-10-27 21:34:48', '0');
INSERT INTO `c_service` VALUES ('982023102833380015', 'carInout.updateCarInoutNum', 'API', '修改进场车牌号', '1', 'CMD', 'http://iot-barrier', 'POST', '60', '3', '2023-10-28 11:54:33', '0');
INSERT INTO `c_service` VALUES ('982023102890790002', 'barrier.getCarMachineQrCodeUrl', 'API', '查询停车二维码', '1', 'CMD', 'http://iot-barrier', 'GET', '60', '3', '2023-10-28 12:03:59', '0');
INSERT INTO `c_service` VALUES ('982023103000230050', 'parkingCouponCar.listParkingCouponCarOrder', 'API', '查询停车券核销', '1', 'CMD', 'http://iot-car', 'GET', '60', '3', '2023-10-30 04:49:43', '0');
INSERT INTO `c_service` VALUES ('982023103006960035', 'lockMachine.listLockMachine', 'API', '查询门锁列表', '1', 'CMD', 'http://iot-lock', 'GET', '60', '3', '2023-10-30 17:46:28', '0');
INSERT INTO `c_service` VALUES ('982023103007440041', 'lockMachine.deleteLockMachine', 'API', '删除门锁', '1', 'CMD', 'http://iot-lock', 'POST', '60', '3', '2023-10-30 17:48:40', '0');
INSERT INTO `c_service` VALUES ('982023103009090001', 'store.propertySaveStoreAndShop', 'API', '添加商铺', '1', 'CMD', 'http://iot-user', 'POST', '60', '3', '2023-10-30 02:18:54', '0');
INSERT INTO `c_service` VALUES ('982023103013530039', 'lockMachine.updateLockMachine', 'API', '更新门锁', '1', 'CMD', 'http://iot-lock', 'POST', '60', '3', '2023-10-30 17:47:55', '0');
INSERT INTO `c_service` VALUES ('982023103016790037', 'lockMachine.saveLockMachine', 'API', '新增门锁', '1', 'CMD', 'http://iot-lock', 'POST', '60', '3', '2023-10-30 17:47:13', '0');
INSERT INTO `c_service` VALUES ('982023103019560003', 'lockMachineFactory.saveLockMachineFactory', 'API', '新增门锁厂家', '1', 'CMD', 'http://iot-lock', 'POST', '60', '3', '2023-10-30 10:48:17', '0');
INSERT INTO `c_service` VALUES ('982023103033380001', 'lockMachineFactory.listLockMachineFactory', 'API', '查询门锁厂家列表', '1', 'CMD', 'http://iot-lock', 'GET', '60', '3', '2023-10-30 10:47:06', '0');
INSERT INTO `c_service` VALUES ('982023103037160003', 'lockMachineFactorySpec.saveLockMachineFactorySpec', 'API', '新增门锁厂家规格', '1', 'CMD', 'http://iot-lock', 'POST', '60', '3', '2023-10-30 13:56:08', '0');
INSERT INTO `c_service` VALUES ('982023103038610039', 'parkingCoupon.listParkingCouponOrder', 'API', '查询停车券', '1', 'CMD', 'http://iot-car', 'GET', '60', '3', '2023-10-30 04:41:26', '0');
INSERT INTO `c_service` VALUES ('982023103041530001', 'lockMachineFactorySpec.listLockMachineFactorySpec', 'API', '查询门锁厂家规格列表', '1', 'CMD', 'http://iot-lock', 'GET', '60', '3', '2023-10-30 13:55:20', '0');
INSERT INTO `c_service` VALUES ('982023103047790038', 'parkingCoupon.saveParkingCoupon', 'API', '添加停车券', '1', 'CMD', 'http://iot-car', 'POST', '60', '3', '2023-10-30 00:40:31', '0');
INSERT INTO `c_service` VALUES ('982023103052370001', 'parkingCoupon.buyParkingCoupon', 'API', '购买停车券', '1', 'CMD', 'http://iot-car', 'POST', '60', '3', '2023-10-30 04:25:23', '0');
INSERT INTO `c_service` VALUES ('982023103065540062', 'store.propertyDeleteStoreAndShop', 'API', '物业删除商家', '1', 'CMD', 'http://iot-user', 'POST', '60', '3', '2023-10-30 04:21:43', '0');
INSERT INTO `c_service` VALUES ('982023103068040005', 'lockMachineFactory.updateLockMachineFactory', 'API', '更新门锁厂家', '1', 'CMD', 'http://iot-lock', 'POST', '60', '3', '2023-10-30 10:49:04', '0');
INSERT INTO `c_service` VALUES ('982023103084880042', 'parkingCoupon.deleteParkingCoupon', 'API', '删除停车券', '1', 'CMD', 'http://iot-car', 'POST', '60', '3', '2023-10-30 00:42:05', '0');
INSERT INTO `c_service` VALUES ('982023103085050005', 'lockMachineFactorySpec.deleteLockMachineFactorySpec', 'API', '删除门锁厂家规格', '1', 'CMD', 'http://iot-lock', 'POST', '60', '3', '2023-10-30 13:56:56', '0');
INSERT INTO `c_service` VALUES ('982023103085700059', 'parkingCoupon.listShopParkingCoupon', 'API', '查询商铺停车券', '1', 'CMD', 'http://iot-car', 'GET', '60', '3', '2023-10-30 04:17:52', '0');
INSERT INTO `c_service` VALUES ('982023103086820036', 'parkingCoupon.listParkingCoupon', 'API', '查询停车券', '1', 'CMD', 'http://iot-car', 'GET', '60', '3', '2023-10-30 00:39:49', '0');
INSERT INTO `c_service` VALUES ('982023103086830040', 'parkingCoupon.updateParkingCoupon', 'API', '修改停车券', '1', 'CMD', 'http://iot-car', 'POST', '60', '3', '2023-10-30 00:41:33', '0');
INSERT INTO `c_service` VALUES ('982023103096630015', 'store.listCommunityStoreShop', 'API', '查询小区商家', '1', 'CMD', 'http://iot-user', 'GET', '60', '3', '2023-10-30 01:54:07', '0');
INSERT INTO `c_service` VALUES ('982023103098000007', 'lockMachineFactory.deleteLockMachineFactory', 'API', '删除门锁厂家', '1', 'CMD', 'http://iot-lock', 'POST', '60', '3', '2023-10-30 10:49:49', '0');
INSERT INTO `c_service` VALUES ('982023103112460001', 'lockMachine.listLockMachine', 'API', '查询门锁列表', '1', 'CMD', 'http://iot-lock', 'GET', '60', '3', '2023-10-31 09:40:34', '0');
INSERT INTO `c_service` VALUES ('982023103113740007', 'lockMachine.deleteLockMachine', 'API', '删除门锁', '1', 'CMD', 'http://iot-lock', 'POST', '60', '3', '2023-10-31 09:42:48', '0');
INSERT INTO `c_service` VALUES ('982023103145360003', 'lockMachine.saveLockMachine', 'API', '新增门锁', '1', 'CMD', 'http://iot-lock', 'POST', '60', '3', '2023-10-31 09:41:17', '0');
INSERT INTO `c_service` VALUES ('982023103149660005', 'lockMachine.updateLockMachine', 'API', '更新门锁', '1', 'CMD', 'http://iot-lock', 'POST', '60', '3', '2023-10-31 09:42:09', '0');
INSERT INTO `c_service` VALUES ('982023103159240008', 'lockPerson.updateLockPerson', 'API', '更新门锁授权', '1', 'CMD', 'http://iot-lock', 'POST', '60', '3', '2023-10-31 14:51:51', '0');
INSERT INTO `c_service` VALUES ('982023103174880010', 'lockPerson.deleteLockPerson', 'API', '删除门锁授权', '1', 'CMD', 'http://iot-lock', 'POST', '60', '3', '2023-10-31 14:52:30', '0');
INSERT INTO `c_service` VALUES ('982023103179860004', 'lockPerson.listLockPerson', 'API', '查询门锁授权列表', '1', 'CMD', 'http://iot-lock', 'GET', '60', '3', '2023-10-31 14:50:27', '0');
INSERT INTO `c_service` VALUES ('982023103185880006', 'lockPerson.saveLockPerson', 'API', '新增门锁授权', '1', 'CMD', 'http://iot-lock', 'POST', '60', '3', '2023-10-31 14:51:09', '0');
INSERT INTO `c_service` VALUES ('982023110105060021', 'lockPerson.resetLockPwd', 'API', '重置门锁密码', '1', 'CMD', 'http://iot-lock', 'POST', '60', '3', '2023-11-01 14:26:27', '0');
INSERT INTO `c_service` VALUES ('982023110125260009', 'lockInout.listLockInout', 'API', '查询进出记录列表', '1', 'CMD', 'http://iot-lock', 'GET', '60', '3', '2023-11-01 16:23:55', '0');
INSERT INTO `c_service` VALUES ('982023110148750001', 'admin.queryCommunityEvent', 'API', '查询小区事件统计', '1', 'CMD', 'http://iot-system', 'GET', '60', '3', '2023-11-01 23:57:34', '0');
INSERT INTO `c_service` VALUES ('982023110165140019', 'lockMachine.unLockMachine', 'API', '打开门锁', '1', 'CMD', 'http://iot-lock', 'POST', '60', '3', '2023-11-01 17:32:28', '0');
INSERT INTO `c_service` VALUES ('982023110165530002', 'lockPerson.renewalLockPerson', 'API', '门锁授权续期', '1', 'CMD', 'http://iot-lock', 'POST', '60', '3', '2023-11-01 15:42:51', '0');
INSERT INTO `c_service` VALUES ('982023110166020396', 'admin.queryDevCount', 'API', '查询开发统计', '1', 'CMD', 'http://iot-system', 'GET', '60', '3', '2023-11-01 23:20:26', '0');
INSERT INTO `c_service` VALUES ('982023110168710003', 'admin.queryCommunityMonitorPool', 'API', '查询小区监控告警', '1', 'CMD', 'http://iot-system', 'GET', '60', '3', '2023-11-01 23:58:07', '0');
INSERT INTO `c_service` VALUES ('982023110184710394', 'admin.queryAppServiceData', 'API', '查询应用接口', '1', 'CMD', 'http://iot-system', 'GET', '60', '3', '2023-11-01 23:19:51', '0');
INSERT INTO `c_service` VALUES ('982023110189450007', 'lockLog.listLockLog', 'API', '查询下发记录列表', '1', 'CMD', 'http://iot-lock', 'GET', '60', '3', '2023-11-01 16:23:08', '0');
INSERT INTO `c_service` VALUES ('982023110194410004', 'admin.queryAdminCount', 'API', '查询运营数据', '1', 'CMD', 'http://iot-system', 'GET', '60', '3', '2023-11-01 23:33:29', '0');
INSERT INTO `c_service` VALUES ('982023110606400001', 'log.queryAssetImportLogType', 'API', '查询导入类型', '1', 'CMD', 'http://iot-system', 'GET', '60', '3', '2023-11-06 00:26:03', '0');
INSERT INTO `c_service` VALUES ('982023110609390038', 'log.queryAssetImportLog', 'API', '查询导入日志', '1', 'CMD', 'http://iot-system', 'GET', '60', '3', '2023-11-06 00:10:02', '0');
INSERT INTO `c_service` VALUES ('982023110670170040', 'log.queryAssetImportLogDetail', 'API', '查询导入日志详情', '1', 'CMD', 'http://iot-system', 'GET', '60', '3', '2023-11-06 00:15:11', '0');
INSERT INTO `c_service` VALUES ('982023110918500004', 'ownerCar.queryRoomCars', 'API', '查询房屋车辆', '1', 'CMD', 'http://iot-car', 'GET', '60', '3', '2023-11-09 01:32:21', '0');
INSERT INTO `c_service` VALUES ('982023111051920036', 'accessControl.openAccessControlDoor', 'API', '门禁开门', '1', 'CMD', 'http://iot-accessControl', 'POST', '60', '3', '2023-11-10 10:23:03', '0');
INSERT INTO `c_service` VALUES ('982023111071170001', 'accessControl.restartAccessControlDoor', 'API', '重启门禁', '1', 'CMD', 'http://iot-accessControl', 'POST', '60', '3', '2023-11-10 10:26:51', '0');
INSERT INTO `c_service` VALUES ('982023111082910003', 'room.queryRoomsByOwner', 'API', '查询业主房屋', '1', 'CMD', 'http://iot-community', 'GET', '60', '3', '2023-11-10 23:57:33', '0');
INSERT INTO `c_service` VALUES ('982023111809080012', 'appUser.listAppUser', 'API', '查询房产绑定', '1', 'CMD', 'http://iot-user', 'GET', '60', '3', '2023-11-18 04:03:01', '0');
INSERT INTO `c_service` VALUES ('982023111852930005', 'login.appUserLogin', 'API', '手机用户登录', '1', 'CMD', 'http://iot-user', 'POST', '60', '3', '2023-11-18 15:38:51', '0');
INSERT INTO `c_service` VALUES ('982023111873780003', 'login.appUserRegister', 'API', '用户注册', '1', 'CMD', 'http://iot-user', 'POST', '60', '3', '2023-11-18 15:37:48', '0');
INSERT INTO `c_service` VALUES ('982023111880690004', 'chargeMachine.restartChargeMachine', 'API', '重启充电桩', '1', 'CMD', 'http://iot-charge', 'POST', '60', '3', '2023-11-18 01:22:28', '0');
INSERT INTO `c_service` VALUES ('982023112024490001', 'account.queryAppUserAccount', 'API', '手机端查询账户', '1', 'CMD', 'http://iot-acct', 'GET', '60', '3', '2023-11-20 12:14:56', '0');
INSERT INTO `c_service` VALUES ('982023112051660006', 'wechat.getCommunityWechatAppId', 'API', '根据小区查询公众号', '1', 'CMD', 'http://iot-user', 'GET', '60', '3', '2023-11-20 10:36:56', '0');
INSERT INTO `c_service` VALUES ('982023112070050019', 'chargeMachine.stopCharge', 'API', '停止充电', '1', 'CMD', 'http://iot-charge', 'POST', '60', '3', '2023-11-20 14:42:28', '0');
INSERT INTO `c_service` VALUES ('982023112071440017', 'chargeMachine.startCharge', 'API', '开始充电', '1', 'CMD', 'http://iot-charge', 'POST', '60', '3', '2023-11-20 14:41:55', '0');
INSERT INTO `c_service` VALUES ('982023112156620008', 'meterMachineCharge.chargeMeterMoney', 'API', '水电充值', '1', 'CMD', 'http://iot-meter', 'POST', '60', '3', '2023-11-21 23:53:44', '0');
INSERT INTO `c_service` VALUES ('982023112177330013', 'meterMachineCharge.listMeterMachineCharge', 'API', '查询水电充值记录', '1', 'CMD', 'http://iot-meter', 'GET', '60', '3', '2023-11-21 23:34:01', '0');
INSERT INTO `c_service` VALUES ('982023112208460008', 'wechat.wechatNotifyOpenId', 'API', '微信回调', '1', 'CMD', 'http://iot-user', 'GET', '60', '3', '2023-11-22 18:56:53', '0');
INSERT INTO `c_service` VALUES ('982023112209130001', 'instrumentFactorySpec.listInstrumentFactorySpec', 'API', '查询仪表厂家规格列表', '1', 'CMD', 'http://iot-meter', 'GET', '60', '3', '2023-11-22 16:54:12', '0');
INSERT INTO `c_service` VALUES ('982023112241880003', 'tempCarFee.getTempCarFeeOrder', 'API', '查询临时车订单', '1', 'CMD', 'http://iot-barrier', 'GET', '60', '3', '2023-11-22 11:45:00', '0');
INSERT INTO `c_service` VALUES ('982023112251000008', 'instrumentFactory.updateInstrumentFactory', 'API', '更新仪表厂家', '1', 'CMD', 'http://iot-meter', 'POST', '60', '3', '2023-11-22 13:51:24', '0');
INSERT INTO `c_service` VALUES ('982023112254160010', 'instrumentFactory.deleteInstrumentFactory', 'API', '删除仪表厂家', '1', 'CMD', 'http://iot-meter', 'POST', '60', '3', '2023-11-22 13:52:07', '0');
INSERT INTO `c_service` VALUES ('982023112255190010', 'wechat.wechatRefreshOpenId', 'API', '鉴权获取openId', '1', 'CMD', 'http://iot-user', 'GET', '60', '3', '2023-11-22 18:57:28', '0');
INSERT INTO `c_service` VALUES ('982023112257810004', 'instrumentFactory.saveInstrumentFactory', 'API', '新增仪表厂家', '1', 'CMD', 'http://iot-meter', 'POST', '60', '3', '2023-11-22 13:49:19', '0');
INSERT INTO `c_service` VALUES ('982023112258210005', 'instrumentFactorySpec.deleteInstrumentFactorySpec', 'API', '删除仪表厂家规格', '1', 'CMD', 'http://iot-meter', 'POST', '60', '3', '2023-11-22 16:55:56', '0');
INSERT INTO `c_service` VALUES ('982023112279260006', 'instrumentFactory.listInstrumentFactory', 'API', '查询仪表厂家列表', '1', 'CMD', 'http://iot-meter', 'GET', '60', '3', '2023-11-22 13:50:24', '0');
INSERT INTO `c_service` VALUES ('982023112293070003', 'instrumentFactorySpec.saveInstrumentFactorySpec', 'API', '新增仪表厂家规格', '1', 'CMD', 'http://iot-meter', 'POST', '60', '3', '2023-11-22 16:55:02', '0');
INSERT INTO `c_service` VALUES ('982023112313810025', 'instrument.updateInstrument', 'API', '更新仪表', '1', 'CMD', 'http://iot-meter', 'POST', '60', '3', '2023-11-23 17:36:15', '0');
INSERT INTO `c_service` VALUES ('982023112324940001', 'instrumentType.listInstrumentType', 'API', '查询仪表类型列表', '1', 'CMD', 'http://iot-meter', 'GET', '60', '3', '2023-11-23 09:53:53', '0');
INSERT INTO `c_service` VALUES ('982023112328570027', 'instrument.deleteInstrument', 'API', '删除仪表', '1', 'CMD', 'http://iot-meter', 'POST', '60', '3', '2023-11-23 17:36:51', '0');
INSERT INTO `c_service` VALUES ('982023112330070023', 'instrument.saveInstrument', 'API', '新增仪表', '1', 'CMD', 'http://iot-meter', 'POST', '60', '3', '2023-11-23 17:35:40', '0');
INSERT INTO `c_service` VALUES ('982023112356790007', 'instrumentType.deleteInstrumentType', 'API', '删除仪表类型', '1', 'CMD', 'http://iot-meter', 'POST', '60', '3', '2023-11-23 09:56:06', '0');
INSERT INTO `c_service` VALUES ('982023112365600005', 'instrumentType.updateInstrumentType', 'API', '更新仪表类型', '1', 'CMD', 'http://iot-meter', 'POST', '60', '3', '2023-11-23 09:55:21', '0');
INSERT INTO `c_service` VALUES ('982023112379730003', 'instrumentType.saveInstrumentType', 'API', '新增仪表类型', '1', 'CMD', 'http://iot-meter', 'POST', '60', '3', '2023-11-23 09:54:39', '0');
INSERT INTO `c_service` VALUES ('982023112380470021', 'instrument.listInstrument', 'API', '查询仪表列表', '1', 'CMD', 'http://iot-meter', 'GET', '60', '3', '2023-11-23 17:34:59', '0');
INSERT INTO `c_service` VALUES ('982023112400400014', 'payment.listPaymentKey', 'API', '查询支付key', '1', 'CMD', 'http://iot-acct', 'GET', '60', '3', '2023-11-24 01:01:55', '0');
INSERT INTO `c_service` VALUES ('982023112413800017', 'payment.savePaymentPool', 'API', '保存支付配置', '1', 'CMD', 'http://iot-acct', 'POST', '60', '3', '2023-11-24 01:05:50', '0');
INSERT INTO `c_service` VALUES ('982023112414180063', 'dtScene.updateDtScene', 'API', '修改场景', '1', 'CMD', 'http://iot-system', 'POST', '60', '3', '2023-11-24 17:48:57', '0');
INSERT INTO `c_service` VALUES ('982023112417380061', 'dtScene.saveDtScene', 'API', '保存场景', '1', 'CMD', 'http://iot-system', 'POST', '60', '3', '2023-11-24 17:48:30', '0');
INSERT INTO `c_service` VALUES ('982023112437410029', 'payment.deletePaymentPool', 'API', '删除支付配置', '1', 'CMD', 'http://iot-acct', 'POST', '60', '3', '2023-11-24 01:10:06', '0');
INSERT INTO `c_service` VALUES ('982023112443190011', 'smallWeChat.updateSmallWeChat', 'API', '修改公众号', '1', 'CMD', 'http://iot-system', 'POST', '60', '3', '2023-11-24 00:31:51', '0');
INSERT INTO `c_service` VALUES ('982023112445570009', 'smallWeChat.saveSmallWeChat', 'API', '保存公众号', '1', 'CMD', 'http://iot-system', 'POST', '60', '3', '2023-11-24 00:31:20', '0');
INSERT INTO `c_service` VALUES ('982023112452770009', 'payment.listPaymentAdapt', 'API', '查询支付适配器', '1', 'CMD', 'http://iot-acct', 'GET', '60', '3', '2023-11-24 00:57:23', '0');
INSERT INTO `c_service` VALUES ('982023112457480059', 'dtScene.listDtScene', 'API', '查询3D场景', '1', 'CMD', 'http://iot-system', 'GET', '60', '3', '2023-11-24 17:48:03', '0');
INSERT INTO `c_service` VALUES ('982023112457690065', 'dtScene.deleteDtScene', 'API', '删除场景', '1', 'CMD', 'http://iot-system', 'POST', '60', '3', '2023-11-24 17:49:26', '0');
INSERT INTO `c_service` VALUES ('982023112460090011', 'payment.listPaymentPool', 'API', '查询支付配置', '1', 'CMD', 'http://iot-acct', 'GET', '60', '3', '2023-11-24 00:58:09', '0');
INSERT INTO `c_service` VALUES ('982023112478280005', 'smallWeChat.listSmallWeChats', 'API', '查询公众号', '1', 'CMD', 'http://iot-system', 'GET', '60', '3', '2023-11-24 00:30:08', '0');
INSERT INTO `c_service` VALUES ('982023112478820007', 'smallWeChat.deleteSmallWeChat', 'API', '删除公众号', '1', 'CMD', 'http://iot-system', 'POST', '60', '3', '2023-11-24 00:30:46', '0');
INSERT INTO `c_service` VALUES ('982023112484900027', 'payment.updatePaymentPool', 'API', '修改支付配置', '1', 'CMD', 'http://iot-acct', 'POST', '60', '3', '2023-11-24 01:09:17', '0');
INSERT INTO `c_service` VALUES ('982023112522500001', 'dtModal.updateDtModal', 'API', '修改模型', '1', 'CMD', 'http://iot-system', 'POST', '60', '3', '2023-11-25 14:19:36', '0');
INSERT INTO `c_service` VALUES ('982023112529890003', 'dtModal.deleteDtModal', 'API', '删除3D模型', '1', 'CMD', 'http://iot-system', 'POST', '60', '3', '2023-11-25 14:20:15', '0');
INSERT INTO `c_service` VALUES ('982023112533940026', 'dtModal.saveDtModal', 'API', '保存3D模型', '1', 'CMD', 'http://iot-system', 'POST', '60', '3', '2023-11-25 14:14:24', '0');
INSERT INTO `c_service` VALUES ('982023112560230015', 'dtModal.listDtModal', 'API', '查询3d模型', '1', 'CMD', 'http://iot-system', 'GET', '60', '3', '2023-11-25 01:41:48', '0');
INSERT INTO `c_service` VALUES ('982023112728960001', 'instrumentLog.listInstrumentLog', 'API', '查询仪表上报日志数据', '1', 'CMD', 'http://iot-meter', 'GET', '60', '3', '2023-11-27 08:57:04', '0');
INSERT INTO `c_service` VALUES ('982023120113850005', 'meterMachineFactory.updateMeterMachineFactory', 'API', '更新水电厂家', '1', 'CMD', 'http://iot-meter', 'POST', '60', '3', '2023-12-01 14:35:39', '0');
INSERT INTO `c_service` VALUES ('982023120132530007', 'meterMachineFactory.deleteMeterMachineFactory', 'API', '删除水电厂家', '1', 'CMD', 'http://iot-meter', 'POST', '60', '3', '2023-12-01 14:36:19', '0');
INSERT INTO `c_service` VALUES ('982023120154500003', 'meterMachineFactory.saveMeterMachineFactory', 'API', '新增水电厂家', '1', 'CMD', 'http://iot-meter', 'POST', '60', '3', '2023-12-01 14:34:53', '0');
INSERT INTO `c_service` VALUES ('982023120179430001', 'meterMachineFactory.listMeterMachineFactory', 'API', '查询水电厂家列表', '1', 'CMD', 'http://iot-meter', 'GET', '60', '3', '2023-12-01 14:27:30', '0');
INSERT INTO `c_service` VALUES ('982023120412830003', 'meterMachineFactorySpec.saveMeterMachineFactorySpec', 'API', '新增水电规格', '1', 'CMD', 'http://iot-meter', 'POST', '60', '3', '2023-12-04 10:24:08', '0');
INSERT INTO `c_service` VALUES ('982023120416660001', 'chargeMachineFactorySpec.listChargeMachineFactorySpec', 'API', '查询充电规格列表', '1', 'CMD', 'http://iot-charge', 'GET', '60', '3', '2023-12-04 14:38:05', '0');
INSERT INTO `c_service` VALUES ('982023120417690007', 'chargeMachine.updateChargeMachineFactory', 'API', '更新充电厂家', '1', 'CMD', 'http://iot-charge', 'POST', '60', '3', '2023-12-04 13:51:07', '0');
INSERT INTO `c_service` VALUES ('982023120429880001', 'meterMachineFactorySpec.listMeterMachineFactorySpec', 'API', '查询水电规格列表', '1', 'CMD', 'http://iot-meter', 'GET', '60', '3', '2023-12-04 10:23:08', '0');
INSERT INTO `c_service` VALUES ('982023120433820001', 'export.exportData', 'API', '导出数据', '1', 'CMD', 'http://iot-job', 'GET', '60', '3', '2023-12-04 16:55:29', '0');
INSERT INTO `c_service` VALUES ('982023120442680005', 'meterMachineFactorySpec.updateMeterMachineFactorySpec', 'API', '更新水电规格', '1', 'CMD', 'http://iot-meter', 'POST', '60', '3', '2023-12-04 10:24:53', '0');
INSERT INTO `c_service` VALUES ('982023120465940005', 'chargeMachineFactorySpec.deleteChargeMachineFactorySpec', 'API', '删除充电规格', '1', 'CMD', 'http://iot-charge', 'POST', '60', '3', '2023-12-04 14:40:57', '0');
INSERT INTO `c_service` VALUES ('982023120472570009', 'chargeMachine.deleteChargeMachineFactory', 'API', '删除充电厂家', '1', 'CMD', 'http://iot-charge', 'POST', '60', '3', '2023-12-04 13:52:03', '0');
INSERT INTO `c_service` VALUES ('982023120480640001', 'chargeMachine.saveChargeMachineFactory', 'API', '新增充电厂家', '1', 'CMD', 'http://iot-charge', 'POST', '60', '3', '2023-12-04 13:47:41', '0');
INSERT INTO `c_service` VALUES ('982023120485570008', 'userDownloadFile.listUserDownloadFile', 'API', '查询下载中心', '1', 'CMD', 'http://iot-job', 'GET', '60', '3', '2023-12-04 17:11:56', '0');
INSERT INTO `c_service` VALUES ('982023120490000003', 'chargeMachineFactorySpec.saveChargeMachineFactorySpec', 'API', '新增充电规格', '1', 'CMD', 'http://iot-charge', 'POST', '60', '3', '2023-12-04 14:39:40', '0');
INSERT INTO `c_service` VALUES ('982023120492460007', 'meterMachineFactorySpec.deleteMeterMachineFactorySpec', 'API', '删除水电规格', '1', 'CMD', 'http://iot-meter', 'POST', '60', '3', '2023-12-04 10:25:41', '0');
INSERT INTO `c_service` VALUES ('982023120497750011', 'userDownloadFile.deleteUserDownloadFile', 'API', '删除下载中心', '1', 'CMD', 'http://iot-job', 'POST', '60', '3', '2023-12-04 17:14:32', '0');
INSERT INTO `c_service` VALUES ('982023120500470028', 'hm.updateHardwareManufacturer', 'API', '更新门禁厂家', '1', 'CMD', 'http://iot-system', 'POST', '60', '3', '2023-12-05 14:44:42', '0');
INSERT INTO `c_service` VALUES ('982023120517900014', 'dtScript.deleteDtSceneObjScript', 'API', '删除对象脚本', '1', 'CMD', 'http://iot-system', 'POST', '60', '3', '2023-12-05 15:19:30', '0');
INSERT INTO `c_service` VALUES ('982023120531600004', 'dtScript.saveDtScript', 'API', '保存脚本', '1', 'CMD', 'http://iot-system', 'POST', '60', '3', '2023-12-05 14:58:16', '0');
INSERT INTO `c_service` VALUES ('982023120541700006', 'dtScript.updateDtScript', 'API', '修改脚本', '1', 'CMD', 'http://iot-system', 'POST', '60', '3', '2023-12-05 14:58:53', '0');
INSERT INTO `c_service` VALUES ('982023120546280030', 'hm.deleteHardwareManufacturer', 'API', '删除门禁厂家', '1', 'CMD', 'http://iot-system', 'POST', '60', '3', '2023-12-05 14:45:36', '0');
INSERT INTO `c_service` VALUES ('982023120551660008', 'dtScript.deleteDtScript', 'API', '删除脚本', '1', 'CMD', 'http://iot-system', 'POST', '60', '3', '2023-12-05 14:59:22', '0');
INSERT INTO `c_service` VALUES ('982023120567990001', 'hm.listHardwareManufacturerAttr', 'API', '查询门禁规格列表', '1', 'CMD', 'http://iot-system', 'GET', '60', '3', '2023-12-05 15:32:21', '0');
INSERT INTO `c_service` VALUES ('982023120571420010', 'dtScript.listDtSceneObjScript', 'API', '查询对象脚本', '1', 'CMD', 'http://iot-system', 'GET', '60', '3', '2023-12-05 14:59:57', '0');
INSERT INTO `c_service` VALUES ('982023120578000002', 'dtScript.listDtScript', 'API', '查询脚本', '1', 'CMD', 'http://iot-system', 'GET', '60', '3', '2023-12-05 14:57:29', '0');
INSERT INTO `c_service` VALUES ('982023120580470016', 'hm.deleteHardwareManufacturerAttr', 'API', '删除门禁规格', '1', 'CMD', 'http://iot-system', 'POST', '60', '3', '2023-12-05 15:25:22', '0');
INSERT INTO `c_service` VALUES ('982023120580700026', 'hm.saveHardwareManufacturer', 'API', '新增门禁厂家', '1', 'CMD', 'http://iot-system', 'POST', '60', '3', '2023-12-05 14:43:55', '0');
INSERT INTO `c_service` VALUES ('982023120581160012', 'dtScript.saveDtSceneObjScript', 'API', '保存对象脚本', '1', 'CMD', 'http://iot-system', 'POST', '60', '3', '2023-12-05 15:18:25', '0');
INSERT INTO `c_service` VALUES ('982023120588350014', 'hm.saveHardwareManufacturerAttr', 'API', '新增门禁规格', '1', 'CMD', 'http://iot-system', 'POST', '60', '3', '2023-12-05 15:24:34', '0');
INSERT INTO `c_service` VALUES ('982023120969520045', 'payment.cashier', 'API', '统一支付', '1', 'CMD', 'http://iot-acct', 'POST', '60', '3', '2023-12-09 16:57:20', '0');
INSERT INTO `c_service` VALUES ('982023121124210005', 'visitType.updateVisitType', 'API', '更新访客类型', '1', 'CMD', 'http://iot-accessControl', 'POST', '60', '3', '2023-12-11 17:10:29', '0');
INSERT INTO `c_service` VALUES ('982023121132930003', 'visitType.saveVisitType', 'API', '新增访客类型', '1', 'CMD', 'http://iot-accessControl', 'POST', '60', '3', '2023-12-11 17:09:44', '0');
INSERT INTO `c_service` VALUES ('982023121159610001', 'visitType.listVisitType', 'API', '查询访客类型', '1', 'CMD', 'http://iot-accessControl', 'GET', '60', '3', '2023-12-11 17:08:49', '0');
INSERT INTO `c_service` VALUES ('982023121195650007', 'visitType.deleteVisitType', 'API', '删除访客类型', '1', 'CMD', 'http://iot-accessControl', 'POST', '60', '3', '2023-12-11 17:11:08', '0');
INSERT INTO `c_service` VALUES ('982023121215000004', 'visit.listVisit', 'API', '查询访客菜单', '1', 'CMD', 'http://iot-accessControl', 'GET', '60', '3', '2023-12-12 10:46:31', '0');
INSERT INTO `c_service` VALUES ('982023121240490008', 'visit.updateVisit', 'API', '更新访客登记', '1', 'CMD', 'http://iot-accessControl', 'POST', '60', '3', '2023-12-12 10:48:41', '0');
INSERT INTO `c_service` VALUES ('982023121272790006', 'visit.saveVisit', 'API', '新增访客登记', '1', 'CMD', 'http://iot-accessControl', 'POST', '60', '3', '2023-12-12 10:47:57', '0');
INSERT INTO `c_service` VALUES ('982023121287520010', 'visit.deleteVisit', 'API', '删除访客登记', '1', 'CMD', 'http://iot-accessControl', 'POST', '60', '3', '2023-12-12 10:49:23', '0');
INSERT INTO `c_service` VALUES ('982023121400750011', 'carMonth.saveCarMonthCard', 'API', '保存月卡', '1', 'CMD', 'http://iot-car', 'POST', '60', '3', '2023-12-14 12:54:47', '0');
INSERT INTO `c_service` VALUES ('982023121406640005', 'ownerCar.saveMemberCar', 'API', '添加成员车辆', '1', 'CMD', 'http://iot-car', 'POST', '60', '3', '2023-12-14 17:22:41', '0');
INSERT INTO `c_service` VALUES ('982023121416250003', 'carMonth.deleteCarMonthCard', 'API', '删除月卡', '1', 'CMD', 'http://iot-car', 'POST', '60', '3', '2023-12-14 12:52:19', '0');
INSERT INTO `c_service` VALUES ('982023121429410013', 'tempCarFee.tempCarAuth', 'API', '临时车审核', '1', 'CMD', 'http://iot-barrier', 'POST', '60', '3', '2023-12-14 18:04:30', '0');
INSERT INTO `c_service` VALUES ('982023121429700001', 'store.queryShop', 'API', '查询商户商铺', '1', 'CMD', 'http://iot-user', 'GET', '60', '3', '2023-12-14 23:01:28', '0');
INSERT INTO `c_service` VALUES ('982023121438440001', 'carMonth.listCarMonthCard', 'API', '查询月卡', '1', 'CMD', 'http://iot-car', 'GET', '60', '3', '2023-12-14 12:51:42', '0');
INSERT INTO `c_service` VALUES ('982023121462180007', 'carMonth.listCarMonthOrder', 'API', '查询月卡订单', '1', 'CMD', 'http://iot-car', 'GET', '60', '3', '2023-12-14 12:53:34', '0');
INSERT INTO `c_service` VALUES ('982023121471690013', 'carMonth.updateCarMonthCard', 'API', '修改月卡', '1', 'CMD', 'http://iot-car', 'POST', '60', '3', '2023-12-14 12:55:14', '0');
INSERT INTO `c_service` VALUES ('982023121473890009', 'carMonth.refundCarMonthOrder', 'API', '月卡退款', '1', 'CMD', 'http://iot-car', 'POST', '60', '3', '2023-12-14 12:54:14', '0');
INSERT INTO `c_service` VALUES ('982023121492620003', 'store.applyShopCode', 'API', '申请商家临时票据', '1', 'CMD', 'http://iot-user', 'POST', '60', '3', '2023-12-14 23:21:52', '0');
INSERT INTO `c_service` VALUES ('982023121495470005', 'carMonth.buyCarMonthOrder', 'API', '购买月卡', '1', 'CMD', 'http://iot-car', 'GET', '60', '3', '2023-12-14 12:52:56', '0');
INSERT INTO `c_service` VALUES ('982023121496340009', 'parkingCoupon.saveParkingCouponCar', 'API', '手工赠送停车劵', '1', 'CMD', 'http://iot-car', 'POST', '60', '3', '2023-12-14 23:23:33', '0');
INSERT INTO `c_service` VALUES ('982023121509510003', 'car.queryWaitPayFeeTempCar', 'API', '查询等待支付车辆', '1', 'CMD', 'http://iot-car', 'GET', '60', '3', '2023-12-15 19:49:01', '0');
INSERT INTO `c_service` VALUES ('982023121521930004', 'carMonth.getBuyCarMonthCardQrCodeUrl', 'API', '购买停车月卡二维码', '1', 'CMD', 'http://iot-car', 'GET', '60', '3', '2023-12-15 14:31:42', '0');
INSERT INTO `c_service` VALUES ('982023121526710016', 'carMonth.queryMonthCardByCarNum', 'API', '根据车牌号查询月卡', '1', 'CMD', 'http://iot-car', 'GET', '60', '3', '2023-12-15 11:58:39', '0');
INSERT INTO `c_service` VALUES ('982023121543000013', 'system.updateSystemInfo', 'API', '修改系统信息', '1', 'CMD', 'http://iot-system', 'POST', '60', '3', '2023-12-15 01:30:30', '0');
INSERT INTO `c_service` VALUES ('982023121566180005', 'visit.getVisitQrCodeUrl', 'API', '获取访客码', '1', 'CMD', 'http://iot-accessControl', 'GET', '60', '3', '2023-12-15 12:00:43', '0');
INSERT INTO `c_service` VALUES ('982023121811580015', 'personFace.listPersonFace', 'API', '查询人脸审核', '1', 'CMD', 'http://iot-user', 'GET', '60', '3', '2023-12-18 22:05:02', '0');
INSERT INTO `c_service` VALUES ('982023121815120006', 'personFace.listPersonFaceQrcode', 'API', '查询人脸二维码', '1', 'CMD', 'http://iot-user', 'GET', '60', '3', '2023-12-18 19:19:25', '0');
INSERT INTO `c_service` VALUES ('982023121819520006', 'visitType.listVisitType', 'API', '查询访客类型', '1', 'CMD', 'http://iot-accessControl', 'GET', '60', '3', '2023-12-18 11:21:26', '0');
INSERT INTO `c_service` VALUES ('982023121826360042', 'visit.listVisit', 'API', '查询访客人员', '1', 'CMD', 'http://iot-accessControl', 'GET', '60', '3', '2023-12-18 13:51:10', '0');
INSERT INTO `c_service` VALUES ('982023121833800021', 'personFace.authPersonFace', 'API', '人脸审核', '1', 'CMD', 'http://iot-user', 'POST', '60', '3', '2023-12-18 22:07:07', '0');
INSERT INTO `c_service` VALUES ('982023121838920019', 'personFace.deletePersonFace', 'API', '删除人脸审核', '1', 'CMD', 'http://iot-user', 'POST', '60', '3', '2023-12-18 22:06:13', '0');
INSERT INTO `c_service` VALUES ('982023121841870010', 'personFace.updatePersonFaceQrcode', 'API', '修改人脸二维码', '1', 'CMD', 'http://iot-user', 'POST', '60', '3', '2023-12-18 19:20:20', '0');
INSERT INTO `c_service` VALUES ('982023121844320004', 'personFace.deletePersonFaceQrcode', 'API', '删除人脸二维码', '1', 'CMD', 'http://iot-user', 'POST', '60', '3', '2023-12-18 19:18:57', '0');
INSERT INTO `c_service` VALUES ('982023121850790017', 'personFace.savePersonFace', 'API', '保存人脸审核', '1', 'CMD', 'http://iot-user', 'POST', '60', '3', '2023-12-18 22:05:40', '0');
INSERT INTO `c_service` VALUES ('982023121879940008', 'personFace.savePersonFaceQrcode', 'API', '保存人脸二维码', '1', 'CMD', 'http://iot-user', 'POST', '60', '3', '2023-12-18 19:19:53', '0');
INSERT INTO `c_service` VALUES ('982023121894910001', 'visit.saveVisit', 'API', '访客登记', '1', 'CMD', 'http://iot-accessControl', 'POST', '60', '3', '2023-12-18 11:02:19', '0');
INSERT INTO `c_service` VALUES ('982023121902860005', 'meterQrcode.updateMeterQrcode', 'API', '更新水电二维码', '1', 'CMD', 'http://iot-meter', 'POST', '60', '3', '2023-12-19 14:35:59', '0');
INSERT INTO `c_service` VALUES ('982023121933440001', 'meterQrcode.listMeterQrcode', 'API', '查询水电二维码', '1', 'CMD', 'http://iot-meter', 'GET', '60', '3', '2023-12-19 14:34:19', '0');
INSERT INTO `c_service` VALUES ('982023121947500002', 'room.queryRoomsByApp', 'API', '查询房屋app专用', '1', 'CMD', 'http://iot-community', 'GET', '60', '3', '2023-12-19 14:20:35', '0');
INSERT INTO `c_service` VALUES ('982023121953580003', 'meterQrcode.saveMeterQrcode', 'API', '新增水电二维码', '1', 'CMD', 'http://iot-meter', 'POST', '60', '3', '2023-12-19 14:35:08', '0');
INSERT INTO `c_service` VALUES ('982023121957440007', 'meterQrcode.deleteMeterQrcode', 'API', '删除水电二维码', '1', 'CMD', 'http://iot-meter', 'POST', '60', '3', '2023-12-19 14:36:51', '0');
INSERT INTO `c_service` VALUES ('982023122008450016', 'accessControl.queryAcInoutStatistics', 'API', '查询进出统计', '1', 'CMD', 'http://iot-accessControl', 'GET', '60', '3', '2023-12-20 19:46:27', '0');
INSERT INTO `c_service` VALUES ('982023122017510009', 'passcode.listPassQrcode', 'API', '查询通行码', '1', 'CMD', 'http://iot-user', 'GET', '60', '3', '2023-12-20 01:47:18', '0');
INSERT INTO `c_service` VALUES ('982023122038180002', 'meterMachineCharge.listMeterMachineCharge', 'API', '查询水电表充值记录', '1', 'CMD', 'http://iot-meter', 'GET', '60', '3', '2023-12-20 15:23:58', '0');
INSERT INTO `c_service` VALUES ('982023122047180013', 'passcode.savePassQrcodeSetting', 'API', '保存通行码设置', '1', 'CMD', 'http://iot-user', 'POST', '60', '3', '2023-12-20 01:48:32', '0');
INSERT INTO `c_service` VALUES ('982023122047370001', 'meterQrcode.listMeterQrcode', 'API', '查询水电二维码', '1', 'CMD', 'http://iot-meter', 'GET', '60', '3', '2023-12-20 10:18:01', '0');
INSERT INTO `c_service` VALUES ('982023122051650015', 'passcode.applyPassQrcode', 'API', '申请通行码', '1', 'CMD', 'http://iot-user', 'POST', '60', '3', '2023-12-20 12:50:05', '0');
INSERT INTO `c_service` VALUES ('982023122052140001', 'passcode.refreshPassQrcode', 'API', '刷新通行二维码', '1', 'CMD', 'http://iot-user', 'POST', '60', '3', '2023-12-20 14:06:43', '0');
INSERT INTO `c_service` VALUES ('982023122058900001', 'meterMachine.listMeterMachine', 'API', '查询水电表', '1', 'CMD', 'http://iot-meter', 'GET', '60', '3', '2023-12-20 14:49:20', '0');
INSERT INTO `c_service` VALUES ('982023122062270001', 'passcode.auditPassQrcode', 'API', '通行码审核', '1', 'CMD', 'http://iot-user', 'POST', '60', '3', '2023-12-20 17:00:55', '0');
INSERT INTO `c_service` VALUES ('982023122066010015', 'passcode.updatePassQrcodeSetting', 'API', '修改通行码设置', '1', 'CMD', 'http://iot-user', 'POST', '60', '3', '2023-12-20 01:49:01', '0');
INSERT INTO `c_service` VALUES ('982023122082660005', 'passcode.deletePassQrcode', 'API', '删除通行码', '1', 'CMD', 'http://iot-user', 'POST', '60', '3', '2023-12-20 01:45:41', '0');
INSERT INTO `c_service` VALUES ('982023122085820007', 'passcode.deletePassQrcodeSetting', 'API', '删除通信码设置', '1', 'CMD', 'http://iot-user', 'POST', '60', '3', '2023-12-20 01:46:32', '0');
INSERT INTO `c_service` VALUES ('982023122099500011', 'passcode.listPassQrcodeSetting', 'API', '查询通行码设置', '1', 'CMD', 'http://iot-user', 'GET', '60', '3', '2023-12-20 01:47:48', '0');
INSERT INTO `c_service` VALUES ('982023122119330013', 'charge.queryOrderMoneyStatistics', 'API', '查询充电金额统计', '1', 'CMD', 'http://iot-charge', 'GET', '60', '3', '2023-12-21 11:46:47', '0');
INSERT INTO `c_service` VALUES ('982023122127000007', 'charge.queryMonthCountStatistics', 'API', '查询月卡数统计', '1', 'CMD', 'http://iot-charge', 'GET', '60', '3', '2023-12-21 11:45:08', '0');
INSERT INTO `c_service` VALUES ('982023122140270006', 'meter.queryMeterCountStatistics', 'API', '查询充值订单数统计', '1', 'CMD', 'http://iot-meter', 'GET', '60', '3', '2023-12-21 13:56:43', '0');
INSERT INTO `c_service` VALUES ('982023122146210006', 'accessControl.queryAcLogStatistics', 'API', '查询下发人员统计', '1', 'CMD', 'http://iot-accessControl', 'GET', '60', '3', '2023-12-21 09:12:32', '0');
INSERT INTO `c_service` VALUES ('982023122147950008', 'meter.queryMeterMoneyStatistics', 'API', '查询充值金额订单数', '1', 'CMD', 'http://iot-meter', 'GET', '60', '3', '2023-12-21 13:57:16', '0');
INSERT INTO `c_service` VALUES ('982023122173110001', 'accessControl.queryAcFaceStatistics', 'API', '查询人脸审核统计', '1', 'CMD', 'http://iot-accessControl', 'GET', '60', '3', '2023-12-21 09:59:03', '0');
INSERT INTO `c_service` VALUES ('982023122174020005', 'accessControl.queryAcVisitStatistics', 'API', '查询访客统计', '1', 'CMD', 'http://iot-accessControl', 'GET', '60', '3', '2023-12-21 09:45:55', '0');
INSERT INTO `c_service` VALUES ('982023122177680011', 'charge.queryOrderCountStatistics', 'API', '查询充电订单统计', '1', 'CMD', 'http://iot-charge', 'GET', '60', '3', '2023-12-21 11:46:17', '0');
INSERT INTO `c_service` VALUES ('982023122193640009', 'charge.queryMonthMoneyStatistics', 'API', '查询月卡金额统计', '1', 'CMD', 'http://iot-charge', 'GET', '60', '3', '2023-12-21 11:45:41', '0');
INSERT INTO `c_service` VALUES ('982024012118760002', 'community.addCommunityApi', 'API', '同步小区', '1', 'CMD', 'http://iot-openapi', 'POST', '60', '3', '2024-01-21 19:09:02', '0');
INSERT INTO `c_service` VALUES ('982024012128580006', 'car.addCarApi', 'API', '同步车辆', '1', 'CMD', 'http://iot-openapi', 'POST', '60', '3', '2024-01-21 19:10:44', '0');
INSERT INTO `c_service` VALUES ('982024012139130004', 'owner.addOwnerApi', 'API', '同步业主', '1', 'CMD', 'http://iot-openapi', 'POST', '60', '3', '2024-01-21 19:09:58', '0');
INSERT INTO `c_service` VALUES ('982024012141030008', 'staff.addStaffApi', 'API', '同步员工', '1', 'CMD', 'http://iot-openapi', 'POST', '60', '3', '2024-01-21 19:11:17', '0');
INSERT INTO `c_service` VALUES ('982024012258280015', 'car.deleteCarApi', 'API', '同步删除车辆', '1', 'CMD', 'http://iot-openapi', 'POST', '60', '3', '2024-01-22 22:57:46', '0');
INSERT INTO `c_service` VALUES ('982024012297000017', 'owner.deleteOwnerApi', 'API', '同步删除业主', '1', 'CMD', 'http://iot-openapi', 'POST', '60', '3', '2024-01-22 22:58:27', '0');
INSERT INTO `c_service` VALUES ('982024012400000018', 'attendance.listAttendanceCheckin', 'API', '打卡记录', '1', 'CMD', 'http://iot-accessControl', 'GET', '60', '3', '2024-01-24 18:42:08', '0');
INSERT INTO `c_service` VALUES ('982024012406520012', 'attendance.listAttendanceMachineLog', 'API', '查询考勤机下发日志', '1', 'CMD', 'http://iot-accessControl', 'GET', '60', '3', '2024-01-24 18:22:52', '0');
INSERT INTO `c_service` VALUES ('982024012430780003', 'attendance.saveAttendanceMachine', 'API', '添加考勤设备', '1', 'CMD', 'http://iot-accessControl', 'POST', '60', '3', '2024-01-24 15:47:17', '0');
INSERT INTO `c_service` VALUES ('982024012445110001', 'staff.deleteStaffApi', 'API', '删除员工接口', '1', 'CMD', 'http://iot-openapi', 'POST', '60', '3', '2024-01-24 12:00:30', '0');
INSERT INTO `c_service` VALUES ('982024012452500007', 'attendance.deleteAttendanceMachine', 'API', '删除考勤设备', '1', 'CMD', 'http://iot-accessControl', 'POST', '60', '3', '2024-01-24 15:48:16', '0');
INSERT INTO `c_service` VALUES ('982024012457080018', 'attendance.deleteAttendanceStaff', 'API', '删除考勤人员', '1', 'CMD', 'http://iot-accessControl', 'POST', '60', '3', '2024-01-24 17:24:37', '0');
INSERT INTO `c_service` VALUES ('982024012460250001', 'attendance.listAttendanceMachine', 'API', '查询考勤设备', '1', 'CMD', 'http://iot-accessControl', 'GET', '60', '3', '2024-01-24 15:46:44', '0');
INSERT INTO `c_service` VALUES ('982024012478490016', 'attendance.saveAttendanceStaff', 'API', '添加考勤员工', '1', 'CMD', 'http://iot-accessControl', 'POST', '60', '3', '2024-01-24 17:23:59', '0');
INSERT INTO `c_service` VALUES ('982024012496280005', 'attendance.updateAttendanceMachine', 'API', '修改考勤设备', '1', 'CMD', 'http://iot-accessControl', 'POST', '60', '3', '2024-01-24 15:47:44', '0');
INSERT INTO `c_service` VALUES ('982024012498230014', 'attendance.listAttendanceStaff', 'API', '查询考勤员工', '1', 'CMD', 'http://iot-accessControl', 'GET', '60', '3', '2024-01-24 17:20:09', '0');
INSERT INTO `c_service` VALUES ('982024012527030003', 'staff.addAttendanceStaffApi', 'API', '同步考勤员工', '1', 'CMD', 'http://iot-openapi', 'POST', '60', '3', '2024-01-25 04:41:29', '0');
INSERT INTO `c_service` VALUES ('982024012533370005', 'staff.deleteAttendanceStaffApi', 'API', '同步删除考勤员工', '1', 'CMD', 'http://iot-openapi', 'POST', '60', '3', '2024-01-25 04:42:01', '0');
INSERT INTO `c_service` VALUES ('982024012565700008', 'sso.getSsoToken', 'API', '获取临时票据', '1', 'CMD', 'http://iot-openapi', 'POST', '60', '3', '2024-01-25 13:19:11', '0');
INSERT INTO `c_service` VALUES ('982024012569880010', 'login.ssoTokenLogin', 'API', '单点登录', '1', 'CMD', 'http://iot-user', 'POST', '60', '3', '2024-01-25 13:19:50', '0');
INSERT INTO `c_service` VALUES ('982024013109910015', 'common.openCommonApi', 'API', '通用接口', '1', 'CMD', 'http://iot-openapi', 'POST', '60', '3', '2024-01-31 14:59:30', '0');
INSERT INTO `c_service` VALUES ('982024013150640010', 'liftMachineAc.saveLiftMachineAc', 'API', '保存电梯门禁', '1', 'CMD', 'http://iot-lift', 'POST', '60', '3', '2024-01-31 11:37:30', '0');
INSERT INTO `c_service` VALUES ('982024013155030012', 'liftMachineLog.listLiftRideLog', 'API', '查询电梯乘坐记录', '1', 'CMD', 'http://iot-lift', 'GET', '60', '3', '2024-01-31 12:04:20', '0');
INSERT INTO `c_service` VALUES ('982024013166490012', 'liftMachineAc.deleteLiftMachineAc', 'API', '删除电梯门禁', '1', 'CMD', 'http://iot-lift', 'POST', '60', '3', '2024-01-31 11:38:02', '0');
INSERT INTO `c_service` VALUES ('982024013169190008', 'liftMachineAc.listLiftMachineAc', 'API', '查询电梯门禁', '1', 'CMD', 'http://iot-lift', 'GET', '60', '3', '2024-01-31 11:36:49', '0');
INSERT INTO `c_service` VALUES ('982024020526460003', 'appUser.queryBindRoom', 'API', '查询认证房屋', '1', 'CMD', 'http://iot-user', 'GET', '60', '3', '2024-02-05 20:16:50', '0');
INSERT INTO `c_service` VALUES ('982024020530720018', 'passcode.openPassQrcode', 'API', '开通通行码', '1', 'CMD', 'http://iot-user', 'POST', '60', '3', '2024-02-05 22:50:17', '0');
INSERT INTO `c_service` VALUES ('982024020535860016', 'passcode.refreshUserPassQrcode', 'API', '用户通行码', '1', 'CMD', 'http://iot-user', 'POST', '60', '3', '2024-02-05 22:14:08', '0');
INSERT INTO `c_service` VALUES ('982024020569760003', 'user.userSendSms', 'API', '发送验证码', '1', 'CMD', 'http://iot-user', 'POST', '60', '3', '2024-02-05 17:54:23', '0');
INSERT INTO `c_service` VALUES ('982024020626920005', 'accessControl.reSendAccessControlFace', 'API', '重新全量下发人脸', '1', 'CMD', 'http://iot-accessControl', 'POST', '60', '3', '2024-02-06 12:22:29', '0');
INSERT INTO `c_service` VALUES ('982024020629050008', 'accessControl.listOwnerAccessControl', 'API', '查询用户门禁', '1', 'CMD', 'http://iot-accessControl', 'GET', '60', '3', '2024-02-06 22:20:28', '0');
INSERT INTO `c_service` VALUES ('982024020692140001', 'accessControl.ownerOpenAccessControlDoor', 'API', '业主开门', '1', 'CMD', 'http://iot-accessControl', 'POST', '60', '3', '2024-02-06 22:44:25', '0');
INSERT INTO `c_service` VALUES ('982024020816050001', 'accessControlLog.listOwnerFaceDownload', 'API', '查询人脸下发', '1', 'CMD', 'http://iot-accessControl', 'GET', '60', '3', '2024-02-08 15:08:08', '0');
INSERT INTO `c_service` VALUES ('982024020830400009', 'owner.listOwnerFace', 'API', '查询业主人脸', '1', 'CMD', 'http://iot-user', 'GET', '60', '3', '2024-02-08 03:46:43', '0');
INSERT INTO `c_service` VALUES ('982024020837070001', 'owner.uploadOwnerPhoto', 'API', '上传业主人脸', '1', 'CMD', 'http://iot-user', 'POST', '60', '3', '2024-02-08 04:00:47', '0');
INSERT INTO `c_service` VALUES ('982024020841260078', 'privilegeGroup.deletePrivilegeGroup', 'API', '删除角色', '1', 'CMD', 'http://iot-user', 'POST', '60', '3', '2024-02-08 02:18:37', '0');
INSERT INTO `c_service` VALUES ('982024020844280076', 'privilegeGroup.updatePrivilegeGroup', 'API', '修改角色', '1', 'CMD', 'http://iot-user', 'POST', '60', '3', '2024-02-08 02:17:59', '0');
INSERT INTO `c_service` VALUES ('982024020898490001', 'visit.listOwnerVisit', 'API', '查询业主访客', '1', 'CMD', 'http://iot-accessControl', 'GET', '60', '3', '2024-02-08 15:33:08', '0');
INSERT INTO `c_service` VALUES ('982024021804290013', 'carMonth.listUserCarMonthOrder', 'API', '查询车辆月卡记录', '1', 'CMD', 'http://iot-car', 'GET', '60', '3', '2024-02-18 11:38:53', '0');
INSERT INTO `c_service` VALUES ('982024021814580001', 'community.listCommunitys', 'API', '物联网h5小区列表', '1', 'CMD', 'http://iot-community', 'GET', '60', '3', '2024-02-18 10:02:29', '0');
INSERT INTO `c_service` VALUES ('982024021821810020', 'car.listUserCar', 'API', '查询业主车辆', '1', 'CMD', 'http://iot-car', 'GET', '60', '3', '2024-02-18 13:47:45', '0');
INSERT INTO `c_service` VALUES ('982024021841050001', 'appUser.saveAppUser', 'API', '新增房屋认证', '1', 'CMD', 'http://iot-user', 'POST', '60', '3', '2024-02-18 15:38:32', '0');
INSERT INTO `c_service` VALUES ('982024021853370100', 'owner.listUserOwner', 'API', '查询用户业主信息', '1', 'CMD', 'http://iot-user', 'GET', '60', '3', '2024-02-18 00:08:52', '0');
INSERT INTO `c_service` VALUES ('982024021854780010', 'room.queryUserRoom', 'API', '查询业主房屋', '1', 'CMD', 'http://iot-community', 'GET', '60', '3', '2024-02-18 10:19:22', '0');
INSERT INTO `c_service` VALUES ('982024021855830017', 'store.listUserProperty', 'API', '查询用户物业', '1', 'CMD', 'http://iot-user', 'GET', '60', '3', '2024-02-18 09:58:34', '0');
INSERT INTO `c_service` VALUES ('982024021857050022', 'appUser.updateAppUser', 'API', '房屋认证审核', '1', 'CMD', 'http://iot-user', 'POST', '60', '3', '2024-02-18 16:19:09', '0');
INSERT INTO `c_service` VALUES ('982024021862590019', 'chargeCard.listUserChargeMonthOrder', 'API', '查询用户充值订单', '1', 'CMD', 'http://iot-charge', 'GET', '60', '3', '2024-02-18 12:11:52', '0');
INSERT INTO `c_service` VALUES ('982024022922880009', 'workLicense.listWorkLicensePos', 'API', '查询工牌位置', '1', 'CMD', 'http://iot-charge', 'GET', '60', '3', '2024-02-29 15:16:56', '0');
INSERT INTO `c_service` VALUES ('982024022942580011', 'workLicense.updateWorkLicenseMachine', 'API', '修改工牌', '1', 'CMD', 'http://iot-charge', 'POST', '60', '3', '2024-02-29 15:17:28', '0');
INSERT INTO `c_service` VALUES ('982024022963210003', 'workLicense.deleteWorkLicenseMachine', 'API', '删除工牌', '1', 'CMD', 'http://iot-charge', 'POST', '60', '3', '2024-02-29 15:13:06', '0');
INSERT INTO `c_service` VALUES ('982024022963740005', 'workLicense.listWorkLicenseLog', 'API', '查询工牌下发日志', '1', 'CMD', 'http://iot-charge', 'GET', '60', '3', '2024-02-29 15:14:43', '0');
INSERT INTO `c_service` VALUES ('982024022986980074', 'workLicenseFactory.saveWorkLicenseFactory', 'API', '添加工牌厂家', '1', 'CMD', 'http://iot-charge', 'POST', '60', '3', '2024-02-29 02:13:34', '0');
INSERT INTO `c_service` VALUES ('982024022987610076', 'workLicenseFactory.updateWorkLicenseFactory', 'API', '修改工牌厂家', '1', 'CMD', 'http://iot-charge', 'POST', '60', '3', '2024-02-29 02:14:10', '0');
INSERT INTO `c_service` VALUES ('982024022990660001', 'workLicense.saveWorkLicenseMachine', 'API', '添加工牌', '1', 'CMD', 'http://iot-charge', 'POST', '60', '3', '2024-02-29 15:12:25', '0');
INSERT INTO `c_service` VALUES ('982024022995730070', 'workLicenseFactory.deleteWorkLicenseFactory', 'API', '删除工作牌厂家', '1', 'CMD', 'http://iot-charge', 'POST', '60', '3', '2024-02-29 02:12:30', '0');
INSERT INTO `c_service` VALUES ('982024022996270072', 'workLicenseFactory.listWorkLicenseFactory', 'API', '查询工牌厂家', '1', 'CMD', 'http://iot-charge', 'GET', '60', '3', '2024-02-29 02:13:01', '0');
INSERT INTO `c_service` VALUES ('982024022998680007', 'workLicense.listWorkLicenseMachine', 'API', '查询工牌', '1', 'CMD', 'http://iot-charge', 'GET', '60', '3', '2024-02-29 15:15:57', '0');
INSERT INTO `c_service` VALUES ('982024030188400021', 'workLicense.playPps', 'API', '工牌播放语音', '1', 'CMD', 'http://iot-charge', 'POST', '60', '3', '2024-03-01 17:32:38', '0');
INSERT INTO `c_service` VALUES ('982024030517080032', 'spaceMachineFactory.deleteSpaceMachineFactory', 'API', '删除地磁厂家', '1', 'CMD', 'http://iot-car', 'POST', '60', '3', '2024-03-05 22:06:05', '0');
INSERT INTO `c_service` VALUES ('982024030536790027', 'parkingSpaceMachine.deleteParkingSpaceMachine', 'API', '删除车位地磁', '1', 'CMD', 'http://iot-car', 'POST', '60', '3', '2024-03-05 22:49:05', '0');
INSERT INTO `c_service` VALUES ('982024030542340025', 'parkingSpaceMachine.updateParkingSpaceMachine', 'API', '修改车位地磁', '1', 'CMD', 'http://iot-car', 'POST', '60', '3', '2024-03-05 22:48:34', '0');
INSERT INTO `c_service` VALUES ('982024030542580034', 'spaceMachineFactory.listSpaceMachineFactory', 'API', '查询地磁厂家', '1', 'CMD', 'http://iot-car', 'GET', '60', '3', '2024-03-05 22:06:31', '0');
INSERT INTO `c_service` VALUES ('982024030545520036', 'spaceMachineFactory.saveSpaceMachineFactory', 'API', '保存地磁厂家', '1', 'CMD', 'http://iot-car', 'POST', '60', '3', '2024-03-05 22:07:05', '0');
INSERT INTO `c_service` VALUES ('982024030559260023', 'parkingSpaceMachine.saveParkingSpaceMachine', 'API', '添加车位地磁', '1', 'CMD', 'http://iot-car', 'POST', '60', '3', '2024-03-05 22:47:59', '0');
INSERT INTO `c_service` VALUES ('982024030568460021', 'parkingSpaceMachine.listParkingSpaceMachine', 'API', '查询车位地磁', '1', 'CMD', 'http://iot-car', 'GET', '60', '3', '2024-03-05 22:47:30', '0');
INSERT INTO `c_service` VALUES ('982024030590950038', 'spaceMachineFactory.updateSpaceMachineFactory', 'API', '修改地磁厂家', '1', 'CMD', 'http://iot-car', 'POST', '60', '3', '2024-03-05 22:07:30', '0');
INSERT INTO `c_service` VALUES ('982024030711820161', 'parkingRegion.listParkingRegion', 'API', '查询停车区域', '1', 'CMD', 'http://iot-car', 'GET', '60', '3', '2024-03-07 19:16:18', '0');
INSERT INTO `c_service` VALUES ('982024030746710165', 'parkingRegion.saveParkingRegion', 'API', '保存停车区域', '1', 'CMD', 'http://iot-car', 'POST', '60', '3', '2024-03-07 19:18:00', '0');
INSERT INTO `c_service` VALUES ('982024030753340006', 'parkingArea.findCarInParkingArea', 'API', '停车场找车', '1', 'CMD', 'http://iot-car', 'GET', '60', '3', '2024-03-07 00:21:09', '0');
INSERT INTO `c_service` VALUES ('982024030759560163', 'parkingRegion.deleteParkingRegion', 'API', '删除停车区域', '1', 'CMD', 'http://iot-car', 'POST', '60', '3', '2024-03-07 19:17:31', '0');
INSERT INTO `c_service` VALUES ('982024030766450167', 'parkingRegion.updateParkingRegion', 'API', '修改停车区域', '1', 'CMD', 'http://iot-car', 'POST', '60', '3', '2024-03-07 19:18:34', '0');
INSERT INTO `c_service` VALUES ('982024030928520090', 'barrier.getCloudFlvVideo', 'API', '播放道闸云端视频', '1', 'CMD', 'http://iot-barrier', 'GET', '60', '3', '2024-03-09 12:17:02', '0');

-- ----------------------------
-- Table structure for c_service_business
-- ----------------------------
DROP TABLE IF EXISTS `c_service_business`;
CREATE TABLE `c_service_business` (
  `service_business_id` int NOT NULL AUTO_INCREMENT COMMENT 'id',
  `business_type_cd` varchar(12) DEFAULT NULL,
  `invoke_type` varchar(4) NOT NULL COMMENT '调用类型，1 http-post(微服务内应用) 2 webservice 3 http-post(微服务之外应用)',
  `url` varchar(200) DEFAULT NULL COMMENT '目标地址',
  `message_topic` varchar(50) DEFAULT NULL COMMENT '异步时的消息topic名称',
  `timeout` int NOT NULL DEFAULT '60' COMMENT '超时时间',
  `retry_count` int NOT NULL DEFAULT '3' COMMENT '重试次数',
  `create_time` timestamp NOT NULL DEFAULT CURRENT_TIMESTAMP COMMENT '创建时间',
  `status_cd` varchar(2) NOT NULL DEFAULT '0' COMMENT '数据状态，详细参考c_status表，0在用，1失效',
  PRIMARY KEY (`service_business_id`),
  UNIQUE KEY `business_type_cd` (`business_type_cd`) USING BTREE
) ENGINE=InnoDB AUTO_INCREMENT=2 DEFAULT CHARSET=utf8mb4 COLLATE=utf8mb4_0900_ai_ci;

-- ----------------------------
-- Records of c_service_business
-- ----------------------------
INSERT INTO `c_service_business` VALUES ('1', 'abc', '1', 'sdf', 's', '60', '3', '2023-02-12 20:12:36', '1');

-- ----------------------------
-- Table structure for c_service_sql
-- ----------------------------
DROP TABLE IF EXISTS `c_service_sql`;
CREATE TABLE `c_service_sql` (
  `id` int NOT NULL AUTO_INCREMENT COMMENT 'id',
  `service_code` varchar(50) NOT NULL COMMENT '对应c_service表',
  `name` varchar(50) NOT NULL COMMENT '名称',
  `params` varchar(500) NOT NULL COMMENT '参数',
  `query_model` varchar(1) NOT NULL COMMENT '查询方式 1、sql,2、存储过程',
  `sql` longtext COMMENT '执行sql',
  `proc` varchar(200) DEFAULT NULL COMMENT '存储过程名称',
  `java_script` longtext COMMENT '执行java脚本代码',
  `template` longtext COMMENT '输出模板',
  `remark` varchar(200) DEFAULT NULL COMMENT '描述',
  `create_time` timestamp NOT NULL DEFAULT CURRENT_TIMESTAMP COMMENT '创建时间',
  `status_cd` varchar(2) NOT NULL DEFAULT '0' COMMENT '数据状态，详细参考c_status表，0在用，1失效',
  PRIMARY KEY (`id`),
  UNIQUE KEY `service_code` (`service_code`) USING BTREE
) ENGINE=InnoDB AUTO_INCREMENT=62 DEFAULT CHARSET=utf8;

-- ----------------------------
-- Records of c_service_sql
-- ----------------------------

-- ----------------------------
-- Table structure for car_black_white
-- ----------------------------
DROP TABLE IF EXISTS `car_black_white`;
CREATE TABLE `car_black_white` (
  `bw_id` varchar(30) NOT NULL COMMENT '黑白名单ID',
  `b_id` varchar(30) DEFAULT '-1' COMMENT '业务ID',
  `community_id` varchar(30) NOT NULL COMMENT '小区ID',
  `black_white` varchar(12) NOT NULL COMMENT '黑白名单标识 1111 黑名单 2222 白名单',
  `car_num` varchar(12) NOT NULL COMMENT '车牌号',
  `start_time` datetime NOT NULL COMMENT '开始时间',
  `end_time` datetime NOT NULL COMMENT '结束时间',
  `create_time` timestamp NOT NULL DEFAULT CURRENT_TIMESTAMP COMMENT '创建时间',
  `status_cd` varchar(2) NOT NULL DEFAULT '0' COMMENT '数据状态，详细参考c_status表，S 保存，0, 在用 1失效',
  `pa_id` varchar(30) NOT NULL COMMENT '停车场ID'
) ENGINE=InnoDB DEFAULT CHARSET=utf8;

-- ----------------------------
-- Records of car_black_white
-- ----------------------------
INSERT INTO `car_black_white` VALUES ('102023092118210002', null, '102023021386560001', '1111', '111', '2023-09-08 01:05:00', '2023-09-30 00:00:00', '2023-09-21 13:51:57', '1', '102023092143870036');

-- ----------------------------
-- Table structure for car_inout
-- ----------------------------
DROP TABLE IF EXISTS `car_inout`;
CREATE TABLE `car_inout` (
  `ci_id` varchar(64) NOT NULL COMMENT '主键ID',
  `inout_id` varchar(64) NOT NULL COMMENT '进出ID',
  `community_id` varchar(64) NOT NULL COMMENT '小区ID',
  `car_num` varchar(64) NOT NULL COMMENT '车牌号',
  `car_inout` varchar(12) NOT NULL COMMENT '3306 进场 3307 出场',
  `open_time` datetime NOT NULL COMMENT '时间',
  `machine_id` varchar(30) NOT NULL COMMENT '设备ID',
  `machine_code` varchar(30) NOT NULL COMMENT '设备编码',
  `create_time` timestamp NOT NULL DEFAULT CURRENT_TIMESTAMP COMMENT '创建时间',
  `remark` varchar(500) DEFAULT NULL COMMENT '备注',
  `status_cd` varchar(2) NOT NULL DEFAULT '0' COMMENT '数据状态，详细参考c_status表，S 保存，0, 在用 1失效',
  `pa_id` varchar(64) NOT NULL COMMENT '停车场ID',
  `pa_num` varchar(64) NOT NULL COMMENT '停车场编号',
  `state` varchar(12) NOT NULL COMMENT '状态，100300 进场状态 100400 支付完成 100500 离场状态 100600 支付超时重新支付',
  `car_type` varchar(12) NOT NULL COMMENT '车辆类型，1001 月租车 1003 临时车',
  `car_type_name` varchar(128) NOT NULL COMMENT '类型名称',
  `photo_jpg` varchar(512) DEFAULT NULL COMMENT '开门图片',
  `in_time` datetime NOT NULL COMMENT '进场时间',
  PRIMARY KEY (`ci_id`),
  KEY `cid_inout_id` (`inout_id`),
  KEY `cid_community_id` (`community_id`),
  KEY `cid_car_num` (`car_num`),
  KEY `cid_pa_id` (`pa_id`)
) ENGINE=InnoDB DEFAULT CHARSET=utf8;

-- ----------------------------
-- Records of car_inout
-- ----------------------------

-- ----------------------------
-- Table structure for car_inout_payment
-- ----------------------------
DROP TABLE IF EXISTS `car_inout_payment`;
CREATE TABLE `car_inout_payment` (
  `payment_id` varchar(30) NOT NULL COMMENT '扩展ID',
  `inout_id` varchar(30) NOT NULL COMMENT '进出ID',
  `community_id` varchar(30) NOT NULL COMMENT '小区ID',
  `pa_id` varchar(30) NOT NULL COMMENT '停车场ID',
  `pay_type` varchar(12) NOT NULL COMMENT '支付方式 1，现金 2 微信，3 支付宝',
  `pay_charge` varchar(12) DEFAULT NULL COMMENT '应收金额',
  `real_charge` varchar(12) DEFAULT NULL COMMENT '实收金额',
  `create_time` timestamp NOT NULL DEFAULT CURRENT_TIMESTAMP COMMENT '创建时间',
  `status_cd` varchar(2) NOT NULL DEFAULT '0' COMMENT '数据状态，详细参考c_status表，S 保存，0, 在用 1失效',
  PRIMARY KEY (`payment_id`),
  KEY `cip_inout_id` (`inout_id`),
  KEY `cip_community_id` (`community_id`),
  KEY `cip_pa_id` (`pa_id`)
) ENGINE=InnoDB DEFAULT CHARSET=utf8;

-- ----------------------------
-- Records of car_inout_payment
-- ----------------------------
INSERT INTO `car_inout_payment` VALUES ('92024020166870034', '112024020147010001', '2024012252790005', '102024012226070099', '1', null, '0.0', '2024-02-01 15:45:39', '0');

-- ----------------------------
-- Table structure for car_inout_temp_auth
-- ----------------------------
DROP TABLE IF EXISTS `car_inout_temp_auth`;
CREATE TABLE `car_inout_temp_auth` (
  `auth_id` varchar(64) NOT NULL COMMENT '审核ID',
  `car_num` varchar(64) NOT NULL COMMENT '车牌号',
  `car_type` varchar(12) NOT NULL COMMENT '0小车 1大车',
  `community_id` varchar(30) NOT NULL COMMENT '小区ID',
  `pa_id` varchar(64) NOT NULL COMMENT '停车场ID',
  `pa_num` varchar(64) NOT NULL COMMENT '停车场编号',
  `machine_id` varchar(64) DEFAULT NULL COMMENT '设备ID',
  `machine_code` varchar(64) DEFAULT NULL COMMENT '设备编号',
  `machine_name` varchar(64) DEFAULT NULL COMMENT '设备名称',
  `phone_jpg` varchar(512) DEFAULT NULL COMMENT '照片',
  `state` varchar(12) NOT NULL COMMENT '状态 W 待审核 C 审核通过 F审核失败',
  `msg` varchar(512) DEFAULT NULL COMMENT '审核意见',
  `remark` varchar(512) DEFAULT NULL COMMENT '备注',
  `create_time` timestamp NOT NULL DEFAULT CURRENT_TIMESTAMP COMMENT '创建时间',
  `status_cd` varchar(2) NOT NULL DEFAULT '0' COMMENT '数据状态，详细参考c_status表，S 保存，0, 在用 1失效',
  PRIMARY KEY (`auth_id`)
) ENGINE=InnoDB DEFAULT CHARSET=utf8;

-- ----------------------------
-- Records of car_inout_temp_auth
-- ----------------------------

-- ----------------------------
-- Table structure for car_month_card
-- ----------------------------
DROP TABLE IF EXISTS `car_month_card`;
CREATE TABLE `car_month_card` (
  `card_id` varchar(30) NOT NULL COMMENT '卡ID',
  `card_name` varchar(200) NOT NULL COMMENT '名称',
  `card_month` int NOT NULL DEFAULT '1' COMMENT '月',
  `card_price` decimal(10,2) NOT NULL COMMENT '月价',
  `community_id` varchar(30) NOT NULL COMMENT '小区ID',
  `pa_id` varchar(30) NOT NULL COMMENT '车位ID',
  `create_time` timestamp NOT NULL DEFAULT CURRENT_TIMESTAMP COMMENT '创建时间',
  `status_cd` varchar(2) NOT NULL DEFAULT '0' COMMENT '数据状态，详细参考c_status表，S 保存，0, 在用 1失效',
  `remark` varchar(512) DEFAULT NULL COMMENT '备注',
  PRIMARY KEY (`card_id`) USING BTREE
) ENGINE=InnoDB DEFAULT CHARSET=utf8mb4 COLLATE=utf8mb4_0900_ai_ci;

-- ----------------------------
-- Records of car_month_card
-- ----------------------------
INSERT INTO `car_month_card` VALUES ('102023121412010002', '月卡A', '1', '200.00', '102023021386560001', '102023092143870036', '2023-12-14 13:28:30', '0', '');
INSERT INTO `car_month_card` VALUES ('102024021820140018', '1', '1', '80.00', '2024012252790005', '102024012226070099', '2024-02-18 13:32:36', '0', '');
INSERT INTO `car_month_card` VALUES ('102024021948080184', '季卡', '3', '100.00', '2023052267100146', '102024021932190140', '2024-02-19 10:30:29', '0', '');
INSERT INTO `car_month_card` VALUES ('102024021948910155', '停车管理费', '1', '25.00', '2023052267100146', '102023061679340015', '2024-02-19 10:24:39', '0', '');
INSERT INTO `car_month_card` VALUES ('102024021993240118', '普通车位', '1', '150.00', '2023052267100146', '102023061679340015', '2024-02-19 09:44:06', '0', '');

-- ----------------------------
-- Table structure for car_month_order
-- ----------------------------
DROP TABLE IF EXISTS `car_month_order`;
CREATE TABLE `car_month_order` (
  `order_id` varchar(30) NOT NULL COMMENT '订单ID',
  `card_id` varchar(30) NOT NULL COMMENT '卡ID',
  `car_num` varchar(12) NOT NULL COMMENT '车牌号',
  `car_id` varchar(30) NOT NULL COMMENT '汽车ID',
  `ps_id` varchar(30) NOT NULL COMMENT '车位ID',
  `community_id` varchar(30) NOT NULL COMMENT '小区ID',
  `prime_rate` decimal(10,2) NOT NULL COMMENT '支付方式',
  `receivable_amount` decimal(10,2) NOT NULL COMMENT '应收金额',
  `received_amount` decimal(10,2) NOT NULL COMMENT '实收金额',
  `start_time` datetime DEFAULT NULL COMMENT '费用开始时间',
  `end_time` datetime DEFAULT NULL COMMENT '费用结束时间',
  `state` varchar(12) NOT NULL DEFAULT '1001' COMMENT '状态，1001 正常 2002 退费',
  `create_time` timestamp NOT NULL DEFAULT CURRENT_TIMESTAMP COMMENT '创建时间',
  `status_cd` varchar(2) NOT NULL DEFAULT '0' COMMENT '数据状态，详细参考c_status表，S 保存，0, 在用 1失效',
  `remark` varchar(512) DEFAULT NULL COMMENT '备注',
  `cashier_id` varchar(30) DEFAULT NULL COMMENT '收银员ID，员工ID',
  `cashier_name` varchar(30) DEFAULT NULL COMMENT '收银员,员工',
  PRIMARY KEY (`order_id`) USING BTREE
) ENGINE=InnoDB DEFAULT CHARSET=utf8mb4 COLLATE=utf8mb4_0900_ai_ci;

-- ----------------------------
-- Records of car_month_order
-- ----------------------------
INSERT INTO `car_month_order` VALUES ('102023121406580002', '102023121412010002', '青A88456', '802023121431890016', '102023121413300013', '102023021386560001', '7.00', '200.00', '200.00', '2024-03-31 00:00:00', '2024-04-30 00:00:00', '2002', '2023-12-14 15:43:39', '0', '', '302023021495090004', '演示物业');
INSERT INTO `car_month_order` VALUES ('102024021920080125', '102024021993240118', '辽A11111', '802024021903650121', '792023061609020032', '2023052267100146', '1.00', '150.00', '150.00', '2024-02-29 00:00:00', '2024-03-29 00:00:00', '1001', '2024-02-19 09:45:53', '0', '', '302024012204210002', 'HC演示小区3');
INSERT INTO `car_month_order` VALUES ('102024021928070202', '102024021948080184', '辽A66666', '802024021985270198', '102024021963150195', '2023052267100146', '1.00', '100.00', '100.00', '2024-02-19 10:33:24', '2024-05-19 10:33:24', '1001', '2024-02-19 10:33:24', '0', '', '302024012204210002', 'HC演示小区3');
INSERT INTO `car_month_order` VALUES ('102024021944310206', '102024021948080184', '辽A66666', '802024021985270198', '102024021963150195', '2023052267100146', '1.00', '100.00', '100.00', '2024-05-19 10:33:24', '2024-08-19 10:33:24', '1001', '2024-02-19 10:34:07', '0', '', '302024012204210002', 'HC演示小区3');
INSERT INTO `car_month_order` VALUES ('102024021960620177', '102024021993240118', '辽A22222', '802024021986310173', '102024021915420169', '2023052267100146', '1.00', '150.00', '150.00', '2024-02-19 10:29:50', '2024-03-19 10:29:50', '2002', '2024-02-19 10:29:50', '0', '', '302024012204210002', 'HC演示小区3');
INSERT INTO `car_month_order` VALUES ('102024021975390158', '102024021948910155', '辽A33333', '802024021951860151', '792023061679330031', '2023052267100146', '1.00', '25.00', '150.00', '2050-01-01 00:00:00', '2050-02-01 00:00:00', '2002', '2024-02-19 10:25:48', '0', '', '302024012204210002', 'HC演示小区3');
INSERT INTO `car_month_order` VALUES ('102024021986510165', '102024021948910155', '辽A33333', '802024021951860151', '792023061679330031', '2023052267100146', '7.00', '25.00', '25.00', '2050-01-01 00:00:00', '2050-02-01 00:00:00', '1001', '2024-02-19 10:26:21', '0', '', '302024012204210002', 'HC演示小区3');
INSERT INTO `car_month_order` VALUES ('102024021999420191', '102024021948080184', '辽A55555', '802024021907790187', '102024021948850181', '2023052267100146', '1.00', '100.00', '100.00', '2024-02-19 10:31:52', '2024-05-19 10:31:52', '1001', '2024-02-19 10:31:52', '0', '', '302024012204210002', 'HC演示小区3');

-- ----------------------------
-- Table structure for charge_machine
-- ----------------------------
DROP TABLE IF EXISTS `charge_machine`;
CREATE TABLE `charge_machine` (
  `machine_id` varchar(30) CHARACTER SET utf8mb4 COLLATE utf8mb4_0900_ai_ci NOT NULL COMMENT '设备ID',
  `machine_name` varchar(200) CHARACTER SET utf8mb4 COLLATE utf8mb4_0900_ai_ci NOT NULL COMMENT '名称',
  `machine_code` varchar(30) CHARACTER SET utf8mb4 COLLATE utf8mb4_0900_ai_ci NOT NULL COMMENT '设备编号',
  `impl_bean` varchar(30) CHARACTER SET utf8mb4 COLLATE utf8mb4_0900_ai_ci NOT NULL COMMENT '厂家',
  `energy_price` decimal(10,2) NOT NULL DEFAULT '0.00' COMMENT '用量电价',
  `community_id` varchar(30) CHARACTER SET utf8mb4 COLLATE utf8mb4_0900_ai_ci NOT NULL COMMENT '小区ID',
  `heartbeat_time` datetime NOT NULL COMMENT '设备心跳时间',
  `charge_type` varchar(8) CHARACTER SET utf8mb4 COLLATE utf8mb4_0900_ai_ci NOT NULL COMMENT '充电类型，1001 电动摩托车，1002 电动汽车',
  `create_time` timestamp NOT NULL DEFAULT CURRENT_TIMESTAMP COMMENT '创建时间',
  `status_cd` varchar(2) CHARACTER SET utf8mb4 COLLATE utf8mb4_0900_ai_ci NOT NULL DEFAULT '0' COMMENT '数据状态，详细参考c_status表，S 保存，0, 在用 1失效',
  `rule_id` varchar(30) CHARACTER SET utf8mb4 COLLATE utf8mb4_0900_ai_ci NOT NULL COMMENT '规则',
  PRIMARY KEY (`machine_id`) USING BTREE
) ENGINE=InnoDB DEFAULT CHARSET=utf8mb4 COLLATE=utf8mb4_0900_ai_ci ROW_FORMAT=DYNAMIC;

-- ----------------------------
-- Records of charge_machine
-- ----------------------------
INSERT INTO `charge_machine` VALUES ('102023030829880011', '叮叮充电桩测试', '788616009567', '1', '1.30', '2023013154290059', '2023-03-08 01:51:27', '', '2023-03-08 01:51:27', '1', '');
INSERT INTO `charge_machine` VALUES ('102023030870610002', '测试叮叮充电桩', '123123122', '1', '1.20', '2023013154290059', '2023-03-08 01:19:18', '', '2023-03-08 01:19:19', '1', '');
INSERT INTO `charge_machine` VALUES ('102023031146610004', '调试充电桩', '11111111', '2', '1.00', '2023013154290059', '2023-03-11 02:07:38', '', '2023-03-11 02:07:39', '0', '');
INSERT INTO `charge_machine` VALUES ('102023031903550008', '叮叮充电桩', '788616009567', '1', '1.00', '2023013154290059', '2023-03-19 01:44:11', '', '2023-03-19 01:44:11', '0', '102023031827370013');
INSERT INTO `charge_machine` VALUES ('102023081837490017', '充电桩1', 'q0011', '1', '1.00', '102023021386560001', '2023-08-18 11:22:03', '', '2023-08-18 11:22:04', '1', '102023081760300022');
INSERT INTO `charge_machine` VALUES ('102023082234970002', 'new充电桩', '123', '3', '1.00', '102023021386560001', '2023-08-22 15:40:19', '1001', '2023-08-22 15:40:23', '1', '102023082147540006');
INSERT INTO `charge_machine` VALUES ('102023082254060012', '汽车充电桩1', '3211', '1', '1.00', '102023021386560001', '2023-10-24 08:45:05', '1002', '2023-08-22 15:42:10', '1', '102023082244160002');
INSERT INTO `charge_machine` VALUES ('102023082956630002', '1', '1', '2', '1.00', '102023021386560001', '2023-08-29 17:52:28', '1001', '2023-08-29 17:52:30', '1', '102023082244160002');
INSERT INTO `charge_machine` VALUES ('102023111625120007', '测试充电桩', '861551057005696', '3', '1.00', '102023021386560001', '2023-11-21 01:37:26', '1001', '2023-11-16 23:55:32', '0', '102023082244160002');
INSERT INTO `charge_machine` VALUES ('102023120490480010', '1', '11', '102023120469860005', '1.00', '102023021386560001', '2023-12-04 15:01:07', '1001', '2023-12-04 15:01:08', '1', '102023082244160002');
INSERT INTO `charge_machine` VALUES ('102024020382730024', '充电桩', '8615545454654511', '3', '1.00', '2024012252790005', '2024-02-03 17:45:23', '1001', '2024-02-03 17:45:23', '0', '102024020340350015');
INSERT INTO `charge_machine` VALUES ('102024022065870582', '飞鸽', 'XH12313001', '1', '1.00', '2023052267100146', '2024-02-20 11:17:22', '1001', '2024-02-20 11:17:22', '0', '102024021932270129');

-- ----------------------------
-- Table structure for charge_machine_factory
-- ----------------------------
DROP TABLE IF EXISTS `charge_machine_factory`;
CREATE TABLE `charge_machine_factory` (
  `factory_id` varchar(30) CHARACTER SET utf8mb4 COLLATE utf8mb4_0900_ai_ci NOT NULL COMMENT '厂家ID',
  `factory_name` varchar(64) CHARACTER SET utf8mb4 COLLATE utf8mb4_0900_ai_ci NOT NULL COMMENT '厂家名称',
  `bean_impl` varchar(512) CHARACTER SET utf8mb4 COLLATE utf8mb4_0900_ai_ci NOT NULL COMMENT '厂家处理类',
  `remark` varchar(512) CHARACTER SET utf8mb4 COLLATE utf8mb4_0900_ai_ci DEFAULT NULL COMMENT '备注',
  `create_time` timestamp NOT NULL DEFAULT CURRENT_TIMESTAMP COMMENT '创建时间',
  `status_cd` varchar(2) CHARACTER SET utf8mb4 COLLATE utf8mb4_0900_ai_ci NOT NULL DEFAULT '0' COMMENT '数据状态',
  PRIMARY KEY (`factory_id`) USING BTREE
) ENGINE=InnoDB DEFAULT CHARSET=utf8mb4 COLLATE=utf8mb4_0900_ai_ci ROW_FORMAT=DYNAMIC;

-- ----------------------------
-- Records of charge_machine_factory
-- ----------------------------
INSERT INTO `charge_machine_factory` VALUES ('1', '叮叮充电桩', 'dingdingChargeMachineFactory', '叮叮充电桩', '2023-03-08 00:56:04', '0');
INSERT INTO `charge_machine_factory` VALUES ('102023120469860005', 'test', 'testFactoryImpl', 'test', '2023-12-04 13:48:35', '1');
INSERT INTO `charge_machine_factory` VALUES ('102024011641490014', '官方充电桩协议（需要厂家支持）', 'hcChargeMachineFactory', '', '2024-01-16 16:46:47', '0');
INSERT INTO `charge_machine_factory` VALUES ('2', '通用充电桩', 'commonChargeMachineFactory', '通用充电桩', '2023-03-08 00:56:04', '1');
INSERT INTO `charge_machine_factory` VALUES ('3', '驴充充', 'lvCCChargeMachineFactory', '驴充充', '2023-03-08 00:56:04', '0');

-- ----------------------------
-- Table structure for charge_machine_factory_spec
-- ----------------------------
DROP TABLE IF EXISTS `charge_machine_factory_spec`;
CREATE TABLE `charge_machine_factory_spec` (
  `spec_id` varchar(30) CHARACTER SET utf8mb4 COLLATE utf8mb4_0900_ai_ci NOT NULL COMMENT '规格ID',
  `factory_id` varchar(64) CHARACTER SET utf8mb4 COLLATE utf8mb4_0900_ai_ci NOT NULL COMMENT '厂家名称',
  `spec_name` varchar(64) CHARACTER SET utf8mb4 COLLATE utf8mb4_0900_ai_ci NOT NULL COMMENT '规格名称',
  `create_time` timestamp NOT NULL DEFAULT CURRENT_TIMESTAMP COMMENT '创建时间',
  `status_cd` varchar(2) CHARACTER SET utf8mb4 COLLATE utf8mb4_0900_ai_ci NOT NULL DEFAULT '0' COMMENT '数据状态',
  `remark` varchar(256) CHARACTER SET utf8mb4 COLLATE utf8mb4_0900_ai_ci DEFAULT NULL COMMENT '描述',
  PRIMARY KEY (`spec_id`) USING BTREE
) ENGINE=InnoDB DEFAULT CHARSET=utf8mb4 COLLATE=utf8mb4_0900_ai_ci ROW_FORMAT=DYNAMIC;

-- ----------------------------
-- Records of charge_machine_factory_spec
-- ----------------------------
INSERT INTO `charge_machine_factory_spec` VALUES ('102023120401480009', '102023120469860005', '测试', '2023-12-04 14:48:10', '0', '必填，请填写测试');
INSERT INTO `charge_machine_factory_spec` VALUES ('102023120483550003', '102023120469860005', '测试2', '2023-12-04 14:59:56', '0', '必填，请填写测试2');

-- ----------------------------
-- Table structure for charge_machine_order
-- ----------------------------
DROP TABLE IF EXISTS `charge_machine_order`;
CREATE TABLE `charge_machine_order` (
  `order_id` varchar(30) CHARACTER SET utf8mb4 COLLATE utf8mb4_0900_ai_ci NOT NULL COMMENT '订单ID',
  `person_id` varchar(30) CHARACTER SET utf8mb4 COLLATE utf8mb4_0900_ai_ci NOT NULL COMMENT '充电人',
  `person_name` varchar(64) CHARACTER SET utf8mb4 COLLATE utf8mb4_0900_ai_ci NOT NULL COMMENT '名称',
  `person_tel` varchar(11) CHARACTER SET utf8mb4 COLLATE utf8mb4_0900_ai_ci NOT NULL COMMENT '手机号',
  `machine_id` varchar(30) CHARACTER SET utf8mb4 COLLATE utf8mb4_0900_ai_ci NOT NULL COMMENT '设备ID',
  `port_id` varchar(200) CHARACTER SET utf8mb4 COLLATE utf8mb4_0900_ai_ci NOT NULL COMMENT '插槽',
  `charge_hours` decimal(10,2) DEFAULT '0.00' COMMENT '充电小时',
  `energy` decimal(10,2) DEFAULT '0.00' COMMENT '充电量',
  `community_id` varchar(30) CHARACTER SET utf8mb4 COLLATE utf8mb4_0900_ai_ci NOT NULL COMMENT '小区ID',
  `start_time` datetime NOT NULL COMMENT '开始充电时间',
  `end_time` datetime NOT NULL COMMENT '结束充电时间',
  `acct_detail_id` varchar(30) CHARACTER SET utf8mb4 COLLATE utf8mb4_0900_ai_ci NOT NULL COMMENT '扣款账户明细',
  `amount` decimal(10,2) NOT NULL COMMENT '扣款金额',
  `state` varchar(12) CHARACTER SET utf8mb4 COLLATE utf8mb4_0900_ai_ci NOT NULL DEFAULT 'FREE' COMMENT '插座状态，设备插座工作状态，1001 充电中  2002 充电完成 3003 充电失败',
  `remark` varchar(512) CHARACTER SET utf8mb4 COLLATE utf8mb4_0900_ai_ci DEFAULT NULL COMMENT '说明',
  `create_time` timestamp NOT NULL DEFAULT CURRENT_TIMESTAMP COMMENT '创建时间',
  `status_cd` varchar(2) CHARACTER SET utf8mb4 COLLATE utf8mb4_0900_ai_ci NOT NULL DEFAULT '0' COMMENT '数据状态，详细参考c_status表，S 保存，0, 在用 1失效',
  `duration_price` decimal(10,2) NOT NULL DEFAULT '0.00' COMMENT '小时电价',
  PRIMARY KEY (`order_id`) USING BTREE
) ENGINE=InnoDB DEFAULT CHARSET=utf8mb4 COLLATE=utf8mb4_0900_ai_ci ROW_FORMAT=DYNAMIC;

-- ----------------------------
-- Records of charge_machine_order
-- ----------------------------
INSERT INTO `charge_machine_order` VALUES ('112023031176130002', '302023013174200192', '李四', '18909723333', '102023031146610004', '102023031125440012', '999.00', '1.00', '2023013154290059', '2023-03-11 02:31:56', '2023-03-14 00:19:33', '312023013146290180', '0.00', '2002', null, '2023-03-11 02:31:56', '0', '0.00');
INSERT INTO `charge_machine_order` VALUES ('112023031349180004', '302023013174200192', '李四', '18909723333', '102023031146610004', '102023031125440012', '999.00', '1.00', '2023013154290059', '2023-03-13 23:32:17', '2023-03-14 00:19:33', '312023013146290180', '0.00', '2002', '用户手工结束', '2023-03-13 23:32:17', '0', '0.00');
INSERT INTO `charge_machine_order` VALUES ('112023031363990002', '302023013174200192', '李四', '18909723333', '102023031146610004', '102023031125440012', '999.00', '1.00', '2023013154290059', '2023-03-13 23:56:05', '2023-03-14 00:19:33', '312023013146290180', '0.00', '2002', '用户手工结束', '2023-03-13 23:56:05', '0', '0.00');
INSERT INTO `charge_machine_order` VALUES ('112023031486300002', '302023013174200192', '李四', '18909723333', '102023031146610004', '102023031125440012', '999.00', '1.00', '2023013154290059', '2023-03-14 00:40:48', '2023-03-14 00:47:50', '312023013146290180', '1.50', '2002', '手工结束', '2023-03-14 00:40:48', '0', '0.00');
INSERT INTO `charge_machine_order` VALUES ('112023031492010002', '302023013174200192', '李四', '18909723333', '102023031146610004', '102023031125440012', '999.00', '1.00', '2023013154290059', '2023-03-14 00:10:27', '2023-03-14 00:19:33', '312023013146290180', '0.00', '2002', null, '2023-03-14 00:10:27', '0', '0.00');
INSERT INTO `charge_machine_order` VALUES ('112023031736140009', '302023013174200192', '李四', '18909723333', '102023030829880011', '102023030837130013', '2.00', '1.00', '2023013154290059', '2023-03-17 15:11:34', '2023-03-17 15:14:27', '312023013146290180', '1.50', '2002', '手动停止', '2023-03-17 15:11:34', '0', '0.00');
INSERT INTO `charge_machine_order` VALUES ('112023031744160334', '302023013174200192', '李四', '18909723333', '102023030829880011', '102023030837130013', '2.00', '1.00', '2023013154290059', '2023-03-17 16:54:09', '2023-03-17 17:01:09', '312023013146290180', '1.50', '2002', '用户手工结束', '2023-03-17 16:54:09', '0', '0.00');
INSERT INTO `charge_machine_order` VALUES ('112023031754220006', '302023013174200192', '李四', '18909723333', '102023030829880011', '102023030837130013', '999.00', '1.00', '2023013154290059', '2023-03-17 13:38:33', '2023-03-17 13:39:28', '312023013146290180', '1.50', '2002', '用户手工结束', '2023-03-17 13:38:33', '0', '0.00');
INSERT INTO `charge_machine_order` VALUES ('112023031760630273', '302023013174200192', '李四', '18909723333', '102023030829880011', '102023030837130013', '2.00', '1.00', '2023013154290059', '2023-03-17 16:20:38', '2023-03-17 16:51:29', '312023013146290180', '1.50', '2002', '用户手工结束', '2023-03-17 16:20:38', '0', '0.00');
INSERT INTO `charge_machine_order` VALUES ('112023031761790035', '302023013174200192', '李四', '18909723333', '102023030829880011', '102023030837130013', '2.00', '1.00', '2023013154290059', '2023-03-17 13:42:34', '2023-03-17 14:16:57', '312023013146290180', '1.50', '2002', '用户手工结束', '2023-03-17 13:42:34', '0', '0.00');
INSERT INTO `charge_machine_order` VALUES ('112023031766960100', '302023013174200192', '李四', '18909723333', '102023030829880011', '102023030837130013', '2.00', '1.00', '2023013154290059', '2023-03-17 14:17:50', '2023-03-17 14:49:47', '312023013146290180', '1.50', '2002', '用户手工结束', '2023-03-17 14:17:50', '0', '0.00');
INSERT INTO `charge_machine_order` VALUES ('112023031798900013', '302023013174200192', '李四', '18909723333', '102023030829880011', '102023030837130013', '999.00', '1.00', '2023013154290059', '2023-03-17 15:33:26', '2023-03-17 15:35:53', '312023013146290180', '1.50', '2002', '功率过小停止', '2023-03-17 15:33:26', '0', '0.00');
INSERT INTO `charge_machine_order` VALUES ('112023040330941764', '302023013174200192', '李四', '18909723333', '102023031146610004', '102023031176020006', '999.00', '1.00', '2023013154290059', '2023-04-03 14:21:14', '2023-04-04 00:21:14', '312023013146290180', '0.00', '1001', null, '2023-04-03 14:21:14', '0', '0.27');
INSERT INTO `charge_machine_order` VALUES ('112023081830941764', '302023013174200192', '李四', '18909723333', '102023081837490017', '102023081891400008', '100.00', '1.00', '102023021386560001', '2023-04-03 14:21:14', '2023-04-04 00:21:14', '312023013146290180', '0.00', '1001', null, '2023-08-18 14:21:14', '0', '0.27');
INSERT INTO `charge_machine_order` VALUES ('112023112015570002', '302023111828410002', '18909710002', '18909710002', '102023111625120007', '102023111663550009', '2.00', '36.00', '102023021386560001', '2023-11-20 18:54:18', '2023-11-20 20:10:17', '312023112014820001', '1.00', '2002', '停止成功;', '2023-11-20 18:54:18', '0', '0.50');
INSERT INTO `charge_machine_order` VALUES ('112023112027740002', '302023111828410002', '18909710002', '18909710002', '102023111625120007', '102023111663550009', '2.00', '1.00', '102023021386560001', '2023-11-20 18:23:30', '2023-11-20 20:23:30', '312023112014820001', '0.00', '2002', null, '2023-11-20 18:23:30', '0', '0.50');
INSERT INTO `charge_machine_order` VALUES ('112023112040210024', '302023111828410002', '18909710002', '18909710002', '102023111625120007', '102023111663550009', '2.00', '32.00', '102023021386560001', '2023-11-20 20:14:27', '2023-11-20 20:45:31', '312023112014820001', '0.50', '2002', '停止成功;', '2023-11-20 20:14:27', '0', '0.50');
INSERT INTO `charge_machine_order` VALUES ('112023112051630015', '302023111828410002', '18909710002', '18909710002', '102023111625120007', '102023111663550009', '2.00', '0.00', '102023021386560001', '2023-11-20 21:13:52', '2023-11-20 21:14:55', '312023112014820001', '0.00', '2002', '空载结束;', '2023-11-20 21:13:52', '0', '0.50');
INSERT INTO `charge_machine_order` VALUES ('112023112054240008', '302023111828410002', '18909710002', '18909710002', '102023111625120007', '102023111663550009', '2.00', '32.00', '102023021386560001', '2023-11-20 20:11:28', '2023-11-20 20:12:43', '312023112014820001', '0.00', '2002', '停止成功;', '2023-11-20 20:11:28', '0', '0.50');
INSERT INTO `charge_machine_order` VALUES ('112023112058210005', '302023111828410002', '18909710002', '18909710002', '102023111625120007', '102023111663550009', '2.00', '0.00', '102023021386560001', '2023-11-20 15:19:42', '2023-11-20 18:04:13', '312023112014820001', '1.50', '2002', '空载结束;', '2023-11-20 15:19:42', '0', '0.50');
INSERT INTO `charge_machine_order` VALUES ('112023112079280002', '302023111828410002', '18909710002', '18909710002', '102023111625120007', '102023111663550009', '2.00', '0.00', '102023021386560001', '2023-11-20 21:07:39', '2023-11-20 21:11:49', '312023112014820001', '0.50', '2002', '中途异常拔;', '2023-11-20 21:07:39', '0', '0.50');
INSERT INTO `charge_machine_order` VALUES ('112023112079950003', '302023111828410002', '18909710002', '18909710002', '102023111625120007', '102023111663550009', '2.00', '6.00', '102023021386560001', '2023-11-20 18:42:33', '2023-11-20 18:43:35', '312023112014820001', '0.00', '2002', '空载结束;', '2023-11-20 18:42:33', '0', '0.50');
INSERT INTO `charge_machine_order` VALUES ('112023112091980028', '302023111828410002', '18909710002', '18909710002', '102023111625120007', '102023111663550009', '2.00', '0.00', '102023021386560001', '2023-11-20 21:15:23', '2023-11-20 21:42:24', '312023112014820001', '0.50', '2002', '中途异常拔;', '2023-11-20 21:15:23', '0', '0.50');

-- ----------------------------
-- Table structure for charge_machine_order_acct
-- ----------------------------
DROP TABLE IF EXISTS `charge_machine_order_acct`;
CREATE TABLE `charge_machine_order_acct` (
  `cmoa_id` varchar(30) CHARACTER SET utf8mb4 COLLATE utf8mb4_0900_ai_ci NOT NULL COMMENT '订单ID',
  `order_id` varchar(30) CHARACTER SET utf8mb4 COLLATE utf8mb4_0900_ai_ci NOT NULL COMMENT '订单ID',
  `acct_id` varchar(30) CHARACTER SET utf8mb4 COLLATE utf8mb4_0900_ai_ci NOT NULL COMMENT '账户ID',
  `acct_detail_id` varchar(30) CHARACTER SET utf8mb4 COLLATE utf8mb4_0900_ai_ci NOT NULL COMMENT '账户明细ID',
  `energy` decimal(10,2) DEFAULT '0.00' COMMENT '充电量',
  `community_id` varchar(30) CHARACTER SET utf8mb4 COLLATE utf8mb4_0900_ai_ci NOT NULL COMMENT '小区ID',
  `start_time` datetime NOT NULL COMMENT '扣款开始时间',
  `end_time` datetime NOT NULL COMMENT '扣款结束时间',
  `amount` decimal(10,2) NOT NULL COMMENT '扣款金额',
  `remark` varchar(512) CHARACTER SET utf8mb4 COLLATE utf8mb4_0900_ai_ci DEFAULT NULL COMMENT '说明',
  `create_time` timestamp NOT NULL DEFAULT CURRENT_TIMESTAMP COMMENT '创建时间',
  `status_cd` varchar(2) CHARACTER SET utf8mb4 COLLATE utf8mb4_0900_ai_ci NOT NULL DEFAULT '0' COMMENT '数据状态，详细参考c_status表，S 保存，0, 在用 1失效',
  `duration_price` decimal(10,2) NOT NULL DEFAULT '0.00' COMMENT '小时电价',
  PRIMARY KEY (`cmoa_id`) USING BTREE
) ENGINE=InnoDB DEFAULT CHARSET=utf8mb4 COLLATE=utf8mb4_0900_ai_ci ROW_FORMAT=DYNAMIC;

-- ----------------------------
-- Records of charge_machine_order_acct
-- ----------------------------
INSERT INTO `charge_machine_order_acct` VALUES ('112023031131060008', '112023031176130002', '312023013146290180', '912023031100220004', '0.00', '2023013154290059', '2023-03-11 02:31:57', '2023-03-11 03:31:57', '1.50', '一小时定时扣款', '2023-03-11 02:31:57', '0', '0.00');
INSERT INTO `charge_machine_order_acct` VALUES ('112023031300230009', '112023031363990002', '312023013146290180', '912023031323880005', '0.00', '2023013154290059', '2023-03-13 23:56:05', '2023-03-14 09:56:05', '15.00', '账户扣款', '2023-03-13 23:56:06', '0', '0.00');
INSERT INTO `charge_machine_order_acct` VALUES ('112023031300460011', '112023031349180004', '312023013146290180', '912023031339300007', '0.00', '2023013154290059', '2023-03-13 23:32:18', '2023-03-14 09:32:18', '1.50', '账户扣款', '2023-03-13 23:32:18', '0', '0.00');
INSERT INTO `charge_machine_order_acct` VALUES ('112023031420420009', '112023031486300002', '312023013146290180', '912023031461360005', '0.00', '2023013154290059', '2023-03-14 00:40:48', '2023-03-14 10:40:48', '15.00', '账户扣款', '2023-03-14 00:40:48', '0', '0.00');
INSERT INTO `charge_machine_order_acct` VALUES ('112023031456480009', '112023031492010002', '312023013146290180', '912023031454790005', '0.00', '2023013154290059', '2023-03-14 00:10:27', '2023-03-14 10:10:27', '15.00', '账户扣款', '2023-03-14 00:10:28', '0', '0.00');
INSERT INTO `charge_machine_order_acct` VALUES ('112023031471380017', '112023031486300002', '312023013146290180', '912023031465420011', '0.00', '2023013154290059', '2023-03-14 00:40:48', '2023-03-14 10:40:48', '-13.50', '账户退款-手工结束', '2023-03-14 00:47:51', '0', '0.00');
INSERT INTO `charge_machine_order_acct` VALUES ('112023031705960111', '112023031766960100', '312023013146290180', '912023031774280107', '0.00', '2023013154290059', '2023-03-17 14:17:50', '2023-03-17 16:17:50', '3.00', '账户扣款', '2023-03-17 14:17:50', '0', '0.00');
INSERT INTO `charge_machine_order_acct` VALUES ('112023031708370284', '112023031760630273', '312023013146290180', '912023031773510280', '0.00', '2023013154290059', '2023-03-17 16:20:39', '2023-03-17 18:20:39', '3.00', '账户扣款', '2023-03-17 16:20:39', '0', '0.00');
INSERT INTO `charge_machine_order_acct` VALUES ('112023031710440058', '112023031798900013', '312023013146290180', '912023031772090052', '0.00', '2023013154290059', '2023-03-17 15:33:26', '2023-03-18 01:33:26', '-13.50', '账户退款-功率过小停止', '2023-03-17 15:35:54', '0', '0.00');
INSERT INTO `charge_machine_order_acct` VALUES ('112023031715980046', '112023031761790035', '312023013146290180', '912023031731480042', '0.00', '2023013154290059', '2023-03-17 13:42:34', '2023-03-17 15:42:34', '3.00', '账户扣款', '2023-03-17 13:42:34', '0', '0.00');
INSERT INTO `charge_machine_order_acct` VALUES ('112023031716630020', '112023031736140009', '312023013146290180', '912023031787120016', '0.00', '2023013154290059', '2023-03-17 15:11:34', '2023-03-17 17:11:34', '3.00', '账户扣款', '2023-03-17 15:11:34', '0', '0.00');
INSERT INTO `charge_machine_order_acct` VALUES ('112023031722760325', '112023031760630273', '312023013146290180', '912023031714630320', '0.00', '2023013154290059', '2023-03-17 16:20:38', '2023-03-17 18:20:38', '-1.50', '账户退款-用户手工结束', '2023-03-17 16:51:29', '0', '0.00');
INSERT INTO `charge_machine_order_acct` VALUES ('112023031729780013', '112023031766960100', '312023013146290180', '912023031715600008', '0.00', '2023013154290059', '2023-03-17 14:17:50', '2023-03-17 16:17:50', '-1.50', '账户退款-用户手工结束', '2023-03-17 14:49:48', '0', '0.00');
INSERT INTO `charge_machine_order_acct` VALUES ('112023031731700034', '112023031736140009', '312023013146290180', '912023031772590023', '0.00', '2023013154290059', '2023-03-17 15:11:34', '2023-03-17 17:11:34', '-1.50', '账户退款-手动停止', '2023-03-17 15:15:21', '0', '0.00');
INSERT INTO `charge_machine_order_acct` VALUES ('112023031733170093', '112023031761790035', '312023013146290180', '912023031716690088', '0.00', '2023013154290059', '2023-03-17 13:42:34', '2023-03-17 15:42:34', '-1.50', '账户退款-用户手工结束', '2023-03-17 14:16:57', '0', '0.00');
INSERT INTO `charge_machine_order_acct` VALUES ('112023031735060017', '112023031754220006', '312023013146290180', '912023031700240013', '0.00', '2023013154290059', '2023-03-17 13:38:33', '2023-03-17 23:38:33', '15.00', '账户扣款', '2023-03-17 13:38:34', '0', '0.00');
INSERT INTO `charge_machine_order_acct` VALUES ('112023031738920345', '112023031744160334', '312023013146290180', '912023031793160341', '0.00', '2023013154290059', '2023-03-17 16:54:10', '2023-03-17 18:54:10', '3.00', '账户扣款', '2023-03-17 16:54:10', '0', '0.00');
INSERT INTO `charge_machine_order_acct` VALUES ('112023031766190009', '112023031744160334', '312023013146290180', '912023031788820004', '0.00', '2023013154290059', '2023-03-17 16:54:09', '2023-03-17 18:54:09', '-1.50', '账户退款-用户手工结束', '2023-03-17 17:01:10', '0', '0.00');
INSERT INTO `charge_machine_order_acct` VALUES ('112023031781780026', '112023031754220006', '312023013146290180', '912023031717720021', '0.00', '2023013154290059', '2023-03-17 13:38:33', '2023-03-17 23:38:33', '-13.50', '账户退款-用户手工结束', '2023-03-17 13:39:28', '0', '0.00');
INSERT INTO `charge_machine_order_acct` VALUES ('112023031788990024', '112023031798900013', '312023013146290180', '912023031778500020', '0.00', '2023013154290059', '2023-03-17 15:33:26', '2023-03-18 01:33:26', '15.00', '账户扣款', '2023-03-17 15:33:26', '0', '0.00');
INSERT INTO `charge_machine_order_acct` VALUES ('112023040337591771', '112023040330941764', '312023013146290180', '912023040317851767', '0.00', '2023013154290059', '2023-04-03 14:21:15', '2023-04-04 00:21:15', '2.70', '账户扣款', '2023-04-03 14:21:15', '0', '0.27');
INSERT INTO `charge_machine_order_acct` VALUES ('112023081837591771', '112023081830941764', '312023013146290180', '912023040317851767', '0.00', '102023021386560001', '2023-04-03 14:21:15', '2023-04-04 00:21:15', '2.70', '账户扣款', '2023-04-03 14:21:15', '0', '0.27');
INSERT INTO `charge_machine_order_acct` VALUES ('112023112001640009', '112023112015570002', '312023112014820001', '912023112029340005', '0.00', '102023021386560001', '2023-11-20 18:54:19', '2023-11-20 20:54:19', '1.00', '账户扣款', '2023-11-20 18:54:19', '0', '0.50');
INSERT INTO `charge_machine_order_acct` VALUES ('112023112006640012', '112023112058210005', '312023112014820001', '912023112048380008', '0.00', '102023021386560001', '2023-11-20 15:19:42', '2023-11-20 17:19:42', '1.00', '账户扣款', '2023-11-20 15:19:42', '0', '0.50');
INSERT INTO `charge_machine_order_acct` VALUES ('112023112007740003', '112023112058210005', '312023112014820001', '912023112059310001', '0.00', '102023021386560001', '2023-11-20 15:19:42', '2023-11-20 17:19:42', '0.50', '账户扣款-空载结束;', '2023-11-20 18:04:13', '0', '0.50');
INSERT INTO `charge_machine_order_acct` VALUES ('112023112011690010', '112023112079950003', '312023112014820001', '912023112063420006', '0.00', '102023021386560001', '2023-11-20 18:42:34', '2023-11-20 20:42:34', '1.00', '账户扣款', '2023-11-20 18:42:34', '0', '0.50');
INSERT INTO `charge_machine_order_acct` VALUES ('112023112013120015', '112023112054240008', '312023112014820001', '912023112025990011', '0.00', '102023021386560001', '2023-11-20 20:11:28', '2023-11-20 22:11:28', '1.00', '账户扣款', '2023-11-20 20:11:28', '0', '0.50');
INSERT INTO `charge_machine_order_acct` VALUES ('112023112014470022', '112023112054240008', '312023112014820001', '912023112025930017', '32.00', '102023021386560001', '2023-11-20 20:11:28', '2023-11-20 22:11:28', '-1.00', '账户退款-停止成功;', '2023-11-20 20:12:44', '0', '0.50');
INSERT INTO `charge_machine_order_acct` VALUES ('112023112034250035', '112023112091980028', '312023112014820001', '912023112039190031', '0.00', '102023021386560001', '2023-11-20 21:15:23', '2023-11-20 23:15:23', '1.00', '账户扣款', '2023-11-20 21:15:23', '0', '0.50');
INSERT INTO `charge_machine_order_acct` VALUES ('112023112042250014', '112023112079950003', '312023112014820001', '912023112041610012', '6.00', '102023021386560001', '2023-11-20 18:42:33', '2023-11-20 20:42:33', '-1.00', '账户退款-空载结束;', '2023-11-20 18:43:36', '0', '0.50');
INSERT INTO `charge_machine_order_acct` VALUES ('112023112046340031', '112023112040210024', '312023112014820001', '912023112078420027', '0.00', '102023021386560001', '2023-11-20 20:14:27', '2023-11-20 22:14:27', '1.00', '账户扣款', '2023-11-20 20:14:27', '0', '0.50');
INSERT INTO `charge_machine_order_acct` VALUES ('112023112051010013', '112023112079280002', '312023112014820001', '912023112015600011', '0.00', '102023021386560001', '2023-11-20 21:07:39', '2023-11-20 23:07:39', '-0.50', '账户退款-中途异常拔;', '2023-11-20 21:11:49', '0', '0.50');
INSERT INTO `charge_machine_order_acct` VALUES ('112023112064610006', '112023112015570002', '312023112014820001', '912023112021250001', '36.00', '102023021386560001', '2023-11-20 18:54:18', '2023-11-20 20:54:18', '0.00', '账户退款-停止成功;', '2023-11-20 20:10:18', '0', '0.50');
INSERT INTO `charge_machine_order_acct` VALUES ('112023112072650022', '112023112051630015', '312023112014820001', '912023112040790018', '0.00', '102023021386560001', '2023-11-20 21:13:52', '2023-11-20 23:13:52', '1.00', '账户扣款', '2023-11-20 21:13:52', '0', '0.50');
INSERT INTO `charge_machine_order_acct` VALUES ('112023112080300041', '112023112040210024', '312023112014820001', '912023112052300036', '32.00', '102023021386560001', '2023-11-20 20:14:27', '2023-11-20 22:14:27', '-0.50', '账户退款-停止成功;', '2023-11-20 20:45:32', '0', '0.50');
INSERT INTO `charge_machine_order_acct` VALUES ('112023112081960043', '112023112091980028', '312023112014820001', '912023112064090041', '0.00', '102023021386560001', '2023-11-20 21:15:23', '2023-11-20 23:15:23', '-0.50', '账户退款-中途异常拔;', '2023-11-20 21:42:24', '0', '0.50');
INSERT INTO `charge_machine_order_acct` VALUES ('112023112086680026', '112023112051630015', '312023112014820001', '912023112040680024', '0.00', '102023021386560001', '2023-11-20 21:13:52', '2023-11-20 23:13:52', '-1.00', '账户退款-空载结束;', '2023-11-20 21:14:55', '0', '0.50');
INSERT INTO `charge_machine_order_acct` VALUES ('112023112093550009', '112023112027740002', '312023112014820001', '912023112051050005', '0.00', '102023021386560001', '2023-11-20 18:23:31', '2023-11-20 20:23:31', '1.00', '账户扣款', '2023-11-20 18:23:31', '0', '0.50');
INSERT INTO `charge_machine_order_acct` VALUES ('112023112095100009', '112023112079280002', '312023112014820001', '912023112094700005', '0.00', '102023021386560001', '2023-11-20 21:07:39', '2023-11-20 23:07:39', '1.00', '账户扣款', '2023-11-20 21:07:39', '0', '0.50');

-- ----------------------------
-- Table structure for charge_machine_order_coupon
-- ----------------------------
DROP TABLE IF EXISTS `charge_machine_order_coupon`;
CREATE TABLE `charge_machine_order_coupon` (
  `cmoc_id` varchar(30) CHARACTER SET utf8mb4 COLLATE utf8mb4_0900_ai_ci NOT NULL COMMENT '订单ID',
  `order_id` varchar(30) CHARACTER SET utf8mb4 COLLATE utf8mb4_0900_ai_ci NOT NULL COMMENT '订单ID',
  `coupon_id` varchar(30) CHARACTER SET utf8mb4 COLLATE utf8mb4_0900_ai_ci NOT NULL COMMENT '优惠券ID',
  `coupon_name` varchar(30) CHARACTER SET utf8mb4 COLLATE utf8mb4_0900_ai_ci NOT NULL COMMENT '优惠券名称',
  `hours` decimal(10,2) DEFAULT '0.00' COMMENT '优惠小时',
  `community_id` varchar(30) CHARACTER SET utf8mb4 COLLATE utf8mb4_0900_ai_ci NOT NULL COMMENT '小区ID',
  `remark` varchar(512) CHARACTER SET utf8mb4 COLLATE utf8mb4_0900_ai_ci DEFAULT NULL COMMENT '说明',
  `create_time` timestamp NOT NULL DEFAULT CURRENT_TIMESTAMP COMMENT '创建时间',
  `status_cd` varchar(2) CHARACTER SET utf8mb4 COLLATE utf8mb4_0900_ai_ci NOT NULL DEFAULT '0' COMMENT '数据状态，详细参考c_status表，S 保存，0, 在用 1失效',
  `state` varchar(12) CHARACTER SET utf8mb4 COLLATE utf8mb4_0900_ai_ci NOT NULL DEFAULT 'W' COMMENT '状态 W 待使用 C 已使用',
  PRIMARY KEY (`cmoc_id`) USING BTREE
) ENGINE=InnoDB DEFAULT CHARSET=utf8mb4 COLLATE=utf8mb4_0900_ai_ci ROW_FORMAT=DYNAMIC;

-- ----------------------------
-- Records of charge_machine_order_coupon
-- ----------------------------

-- ----------------------------
-- Table structure for charge_machine_port
-- ----------------------------
DROP TABLE IF EXISTS `charge_machine_port`;
CREATE TABLE `charge_machine_port` (
  `port_id` varchar(30) CHARACTER SET utf8mb4 COLLATE utf8mb4_0900_ai_ci NOT NULL COMMENT '表ID',
  `machine_id` varchar(30) CHARACTER SET utf8mb4 COLLATE utf8mb4_0900_ai_ci NOT NULL COMMENT '表ID',
  `port_name` varchar(200) CHARACTER SET utf8mb4 COLLATE utf8mb4_0900_ai_ci NOT NULL COMMENT '插座名称',
  `port_code` varchar(30) CHARACTER SET utf8mb4 COLLATE utf8mb4_0900_ai_ci NOT NULL COMMENT '插座编号',
  `state` varchar(12) CHARACTER SET utf8mb4 COLLATE utf8mb4_0900_ai_ci NOT NULL DEFAULT 'FREE' COMMENT '插座状态，设备插座工作状态，FREE 空闲，WORKING 忙碌，BREAKDOWN 故障',
  `community_id` varchar(30) CHARACTER SET utf8mb4 COLLATE utf8mb4_0900_ai_ci NOT NULL COMMENT '小区ID',
  `create_time` timestamp NOT NULL DEFAULT CURRENT_TIMESTAMP COMMENT '创建时间',
  `status_cd` varchar(2) CHARACTER SET utf8mb4 COLLATE utf8mb4_0900_ai_ci NOT NULL DEFAULT '0' COMMENT '数据状态，详细参考c_status表，S 保存，0, 在用 1失效',
  PRIMARY KEY (`port_id`) USING BTREE
) ENGINE=InnoDB DEFAULT CHARSET=utf8mb4 COLLATE=utf8mb4_0900_ai_ci ROW_FORMAT=DYNAMIC;

-- ----------------------------
-- Records of charge_machine_port
-- ----------------------------
INSERT INTO `charge_machine_port` VALUES ('102023030807320006', '102023030870610002', '2号插座', '2', 'FREE', '2023013154290059', '2023-03-08 01:19:19', '0');
INSERT INTO `charge_machine_port` VALUES ('102023030837130013', '102023030829880011', '1号插座', '1', 'FREE', '2023013154290059', '2023-03-08 01:51:27', '0');
INSERT INTO `charge_machine_port` VALUES ('102023030852840004', '102023030870610002', '1号插座', '1', 'FREE', '2023013154290059', '2023-03-08 01:19:19', '0');
INSERT INTO `charge_machine_port` VALUES ('102023030861380002', '102023030870610002', '4号插座', '4', 'FREE', '2023013154290059', '2023-03-08 01:44:05', '1');
INSERT INTO `charge_machine_port` VALUES ('102023030865110017', '102023030829880011', '3号插座', '3', 'FREE', '2023013154290059', '2023-03-08 01:51:27', '0');
INSERT INTO `charge_machine_port` VALUES ('102023030866870015', '102023030829880011', '2号插座', '2', 'FREE', '2023013154290059', '2023-03-08 01:51:27', '0');
INSERT INTO `charge_machine_port` VALUES ('102023030874490008', '102023030870610002', '3号插座', '3', 'FREE', '2023013154290059', '2023-03-08 01:19:19', '0');
INSERT INTO `charge_machine_port` VALUES ('102023030893080019', '102023030829880011', '4号插座', '4', 'FREE', '2023013154290059', '2023-03-08 01:51:27', '0');
INSERT INTO `charge_machine_port` VALUES ('102023031125440012', '102023031146610004', '4号插座', '4', 'FREE', '2023013154290059', '2023-03-11 02:07:39', '0');
INSERT INTO `charge_machine_port` VALUES ('102023031126680008', '102023031146610004', '2号插座', '2', 'FREE', '2023013154290059', '2023-03-11 02:07:39', '0');
INSERT INTO `charge_machine_port` VALUES ('102023031127510010', '102023031146610004', '3号插座', '3', 'FREE', '2023013154290059', '2023-03-11 02:07:39', '0');
INSERT INTO `charge_machine_port` VALUES ('102023031176020006', '102023031146610004', '1号插座', '1', 'WORKING', '2023013154290059', '2023-03-11 02:07:39', '0');
INSERT INTO `charge_machine_port` VALUES ('102023031919630016', '102023031903550008', '4号插座', '4', 'FREE', '2023013154290059', '2023-03-19 01:44:12', '0');
INSERT INTO `charge_machine_port` VALUES ('102023031941360010', '102023031903550008', '1号插座', '1', 'FREE', '2023013154290059', '2023-03-19 01:44:11', '0');
INSERT INTO `charge_machine_port` VALUES ('102023031969930012', '102023031903550008', '2号插座', '2', 'FREE', '2023013154290059', '2023-03-19 01:44:12', '0');
INSERT INTO `charge_machine_port` VALUES ('102023031993220014', '102023031903550008', '3号插座', '3', 'FREE', '2023013154290059', '2023-03-19 01:44:12', '0');
INSERT INTO `charge_machine_port` VALUES ('102023081839740021', '102023081837490017', '2号插座', '2', 'FREE', '102023021386560001', '2023-08-18 11:22:06', '0');
INSERT INTO `charge_machine_port` VALUES ('102023081848170027', '102023081837490017', '5号插座', '5', 'FREE', '102023021386560001', '2023-08-18 11:22:10', '0');
INSERT INTO `charge_machine_port` VALUES ('102023081853230023', '102023081837490017', '3号插座', '3', 'FREE', '102023021386560001', '2023-08-18 11:22:07', '0');
INSERT INTO `charge_machine_port` VALUES ('102023081858960019', '102023081837490017', '1号插座', '1', 'FREE', '102023021386560001', '2023-08-18 11:22:05', '0');
INSERT INTO `charge_machine_port` VALUES ('102023081861840031', '102023081837490017', '7号插座', '7', 'FREE', '102023021386560001', '2023-08-18 11:22:12', '0');
INSERT INTO `charge_machine_port` VALUES ('102023081880170025', '102023081837490017', '4号插座', '4', 'FREE', '102023021386560001', '2023-08-18 11:22:08', '0');
INSERT INTO `charge_machine_port` VALUES ('102023081886140029', '102023081837490017', '6号插座', '6', 'FREE', '102023021386560001', '2023-08-18 11:22:11', '0');
INSERT INTO `charge_machine_port` VALUES ('102023081891400008', '102023081837490017', '7号插座', '8', 'WORKING', '102023021386560001', '2023-08-18 14:36:22', '0');
INSERT INTO `charge_machine_port` VALUES ('102023082211380006', '102023082234970002', '2号插座', '2', 'FREE', '102023021386560001', '2023-08-22 15:40:25', '0');
INSERT INTO `charge_machine_port` VALUES ('102023082227980008', '102023082234970002', '3号插座', '3', 'FREE', '102023021386560001', '2023-08-22 15:40:26', '0');
INSERT INTO `charge_machine_port` VALUES ('102023082236890018', '102023082254060012', '3号插座', '3', 'FREE', '102023021386560001', '2023-08-22 15:42:13', '0');
INSERT INTO `charge_machine_port` VALUES ('102023082246760004', '102023082234970002', '1号插座', '1', 'FREE', '102023021386560001', '2023-08-22 15:40:24', '0');
INSERT INTO `charge_machine_port` VALUES ('102023082250090016', '102023082254060012', '2号插座', '2', 'FREE', '102023021386560001', '2023-08-22 15:42:12', '0');
INSERT INTO `charge_machine_port` VALUES ('102023082255880014', '102023082254060012', '1号插座', '1', 'FREE', '102023021386560001', '2023-08-22 15:42:11', '0');
INSERT INTO `charge_machine_port` VALUES ('102023082979150004', '102023082956630002', '1号插座', '1', 'FREE', '102023021386560001', '2023-08-29 17:52:31', '0');
INSERT INTO `charge_machine_port` VALUES ('102023083032750002', '102023082956630002', '3', '3', 'FREE', '102023021386560001', '2023-08-30 09:12:02', '1');
INSERT INTO `charge_machine_port` VALUES ('102023111613590011', '102023111625120007', '2号插座', '2', 'FREE', '102023021386560001', '2023-11-16 23:55:32', '0');
INSERT INTO `charge_machine_port` VALUES ('102023111663550009', '102023111625120007', '1号插座', '1', 'FREE', '102023021386560001', '2023-11-16 23:55:32', '0');
INSERT INTO `charge_machine_port` VALUES ('102023120402280012', '102023120490480010', '1号插座', '1', 'FREE', '102023021386560001', '2023-12-04 15:01:09', '0');
INSERT INTO `charge_machine_port` VALUES ('102023120804710002', '102023120490480010', '2号', '2', 'FREE', '102023021386560001', '2023-12-08 09:51:57', '1');
INSERT INTO `charge_machine_port` VALUES ('102024020326830028', '102024020382730024', '2号插座', '2', 'FREE', '2024012252790005', '2024-02-03 17:45:24', '0');
INSERT INTO `charge_machine_port` VALUES ('102024020340870026', '102024020382730024', '1号插座', '1', 'FREE', '2024012252790005', '2024-02-03 17:45:24', '0');
INSERT INTO `charge_machine_port` VALUES ('102024022011430590', '102024022065870582', '4号插座', '4', 'FREE', '2023052267100146', '2024-02-20 11:17:23', '0');
INSERT INTO `charge_machine_port` VALUES ('102024022024910592', '102024022065870582', '5号插座', '5', 'FREE', '2023052267100146', '2024-02-20 11:17:23', '0');
INSERT INTO `charge_machine_port` VALUES ('102024022037270586', '102024022065870582', '2号插座', '2', 'FREE', '2023052267100146', '2024-02-20 11:17:22', '0');
INSERT INTO `charge_machine_port` VALUES ('102024022047960584', '102024022065870582', '1号插座', '1', 'FREE', '2023052267100146', '2024-02-20 11:17:22', '0');
INSERT INTO `charge_machine_port` VALUES ('102024022059960588', '102024022065870582', '3号插座', '3', 'FREE', '2023052267100146', '2024-02-20 11:17:23', '0');

-- ----------------------------
-- Table structure for charge_machine_spec
-- ----------------------------
DROP TABLE IF EXISTS `charge_machine_spec`;
CREATE TABLE `charge_machine_spec` (
  `cms_id` varchar(30) CHARACTER SET utf8mb4 COLLATE utf8mb4_0900_ai_ci NOT NULL COMMENT '主键ID',
  `machine_id` varchar(30) CHARACTER SET utf8mb4 COLLATE utf8mb4_0900_ai_ci NOT NULL COMMENT '设备ID',
  `community_id` varchar(30) CHARACTER SET utf8mb4 COLLATE utf8mb4_0900_ai_ci NOT NULL COMMENT '小区ID',
  `spec_id` varchar(30) CHARACTER SET utf8mb4 COLLATE utf8mb4_0900_ai_ci NOT NULL COMMENT '规格ID',
  `spec_name` varchar(64) CHARACTER SET utf8mb4 COLLATE utf8mb4_0900_ai_ci NOT NULL COMMENT '规格名称',
  `spec_value` varchar(30) CHARACTER SET utf8mb4 COLLATE utf8mb4_0900_ai_ci NOT NULL COMMENT '规格值',
  `create_time` timestamp NOT NULL DEFAULT CURRENT_TIMESTAMP COMMENT '创建时间',
  `status_cd` varchar(2) CHARACTER SET utf8mb4 COLLATE utf8mb4_0900_ai_ci NOT NULL DEFAULT '0' COMMENT '数据状态',
  PRIMARY KEY (`cms_id`) USING BTREE
) ENGINE=InnoDB DEFAULT CHARSET=utf8mb4 COLLATE=utf8mb4_0900_ai_ci ROW_FORMAT=DYNAMIC;

-- ----------------------------
-- Records of charge_machine_spec
-- ----------------------------
INSERT INTO `charge_machine_spec` VALUES ('102023120410750014', '102023120490480010', '102023021386560001', '102023120483550003', '测试2', '1', '2023-12-04 15:01:10', '0');
INSERT INTO `charge_machine_spec` VALUES ('102023120483210016', '102023120490480010', '102023021386560001', '102023120401480009', '测试', '1', '2023-12-04 15:01:11', '0');

-- ----------------------------
-- Table structure for charge_month_card
-- ----------------------------
DROP TABLE IF EXISTS `charge_month_card`;
CREATE TABLE `charge_month_card` (
  `card_id` varchar(30) CHARACTER SET utf8mb4 COLLATE utf8mb4_0900_ai_ci NOT NULL COMMENT '卡ID',
  `card_name` varchar(200) CHARACTER SET utf8mb4 COLLATE utf8mb4_0900_ai_ci NOT NULL COMMENT '名称',
  `card_month` int NOT NULL DEFAULT '1' COMMENT '月',
  `card_price` decimal(10,2) NOT NULL COMMENT '月价',
  `day_hours` varchar(30) CHARACTER SET utf8mb4 COLLATE utf8mb4_0900_ai_ci NOT NULL COMMENT '每日充电小时',
  `community_id` varchar(30) CHARACTER SET utf8mb4 COLLATE utf8mb4_0900_ai_ci NOT NULL COMMENT '小区ID',
  `create_time` timestamp NOT NULL DEFAULT CURRENT_TIMESTAMP COMMENT '创建时间',
  `status_cd` varchar(2) CHARACTER SET utf8mb4 COLLATE utf8mb4_0900_ai_ci NOT NULL DEFAULT '0' COMMENT '数据状态，详细参考c_status表，S 保存，0, 在用 1失效',
  `remark` varchar(512) CHARACTER SET utf8mb4 COLLATE utf8mb4_0900_ai_ci DEFAULT NULL COMMENT '备注',
  PRIMARY KEY (`card_id`) USING BTREE
) ENGINE=InnoDB DEFAULT CHARSET=utf8mb4 COLLATE=utf8mb4_0900_ai_ci ROW_FORMAT=DYNAMIC;

-- ----------------------------
-- Records of charge_month_card
-- ----------------------------
INSERT INTO `charge_month_card` VALUES ('102023042420980018', '充电月卡', '1', '30.00', '10', '2023013154290059', '2023-04-24 13:21:09', '0', '');
INSERT INTO `charge_month_card` VALUES ('102023042483200010', '月卡1', '1', '30.00', '11', '2023013154290059', '2023-04-24 13:20:17', '1', '从');
INSERT INTO `charge_month_card` VALUES ('102023081875170038', '月卡套餐1', '1', '60.00', '24', '102023021386560001', '2023-08-18 15:25:10', '0', '111');
INSERT INTO `charge_month_card` VALUES ('102023083012210003', '1', '1', '1.00', '1', '102023021386560001', '2023-08-30 10:30:33', '1', '1');
INSERT INTO `charge_month_card` VALUES ('102024020366780031', '30元每天4小时', '1', '30.00', '4', '2024012252790005', '2024-02-03 17:48:21', '0', '');

-- ----------------------------
-- Table structure for charge_month_order
-- ----------------------------
DROP TABLE IF EXISTS `charge_month_order`;
CREATE TABLE `charge_month_order` (
  `order_id` varchar(30) CHARACTER SET utf8mb4 COLLATE utf8mb4_0900_ai_ci NOT NULL COMMENT '订单ID',
  `card_id` varchar(30) CHARACTER SET utf8mb4 COLLATE utf8mb4_0900_ai_ci NOT NULL COMMENT '卡ID',
  `person_name` varchar(64) CHARACTER SET utf8mb4 COLLATE utf8mb4_0900_ai_ci NOT NULL COMMENT '充电人',
  `person_tel` varchar(11) CHARACTER SET utf8mb4 COLLATE utf8mb4_0900_ai_ci NOT NULL COMMENT '充电电话',
  `community_id` varchar(30) CHARACTER SET utf8mb4 COLLATE utf8mb4_0900_ai_ci NOT NULL COMMENT '小区ID',
  `prime_rate` decimal(10,2) NOT NULL COMMENT '支付方式',
  `receivable_amount` decimal(10,2) NOT NULL COMMENT '应收金额',
  `received_amount` decimal(10,2) NOT NULL COMMENT '实收金额',
  `start_time` datetime DEFAULT NULL COMMENT '费用开始时间',
  `end_time` datetime DEFAULT NULL COMMENT '费用结束时间',
  `create_time` timestamp NOT NULL DEFAULT CURRENT_TIMESTAMP COMMENT '创建时间',
  `status_cd` varchar(2) CHARACTER SET utf8mb4 COLLATE utf8mb4_0900_ai_ci NOT NULL DEFAULT '0' COMMENT '数据状态，详细参考c_status表，S 保存，0, 在用 1失效',
  `remark` varchar(512) CHARACTER SET utf8mb4 COLLATE utf8mb4_0900_ai_ci DEFAULT NULL COMMENT '备注',
  PRIMARY KEY (`order_id`) USING BTREE
) ENGINE=InnoDB DEFAULT CHARSET=utf8mb4 COLLATE=utf8mb4_0900_ai_ci ROW_FORMAT=DYNAMIC;

-- ----------------------------
-- Records of charge_month_order
-- ----------------------------
INSERT INTO `charge_month_order` VALUES ('102023042482790003', '102023042420980018', '癌变', 'personTel', '2023013154290059', '1.00', '30.00', '30.00', '2023-04-24 15:05:37', '2023-05-24 15:05:37', '2023-04-24 15:05:37', '0', 'xx');
INSERT INTO `charge_month_order` VALUES ('102023081867820018', '102023081875170038', '张三三', '18909711443', '102023021386560001', '3.00', '60.00', '60.00', '2023-08-18 15:46:52', '2023-09-18 15:46:52', '2023-08-18 15:47:13', '0', '1');
INSERT INTO `charge_month_order` VALUES ('102023082225560015', '102023081875170038', '张三三', '18909711443', '102023021386560001', '3.00', '60.00', '60.00', '2023-09-18 15:46:52', '2023-10-18 15:46:52', '2023-08-22 17:29:04', '0', '3');
INSERT INTO `charge_month_order` VALUES ('102023082257250018', '102023081875170038', '张三三', '18909711443', '102023021386560001', '2.00', '60.00', '10.00', '2023-09-18 15:46:52', '2023-10-18 15:46:52', '2023-08-22 17:45:39', '0', '4');
INSERT INTO `charge_month_order` VALUES ('102023082262530012', '102023081875170038', '张三三', '18909711443', '102023021386560001', '7.00', '60.00', '60.00', '2023-09-18 15:46:52', '2023-10-18 15:46:52', '2023-08-22 17:26:21', '0', '2');

-- ----------------------------
-- Table structure for charge_rule
-- ----------------------------
DROP TABLE IF EXISTS `charge_rule`;
CREATE TABLE `charge_rule` (
  `rule_id` varchar(30) CHARACTER SET utf8mb4 COLLATE utf8mb4_0900_ai_ci NOT NULL COMMENT '规则ID',
  `rule_name` varchar(64) CHARACTER SET utf8mb4 COLLATE utf8mb4_0900_ai_ci NOT NULL COMMENT '规则名称',
  `community_id` varchar(30) CHARACTER SET utf8mb4 COLLATE utf8mb4_0900_ai_ci NOT NULL COMMENT '小区ID',
  `remark` varchar(512) CHARACTER SET utf8mb4 COLLATE utf8mb4_0900_ai_ci DEFAULT NULL COMMENT '备注',
  `create_time` timestamp NOT NULL DEFAULT CURRENT_TIMESTAMP COMMENT '创建时间',
  `status_cd` varchar(2) CHARACTER SET utf8mb4 COLLATE utf8mb4_0900_ai_ci NOT NULL DEFAULT '0' COMMENT '数据状态，详细参考c_status表，S 保存，0, 在用 1失效',
  PRIMARY KEY (`rule_id`) USING BTREE
) ENGINE=InnoDB DEFAULT CHARSET=utf8mb4 COLLATE=utf8mb4_0900_ai_ci ROW_FORMAT=DYNAMIC;

-- ----------------------------
-- Records of charge_rule
-- ----------------------------
INSERT INTO `charge_rule` VALUES ('102023082147540006', '测试2', '102023021386560001', 'ev2', '2023-08-21 09:31:54', '1');
INSERT INTO `charge_rule` VALUES ('102023082193230002', '测试1', '102023021386560001', 'ev', '2023-08-21 09:26:38', '1');
INSERT INTO `charge_rule` VALUES ('102023082244160002', '规则1', '102023021386560001', '1', '2023-08-22 17:04:46', '0');
INSERT INTO `charge_rule` VALUES ('102024020340350015', '充电规则', '2024012252790005', '充电规则', '2024-02-03 17:42:27', '0');
INSERT INTO `charge_rule` VALUES ('102024021932270129', '1111', '2023052267100146', '', '2024-02-19 10:02:44', '0');
INSERT INTO `charge_rule` VALUES ('102024022321831497', 'test', '102023021386560001', 'test\n', '2024-02-23 13:30:56', '0');

-- ----------------------------
-- Table structure for charge_rule_fee
-- ----------------------------
DROP TABLE IF EXISTS `charge_rule_fee`;
CREATE TABLE `charge_rule_fee` (
  `crf_id` varchar(30) CHARACTER SET utf8mb4 COLLATE utf8mb4_0900_ai_ci NOT NULL COMMENT '规则ID',
  `rule_id` varchar(30) CHARACTER SET utf8mb4 COLLATE utf8mb4_0900_ai_ci NOT NULL COMMENT '规则ID',
  `min_energy_price` decimal(10,2) DEFAULT NULL COMMENT '最小功率',
  `max_energy_price` decimal(10,2) DEFAULT NULL COMMENT '最大功率',
  `start_time` time DEFAULT NULL COMMENT '时段开始时间',
  `end_time` time DEFAULT NULL COMMENT '时段结束时间',
  `duration_price` decimal(10,2) NOT NULL DEFAULT '0.00' COMMENT '小时电价',
  `community_id` varchar(30) CHARACTER SET utf8mb4 COLLATE utf8mb4_0900_ai_ci NOT NULL COMMENT '小区ID',
  `charge_type` varchar(8) CHARACTER SET utf8mb4 COLLATE utf8mb4_0900_ai_ci NOT NULL COMMENT '充电类型，1001 电动摩托车，1002 电动汽车',
  `remark` varchar(512) CHARACTER SET utf8mb4 COLLATE utf8mb4_0900_ai_ci DEFAULT NULL COMMENT '备注',
  `create_time` timestamp NOT NULL DEFAULT CURRENT_TIMESTAMP COMMENT '创建时间',
  `status_cd` varchar(2) CHARACTER SET utf8mb4 COLLATE utf8mb4_0900_ai_ci NOT NULL DEFAULT '0' COMMENT '数据状态，详细参考c_status表，S 保存，0, 在用 1失效',
  PRIMARY KEY (`crf_id`) USING BTREE
) ENGINE=InnoDB DEFAULT CHARSET=utf8mb4 COLLATE=utf8mb4_0900_ai_ci ROW_FORMAT=DYNAMIC;

-- ----------------------------
-- Records of charge_rule_fee
-- ----------------------------
INSERT INTO `charge_rule_fee` VALUES ('102023082105640019', '102023082147540006', null, null, '04:00:00', '05:00:00', '0.60', '102023021386560001', '1002', '', '2023-08-21 16:48:26', '0');
INSERT INTO `charge_rule_fee` VALUES ('102023082124050010', '102023082147540006', null, null, '00:00:00', '03:00:00', '0.80', '102023021386560001', '1002', '22', '2023-08-21 16:29:51', '0');
INSERT INTO `charge_rule_fee` VALUES ('102023082179700013', '102023082147540006', null, null, '04:00:00', '06:00:00', '0.90', '102023021386560001', '1002', '33', '2023-08-21 16:32:23', '0');
INSERT INTO `charge_rule_fee` VALUES ('102023082189120002', '102023082147540006', '2.00', '5.00', null, null, '1.00', '102023021386560001', '1001', '1231', '2023-08-21 17:07:40', '0');
INSERT INTO `charge_rule_fee` VALUES ('102023082189540002', '102023082147540006', '10.00', '100.00', null, null, '0.90', '102023021386560001', '1001', '11', '2023-08-21 15:16:34', '1');
INSERT INTO `charge_rule_fee` VALUES ('102023082192090016', '102023082147540006', '1.00', '2.00', null, null, '0.50', '102023021386560001', '1001', '', '2023-08-21 16:47:33', '0');
INSERT INTO `charge_rule_fee` VALUES ('102023082213110007', '102023082147540006', '3.00', '1.00', null, null, '1.00', '102023021386560001', '1001', '23', '2023-08-22 11:20:57', '1');
INSERT INTO `charge_rule_fee` VALUES ('102023082268670004', '102023082147540006', '1.00', '1.00', null, null, '1.00', '102023021386560001', '1001', '1', '2023-08-22 11:19:35', '0');
INSERT INTO `charge_rule_fee` VALUES ('102023082272800003', '102023082147540006', null, null, '05:00:00', '15:00:00', '2.00', '102023021386560001', '1002', '2', '2023-08-22 12:16:06', '1');
INSERT INTO `charge_rule_fee` VALUES ('102023082273210015', '102023082147540006', null, null, '18:00:00', '19:00:00', '1.10', '102023021386560001', '1002', '111', '2023-08-22 11:51:35', '0');
INSERT INTO `charge_rule_fee` VALUES ('102023082276270010', '102023082147540006', null, null, '00:00:00', '11:00:00', '2.00', '102023021386560001', '1002', '2', '2023-08-22 11:21:25', '0');
INSERT INTO `charge_rule_fee` VALUES ('102023082452520009', '102023082147540006', '3.00', '2.00', null, null, '1.00', '102023021386560001', '1001', '', '2023-08-24 11:24:21', '0');
INSERT INTO `charge_rule_fee` VALUES ('102023111668950004', '102023082244160002', '1.00', '100.00', null, null, '0.50', '102023021386560001', '1001', '', '2023-11-16 23:52:24', '0');
INSERT INTO `charge_rule_fee` VALUES ('102024020309230018', '102024020340350015', '1.00', '100.00', null, null, '1.50', '2024012252790005', '1001', '', '2024-02-03 17:42:53', '0');
INSERT INTO `charge_rule_fee` VALUES ('102024020345110021', '102024020340350015', '100.00', '300.00', null, null, '1.00', '2024012252790005', '1001', '', '2024-02-03 17:43:07', '0');
INSERT INTO `charge_rule_fee` VALUES ('102024022036070579', '102024021932270129', '123123.00', '10000.00', null, null, '10.00', '2023052267100146', '1001', '测试一下', '2024-02-20 11:16:47', '0');
INSERT INTO `charge_rule_fee` VALUES ('102024022362941500', '102024022321831497', '100.00', '200.00', null, null, '1.00', '102023021386560001', '1001', '', '2024-02-23 13:31:19', '0');

-- ----------------------------
-- Table structure for city_area
-- ----------------------------
DROP TABLE IF EXISTS `city_area`;
CREATE TABLE `city_area` (
  `id` int NOT NULL COMMENT '主键ID',
  `area_code` varchar(12) CHARACTER SET utf8 COLLATE utf8_general_ci NOT NULL COMMENT '城市编码',
  `area_name` varchar(64) CHARACTER SET utf8 COLLATE utf8_general_ci NOT NULL COMMENT '城市名称',
  `area_level` varchar(3) CHARACTER SET utf8 COLLATE utf8_general_ci NOT NULL COMMENT '101 省级 202 市州 303 区县',
  `parent_area_code` varchar(6) CHARACTER SET utf8 COLLATE utf8_general_ci NOT NULL COMMENT '父级城市编码',
  `parent_area_name` varchar(64) CHARACTER SET utf8 COLLATE utf8_general_ci NOT NULL COMMENT '父级城市名称',
  `lon` varchar(12) CHARACTER SET utf8 COLLATE utf8_general_ci NOT NULL COMMENT '经度',
  `lat` varchar(12) CHARACTER SET utf8 COLLATE utf8_general_ci NOT NULL COMMENT '维度',
  `create_time` timestamp NOT NULL DEFAULT CURRENT_TIMESTAMP COMMENT '创建时间',
  `status_cd` varchar(1) CHARACTER SET utf8 COLLATE utf8_general_ci NOT NULL DEFAULT '0' COMMENT '数据状态 0 有效 1失效',
  PRIMARY KEY (`area_code`),
  KEY `index_ca_parent_area_code` (`parent_area_code`) USING BTREE
) ENGINE=InnoDB DEFAULT CHARSET=utf8;

-- ----------------------------
-- Records of city_area
-- ----------------------------
INSERT INTO `city_area` VALUES ('1', '110000', '北京省', '101', '0', '中国', '116.405285', '39.904989', '2019-11-24 12:59:28', '0');
INSERT INTO `city_area` VALUES ('32', '110100', '北京市', '202', '110000', '北京省', '116.405285', '39.904989', '2019-11-24 12:59:28', '0');
INSERT INTO `city_area` VALUES ('375', '110101', '东城区', '303', '110100', '北京市', '116.418757', '39.917544', '2019-11-24 12:59:28', '0');
INSERT INTO `city_area` VALUES ('376', '110102', '西城区', '303', '110100', '北京市', '116.366794', '39.915309', '2019-11-24 12:59:28', '0');
INSERT INTO `city_area` VALUES ('377', '110105', '朝阳区', '303', '110100', '北京市', '116.486409', '39.921489', '2019-11-24 12:59:28', '0');
INSERT INTO `city_area` VALUES ('378', '110106', '丰台区', '303', '110100', '北京市', '116.286968', '39.863642', '2019-11-24 12:59:28', '0');
INSERT INTO `city_area` VALUES ('379', '110107', '石景山区', '303', '110100', '北京市', '116.195445', '39.914601', '2019-11-24 12:59:28', '0');
INSERT INTO `city_area` VALUES ('380', '110108', '海淀区', '303', '110100', '北京市', '116.310316', '39.956074', '2019-11-24 12:59:28', '0');
INSERT INTO `city_area` VALUES ('381', '110109', '门头沟区', '303', '110100', '北京市', '116.105381', '39.937183', '2019-11-24 12:59:28', '0');
INSERT INTO `city_area` VALUES ('382', '110111', '房山区', '303', '110100', '北京市', '116.139157', '39.735535', '2019-11-24 12:59:28', '0');
INSERT INTO `city_area` VALUES ('383', '110112', '通州区', '303', '110100', '北京市', '116.658603', '39.902486', '2019-11-24 12:59:28', '0');
INSERT INTO `city_area` VALUES ('384', '110113', '顺义区', '303', '110100', '北京市', '116.653525', '40.128936', '2019-11-24 12:59:28', '0');
INSERT INTO `city_area` VALUES ('385', '110114', '昌平区', '303', '110100', '北京市', '116.235906', '40.218085', '2019-11-24 12:59:28', '0');
INSERT INTO `city_area` VALUES ('386', '110115', '大兴区', '303', '110100', '北京市', '116.338033', '39.728908', '2019-11-24 12:59:28', '0');
INSERT INTO `city_area` VALUES ('387', '110116', '怀柔区', '303', '110100', '北京市', '116.637122', '40.324272', '2019-11-24 12:59:28', '0');
INSERT INTO `city_area` VALUES ('388', '110117', '平谷区', '303', '110100', '北京市', '117.112335', '40.144783', '2019-11-24 12:59:28', '0');
INSERT INTO `city_area` VALUES ('389', '110118', '密云区', '303', '110100', '北京市', '116.843352', '40.377362', '2019-11-24 12:59:28', '0');
INSERT INTO `city_area` VALUES ('390', '110119', '延庆区', '303', '110100', '北京市', '115.985006', '40.465325', '2019-11-24 12:59:28', '0');
INSERT INTO `city_area` VALUES ('2', '120000', '天津省', '101', '0', '中国', '117.190182', '39.125596', '2019-11-24 12:59:28', '0');
INSERT INTO `city_area` VALUES ('33', '120100', '天津市', '202', '120000', '天津省', '117.190182', '39.125596', '2019-11-24 12:59:28', '0');
INSERT INTO `city_area` VALUES ('391', '120101', '和平区', '303', '120100', '天津市', '117.195907', '39.118327', '2019-11-24 12:59:28', '0');
INSERT INTO `city_area` VALUES ('392', '120102', '河东区', '303', '120100', '天津市', '117.226568', '39.122125', '2019-11-24 12:59:28', '0');
INSERT INTO `city_area` VALUES ('393', '120103', '河西区', '303', '120100', '天津市', '117.217536', '39.101897', '2019-11-24 12:59:28', '0');
INSERT INTO `city_area` VALUES ('394', '120104', '南开区', '303', '120100', '天津市', '117.164143', '39.120474', '2019-11-24 12:59:28', '0');
INSERT INTO `city_area` VALUES ('395', '120105', '河北区', '303', '120100', '天津市', '117.201569', '39.156632', '2019-11-24 12:59:28', '0');
INSERT INTO `city_area` VALUES ('396', '120106', '红桥区', '303', '120100', '天津市', '117.163301', '39.175066', '2019-11-24 12:59:28', '0');
INSERT INTO `city_area` VALUES ('397', '120110', '东丽区', '303', '120100', '天津市', '117.313967', '39.087764', '2019-11-24 12:59:28', '0');
INSERT INTO `city_area` VALUES ('398', '120111', '西青区', '303', '120100', '天津市', '117.012247', '39.139446', '2019-11-24 12:59:28', '0');
INSERT INTO `city_area` VALUES ('399', '120112', '津南区', '303', '120100', '天津市', '117.382549', '38.989577', '2019-11-24 12:59:28', '0');
INSERT INTO `city_area` VALUES ('400', '120113', '北辰区', '303', '120100', '天津市', '117.13482', '39.225555', '2019-11-24 12:59:28', '0');
INSERT INTO `city_area` VALUES ('401', '120114', '武清区', '303', '120100', '天津市', '117.057959', '39.376925', '2019-11-24 12:59:28', '0');
INSERT INTO `city_area` VALUES ('402', '120115', '宝坻区', '303', '120100', '天津市', '117.308094', '39.716965', '2019-11-24 12:59:28', '0');
INSERT INTO `city_area` VALUES ('403', '120116', '滨海新区', '303', '120100', '天津市', '117.654173', '39.032846', '2019-11-24 12:59:28', '0');
INSERT INTO `city_area` VALUES ('404', '120117', '宁河区', '303', '120100', '天津市', '117.82828', '39.328886', '2019-11-24 12:59:28', '0');
INSERT INTO `city_area` VALUES ('405', '120118', '静海区', '303', '120100', '天津市', '116.925304', '38.935671', '2019-11-24 12:59:28', '0');
INSERT INTO `city_area` VALUES ('406', '120119', '蓟州区', '303', '120100', '天津市', '117.407449', '40.045342', '2019-11-24 12:59:28', '0');
INSERT INTO `city_area` VALUES ('3', '130000', '河北省', '101', '0', '中国', '114.502461', '38.045474', '2019-11-24 12:59:28', '0');
INSERT INTO `city_area` VALUES ('34', '130100', '石家庄市', '202', '130000', '河北省', '114.502461', '38.045474', '2019-11-24 12:59:28', '0');
INSERT INTO `city_area` VALUES ('407', '130102', '长安区', '303', '130100', '石家庄市', '114.548151', '38.047501', '2019-11-24 12:59:28', '0');
INSERT INTO `city_area` VALUES ('408', '130104', '桥西区', '303', '130100', '石家庄市', '114.462931', '38.028383', '2019-11-24 12:59:28', '0');
INSERT INTO `city_area` VALUES ('409', '130105', '新华区', '303', '130100', '石家庄市', '114.465974', '38.067142', '2019-11-24 12:59:28', '0');
INSERT INTO `city_area` VALUES ('410', '130107', '井陉矿区', '303', '130100', '石家庄市', '114.058178', '38.069748', '2019-11-24 12:59:28', '0');
INSERT INTO `city_area` VALUES ('411', '130108', '裕华区', '303', '130100', '石家庄市', '114.533257', '38.027696', '2019-11-24 12:59:28', '0');
INSERT INTO `city_area` VALUES ('412', '130109', '藁城区', '303', '130100', '石家庄市', '114.849647', '38.033767', '2019-11-24 12:59:28', '0');
INSERT INTO `city_area` VALUES ('413', '130110', '鹿泉区', '303', '130100', '石家庄市', '114.321023', '38.093994', '2019-11-24 12:59:28', '0');
INSERT INTO `city_area` VALUES ('414', '130111', '栾城区', '303', '130100', '石家庄市', '114.654281', '37.886911', '2019-11-24 12:59:28', '0');
INSERT INTO `city_area` VALUES ('415', '130121', '井陉县', '303', '130100', '石家庄市', '114.144488', '38.033614', '2019-11-24 12:59:28', '0');
INSERT INTO `city_area` VALUES ('416', '130123', '正定县', '303', '130100', '石家庄市', '114.569887', '38.147835', '2019-11-24 12:59:28', '0');
INSERT INTO `city_area` VALUES ('417', '130125', '行唐县', '303', '130100', '石家庄市', '114.552734', '38.437422', '2019-11-24 12:59:28', '0');
INSERT INTO `city_area` VALUES ('418', '130126', '灵寿县', '303', '130100', '石家庄市', '114.37946', '38.306546', '2019-11-24 12:59:28', '0');
INSERT INTO `city_area` VALUES ('419', '130127', '高邑县', '303', '130100', '石家庄市', '114.610699', '37.605714', '2019-11-24 12:59:28', '0');
INSERT INTO `city_area` VALUES ('420', '130128', '深泽县', '303', '130100', '石家庄市', '115.200207', '38.18454', '2019-11-24 12:59:28', '0');
INSERT INTO `city_area` VALUES ('421', '130129', '赞皇县', '303', '130100', '石家庄市', '114.387756', '37.660199', '2019-11-24 12:59:28', '0');
INSERT INTO `city_area` VALUES ('422', '130130', '无极县', '303', '130100', '石家庄市', '114.977845', '38.176376', '2019-11-24 12:59:28', '0');
INSERT INTO `city_area` VALUES ('423', '130131', '平山县', '303', '130100', '石家庄市', '114.184144', '38.259311', '2019-11-24 12:59:28', '0');
INSERT INTO `city_area` VALUES ('424', '130132', '元氏县', '303', '130100', '石家庄市', '114.52618', '37.762514', '2019-11-24 12:59:28', '0');
INSERT INTO `city_area` VALUES ('425', '130133', '赵县', '303', '130100', '石家庄市', '114.775362', '37.754341', '2019-11-24 12:59:28', '0');
INSERT INTO `city_area` VALUES ('426', '130171', '石家庄高新技术产业开发区', '303', '130100', '石家庄市', '', '', '2019-11-24 12:59:28', '0');
INSERT INTO `city_area` VALUES ('427', '130172', '石家庄循环化工园区', '303', '130100', '石家庄市', '', '', '2019-11-24 12:59:28', '0');
INSERT INTO `city_area` VALUES ('428', '130181', '辛集市', '303', '130100', '石家庄市', '115.217451', '37.92904', '2019-11-24 12:59:28', '0');
INSERT INTO `city_area` VALUES ('429', '130183', '晋州市', '303', '130100', '石家庄市', '115.044886', '38.027478', '2019-11-24 12:59:28', '0');
INSERT INTO `city_area` VALUES ('430', '130184', '新乐市', '303', '130100', '石家庄市', '114.68578', '38.344768', '2019-11-24 12:59:28', '0');
INSERT INTO `city_area` VALUES ('35', '130200', '唐山市', '202', '130000', '河北省', '118.175393', '39.635113', '2019-11-24 12:59:28', '0');
INSERT INTO `city_area` VALUES ('431', '130202', '路南区', '303', '130200', '唐山市', '118.210821', '39.615162', '2019-11-24 12:59:28', '0');
INSERT INTO `city_area` VALUES ('432', '130203', '路北区', '303', '130200', '唐山市', '118.174736', '39.628538', '2019-11-24 12:59:28', '0');
INSERT INTO `city_area` VALUES ('433', '130204', '古冶区', '303', '130200', '唐山市', '118.45429', '39.715736', '2019-11-24 12:59:28', '0');
INSERT INTO `city_area` VALUES ('434', '130205', '开平区', '303', '130200', '唐山市', '118.264425', '39.676171', '2019-11-24 12:59:28', '0');
INSERT INTO `city_area` VALUES ('435', '130207', '丰南区', '303', '130200', '唐山市', '118.110793', '39.56303', '2019-11-24 12:59:28', '0');
INSERT INTO `city_area` VALUES ('436', '130208', '丰润区', '303', '130200', '唐山市', '118.155779', '39.831363', '2019-11-24 12:59:28', '0');
INSERT INTO `city_area` VALUES ('437', '130209', '曹妃甸区', '303', '130200', '唐山市', '118.446585', '39.278277', '2019-11-24 12:59:28', '0');
INSERT INTO `city_area` VALUES ('438', '130223', '滦县', '303', '130200', '唐山市', '118.699547', '39.744851', '2019-11-24 12:59:28', '0');
INSERT INTO `city_area` VALUES ('439', '130224', '滦南县', '303', '130200', '唐山市', '118.681552', '39.506201', '2019-11-24 12:59:28', '0');
INSERT INTO `city_area` VALUES ('440', '130225', '乐亭县', '303', '130200', '唐山市', '118.905341', '39.42813', '2019-11-24 12:59:28', '0');
INSERT INTO `city_area` VALUES ('441', '130227', '迁西县', '303', '130200', '唐山市', '118.305139', '40.146238', '2019-11-24 12:59:28', '0');
INSERT INTO `city_area` VALUES ('442', '130229', '玉田县', '303', '130200', '唐山市', '117.753665', '39.887323', '2019-11-24 12:59:28', '0');
INSERT INTO `city_area` VALUES ('443', '130271', '唐山市芦台经济技术开发区', '303', '130200', '唐山市', '', '', '2019-11-24 12:59:28', '0');
INSERT INTO `city_area` VALUES ('444', '130272', '唐山市汉沽管理区', '303', '130200', '唐山市', '', '', '2019-11-24 12:59:28', '0');
INSERT INTO `city_area` VALUES ('445', '130273', '唐山高新技术产业开发区', '303', '130200', '唐山市', '', '', '2019-11-24 12:59:28', '0');
INSERT INTO `city_area` VALUES ('446', '130274', '河北唐山海港经济开发区', '303', '130200', '唐山市', '', '', '2019-11-24 12:59:28', '0');
INSERT INTO `city_area` VALUES ('447', '130281', '遵化市', '303', '130200', '唐山市', '117.965875', '40.188616', '2019-11-24 12:59:28', '0');
INSERT INTO `city_area` VALUES ('448', '130283', '迁安市', '303', '130200', '唐山市', '118.701933', '40.012108', '2019-11-24 12:59:28', '0');
INSERT INTO `city_area` VALUES ('36', '130300', '秦皇岛市', '202', '130000', '河北省', '119.586579', '39.942531', '2019-11-24 12:59:28', '0');
INSERT INTO `city_area` VALUES ('449', '130302', '海港区', '303', '130300', '秦皇岛市', '119.596224', '39.943458', '2019-11-24 12:59:28', '0');
INSERT INTO `city_area` VALUES ('450', '130303', '山海关区', '303', '130300', '秦皇岛市', '119.753591', '39.998023', '2019-11-24 12:59:28', '0');
INSERT INTO `city_area` VALUES ('451', '130304', '北戴河区', '303', '130300', '秦皇岛市', '119.486286', '39.825121', '2019-11-24 12:59:28', '0');
INSERT INTO `city_area` VALUES ('452', '130306', '抚宁区', '303', '130300', '秦皇岛市', '119.240651', '39.887053', '2019-11-24 12:59:28', '0');
INSERT INTO `city_area` VALUES ('453', '130321', '青龙满族自治县', '303', '130300', '秦皇岛市', '118.954555', '40.406023', '2019-11-24 12:59:28', '0');
INSERT INTO `city_area` VALUES ('454', '130322', '昌黎县', '303', '130300', '秦皇岛市', '119.164541', '39.709729', '2019-11-24 12:59:28', '0');
INSERT INTO `city_area` VALUES ('455', '130324', '卢龙县', '303', '130300', '秦皇岛市', '118.881809', '39.891639', '2019-11-24 12:59:28', '0');
INSERT INTO `city_area` VALUES ('456', '130371', '秦皇岛市经济技术开发区', '303', '130300', '秦皇岛市', '', '', '2019-11-24 12:59:28', '0');
INSERT INTO `city_area` VALUES ('457', '130372', '北戴河新区', '303', '130300', '秦皇岛市', '', '', '2019-11-24 12:59:28', '0');
INSERT INTO `city_area` VALUES ('37', '130400', '邯郸市', '202', '130000', '河北省', '114.490686', '36.612273', '2019-11-24 12:59:28', '0');
INSERT INTO `city_area` VALUES ('458', '130402', '邯山区', '303', '130400', '邯郸市', '114.484989', '36.603196', '2019-11-24 12:59:28', '0');
INSERT INTO `city_area` VALUES ('459', '130403', '丛台区', '303', '130400', '邯郸市', '114.494703', '36.611082', '2019-11-24 12:59:28', '0');
INSERT INTO `city_area` VALUES ('460', '130404', '复兴区', '303', '130400', '邯郸市', '114.458242', '36.615484', '2019-11-24 12:59:28', '0');
INSERT INTO `city_area` VALUES ('461', '130406', '峰峰矿区', '303', '130400', '邯郸市', '114.209936', '36.420487', '2019-11-24 12:59:28', '0');
INSERT INTO `city_area` VALUES ('462', '130407', '肥乡区', '303', '130400', '邯郸市', '114.805154', '36.555778', '2019-11-24 12:59:28', '0');
INSERT INTO `city_area` VALUES ('463', '130408', '永年区', '303', '130400', '邯郸市', '114.496162', '36.776413', '2019-11-24 12:59:28', '0');
INSERT INTO `city_area` VALUES ('464', '130423', '临漳县', '303', '130400', '邯郸市', '114.610703', '36.337604', '2019-11-24 12:59:28', '0');
INSERT INTO `city_area` VALUES ('465', '130424', '成安县', '303', '130400', '邯郸市', '114.680356', '36.443832', '2019-11-24 12:59:28', '0');
INSERT INTO `city_area` VALUES ('466', '130425', '大名县', '303', '130400', '邯郸市', '115.152586', '36.283316', '2019-11-24 12:59:28', '0');
INSERT INTO `city_area` VALUES ('467', '130426', '涉县', '303', '130400', '邯郸市', '113.673297', '36.563143', '2019-11-24 12:59:28', '0');
INSERT INTO `city_area` VALUES ('468', '130427', '磁县', '303', '130400', '邯郸市', '114.38208', '36.367673', '2019-11-24 12:59:28', '0');
INSERT INTO `city_area` VALUES ('469', '130430', '邱县', '303', '130400', '邯郸市', '115.168584', '36.81325', '2019-11-24 12:59:28', '0');
INSERT INTO `city_area` VALUES ('470', '130431', '鸡泽县', '303', '130400', '邯郸市', '114.878517', '36.914908', '2019-11-24 12:59:28', '0');
INSERT INTO `city_area` VALUES ('471', '130432', '广平县', '303', '130400', '邯郸市', '114.950859', '36.483603', '2019-11-24 12:59:28', '0');
INSERT INTO `city_area` VALUES ('472', '130433', '馆陶县', '303', '130400', '邯郸市', '115.289057', '36.539461', '2019-11-24 12:59:28', '0');
INSERT INTO `city_area` VALUES ('473', '130434', '魏县', '303', '130400', '邯郸市', '114.93411', '36.354248', '2019-11-24 12:59:28', '0');
INSERT INTO `city_area` VALUES ('474', '130435', '曲周县', '303', '130400', '邯郸市', '114.957588', '36.773398', '2019-11-24 12:59:28', '0');
INSERT INTO `city_area` VALUES ('475', '130471', '邯郸经济技术开发区', '303', '130400', '邯郸市', '', '', '2019-11-24 12:59:28', '0');
INSERT INTO `city_area` VALUES ('476', '130473', '邯郸冀南新区', '303', '130400', '邯郸市', '', '', '2019-11-24 12:59:28', '0');
INSERT INTO `city_area` VALUES ('477', '130481', '武安市', '303', '130400', '邯郸市', '114.194581', '36.696115', '2019-11-24 12:59:28', '0');
INSERT INTO `city_area` VALUES ('38', '130500', '邢台市', '202', '130000', '河北省', '114.508851', '37.0682', '2019-11-24 12:59:28', '0');
INSERT INTO `city_area` VALUES ('478', '130502', '桥东区', '303', '130500', '邢台市', '114.507131', '37.064125', '2019-11-24 12:59:28', '0');
INSERT INTO `city_area` VALUES ('479', '130503', '桥西区', '303', '130500', '邢台市', '114.473687', '37.068009', '2019-11-24 12:59:28', '0');
INSERT INTO `city_area` VALUES ('480', '130521', '邢台县', '303', '130500', '邢台市', '114.561132', '37.05073', '2019-11-24 12:59:28', '0');
INSERT INTO `city_area` VALUES ('481', '130522', '临城县', '303', '130500', '邢台市', '114.506873', '37.444009', '2019-11-24 12:59:28', '0');
INSERT INTO `city_area` VALUES ('482', '130523', '内丘县', '303', '130500', '邢台市', '114.511523', '37.287663', '2019-11-24 12:59:28', '0');
INSERT INTO `city_area` VALUES ('483', '130524', '柏乡县', '303', '130500', '邢台市', '114.693382', '37.483596', '2019-11-24 12:59:28', '0');
INSERT INTO `city_area` VALUES ('484', '130525', '隆尧县', '303', '130500', '邢台市', '114.776348', '37.350925', '2019-11-24 12:59:28', '0');
INSERT INTO `city_area` VALUES ('485', '130526', '任县', '303', '130500', '邢台市', '114.684469', '37.129952', '2019-11-24 12:59:28', '0');
INSERT INTO `city_area` VALUES ('486', '130527', '南和县', '303', '130500', '邢台市', '114.691377', '37.003812', '2019-11-24 12:59:28', '0');
INSERT INTO `city_area` VALUES ('487', '130528', '宁晋县', '303', '130500', '邢台市', '114.921027', '37.618956', '2019-11-24 12:59:28', '0');
INSERT INTO `city_area` VALUES ('488', '130529', '巨鹿县', '303', '130500', '邢台市', '115.038782', '37.21768', '2019-11-24 12:59:28', '0');
INSERT INTO `city_area` VALUES ('489', '130530', '新河县', '303', '130500', '邢台市', '115.247537', '37.526216', '2019-11-24 12:59:28', '0');
INSERT INTO `city_area` VALUES ('490', '130531', '广宗县', '303', '130500', '邢台市', '115.142797', '37.075548', '2019-11-24 12:59:28', '0');
INSERT INTO `city_area` VALUES ('491', '130532', '平乡县', '303', '130500', '邢台市', '115.029218', '37.069404', '2019-11-24 12:59:28', '0');
INSERT INTO `city_area` VALUES ('492', '130533', '威县', '303', '130500', '邢台市', '115.272749', '36.983272', '2019-11-24 12:59:28', '0');
INSERT INTO `city_area` VALUES ('493', '130534', '清河县', '303', '130500', '邢台市', '115.668999', '37.059991', '2019-11-24 12:59:28', '0');
INSERT INTO `city_area` VALUES ('494', '130535', '临西县', '303', '130500', '邢台市', '115.498684', '36.8642', '2019-11-24 12:59:28', '0');
INSERT INTO `city_area` VALUES ('495', '130571', '河北邢台经济开发区', '303', '130500', '邢台市', '', '', '2019-11-24 12:59:28', '0');
INSERT INTO `city_area` VALUES ('496', '130581', '南宫市', '303', '130500', '邢台市', '115.398102', '37.359668', '2019-11-24 12:59:28', '0');
INSERT INTO `city_area` VALUES ('497', '130582', '沙河市', '303', '130500', '邢台市', '114.504902', '36.861903', '2019-11-24 12:59:28', '0');
INSERT INTO `city_area` VALUES ('39', '130600', '保定市', '202', '130000', '河北省', '115.482331', '38.867657', '2019-11-24 12:59:28', '0');
INSERT INTO `city_area` VALUES ('498', '130602', '竞秀区', '303', '130600', '保定市', '115.470659', '38.88662', '2019-11-24 12:59:28', '0');
INSERT INTO `city_area` VALUES ('499', '130606', '莲池区', '303', '130600', '保定市', '115.500934', '38.865005', '2019-11-24 12:59:28', '0');
INSERT INTO `city_area` VALUES ('500', '130607', '满城区', '303', '130600', '保定市', '115.32442', '38.95138', '2019-11-24 12:59:28', '0');
INSERT INTO `city_area` VALUES ('501', '130608', '清苑区', '303', '130600', '保定市', '115.492221', '38.771012', '2019-11-24 12:59:28', '0');
INSERT INTO `city_area` VALUES ('502', '130609', '徐水区', '303', '130600', '保定市', '115.64941', '39.020395', '2019-11-24 12:59:28', '0');
INSERT INTO `city_area` VALUES ('503', '130623', '涞水县', '303', '130600', '保定市', '115.711985', '39.393148', '2019-11-24 12:59:28', '0');
INSERT INTO `city_area` VALUES ('504', '130624', '阜平县', '303', '130600', '保定市', '114.198801', '38.847276', '2019-11-24 12:59:28', '0');
INSERT INTO `city_area` VALUES ('505', '130626', '定兴县', '303', '130600', '保定市', '115.796895', '39.266195', '2019-11-24 12:59:28', '0');
INSERT INTO `city_area` VALUES ('506', '130627', '唐县', '303', '130600', '保定市', '114.981241', '38.748542', '2019-11-24 12:59:28', '0');
INSERT INTO `city_area` VALUES ('507', '130628', '高阳县', '303', '130600', '保定市', '115.778878', '38.690092', '2019-11-24 12:59:28', '0');
INSERT INTO `city_area` VALUES ('508', '130629', '容城县', '303', '130600', '保定市', '115.866247', '39.05282', '2019-11-24 12:59:28', '0');
INSERT INTO `city_area` VALUES ('509', '130630', '涞源县', '303', '130600', '保定市', '114.692567', '39.35755', '2019-11-24 12:59:28', '0');
INSERT INTO `city_area` VALUES ('510', '130631', '望都县', '303', '130600', '保定市', '115.154009', '38.707448', '2019-11-24 12:59:28', '0');
INSERT INTO `city_area` VALUES ('511', '130632', '安新县', '303', '130600', '保定市', '115.931979', '38.929912', '2019-11-24 12:59:28', '0');
INSERT INTO `city_area` VALUES ('512', '130633', '易县', '303', '130600', '保定市', '115.501146', '39.35297', '2019-11-24 12:59:28', '0');
INSERT INTO `city_area` VALUES ('513', '130634', '曲阳县', '303', '130600', '保定市', '114.704055', '38.619992', '2019-11-24 12:59:28', '0');
INSERT INTO `city_area` VALUES ('514', '130635', '蠡县', '303', '130600', '保定市', '115.583631', '38.496429', '2019-11-24 12:59:28', '0');
INSERT INTO `city_area` VALUES ('515', '130636', '顺平县', '303', '130600', '保定市', '115.132749', '38.845127', '2019-11-24 12:59:28', '0');
INSERT INTO `city_area` VALUES ('516', '130637', '博野县', '303', '130600', '保定市', '115.461798', '38.458271', '2019-11-24 12:59:28', '0');
INSERT INTO `city_area` VALUES ('517', '130638', '雄县', '303', '130600', '保定市', '116.107474', '38.990819', '2019-11-24 12:59:28', '0');
INSERT INTO `city_area` VALUES ('518', '130671', '保定高新技术产业开发区', '303', '130600', '保定市', '', '', '2019-11-24 12:59:28', '0');
INSERT INTO `city_area` VALUES ('519', '130672', '保定白沟新城', '303', '130600', '保定市', '', '', '2019-11-24 12:59:28', '0');
INSERT INTO `city_area` VALUES ('520', '130681', '涿州市', '303', '130600', '保定市', '115.973409', '39.485765', '2019-11-24 12:59:28', '0');
INSERT INTO `city_area` VALUES ('521', '130682', '定州市', '303', '130600', '保定市', '114.991389', '38.517602', '2019-11-24 12:59:28', '0');
INSERT INTO `city_area` VALUES ('522', '130683', '安国市', '303', '130600', '保定市', '115.33141', '38.421367', '2019-11-24 12:59:28', '0');
INSERT INTO `city_area` VALUES ('523', '130684', '高碑店市', '303', '130600', '保定市', '115.882704', '39.327689', '2019-11-24 12:59:28', '0');
INSERT INTO `city_area` VALUES ('40', '130700', '张家口市', '202', '130000', '河北省', '114.884091', '40.811901', '2019-11-24 12:59:28', '0');
INSERT INTO `city_area` VALUES ('524', '130702', '桥东区', '303', '130700', '张家口市', '114.885658', '40.813875', '2019-11-24 12:59:28', '0');
INSERT INTO `city_area` VALUES ('525', '130703', '桥西区', '303', '130700', '张家口市', '114.882127', '40.824385', '2019-11-24 12:59:28', '0');
INSERT INTO `city_area` VALUES ('526', '130705', '宣化区', '303', '130700', '张家口市', '115.0632', '40.609368', '2019-11-24 12:59:28', '0');
INSERT INTO `city_area` VALUES ('527', '130706', '下花园区', '303', '130700', '张家口市', '115.281002', '40.488645', '2019-11-24 12:59:28', '0');
INSERT INTO `city_area` VALUES ('528', '130708', '万全区', '303', '130700', '张家口市', '114.736131', '40.765136', '2019-11-24 12:59:28', '0');
INSERT INTO `city_area` VALUES ('529', '130709', '崇礼区', '303', '130700', '张家口市', '115.281652', '40.971302', '2019-11-24 12:59:28', '0');
INSERT INTO `city_area` VALUES ('530', '130722', '张北县', '303', '130700', '张家口市', '114.715951', '41.151713', '2019-11-24 12:59:28', '0');
INSERT INTO `city_area` VALUES ('531', '130723', '康保县', '303', '130700', '张家口市', '114.615809', '41.850046', '2019-11-24 12:59:28', '0');
INSERT INTO `city_area` VALUES ('532', '130724', '沽源县', '303', '130700', '张家口市', '115.684836', '41.667419', '2019-11-24 12:59:28', '0');
INSERT INTO `city_area` VALUES ('533', '130725', '尚义县', '303', '130700', '张家口市', '113.977713', '41.080091', '2019-11-24 12:59:28', '0');
INSERT INTO `city_area` VALUES ('534', '130726', '蔚县', '303', '130700', '张家口市', '114.582695', '39.837181', '2019-11-24 12:59:28', '0');
INSERT INTO `city_area` VALUES ('535', '130727', '阳原县', '303', '130700', '张家口市', '114.167343', '40.113419', '2019-11-24 12:59:28', '0');
INSERT INTO `city_area` VALUES ('536', '130728', '怀安县', '303', '130700', '张家口市', '114.422364', '40.671274', '2019-11-24 12:59:28', '0');
INSERT INTO `city_area` VALUES ('537', '130730', '怀来县', '303', '130700', '张家口市', '115.520846', '40.405405', '2019-11-24 12:59:28', '0');
INSERT INTO `city_area` VALUES ('538', '130731', '涿鹿县', '303', '130700', '张家口市', '115.219246', '40.378701', '2019-11-24 12:59:28', '0');
INSERT INTO `city_area` VALUES ('539', '130732', '赤城县', '303', '130700', '张家口市', '115.832708', '40.912081', '2019-11-24 12:59:28', '0');
INSERT INTO `city_area` VALUES ('540', '130771', '张家口市高新技术产业开发区', '303', '130700', '张家口市', '', '', '2019-11-24 12:59:28', '0');
INSERT INTO `city_area` VALUES ('541', '130772', '张家口市察北管理区', '303', '130700', '张家口市', '', '', '2019-11-24 12:59:28', '0');
INSERT INTO `city_area` VALUES ('542', '130773', '张家口市塞北管理区', '303', '130700', '张家口市', '', '', '2019-11-24 12:59:28', '0');
INSERT INTO `city_area` VALUES ('41', '130800', '承德市', '202', '130000', '河北省', '117.939152', '40.976204', '2019-11-24 12:59:28', '0');
INSERT INTO `city_area` VALUES ('543', '130802', '双桥区', '303', '130800', '承德市', '117.939152', '40.976204', '2019-11-24 12:59:28', '0');
INSERT INTO `city_area` VALUES ('544', '130803', '双滦区', '303', '130800', '承德市', '117.797485', '40.959756', '2019-11-24 12:59:28', '0');
INSERT INTO `city_area` VALUES ('545', '130804', '鹰手营子矿区', '303', '130800', '承德市', '117.661154', '40.546956', '2019-11-24 12:59:28', '0');
INSERT INTO `city_area` VALUES ('546', '130821', '承德县', '303', '130800', '承德市', '118.172496', '40.768637', '2019-11-24 12:59:28', '0');
INSERT INTO `city_area` VALUES ('547', '130822', '兴隆县', '303', '130800', '承德市', '117.507098', '40.418525', '2019-11-24 12:59:28', '0');
INSERT INTO `city_area` VALUES ('548', '130824', '滦平县', '303', '130800', '承德市', '117.337124', '40.936644', '2019-11-24 12:59:28', '0');
INSERT INTO `city_area` VALUES ('549', '130825', '隆化县', '303', '130800', '承德市', '117.736343', '41.316667', '2019-11-24 12:59:28', '0');
INSERT INTO `city_area` VALUES ('550', '130826', '丰宁满族自治县', '303', '130800', '承德市', '116.65121', '41.209903', '2019-11-24 12:59:28', '0');
INSERT INTO `city_area` VALUES ('551', '130827', '宽城满族自治县', '303', '130800', '承德市', '118.488642', '40.607981', '2019-11-24 12:59:28', '0');
INSERT INTO `city_area` VALUES ('552', '130828', '围场满族蒙古族自治县', '303', '130800', '承德市', '117.764086', '41.949404', '2019-11-24 12:59:28', '0');
INSERT INTO `city_area` VALUES ('553', '130871', '承德高新技术产业开发区', '303', '130800', '承德市', '', '', '2019-11-24 12:59:28', '0');
INSERT INTO `city_area` VALUES ('554', '130881', '平泉市', '303', '130800', '承德市', '118.690238', '41.00561', '2019-11-24 12:59:28', '0');
INSERT INTO `city_area` VALUES ('42', '130900', '沧州市', '202', '130000', '河北省', '116.857461', '38.310582', '2019-11-24 12:59:28', '0');
INSERT INTO `city_area` VALUES ('555', '130902', '新华区', '303', '130900', '沧州市', '116.873049', '38.308273', '2019-11-24 12:59:28', '0');
INSERT INTO `city_area` VALUES ('556', '130903', '运河区', '303', '130900', '沧州市', '116.840063', '38.307405', '2019-11-24 12:59:28', '0');
INSERT INTO `city_area` VALUES ('557', '130921', '沧县', '303', '130900', '沧州市', '117.007478', '38.219856', '2019-11-24 12:59:28', '0');
INSERT INTO `city_area` VALUES ('558', '130922', '青县', '303', '130900', '沧州市', '116.838384', '38.569646', '2019-11-24 12:59:28', '0');
INSERT INTO `city_area` VALUES ('559', '130923', '东光县', '303', '130900', '沧州市', '116.542062', '37.88655', '2019-11-24 12:59:28', '0');
INSERT INTO `city_area` VALUES ('560', '130924', '海兴县', '303', '130900', '沧州市', '117.496606', '38.141582', '2019-11-24 12:59:28', '0');
INSERT INTO `city_area` VALUES ('561', '130925', '盐山县', '303', '130900', '沧州市', '117.229814', '38.056141', '2019-11-24 12:59:28', '0');
INSERT INTO `city_area` VALUES ('562', '130926', '肃宁县', '303', '130900', '沧州市', '115.835856', '38.427102', '2019-11-24 12:59:28', '0');
INSERT INTO `city_area` VALUES ('563', '130927', '南皮县', '303', '130900', '沧州市', '116.709171', '38.042439', '2019-11-24 12:59:28', '0');
INSERT INTO `city_area` VALUES ('564', '130928', '吴桥县', '303', '130900', '沧州市', '116.391512', '37.628182', '2019-11-24 12:59:28', '0');
INSERT INTO `city_area` VALUES ('565', '130929', '献县', '303', '130900', '沧州市', '116.123844', '38.189661', '2019-11-24 12:59:28', '0');
INSERT INTO `city_area` VALUES ('566', '130930', '孟村回族自治县', '303', '130900', '沧州市', '117.105104', '38.057953', '2019-11-24 12:59:28', '0');
INSERT INTO `city_area` VALUES ('567', '130971', '河北沧州经济开发区', '303', '130900', '沧州市', '', '', '2019-11-24 12:59:28', '0');
INSERT INTO `city_area` VALUES ('568', '130972', '沧州高新技术产业开发区', '303', '130900', '沧州市', '', '', '2019-11-24 12:59:28', '0');
INSERT INTO `city_area` VALUES ('569', '130973', '沧州渤海新区', '303', '130900', '沧州市', '', '', '2019-11-24 12:59:28', '0');
INSERT INTO `city_area` VALUES ('570', '130981', '泊头市', '303', '130900', '沧州市', '116.570163', '38.073479', '2019-11-24 12:59:28', '0');
INSERT INTO `city_area` VALUES ('571', '130982', '任丘市', '303', '130900', '沧州市', '116.106764', '38.706513', '2019-11-24 12:59:28', '0');
INSERT INTO `city_area` VALUES ('572', '130983', '黄骅市', '303', '130900', '沧州市', '117.343803', '38.369238', '2019-11-24 12:59:28', '0');
INSERT INTO `city_area` VALUES ('573', '130984', '河间市', '303', '130900', '沧州市', '116.089452', '38.44149', '2019-11-24 12:59:28', '0');
INSERT INTO `city_area` VALUES ('43', '131000', '廊坊市', '202', '130000', '河北省', '116.704441', '39.523927', '2019-11-24 12:59:28', '0');
INSERT INTO `city_area` VALUES ('574', '131002', '安次区', '303', '131000', '廊坊市', '116.694544', '39.502569', '2019-11-24 12:59:28', '0');
INSERT INTO `city_area` VALUES ('575', '131003', '广阳区', '303', '131000', '廊坊市', '116.713708', '39.521931', '2019-11-24 12:59:28', '0');
INSERT INTO `city_area` VALUES ('576', '131022', '固安县', '303', '131000', '廊坊市', '116.299894', '39.436468', '2019-11-24 12:59:28', '0');
INSERT INTO `city_area` VALUES ('577', '131023', '永清县', '303', '131000', '廊坊市', '116.498089', '39.319717', '2019-11-24 12:59:28', '0');
INSERT INTO `city_area` VALUES ('578', '131024', '香河县', '303', '131000', '廊坊市', '117.007161', '39.757212', '2019-11-24 12:59:28', '0');
INSERT INTO `city_area` VALUES ('579', '131025', '大城县', '303', '131000', '廊坊市', '116.640735', '38.699215', '2019-11-24 12:59:28', '0');
INSERT INTO `city_area` VALUES ('580', '131026', '文安县', '303', '131000', '廊坊市', '116.460107', '38.866801', '2019-11-24 12:59:28', '0');
INSERT INTO `city_area` VALUES ('581', '131028', '大厂回族自治县', '303', '131000', '廊坊市', '116.986501', '39.889266', '2019-11-24 12:59:28', '0');
INSERT INTO `city_area` VALUES ('582', '131071', '廊坊经济技术开发区', '303', '131000', '廊坊市', '', '', '2019-11-24 12:59:28', '0');
INSERT INTO `city_area` VALUES ('583', '131081', '霸州市', '303', '131000', '廊坊市', '116.392021', '39.117331', '2019-11-24 12:59:28', '0');
INSERT INTO `city_area` VALUES ('584', '131082', '三河市', '303', '131000', '廊坊市', '117.077018', '39.982778', '2019-11-24 12:59:28', '0');
INSERT INTO `city_area` VALUES ('44', '131100', '衡水市', '202', '130000', '河北省', '115.665993', '37.735097', '2019-11-24 12:59:28', '0');
INSERT INTO `city_area` VALUES ('585', '131102', '桃城区', '303', '131100', '衡水市', '115.694945', '37.732237', '2019-11-24 12:59:28', '0');
INSERT INTO `city_area` VALUES ('586', '131103', '冀州区', '303', '131100', '衡水市', '115.579173', '37.542788', '2019-11-24 12:59:28', '0');
INSERT INTO `city_area` VALUES ('587', '131121', '枣强县', '303', '131100', '衡水市', '115.726499', '37.511512', '2019-11-24 12:59:28', '0');
INSERT INTO `city_area` VALUES ('588', '131122', '武邑县', '303', '131100', '衡水市', '115.892415', '37.803774', '2019-11-24 12:59:28', '0');
INSERT INTO `city_area` VALUES ('589', '131123', '武强县', '303', '131100', '衡水市', '115.970236', '38.03698', '2019-11-24 12:59:28', '0');
INSERT INTO `city_area` VALUES ('590', '131124', '饶阳县', '303', '131100', '衡水市', '115.726577', '38.232671', '2019-11-24 12:59:28', '0');
INSERT INTO `city_area` VALUES ('591', '131125', '安平县', '303', '131100', '衡水市', '115.519627', '38.233511', '2019-11-24 12:59:28', '0');
INSERT INTO `city_area` VALUES ('592', '131126', '故城县', '303', '131100', '衡水市', '115.966747', '37.350981', '2019-11-24 12:59:28', '0');
INSERT INTO `city_area` VALUES ('593', '131127', '景县', '303', '131100', '衡水市', '116.258446', '37.686622', '2019-11-24 12:59:28', '0');
INSERT INTO `city_area` VALUES ('594', '131128', '阜城县', '303', '131100', '衡水市', '116.164727', '37.869945', '2019-11-24 12:59:28', '0');
INSERT INTO `city_area` VALUES ('595', '131171', '河北衡水经济开发区', '303', '131100', '衡水市', '', '', '2019-11-24 12:59:28', '0');
INSERT INTO `city_area` VALUES ('596', '131172', '衡水滨湖新区', '303', '131100', '衡水市', '', '', '2019-11-24 12:59:28', '0');
INSERT INTO `city_area` VALUES ('597', '131182', '深州市', '303', '131100', '衡水市', '115.554596', '38.00347', '2019-11-24 12:59:28', '0');
INSERT INTO `city_area` VALUES ('4', '140000', '山西省', '101', '0', '中国', '112.549248', '37.857014', '2019-11-24 12:59:28', '0');
INSERT INTO `city_area` VALUES ('45', '140100', '太原市', '202', '140000', '山西省', '112.549248', '37.857014', '2019-11-24 12:59:28', '0');
INSERT INTO `city_area` VALUES ('598', '140105', '小店区', '303', '140100', '太原市', '112.564273', '37.817974', '2019-11-24 12:59:28', '0');
INSERT INTO `city_area` VALUES ('599', '140106', '迎泽区', '303', '140100', '太原市', '112.558851', '37.855804', '2019-11-24 12:59:28', '0');
INSERT INTO `city_area` VALUES ('600', '140107', '杏花岭区', '303', '140100', '太原市', '112.560743', '37.879291', '2019-11-24 12:59:28', '0');
INSERT INTO `city_area` VALUES ('601', '140108', '尖草坪区', '303', '140100', '太原市', '112.487122', '37.939893', '2019-11-24 12:59:28', '0');
INSERT INTO `city_area` VALUES ('602', '140109', '万柏林区', '303', '140100', '太原市', '112.522258', '37.862653', '2019-11-24 12:59:28', '0');
INSERT INTO `city_area` VALUES ('603', '140110', '晋源区', '303', '140100', '太原市', '112.477849', '37.715619', '2019-11-24 12:59:28', '0');
INSERT INTO `city_area` VALUES ('604', '140121', '清徐县', '303', '140100', '太原市', '112.357961', '37.60729', '2019-11-24 12:59:28', '0');
INSERT INTO `city_area` VALUES ('605', '140122', '阳曲县', '303', '140100', '太原市', '112.673818', '38.058797', '2019-11-24 12:59:28', '0');
INSERT INTO `city_area` VALUES ('606', '140123', '娄烦县', '303', '140100', '太原市', '111.793798', '38.066035', '2019-11-24 12:59:28', '0');
INSERT INTO `city_area` VALUES ('607', '140171', '山西转型综合改革示范区', '303', '140100', '太原市', '', '', '2019-11-24 12:59:28', '0');
INSERT INTO `city_area` VALUES ('608', '140181', '古交市', '303', '140100', '太原市', '112.174353', '37.908534', '2019-11-24 12:59:28', '0');
INSERT INTO `city_area` VALUES ('46', '140200', '大同市', '202', '140000', '山西省', '113.295259', '40.09031', '2019-11-24 12:59:28', '0');
INSERT INTO `city_area` VALUES ('609', '140202', '城区', '303', '140200', '大同市', '113.301438', '40.090511', '2019-11-24 12:59:28', '0');
INSERT INTO `city_area` VALUES ('610', '140203', '矿区', '303', '140200', '大同市', '113.168656', '40.03626', '2019-11-24 12:59:28', '0');
INSERT INTO `city_area` VALUES ('611', '140211', '南郊区', '303', '140200', '大同市', '113.16892', '40.01802', '2019-11-24 12:59:28', '0');
INSERT INTO `city_area` VALUES ('612', '140212', '新荣区', '303', '140200', '大同市', '113.141044', '40.258269', '2019-11-24 12:59:28', '0');
INSERT INTO `city_area` VALUES ('613', '140221', '阳高县', '303', '140200', '大同市', '113.749871', '40.364927', '2019-11-24 12:59:28', '0');
INSERT INTO `city_area` VALUES ('614', '140222', '天镇县', '303', '140200', '大同市', '114.09112', '40.421336', '2019-11-24 12:59:28', '0');
INSERT INTO `city_area` VALUES ('615', '140223', '广灵县', '303', '140200', '大同市', '114.279252', '39.763051', '2019-11-24 12:59:28', '0');
INSERT INTO `city_area` VALUES ('616', '140224', '灵丘县', '303', '140200', '大同市', '114.23576', '39.438867', '2019-11-24 12:59:28', '0');
INSERT INTO `city_area` VALUES ('617', '140225', '浑源县', '303', '140200', '大同市', '113.698091', '39.699099', '2019-11-24 12:59:28', '0');
INSERT INTO `city_area` VALUES ('618', '140226', '左云县', '303', '140200', '大同市', '112.70641', '40.012873', '2019-11-24 12:59:28', '0');
INSERT INTO `city_area` VALUES ('619', '140227', '大同县', '303', '140200', '大同市', '113.611306', '40.039345', '2019-11-24 12:59:28', '0');
INSERT INTO `city_area` VALUES ('620', '140271', '山西大同经济开发区', '303', '140200', '大同市', '', '', '2019-11-24 12:59:28', '0');
INSERT INTO `city_area` VALUES ('47', '140300', '阳泉市', '202', '140000', '山西省', '113.583285', '37.861188', '2019-11-24 12:59:28', '0');
INSERT INTO `city_area` VALUES ('621', '140302', '城区', '303', '140300', '阳泉市', '113.586513', '37.860938', '2019-11-24 12:59:28', '0');
INSERT INTO `city_area` VALUES ('622', '140303', '矿区', '303', '140300', '阳泉市', '113.559066', '37.870085', '2019-11-24 12:59:28', '0');
INSERT INTO `city_area` VALUES ('623', '140311', '郊区', '303', '140300', '阳泉市', '113.58664', '37.94096', '2019-11-24 12:59:28', '0');
INSERT INTO `city_area` VALUES ('624', '140321', '平定县', '303', '140300', '阳泉市', '113.631049', '37.800289', '2019-11-24 12:59:28', '0');
INSERT INTO `city_area` VALUES ('625', '140322', '盂县', '303', '140300', '阳泉市', '113.41223', '38.086131', '2019-11-24 12:59:28', '0');
INSERT INTO `city_area` VALUES ('626', '140371', '山西阳泉经济开发区', '303', '140300', '阳泉市', '', '', '2019-11-24 12:59:28', '0');
INSERT INTO `city_area` VALUES ('48', '140400', '长治市', '202', '140000', '山西省', '113.113556', '36.191112', '2019-11-24 12:59:28', '0');
INSERT INTO `city_area` VALUES ('627', '140402', '城区', '303', '140400', '长治市', '113.114107', '36.187896', '2019-11-24 12:59:28', '0');
INSERT INTO `city_area` VALUES ('628', '140411', '郊区', '303', '140400', '长治市', '113.101211', '36.218388', '2019-11-24 12:59:28', '0');
INSERT INTO `city_area` VALUES ('629', '140421', '长治县', '303', '140400', '长治市', '113.056679', '36.052438', '2019-11-24 12:59:28', '0');
INSERT INTO `city_area` VALUES ('630', '140423', '襄垣县', '303', '140400', '长治市', '113.050094', '36.532854', '2019-11-24 12:59:28', '0');
INSERT INTO `city_area` VALUES ('631', '140424', '屯留县', '303', '140400', '长治市', '112.892741', '36.314072', '2019-11-24 12:59:28', '0');
INSERT INTO `city_area` VALUES ('632', '140425', '平顺县', '303', '140400', '长治市', '113.438791', '36.200202', '2019-11-24 12:59:28', '0');
INSERT INTO `city_area` VALUES ('633', '140426', '黎城县', '303', '140400', '长治市', '113.387366', '36.502971', '2019-11-24 12:59:28', '0');
INSERT INTO `city_area` VALUES ('634', '140427', '壶关县', '303', '140400', '长治市', '113.206138', '36.110938', '2019-11-24 12:59:28', '0');
INSERT INTO `city_area` VALUES ('635', '140428', '长子县', '303', '140400', '长治市', '112.884656', '36.119484', '2019-11-24 12:59:28', '0');
INSERT INTO `city_area` VALUES ('636', '140429', '武乡县', '303', '140400', '长治市', '112.8653', '36.834315', '2019-11-24 12:59:28', '0');
INSERT INTO `city_area` VALUES ('637', '140430', '沁县', '303', '140400', '长治市', '112.70138', '36.757123', '2019-11-24 12:59:28', '0');
INSERT INTO `city_area` VALUES ('638', '140431', '沁源县', '303', '140400', '长治市', '112.340878', '36.500777', '2019-11-24 12:59:28', '0');
INSERT INTO `city_area` VALUES ('639', '140471', '山西长治高新技术产业园区', '303', '140400', '长治市', '', '', '2019-11-24 12:59:28', '0');
INSERT INTO `city_area` VALUES ('640', '140481', '潞城市', '303', '140400', '长治市', '113.223245', '36.332233', '2019-11-24 12:59:28', '0');
INSERT INTO `city_area` VALUES ('49', '140500', '晋城市', '202', '140000', '山西省', '112.851274', '35.497553', '2019-11-24 12:59:28', '0');
INSERT INTO `city_area` VALUES ('641', '140502', '城区', '303', '140500', '晋城市', '112.853106', '35.496641', '2019-11-24 12:59:28', '0');
INSERT INTO `city_area` VALUES ('642', '140521', '沁水县', '303', '140500', '晋城市', '112.187213', '35.689472', '2019-11-24 12:59:28', '0');
INSERT INTO `city_area` VALUES ('643', '140522', '阳城县', '303', '140500', '晋城市', '112.422014', '35.482177', '2019-11-24 12:59:28', '0');
INSERT INTO `city_area` VALUES ('644', '140524', '陵川县', '303', '140500', '晋城市', '113.278877', '35.775614', '2019-11-24 12:59:28', '0');
INSERT INTO `city_area` VALUES ('645', '140525', '泽州县', '303', '140500', '晋城市', '112.899137', '35.617221', '2019-11-24 12:59:28', '0');
INSERT INTO `city_area` VALUES ('646', '140581', '高平市', '303', '140500', '晋城市', '112.930691', '35.791355', '2019-11-24 12:59:28', '0');
INSERT INTO `city_area` VALUES ('50', '140600', '朔州市', '202', '140000', '山西省', '112.433387', '39.331261', '2019-11-24 12:59:28', '0');
INSERT INTO `city_area` VALUES ('647', '140602', '朔城区', '303', '140600', '朔州市', '112.428676', '39.324525', '2019-11-24 12:59:28', '0');
INSERT INTO `city_area` VALUES ('648', '140603', '平鲁区', '303', '140600', '朔州市', '112.295227', '39.515603', '2019-11-24 12:59:28', '0');
INSERT INTO `city_area` VALUES ('649', '140621', '山阴县', '303', '140600', '朔州市', '112.816396', '39.52677', '2019-11-24 12:59:28', '0');
INSERT INTO `city_area` VALUES ('650', '140622', '应县', '303', '140600', '朔州市', '113.187505', '39.559187', '2019-11-24 12:59:28', '0');
INSERT INTO `city_area` VALUES ('651', '140623', '右玉县', '303', '140600', '朔州市', '112.465588', '39.988812', '2019-11-24 12:59:28', '0');
INSERT INTO `city_area` VALUES ('652', '140624', '怀仁县', '303', '140600', '朔州市', '113.100512', '39.82079', '2019-11-24 12:59:28', '0');
INSERT INTO `city_area` VALUES ('653', '140671', '山西朔州经济开发区', '303', '140600', '朔州市', '', '', '2019-11-24 12:59:28', '0');
INSERT INTO `city_area` VALUES ('51', '140700', '晋中市', '202', '140000', '山西省', '112.736465', '37.696495', '2019-11-24 12:59:28', '0');
INSERT INTO `city_area` VALUES ('654', '140702', '榆次区', '303', '140700', '晋中市', '112.740056', '37.6976', '2019-11-24 12:59:28', '0');
INSERT INTO `city_area` VALUES ('655', '140721', '榆社县', '303', '140700', '晋中市', '112.973521', '37.069019', '2019-11-24 12:59:28', '0');
INSERT INTO `city_area` VALUES ('656', '140722', '左权县', '303', '140700', '晋中市', '113.377834', '37.079672', '2019-11-24 12:59:28', '0');
INSERT INTO `city_area` VALUES ('657', '140723', '和顺县', '303', '140700', '晋中市', '113.572919', '37.327027', '2019-11-24 12:59:28', '0');
INSERT INTO `city_area` VALUES ('658', '140724', '昔阳县', '303', '140700', '晋中市', '113.706166', '37.60437', '2019-11-24 12:59:28', '0');
INSERT INTO `city_area` VALUES ('659', '140725', '寿阳县', '303', '140700', '晋中市', '113.177708', '37.891136', '2019-11-24 12:59:28', '0');
INSERT INTO `city_area` VALUES ('660', '140726', '太谷县', '303', '140700', '晋中市', '112.554103', '37.424595', '2019-11-24 12:59:28', '0');
INSERT INTO `city_area` VALUES ('661', '140727', '祁县', '303', '140700', '晋中市', '112.330532', '37.358739', '2019-11-24 12:59:28', '0');
INSERT INTO `city_area` VALUES ('662', '140728', '平遥县', '303', '140700', '晋中市', '112.174059', '37.195474', '2019-11-24 12:59:28', '0');
INSERT INTO `city_area` VALUES ('663', '140729', '灵石县', '303', '140700', '晋中市', '111.772759', '36.847469', '2019-11-24 12:59:28', '0');
INSERT INTO `city_area` VALUES ('664', '140781', '介休市', '303', '140700', '晋中市', '111.913857', '37.027616', '2019-11-24 12:59:28', '0');
INSERT INTO `city_area` VALUES ('52', '140800', '运城市', '202', '140000', '山西省', '111.003957', '35.022778', '2019-11-24 12:59:28', '0');
INSERT INTO `city_area` VALUES ('665', '140802', '盐湖区', '303', '140800', '运城市', '111.000627', '35.025643', '2019-11-24 12:59:28', '0');
INSERT INTO `city_area` VALUES ('666', '140821', '临猗县', '303', '140800', '运城市', '110.77493', '35.141883', '2019-11-24 12:59:28', '0');
INSERT INTO `city_area` VALUES ('667', '140822', '万荣县', '303', '140800', '运城市', '110.843561', '35.417042', '2019-11-24 12:59:28', '0');
INSERT INTO `city_area` VALUES ('668', '140823', '闻喜县', '303', '140800', '运城市', '111.220306', '35.353839', '2019-11-24 12:59:28', '0');
INSERT INTO `city_area` VALUES ('669', '140824', '稷山县', '303', '140800', '运城市', '110.978996', '35.600412', '2019-11-24 12:59:28', '0');
INSERT INTO `city_area` VALUES ('670', '140825', '新绛县', '303', '140800', '运城市', '111.225205', '35.613697', '2019-11-24 12:59:28', '0');
INSERT INTO `city_area` VALUES ('671', '140826', '绛县', '303', '140800', '运城市', '111.576182', '35.49045', '2019-11-24 12:59:28', '0');
INSERT INTO `city_area` VALUES ('672', '140827', '垣曲县', '303', '140800', '运城市', '111.67099', '35.298293', '2019-11-24 12:59:28', '0');
INSERT INTO `city_area` VALUES ('673', '140828', '夏县', '303', '140800', '运城市', '111.223174', '35.140441', '2019-11-24 12:59:28', '0');
INSERT INTO `city_area` VALUES ('674', '140829', '平陆县', '303', '140800', '运城市', '111.212377', '34.837256', '2019-11-24 12:59:28', '0');
INSERT INTO `city_area` VALUES ('675', '140830', '芮城县', '303', '140800', '运城市', '110.69114', '34.694769', '2019-11-24 12:59:28', '0');
INSERT INTO `city_area` VALUES ('676', '140881', '永济市', '303', '140800', '运城市', '110.447984', '34.865125', '2019-11-24 12:59:28', '0');
INSERT INTO `city_area` VALUES ('677', '140882', '河津市', '303', '140800', '运城市', '110.710268', '35.59715', '2019-11-24 12:59:28', '0');
INSERT INTO `city_area` VALUES ('53', '140900', '忻州市', '202', '140000', '山西省', '112.733538', '38.41769', '2019-11-24 12:59:28', '0');
INSERT INTO `city_area` VALUES ('678', '140902', '忻府区', '303', '140900', '忻州市', '112.734112', '38.417743', '2019-11-24 12:59:28', '0');
INSERT INTO `city_area` VALUES ('679', '140921', '定襄县', '303', '140900', '忻州市', '112.963231', '38.484948', '2019-11-24 12:59:28', '0');
INSERT INTO `city_area` VALUES ('680', '140922', '五台县', '303', '140900', '忻州市', '113.259012', '38.725711', '2019-11-24 12:59:28', '0');
INSERT INTO `city_area` VALUES ('681', '140923', '代县', '303', '140900', '忻州市', '112.962519', '39.065138', '2019-11-24 12:59:28', '0');
INSERT INTO `city_area` VALUES ('682', '140924', '繁峙县', '303', '140900', '忻州市', '113.267707', '39.188104', '2019-11-24 12:59:28', '0');
INSERT INTO `city_area` VALUES ('683', '140925', '宁武县', '303', '140900', '忻州市', '112.307936', '39.001718', '2019-11-24 12:59:28', '0');
INSERT INTO `city_area` VALUES ('684', '140926', '静乐县', '303', '140900', '忻州市', '111.940231', '38.355947', '2019-11-24 12:59:28', '0');
INSERT INTO `city_area` VALUES ('685', '140927', '神池县', '303', '140900', '忻州市', '112.200438', '39.088467', '2019-11-24 12:59:28', '0');
INSERT INTO `city_area` VALUES ('686', '140928', '五寨县', '303', '140900', '忻州市', '111.841015', '38.912761', '2019-11-24 12:59:28', '0');
INSERT INTO `city_area` VALUES ('687', '140929', '岢岚县', '303', '140900', '忻州市', '111.56981', '38.705625', '2019-11-24 12:59:28', '0');
INSERT INTO `city_area` VALUES ('688', '140930', '河曲县', '303', '140900', '忻州市', '111.146609', '39.381895', '2019-11-24 12:59:28', '0');
INSERT INTO `city_area` VALUES ('689', '140931', '保德县', '303', '140900', '忻州市', '111.085688', '39.022576', '2019-11-24 12:59:28', '0');
INSERT INTO `city_area` VALUES ('690', '140932', '偏关县', '303', '140900', '忻州市', '111.500477', '39.442153', '2019-11-24 12:59:28', '0');
INSERT INTO `city_area` VALUES ('691', '140971', '五台山风景名胜区', '303', '140900', '忻州市', '', '', '2019-11-24 12:59:28', '0');
INSERT INTO `city_area` VALUES ('692', '140981', '原平市', '303', '140900', '忻州市', '112.713132', '38.729186', '2019-11-24 12:59:28', '0');
INSERT INTO `city_area` VALUES ('54', '141000', '临汾市', '202', '140000', '山西省', '111.517973', '36.08415', '2019-11-24 12:59:28', '0');
INSERT INTO `city_area` VALUES ('693', '141002', '尧都区', '303', '141000', '临汾市', '111.522945', '36.080366', '2019-11-24 12:59:28', '0');
INSERT INTO `city_area` VALUES ('694', '141021', '曲沃县', '303', '141000', '临汾市', '111.475529', '35.641387', '2019-11-24 12:59:28', '0');
INSERT INTO `city_area` VALUES ('695', '141022', '翼城县', '303', '141000', '临汾市', '111.713508', '35.738621', '2019-11-24 12:59:28', '0');
INSERT INTO `city_area` VALUES ('696', '141023', '襄汾县', '303', '141000', '临汾市', '111.442932', '35.876139', '2019-11-24 12:59:28', '0');
INSERT INTO `city_area` VALUES ('697', '141024', '洪洞县', '303', '141000', '临汾市', '111.673692', '36.255742', '2019-11-24 12:59:28', '0');
INSERT INTO `city_area` VALUES ('698', '141025', '古县', '303', '141000', '临汾市', '111.920207', '36.26855', '2019-11-24 12:59:28', '0');
INSERT INTO `city_area` VALUES ('699', '141026', '安泽县', '303', '141000', '临汾市', '112.251372', '36.146032', '2019-11-24 12:59:28', '0');
INSERT INTO `city_area` VALUES ('700', '141027', '浮山县', '303', '141000', '临汾市', '111.850039', '35.971359', '2019-11-24 12:59:28', '0');
INSERT INTO `city_area` VALUES ('701', '141028', '吉县', '303', '141000', '临汾市', '110.682853', '36.099355', '2019-11-24 12:59:28', '0');
INSERT INTO `city_area` VALUES ('702', '141029', '乡宁县', '303', '141000', '临汾市', '110.857365', '35.975402', '2019-11-24 12:59:28', '0');
INSERT INTO `city_area` VALUES ('703', '141030', '大宁县', '303', '141000', '临汾市', '110.751283', '36.46383', '2019-11-24 12:59:28', '0');
INSERT INTO `city_area` VALUES ('704', '141031', '隰县', '303', '141000', '临汾市', '110.935809', '36.692675', '2019-11-24 12:59:28', '0');
INSERT INTO `city_area` VALUES ('705', '141032', '永和县', '303', '141000', '临汾市', '110.631276', '36.760614', '2019-11-24 12:59:28', '0');
INSERT INTO `city_area` VALUES ('706', '141033', '蒲县', '303', '141000', '临汾市', '111.09733', '36.411682', '2019-11-24 12:59:28', '0');
INSERT INTO `city_area` VALUES ('707', '141034', '汾西县', '303', '141000', '临汾市', '111.563021', '36.653368', '2019-11-24 12:59:28', '0');
INSERT INTO `city_area` VALUES ('708', '141081', '侯马市', '303', '141000', '临汾市', '111.371272', '35.620302', '2019-11-24 12:59:28', '0');
INSERT INTO `city_area` VALUES ('709', '141082', '霍州市', '303', '141000', '临汾市', '111.723103', '36.57202', '2019-11-24 12:59:28', '0');
INSERT INTO `city_area` VALUES ('55', '141100', '吕梁市', '202', '140000', '山西省', '111.134335', '37.524366', '2019-11-24 12:59:28', '0');
INSERT INTO `city_area` VALUES ('710', '141102', '离石区', '303', '141100', '吕梁市', '111.134462', '37.524037', '2019-11-24 12:59:28', '0');
INSERT INTO `city_area` VALUES ('711', '141121', '文水县', '303', '141100', '吕梁市', '112.032595', '37.436314', '2019-11-24 12:59:28', '0');
INSERT INTO `city_area` VALUES ('712', '141122', '交城县', '303', '141100', '吕梁市', '112.159154', '37.555155', '2019-11-24 12:59:28', '0');
INSERT INTO `city_area` VALUES ('713', '141123', '兴县', '303', '141100', '吕梁市', '111.124816', '38.464136', '2019-11-24 12:59:28', '0');
INSERT INTO `city_area` VALUES ('714', '141124', '临县', '303', '141100', '吕梁市', '110.995963', '37.960806', '2019-11-24 12:59:28', '0');
INSERT INTO `city_area` VALUES ('715', '141125', '柳林县', '303', '141100', '吕梁市', '110.89613', '37.431664', '2019-11-24 12:59:28', '0');
INSERT INTO `city_area` VALUES ('716', '141126', '石楼县', '303', '141100', '吕梁市', '110.837119', '36.999426', '2019-11-24 12:59:28', '0');
INSERT INTO `city_area` VALUES ('717', '141127', '岚县', '303', '141100', '吕梁市', '111.671555', '38.278654', '2019-11-24 12:59:28', '0');
INSERT INTO `city_area` VALUES ('718', '141128', '方山县', '303', '141100', '吕梁市', '111.238885', '37.892632', '2019-11-24 12:59:28', '0');
INSERT INTO `city_area` VALUES ('719', '141129', '中阳县', '303', '141100', '吕梁市', '111.193319', '37.342054', '2019-11-24 12:59:28', '0');
INSERT INTO `city_area` VALUES ('720', '141130', '交口县', '303', '141100', '吕梁市', '111.183188', '36.983068', '2019-11-24 12:59:28', '0');
INSERT INTO `city_area` VALUES ('721', '141181', '孝义市', '303', '141100', '吕梁市', '111.781568', '37.144474', '2019-11-24 12:59:28', '0');
INSERT INTO `city_area` VALUES ('722', '141182', '汾阳市', '303', '141100', '吕梁市', '111.785273', '37.267742', '2019-11-24 12:59:28', '0');
INSERT INTO `city_area` VALUES ('5', '150000', '内蒙古自治区', '101', '0', '中国', '111.670801', '40.818311', '2019-11-24 12:59:28', '0');
INSERT INTO `city_area` VALUES ('56', '150100', '呼和浩特市', '202', '150000', '内蒙古自治区', '111.670801', '40.818311', '2019-11-24 12:59:28', '0');
INSERT INTO `city_area` VALUES ('723', '150102', '新城区', '303', '150100', '呼和浩特市', '111.685964', '40.826225', '2019-11-24 12:59:28', '0');
INSERT INTO `city_area` VALUES ('724', '150103', '回民区', '303', '150100', '呼和浩特市', '111.662162', '40.815149', '2019-11-24 12:59:28', '0');
INSERT INTO `city_area` VALUES ('725', '150104', '玉泉区', '303', '150100', '呼和浩特市', '111.66543', '40.799421', '2019-11-24 12:59:28', '0');
INSERT INTO `city_area` VALUES ('726', '150105', '赛罕区', '303', '150100', '呼和浩特市', '111.698463', '40.807834', '2019-11-24 12:59:28', '0');
INSERT INTO `city_area` VALUES ('727', '150121', '土默特左旗', '303', '150100', '呼和浩特市', '111.133615', '40.720416', '2019-11-24 12:59:28', '0');
INSERT INTO `city_area` VALUES ('728', '150122', '托克托县', '303', '150100', '呼和浩特市', '111.197317', '40.276729', '2019-11-24 12:59:28', '0');
INSERT INTO `city_area` VALUES ('729', '150123', '和林格尔县', '303', '150100', '呼和浩特市', '111.824143', '40.380288', '2019-11-24 12:59:28', '0');
INSERT INTO `city_area` VALUES ('730', '150124', '清水河县', '303', '150100', '呼和浩特市', '111.67222', '39.912479', '2019-11-24 12:59:28', '0');
INSERT INTO `city_area` VALUES ('731', '150125', '武川县', '303', '150100', '呼和浩特市', '111.456563', '41.094483', '2019-11-24 12:59:28', '0');
INSERT INTO `city_area` VALUES ('732', '150171', '呼和浩特金海工业园区', '303', '150100', '呼和浩特市', '', '', '2019-11-24 12:59:28', '0');
INSERT INTO `city_area` VALUES ('733', '150172', '呼和浩特经济技术开发区', '303', '150100', '呼和浩特市', '', '', '2019-11-24 12:59:28', '0');
INSERT INTO `city_area` VALUES ('57', '150200', '包头市', '202', '150000', '内蒙古自治区', '109.840405', '40.658168', '2019-11-24 12:59:28', '0');
INSERT INTO `city_area` VALUES ('734', '150202', '东河区', '303', '150200', '包头市', '110.026895', '40.587056', '2019-11-24 12:59:28', '0');
INSERT INTO `city_area` VALUES ('735', '150203', '昆都仑区', '303', '150200', '包头市', '109.822932', '40.661345', '2019-11-24 12:59:28', '0');
INSERT INTO `city_area` VALUES ('736', '150204', '青山区', '303', '150200', '包头市', '109.880049', '40.668558', '2019-11-24 12:59:28', '0');
INSERT INTO `city_area` VALUES ('737', '150205', '石拐区', '303', '150200', '包头市', '110.272565', '40.672094', '2019-11-24 12:59:28', '0');
INSERT INTO `city_area` VALUES ('738', '150206', '白云鄂博矿区', '303', '150200', '包头市', '109.97016', '41.769246', '2019-11-24 12:59:28', '0');
INSERT INTO `city_area` VALUES ('739', '150207', '九原区', '303', '150200', '包头市', '109.968122', '40.600581', '2019-11-24 12:59:28', '0');
INSERT INTO `city_area` VALUES ('740', '150221', '土默特右旗', '303', '150200', '包头市', '110.526766', '40.566434', '2019-11-24 12:59:28', '0');
INSERT INTO `city_area` VALUES ('741', '150222', '固阳县', '303', '150200', '包头市', '110.063421', '41.030004', '2019-11-24 12:59:28', '0');
INSERT INTO `city_area` VALUES ('742', '150223', '达尔罕茂明安联合旗', '303', '150200', '包头市', '110.438452', '41.702836', '2019-11-24 12:59:28', '0');
INSERT INTO `city_area` VALUES ('743', '150271', '包头稀土高新技术产业开发区', '303', '150200', '包头市', '', '', '2019-11-24 12:59:28', '0');
INSERT INTO `city_area` VALUES ('58', '150300', '乌海市', '202', '150000', '内蒙古自治区', '106.825563', '39.673734', '2019-11-24 12:59:28', '0');
INSERT INTO `city_area` VALUES ('744', '150302', '海勃湾区', '303', '150300', '乌海市', '106.817762', '39.673527', '2019-11-24 12:59:28', '0');
INSERT INTO `city_area` VALUES ('745', '150303', '海南区', '303', '150300', '乌海市', '106.884789', '39.44153', '2019-11-24 12:59:28', '0');
INSERT INTO `city_area` VALUES ('746', '150304', '乌达区', '303', '150300', '乌海市', '106.722711', '39.502288', '2019-11-24 12:59:28', '0');
INSERT INTO `city_area` VALUES ('59', '150400', '赤峰市', '202', '150000', '内蒙古自治区', '118.956806', '42.275317', '2019-11-24 12:59:28', '0');
INSERT INTO `city_area` VALUES ('747', '150402', '红山区', '303', '150400', '赤峰市', '118.961087', '42.269732', '2019-11-24 12:59:28', '0');
INSERT INTO `city_area` VALUES ('748', '150403', '元宝山区', '303', '150400', '赤峰市', '119.289877', '42.041168', '2019-11-24 12:59:28', '0');
INSERT INTO `city_area` VALUES ('749', '150404', '松山区', '303', '150400', '赤峰市', '118.938958', '42.281046', '2019-11-24 12:59:28', '0');
INSERT INTO `city_area` VALUES ('750', '150421', '阿鲁科尔沁旗', '303', '150400', '赤峰市', '120.094969', '43.87877', '2019-11-24 12:59:28', '0');
INSERT INTO `city_area` VALUES ('751', '150422', '巴林左旗', '303', '150400', '赤峰市', '119.391737', '43.980715', '2019-11-24 12:59:28', '0');
INSERT INTO `city_area` VALUES ('752', '150423', '巴林右旗', '303', '150400', '赤峰市', '118.678347', '43.528963', '2019-11-24 12:59:28', '0');
INSERT INTO `city_area` VALUES ('753', '150424', '林西县', '303', '150400', '赤峰市', '118.05775', '43.605326', '2019-11-24 12:59:28', '0');
INSERT INTO `city_area` VALUES ('754', '150425', '克什克腾旗', '303', '150400', '赤峰市', '117.542465', '43.256233', '2019-11-24 12:59:28', '0');
INSERT INTO `city_area` VALUES ('755', '150426', '翁牛特旗', '303', '150400', '赤峰市', '119.022619', '42.937128', '2019-11-24 12:59:28', '0');
INSERT INTO `city_area` VALUES ('756', '150428', '喀喇沁旗', '303', '150400', '赤峰市', '118.708572', '41.92778', '2019-11-24 12:59:28', '0');
INSERT INTO `city_area` VALUES ('757', '150429', '宁城县', '303', '150400', '赤峰市', '119.339242', '41.598692', '2019-11-24 12:59:28', '0');
INSERT INTO `city_area` VALUES ('758', '150430', '敖汉旗', '303', '150400', '赤峰市', '119.906486', '42.287012', '2019-11-24 12:59:28', '0');
INSERT INTO `city_area` VALUES ('60', '150500', '通辽市', '202', '150000', '内蒙古自治区', '122.263119', '43.617429', '2019-11-24 12:59:28', '0');
INSERT INTO `city_area` VALUES ('759', '150502', '科尔沁区', '303', '150500', '通辽市', '122.264042', '43.617422', '2019-11-24 12:59:28', '0');
INSERT INTO `city_area` VALUES ('760', '150521', '科尔沁左翼中旗', '303', '150500', '通辽市', '123.313873', '44.127166', '2019-11-24 12:59:28', '0');
INSERT INTO `city_area` VALUES ('761', '150522', '科尔沁左翼后旗', '303', '150500', '通辽市', '122.355155', '42.954564', '2019-11-24 12:59:28', '0');
INSERT INTO `city_area` VALUES ('762', '150523', '开鲁县', '303', '150500', '通辽市', '121.308797', '43.602432', '2019-11-24 12:59:28', '0');
INSERT INTO `city_area` VALUES ('763', '150524', '库伦旗', '303', '150500', '通辽市', '121.774886', '42.734692', '2019-11-24 12:59:28', '0');
INSERT INTO `city_area` VALUES ('764', '150525', '奈曼旗', '303', '150500', '通辽市', '120.662543', '42.84685', '2019-11-24 12:59:28', '0');
INSERT INTO `city_area` VALUES ('765', '150526', '扎鲁特旗', '303', '150500', '通辽市', '120.905275', '44.555294', '2019-11-24 12:59:28', '0');
INSERT INTO `city_area` VALUES ('766', '150571', '通辽经济技术开发区', '303', '150500', '通辽市', '', '', '2019-11-24 12:59:28', '0');
INSERT INTO `city_area` VALUES ('767', '150581', '霍林郭勒市', '303', '150500', '通辽市', '119.657862', '45.532361', '2019-11-24 12:59:28', '0');
INSERT INTO `city_area` VALUES ('61', '150600', '鄂尔多斯市', '202', '150000', '内蒙古自治区', '109.99029', '39.817179', '2019-11-24 12:59:28', '0');
INSERT INTO `city_area` VALUES ('768', '150602', '东胜区', '303', '150600', '鄂尔多斯市', '109.98945', '39.81788', '2019-11-24 12:59:28', '0');
INSERT INTO `city_area` VALUES ('769', '150603', '康巴什区', '303', '150600', '鄂尔多斯市', '109.790076', '39.607472', '2019-11-24 12:59:28', '0');
INSERT INTO `city_area` VALUES ('770', '150621', '达拉特旗', '303', '150600', '鄂尔多斯市', '110.040281', '40.404076', '2019-11-24 12:59:28', '0');
INSERT INTO `city_area` VALUES ('771', '150622', '准格尔旗', '303', '150600', '鄂尔多斯市', '111.238332', '39.865221', '2019-11-24 12:59:28', '0');
INSERT INTO `city_area` VALUES ('772', '150623', '鄂托克前旗', '303', '150600', '鄂尔多斯市', '107.48172', '38.183257', '2019-11-24 12:59:28', '0');
INSERT INTO `city_area` VALUES ('773', '150624', '鄂托克旗', '303', '150600', '鄂尔多斯市', '107.982604', '39.095752', '2019-11-24 12:59:28', '0');
INSERT INTO `city_area` VALUES ('774', '150625', '杭锦旗', '303', '150600', '鄂尔多斯市', '108.736324', '39.831789', '2019-11-24 12:59:28', '0');
INSERT INTO `city_area` VALUES ('775', '150626', '乌审旗', '303', '150600', '鄂尔多斯市', '108.842454', '38.596611', '2019-11-24 12:59:28', '0');
INSERT INTO `city_area` VALUES ('776', '150627', '伊金霍洛旗', '303', '150600', '鄂尔多斯市', '109.787402', '39.604312', '2019-11-24 12:59:28', '0');
INSERT INTO `city_area` VALUES ('62', '150700', '呼伦贝尔市', '202', '150000', '内蒙古自治区', '119.758168', '49.215333', '2019-11-24 12:59:28', '0');
INSERT INTO `city_area` VALUES ('777', '150702', '海拉尔区', '303', '150700', '呼伦贝尔市', '119.764923', '49.213889', '2019-11-24 12:59:28', '0');
INSERT INTO `city_area` VALUES ('778', '150703', '扎赉诺尔区', '303', '150700', '呼伦贝尔市', '117.716373', '49.456567', '2019-11-24 12:59:28', '0');
INSERT INTO `city_area` VALUES ('779', '150721', '阿荣旗', '303', '150700', '呼伦贝尔市', '123.464615', '48.130503', '2019-11-24 12:59:28', '0');
INSERT INTO `city_area` VALUES ('780', '150722', '莫力达瓦达斡尔族自治旗', '303', '150700', '呼伦贝尔市', '124.507401', '48.478385', '2019-11-24 12:59:28', '0');
INSERT INTO `city_area` VALUES ('781', '150723', '鄂伦春自治旗', '303', '150700', '呼伦贝尔市', '123.725684', '50.590177', '2019-11-24 12:59:28', '0');
INSERT INTO `city_area` VALUES ('782', '150724', '鄂温克族自治旗', '303', '150700', '呼伦贝尔市', '119.754041', '49.143293', '2019-11-24 12:59:28', '0');
INSERT INTO `city_area` VALUES ('783', '150725', '陈巴尔虎旗', '303', '150700', '呼伦贝尔市', '119.437609', '49.328422', '2019-11-24 12:59:28', '0');
INSERT INTO `city_area` VALUES ('784', '150726', '新巴尔虎左旗', '303', '150700', '呼伦贝尔市', '118.267454', '48.216571', '2019-11-24 12:59:28', '0');
INSERT INTO `city_area` VALUES ('785', '150727', '新巴尔虎右旗', '303', '150700', '呼伦贝尔市', '116.825991', '48.669134', '2019-11-24 12:59:28', '0');
INSERT INTO `city_area` VALUES ('786', '150781', '满洲里市', '303', '150700', '呼伦贝尔市', '117.455561', '49.590788', '2019-11-24 12:59:28', '0');
INSERT INTO `city_area` VALUES ('787', '150782', '牙克石市', '303', '150700', '呼伦贝尔市', '120.729005', '49.287024', '2019-11-24 12:59:28', '0');
INSERT INTO `city_area` VALUES ('788', '150783', '扎兰屯市', '303', '150700', '呼伦贝尔市', '122.744401', '48.007412', '2019-11-24 12:59:28', '0');
INSERT INTO `city_area` VALUES ('789', '150784', '额尔古纳市', '303', '150700', '呼伦贝尔市', '120.178636', '50.2439', '2019-11-24 12:59:28', '0');
INSERT INTO `city_area` VALUES ('790', '150785', '根河市', '303', '150700', '呼伦贝尔市', '121.532724', '50.780454', '2019-11-24 12:59:28', '0');
INSERT INTO `city_area` VALUES ('63', '150800', '巴彦淖尔市', '202', '150000', '内蒙古自治区', '107.416959', '40.757402', '2019-11-24 12:59:28', '0');
INSERT INTO `city_area` VALUES ('791', '150802', '临河区', '303', '150800', '巴彦淖尔市', '107.417018', '40.757092', '2019-11-24 12:59:28', '0');
INSERT INTO `city_area` VALUES ('792', '150821', '五原县', '303', '150800', '巴彦淖尔市', '108.270658', '41.097639', '2019-11-24 12:59:28', '0');
INSERT INTO `city_area` VALUES ('793', '150822', '磴口县', '303', '150800', '巴彦淖尔市', '107.006056', '40.330479', '2019-11-24 12:59:28', '0');
INSERT INTO `city_area` VALUES ('794', '150823', '乌拉特前旗', '303', '150800', '巴彦淖尔市', '108.656816', '40.725209', '2019-11-24 12:59:28', '0');
INSERT INTO `city_area` VALUES ('795', '150824', '乌拉特中旗', '303', '150800', '巴彦淖尔市', '108.515255', '41.57254', '2019-11-24 12:59:28', '0');
INSERT INTO `city_area` VALUES ('796', '150825', '乌拉特后旗', '303', '150800', '巴彦淖尔市', '107.074941', '41.084307', '2019-11-24 12:59:28', '0');
INSERT INTO `city_area` VALUES ('797', '150826', '杭锦后旗', '303', '150800', '巴彦淖尔市', '107.147682', '40.888797', '2019-11-24 12:59:28', '0');
INSERT INTO `city_area` VALUES ('64', '150900', '乌兰察布市', '202', '150000', '内蒙古自治区', '113.114543', '41.034126', '2019-11-24 12:59:28', '0');
INSERT INTO `city_area` VALUES ('798', '150902', '集宁区', '303', '150900', '乌兰察布市', '113.116453', '41.034134', '2019-11-24 12:59:28', '0');
INSERT INTO `city_area` VALUES ('799', '150921', '卓资县', '303', '150900', '乌兰察布市', '112.577702', '40.89576', '2019-11-24 12:59:28', '0');
INSERT INTO `city_area` VALUES ('800', '150922', '化德县', '303', '150900', '乌兰察布市', '114.01008', '41.899335', '2019-11-24 12:59:28', '0');
INSERT INTO `city_area` VALUES ('801', '150923', '商都县', '303', '150900', '乌兰察布市', '113.560643', '41.560163', '2019-11-24 12:59:28', '0');
INSERT INTO `city_area` VALUES ('802', '150924', '兴和县', '303', '150900', '乌兰察布市', '113.834009', '40.872437', '2019-11-24 12:59:28', '0');
INSERT INTO `city_area` VALUES ('803', '150925', '凉城县', '303', '150900', '乌兰察布市', '112.500911', '40.531627', '2019-11-24 12:59:28', '0');
INSERT INTO `city_area` VALUES ('804', '150926', '察哈尔右翼前旗', '303', '150900', '乌兰察布市', '113.211958', '40.786859', '2019-11-24 12:59:28', '0');
INSERT INTO `city_area` VALUES ('805', '150927', '察哈尔右翼中旗', '303', '150900', '乌兰察布市', '112.633563', '41.274212', '2019-11-24 12:59:28', '0');
INSERT INTO `city_area` VALUES ('806', '150928', '察哈尔右翼后旗', '303', '150900', '乌兰察布市', '113.1906', '41.447213', '2019-11-24 12:59:28', '0');
INSERT INTO `city_area` VALUES ('807', '150929', '四子王旗', '303', '150900', '乌兰察布市', '111.70123', '41.528114', '2019-11-24 12:59:28', '0');
INSERT INTO `city_area` VALUES ('808', '150981', '丰镇市', '303', '150900', '乌兰察布市', '113.163462', '40.437534', '2019-11-24 12:59:28', '0');
INSERT INTO `city_area` VALUES ('65', '152200', '兴安盟', '202', '150000', '内蒙古自治区', '122.070317', '46.076268', '2019-11-24 12:59:28', '0');
INSERT INTO `city_area` VALUES ('809', '152201', '乌兰浩特市', '303', '152200', '兴安盟', '122.068975', '46.077238', '2019-11-24 12:59:28', '0');
INSERT INTO `city_area` VALUES ('810', '152202', '阿尔山市', '303', '152200', '兴安盟', '119.943656', '47.177', '2019-11-24 12:59:28', '0');
INSERT INTO `city_area` VALUES ('811', '152221', '科尔沁右翼前旗', '303', '152200', '兴安盟', '121.957544', '46.076497', '2019-11-24 12:59:28', '0');
INSERT INTO `city_area` VALUES ('812', '152222', '科尔沁右翼中旗', '303', '152200', '兴安盟', '121.472818', '45.059645', '2019-11-24 12:59:28', '0');
INSERT INTO `city_area` VALUES ('813', '152223', '扎赉特旗', '303', '152200', '兴安盟', '122.909332', '46.725136', '2019-11-24 12:59:28', '0');
INSERT INTO `city_area` VALUES ('814', '152224', '突泉县', '303', '152200', '兴安盟', '121.564856', '45.380986', '2019-11-24 12:59:28', '0');
INSERT INTO `city_area` VALUES ('66', '152500', '锡林郭勒盟', '202', '150000', '内蒙古自治区', '116.090996', '43.944018', '2019-11-24 12:59:28', '0');
INSERT INTO `city_area` VALUES ('815', '152501', '二连浩特市', '303', '152500', '锡林郭勒盟', '111.97981', '43.652895', '2019-11-24 12:59:28', '0');
INSERT INTO `city_area` VALUES ('816', '152502', '锡林浩特市', '303', '152500', '锡林郭勒盟', '116.091903', '43.944301', '2019-11-24 12:59:28', '0');
INSERT INTO `city_area` VALUES ('817', '152522', '阿巴嘎旗', '303', '152500', '锡林郭勒盟', '114.970618', '44.022728', '2019-11-24 12:59:28', '0');
INSERT INTO `city_area` VALUES ('818', '152523', '苏尼特左旗', '303', '152500', '锡林郭勒盟', '113.653412', '43.854108', '2019-11-24 12:59:28', '0');
INSERT INTO `city_area` VALUES ('819', '152524', '苏尼特右旗', '303', '152500', '锡林郭勒盟', '112.65539', '42.746662', '2019-11-24 12:59:28', '0');
INSERT INTO `city_area` VALUES ('820', '152525', '东乌珠穆沁旗', '303', '152500', '锡林郭勒盟', '116.980022', '45.510307', '2019-11-24 12:59:28', '0');
INSERT INTO `city_area` VALUES ('821', '152526', '西乌珠穆沁旗', '303', '152500', '锡林郭勒盟', '117.615249', '44.586147', '2019-11-24 12:59:28', '0');
INSERT INTO `city_area` VALUES ('822', '152527', '太仆寺旗', '303', '152500', '锡林郭勒盟', '115.28728', '41.895199', '2019-11-24 12:59:28', '0');
INSERT INTO `city_area` VALUES ('823', '152528', '镶黄旗', '303', '152500', '锡林郭勒盟', '113.843869', '42.239229', '2019-11-24 12:59:28', '0');
INSERT INTO `city_area` VALUES ('824', '152529', '正镶白旗', '303', '152500', '锡林郭勒盟', '115.031423', '42.286807', '2019-11-24 12:59:28', '0');
INSERT INTO `city_area` VALUES ('825', '152530', '正蓝旗', '303', '152500', '锡林郭勒盟', '116.003311', '42.245895', '2019-11-24 12:59:28', '0');
INSERT INTO `city_area` VALUES ('826', '152531', '多伦县', '303', '152500', '锡林郭勒盟', '116.477288', '42.197962', '2019-11-24 12:59:28', '0');
INSERT INTO `city_area` VALUES ('827', '152571', '乌拉盖管委会', '303', '152500', '锡林郭勒盟', '', '', '2019-11-24 12:59:28', '0');
INSERT INTO `city_area` VALUES ('67', '152900', '阿拉善盟', '202', '150000', '内蒙古自治区', '105.706422', '38.844814', '2019-11-24 12:59:28', '0');
INSERT INTO `city_area` VALUES ('828', '152921', '阿拉善左旗', '303', '152900', '阿拉善盟', '105.70192', '38.847241', '2019-11-24 12:59:28', '0');
INSERT INTO `city_area` VALUES ('829', '152922', '阿拉善右旗', '303', '152900', '阿拉善盟', '101.671984', '39.21159', '2019-11-24 12:59:28', '0');
INSERT INTO `city_area` VALUES ('830', '152923', '额济纳旗', '303', '152900', '阿拉善盟', '101.06944', '41.958813', '2019-11-24 12:59:28', '0');
INSERT INTO `city_area` VALUES ('831', '152971', '内蒙古阿拉善经济开发区', '303', '152900', '阿拉善盟', '', '', '2019-11-24 12:59:28', '0');
INSERT INTO `city_area` VALUES ('6', '210000', '辽宁省', '101', '0', '中国', '123.429096', '41.796767', '2019-11-24 12:59:28', '0');
INSERT INTO `city_area` VALUES ('68', '210100', '沈阳市', '202', '210000', '辽宁省', '123.429096', '41.796767', '2019-11-24 12:59:28', '0');
INSERT INTO `city_area` VALUES ('832', '210102', '和平区', '303', '210100', '沈阳市', '123.406664', '41.788074', '2019-11-24 12:59:28', '0');
INSERT INTO `city_area` VALUES ('833', '210103', '沈河区', '303', '210100', '沈阳市', '123.445696', '41.795591', '2019-11-24 12:59:28', '0');
INSERT INTO `city_area` VALUES ('834', '210104', '大东区', '303', '210100', '沈阳市', '123.469956', '41.808503', '2019-11-24 12:59:28', '0');
INSERT INTO `city_area` VALUES ('835', '210105', '皇姑区', '303', '210100', '沈阳市', '123.405677', '41.822336', '2019-11-24 12:59:28', '0');
INSERT INTO `city_area` VALUES ('836', '210106', '铁西区', '303', '210100', '沈阳市', '123.350664', '41.787808', '2019-11-24 12:59:28', '0');
INSERT INTO `city_area` VALUES ('837', '210111', '苏家屯区', '303', '210100', '沈阳市', '123.341604', '41.665904', '2019-11-24 12:59:28', '0');
INSERT INTO `city_area` VALUES ('838', '210112', '浑南区', '303', '210100', '沈阳市', '123.458981', '41.741946', '2019-11-24 12:59:28', '0');
INSERT INTO `city_area` VALUES ('839', '210113', '沈北新区', '303', '210100', '沈阳市', '123.521471', '42.052312', '2019-11-24 12:59:28', '0');
INSERT INTO `city_area` VALUES ('840', '210114', '于洪区', '303', '210100', '沈阳市', '123.310829', '41.795833', '2019-11-24 12:59:28', '0');
INSERT INTO `city_area` VALUES ('841', '210115', '辽中区', '303', '210100', '沈阳市', '122.731269', '41.512725', '2019-11-24 12:59:28', '0');
INSERT INTO `city_area` VALUES ('842', '210123', '康平县', '303', '210100', '沈阳市', '123.352703', '42.741533', '2019-11-24 12:59:28', '0');
INSERT INTO `city_area` VALUES ('843', '210124', '法库县', '303', '210100', '沈阳市', '123.416722', '42.507045', '2019-11-24 12:59:28', '0');
INSERT INTO `city_area` VALUES ('844', '210181', '新民市', '303', '210100', '沈阳市', '122.828868', '41.996508', '2019-11-24 12:59:28', '0');
INSERT INTO `city_area` VALUES ('69', '210200', '大连市', '202', '210000', '辽宁省', '121.618622', '38.91459', '2019-11-24 12:59:28', '0');
INSERT INTO `city_area` VALUES ('845', '210202', '中山区', '303', '210200', '大连市', '121.64376', '38.921553', '2019-11-24 12:59:28', '0');
INSERT INTO `city_area` VALUES ('846', '210203', '西岗区', '303', '210200', '大连市', '121.616112', '38.914266', '2019-11-24 12:59:28', '0');
INSERT INTO `city_area` VALUES ('847', '210204', '沙河口区', '303', '210200', '大连市', '121.593702', '38.912859', '2019-11-24 12:59:28', '0');
INSERT INTO `city_area` VALUES ('848', '210211', '甘井子区', '303', '210200', '大连市', '121.582614', '38.975148', '2019-11-24 12:59:28', '0');
INSERT INTO `city_area` VALUES ('849', '210212', '旅顺口区', '303', '210200', '大连市', '121.26713', '38.812043', '2019-11-24 12:59:28', '0');
INSERT INTO `city_area` VALUES ('850', '210213', '金州区', '303', '210200', '大连市', '121.789413', '39.052745', '2019-11-24 12:59:28', '0');
INSERT INTO `city_area` VALUES ('851', '210214', '普兰店区', '303', '210200', '大连市', '121.9705', '39.401555', '2019-11-24 12:59:28', '0');
INSERT INTO `city_area` VALUES ('852', '210224', '长海县', '303', '210200', '大连市', '122.587824', '39.272399', '2019-11-24 12:59:28', '0');
INSERT INTO `city_area` VALUES ('853', '210281', '瓦房店市', '303', '210200', '大连市', '122.002656', '39.63065', '2019-11-24 12:59:28', '0');
INSERT INTO `city_area` VALUES ('854', '210283', '庄河市', '303', '210200', '大连市', '122.970612', '39.69829', '2019-11-24 12:59:28', '0');
INSERT INTO `city_area` VALUES ('70', '210300', '鞍山市', '202', '210000', '辽宁省', '122.995632', '41.110626', '2019-11-24 12:59:28', '0');
INSERT INTO `city_area` VALUES ('855', '210302', '铁东区', '303', '210300', '鞍山市', '122.994475', '41.110344', '2019-11-24 12:59:28', '0');
INSERT INTO `city_area` VALUES ('856', '210303', '铁西区', '303', '210300', '鞍山市', '122.971834', '41.11069', '2019-11-24 12:59:28', '0');
INSERT INTO `city_area` VALUES ('857', '210304', '立山区', '303', '210300', '鞍山市', '123.024806', '41.150622', '2019-11-24 12:59:28', '0');
INSERT INTO `city_area` VALUES ('858', '210311', '千山区', '303', '210300', '鞍山市', '122.949298', '41.068909', '2019-11-24 12:59:28', '0');
INSERT INTO `city_area` VALUES ('859', '210321', '台安县', '303', '210300', '鞍山市', '122.429736', '41.38686', '2019-11-24 12:59:28', '0');
INSERT INTO `city_area` VALUES ('860', '210323', '岫岩满族自治县', '303', '210300', '鞍山市', '123.28833', '40.281509', '2019-11-24 12:59:28', '0');
INSERT INTO `city_area` VALUES ('861', '210381', '海城市', '303', '210300', '鞍山市', '122.752199', '40.852533', '2019-11-24 12:59:28', '0');
INSERT INTO `city_area` VALUES ('71', '210400', '抚顺市', '202', '210000', '辽宁省', '123.921109', '41.875956', '2019-11-24 12:59:28', '0');
INSERT INTO `city_area` VALUES ('862', '210402', '新抚区', '303', '210400', '抚顺市', '123.902858', '41.86082', '2019-11-24 12:59:28', '0');
INSERT INTO `city_area` VALUES ('863', '210403', '东洲区', '303', '210400', '抚顺市', '124.047219', '41.866829', '2019-11-24 12:59:28', '0');
INSERT INTO `city_area` VALUES ('864', '210404', '望花区', '303', '210400', '抚顺市', '123.801509', '41.851803', '2019-11-24 12:59:28', '0');
INSERT INTO `city_area` VALUES ('865', '210411', '顺城区', '303', '210400', '抚顺市', '123.917165', '41.881132', '2019-11-24 12:59:28', '0');
INSERT INTO `city_area` VALUES ('866', '210421', '抚顺县', '303', '210400', '抚顺市', '124.097979', '41.922644', '2019-11-24 12:59:28', '0');
INSERT INTO `city_area` VALUES ('867', '210422', '新宾满族自治县', '303', '210400', '抚顺市', '125.037547', '41.732456', '2019-11-24 12:59:28', '0');
INSERT INTO `city_area` VALUES ('868', '210423', '清原满族自治县', '303', '210400', '抚顺市', '124.927192', '42.10135', '2019-11-24 12:59:28', '0');
INSERT INTO `city_area` VALUES ('72', '210500', '本溪市', '202', '210000', '辽宁省', '123.770519', '41.297909', '2019-11-24 12:59:28', '0');
INSERT INTO `city_area` VALUES ('869', '210502', '平山区', '303', '210500', '本溪市', '123.761231', '41.291581', '2019-11-24 12:59:28', '0');
INSERT INTO `city_area` VALUES ('870', '210503', '溪湖区', '303', '210500', '本溪市', '123.765226', '41.330056', '2019-11-24 12:59:28', '0');
INSERT INTO `city_area` VALUES ('871', '210504', '明山区', '303', '210500', '本溪市', '123.763288', '41.302429', '2019-11-24 12:59:28', '0');
INSERT INTO `city_area` VALUES ('872', '210505', '南芬区', '303', '210500', '本溪市', '123.748381', '41.104093', '2019-11-24 12:59:28', '0');
INSERT INTO `city_area` VALUES ('873', '210521', '本溪满族自治县', '303', '210500', '本溪市', '124.126156', '41.300344', '2019-11-24 12:59:28', '0');
INSERT INTO `city_area` VALUES ('874', '210522', '桓仁满族自治县', '303', '210500', '本溪市', '125.359195', '41.268997', '2019-11-24 12:59:28', '0');
INSERT INTO `city_area` VALUES ('73', '210600', '丹东市', '202', '210000', '辽宁省', '124.383044', '40.124296', '2019-11-24 12:59:28', '0');
INSERT INTO `city_area` VALUES ('875', '210602', '元宝区', '303', '210600', '丹东市', '124.397814', '40.136483', '2019-11-24 12:59:28', '0');
INSERT INTO `city_area` VALUES ('876', '210603', '振兴区', '303', '210600', '丹东市', '124.361153', '40.102801', '2019-11-24 12:59:28', '0');
INSERT INTO `city_area` VALUES ('877', '210604', '振安区', '303', '210600', '丹东市', '124.427709', '40.158557', '2019-11-24 12:59:28', '0');
INSERT INTO `city_area` VALUES ('878', '210624', '宽甸满族自治县', '303', '210600', '丹东市', '124.784867', '40.730412', '2019-11-24 12:59:28', '0');
INSERT INTO `city_area` VALUES ('879', '210681', '东港市', '303', '210600', '丹东市', '124.149437', '39.883467', '2019-11-24 12:59:28', '0');
INSERT INTO `city_area` VALUES ('880', '210682', '凤城市', '303', '210600', '丹东市', '124.071067', '40.457567', '2019-11-24 12:59:28', '0');
INSERT INTO `city_area` VALUES ('74', '210700', '锦州市', '202', '210000', '辽宁省', '121.135742', '41.119269', '2019-11-24 12:59:28', '0');
INSERT INTO `city_area` VALUES ('881', '210702', '古塔区', '303', '210700', '锦州市', '121.130085', '41.115719', '2019-11-24 12:59:28', '0');
INSERT INTO `city_area` VALUES ('882', '210703', '凌河区', '303', '210700', '锦州市', '121.151304', '41.114662', '2019-11-24 12:59:28', '0');
INSERT INTO `city_area` VALUES ('883', '210711', '太和区', '303', '210700', '锦州市', '121.107297', '41.105378', '2019-11-24 12:59:28', '0');
INSERT INTO `city_area` VALUES ('884', '210726', '黑山县', '303', '210700', '锦州市', '122.117915', '41.691804', '2019-11-24 12:59:28', '0');
INSERT INTO `city_area` VALUES ('885', '210727', '义县', '303', '210700', '锦州市', '121.242831', '41.537224', '2019-11-24 12:59:28', '0');
INSERT INTO `city_area` VALUES ('886', '210781', '凌海市', '303', '210700', '锦州市', '121.364236', '41.171738', '2019-11-24 12:59:28', '0');
INSERT INTO `city_area` VALUES ('887', '210782', '北镇市', '303', '210700', '锦州市', '121.795962', '41.598764', '2019-11-24 12:59:28', '0');
INSERT INTO `city_area` VALUES ('75', '210800', '营口市', '202', '210000', '辽宁省', '122.235151', '40.667432', '2019-11-24 12:59:28', '0');
INSERT INTO `city_area` VALUES ('888', '210802', '站前区', '303', '210800', '营口市', '122.253235', '40.669949', '2019-11-24 12:59:28', '0');
INSERT INTO `city_area` VALUES ('889', '210803', '西市区', '303', '210800', '营口市', '122.210067', '40.663086', '2019-11-24 12:59:28', '0');
INSERT INTO `city_area` VALUES ('890', '210804', '鲅鱼圈区', '303', '210800', '营口市', '122.127242', '40.263646', '2019-11-24 12:59:28', '0');
INSERT INTO `city_area` VALUES ('891', '210811', '老边区', '303', '210800', '营口市', '122.382584', '40.682723', '2019-11-24 12:59:28', '0');
INSERT INTO `city_area` VALUES ('892', '210881', '盖州市', '303', '210800', '营口市', '122.355534', '40.405234', '2019-11-24 12:59:28', '0');
INSERT INTO `city_area` VALUES ('893', '210882', '大石桥市', '303', '210800', '营口市', '122.505894', '40.633973', '2019-11-24 12:59:28', '0');
INSERT INTO `city_area` VALUES ('76', '210900', '阜新市', '202', '210000', '辽宁省', '121.648962', '42.011796', '2019-11-24 12:59:28', '0');
INSERT INTO `city_area` VALUES ('894', '210902', '海州区', '303', '210900', '阜新市', '121.657639', '42.011162', '2019-11-24 12:59:28', '0');
INSERT INTO `city_area` VALUES ('895', '210903', '新邱区', '303', '210900', '阜新市', '121.790541', '42.086603', '2019-11-24 12:59:28', '0');
INSERT INTO `city_area` VALUES ('896', '210904', '太平区', '303', '210900', '阜新市', '121.677575', '42.011145', '2019-11-24 12:59:28', '0');
INSERT INTO `city_area` VALUES ('897', '210905', '清河门区', '303', '210900', '阜新市', '121.42018', '41.780477', '2019-11-24 12:59:28', '0');
INSERT INTO `city_area` VALUES ('898', '210911', '细河区', '303', '210900', '阜新市', '121.654791', '42.019218', '2019-11-24 12:59:28', '0');
INSERT INTO `city_area` VALUES ('899', '210921', '阜新蒙古族自治县', '303', '210900', '阜新市', '121.743125', '42.058607', '2019-11-24 12:59:28', '0');
INSERT INTO `city_area` VALUES ('900', '210922', '彰武县', '303', '210900', '阜新市', '122.537444', '42.384823', '2019-11-24 12:59:28', '0');
INSERT INTO `city_area` VALUES ('77', '211000', '辽阳市', '202', '210000', '辽宁省', '123.18152', '41.269402', '2019-11-24 12:59:28', '0');
INSERT INTO `city_area` VALUES ('901', '211002', '白塔区', '303', '211000', '辽阳市', '123.172611', '41.26745', '2019-11-24 12:59:28', '0');
INSERT INTO `city_area` VALUES ('902', '211003', '文圣区', '303', '211000', '辽阳市', '123.188227', '41.266765', '2019-11-24 12:59:28', '0');
INSERT INTO `city_area` VALUES ('903', '211004', '宏伟区', '303', '211000', '辽阳市', '123.200461', '41.205747', '2019-11-24 12:59:28', '0');
INSERT INTO `city_area` VALUES ('904', '211005', '弓长岭区', '303', '211000', '辽阳市', '123.431633', '41.157831', '2019-11-24 12:59:28', '0');
INSERT INTO `city_area` VALUES ('905', '211011', '太子河区', '303', '211000', '辽阳市', '123.185336', '41.251682', '2019-11-24 12:59:28', '0');
INSERT INTO `city_area` VALUES ('906', '211021', '辽阳县', '303', '211000', '辽阳市', '123.079674', '41.216479', '2019-11-24 12:59:28', '0');
INSERT INTO `city_area` VALUES ('907', '211081', '灯塔市', '303', '211000', '辽阳市', '123.325864', '41.427836', '2019-11-24 12:59:28', '0');
INSERT INTO `city_area` VALUES ('78', '211100', '盘锦市', '202', '210000', '辽宁省', '122.06957', '41.124484', '2019-11-24 12:59:28', '0');
INSERT INTO `city_area` VALUES ('908', '211102', '双台子区', '303', '211100', '盘锦市', '122.055733', '41.190365', '2019-11-24 12:59:28', '0');
INSERT INTO `city_area` VALUES ('909', '211103', '兴隆台区', '303', '211100', '盘锦市', '122.071624', '41.122423', '2019-11-24 12:59:28', '0');
INSERT INTO `city_area` VALUES ('910', '211104', '大洼区', '303', '211100', '盘锦市', '122.071708', '40.994428', '2019-11-24 12:59:28', '0');
INSERT INTO `city_area` VALUES ('911', '211122', '盘山县', '303', '211100', '盘锦市', '121.98528', '41.240701', '2019-11-24 12:59:28', '0');
INSERT INTO `city_area` VALUES ('79', '211200', '铁岭市', '202', '210000', '辽宁省', '123.844279', '42.290585', '2019-11-24 12:59:28', '0');
INSERT INTO `city_area` VALUES ('912', '211202', '银州区', '303', '211200', '铁岭市', '123.844877', '42.292278', '2019-11-24 12:59:28', '0');
INSERT INTO `city_area` VALUES ('913', '211204', '清河区', '303', '211200', '铁岭市', '124.14896', '42.542978', '2019-11-24 12:59:28', '0');
INSERT INTO `city_area` VALUES ('914', '211221', '铁岭县', '303', '211200', '铁岭市', '123.725669', '42.223316', '2019-11-24 12:59:28', '0');
INSERT INTO `city_area` VALUES ('915', '211223', '西丰县', '303', '211200', '铁岭市', '124.72332', '42.738091', '2019-11-24 12:59:28', '0');
INSERT INTO `city_area` VALUES ('916', '211224', '昌图县', '303', '211200', '铁岭市', '124.11017', '42.784441', '2019-11-24 12:59:28', '0');
INSERT INTO `city_area` VALUES ('917', '211281', '调兵山市', '303', '211200', '铁岭市', '123.545366', '42.450734', '2019-11-24 12:59:28', '0');
INSERT INTO `city_area` VALUES ('918', '211282', '开原市', '303', '211200', '铁岭市', '124.045551', '42.542141', '2019-11-24 12:59:28', '0');
INSERT INTO `city_area` VALUES ('80', '211300', '朝阳市', '202', '210000', '辽宁省', '120.451176', '41.576758', '2019-11-24 12:59:28', '0');
INSERT INTO `city_area` VALUES ('919', '211302', '双塔区', '303', '211300', '朝阳市', '120.44877', '41.579389', '2019-11-24 12:59:28', '0');
INSERT INTO `city_area` VALUES ('920', '211303', '龙城区', '303', '211300', '朝阳市', '120.413376', '41.576749', '2019-11-24 12:59:28', '0');
INSERT INTO `city_area` VALUES ('921', '211321', '朝阳县', '303', '211300', '朝阳市', '120.404217', '41.526342', '2019-11-24 12:59:28', '0');
INSERT INTO `city_area` VALUES ('922', '211322', '建平县', '303', '211300', '朝阳市', '119.642363', '41.402576', '2019-11-24 12:59:28', '0');
INSERT INTO `city_area` VALUES ('923', '211324', '喀喇沁左翼蒙古族自治县', '303', '211300', '朝阳市', '119.744883', '41.125428', '2019-11-24 12:59:28', '0');
INSERT INTO `city_area` VALUES ('924', '211381', '北票市', '303', '211300', '朝阳市', '120.766951', '41.803286', '2019-11-24 12:59:28', '0');
INSERT INTO `city_area` VALUES ('925', '211382', '凌源市', '303', '211300', '朝阳市', '119.404789', '41.243086', '2019-11-24 12:59:28', '0');
INSERT INTO `city_area` VALUES ('81', '211400', '葫芦岛市', '202', '210000', '辽宁省', '120.856394', '40.755572', '2019-11-24 12:59:28', '0');
INSERT INTO `city_area` VALUES ('926', '211402', '连山区', '303', '211400', '葫芦岛市', '120.85937', '40.755143', '2019-11-24 12:59:28', '0');
INSERT INTO `city_area` VALUES ('927', '211403', '龙港区', '303', '211400', '葫芦岛市', '120.838569', '40.709991', '2019-11-24 12:59:28', '0');
INSERT INTO `city_area` VALUES ('928', '211404', '南票区', '303', '211400', '葫芦岛市', '120.752314', '41.098813', '2019-11-24 12:59:28', '0');
INSERT INTO `city_area` VALUES ('929', '211421', '绥中县', '303', '211400', '葫芦岛市', '120.342112', '40.328407', '2019-11-24 12:59:28', '0');
INSERT INTO `city_area` VALUES ('930', '211422', '建昌县', '303', '211400', '葫芦岛市', '119.807776', '40.812871', '2019-11-24 12:59:28', '0');
INSERT INTO `city_area` VALUES ('931', '211481', '兴城市', '303', '211400', '葫芦岛市', '120.729365', '40.619413', '2019-11-24 12:59:28', '0');
INSERT INTO `city_area` VALUES ('7', '220000', '吉林省', '101', '0', '中国', '125.3245', '43.886841', '2019-11-24 12:59:28', '0');
INSERT INTO `city_area` VALUES ('82', '220100', '长春市', '202', '220000', '吉林省', '125.3245', '43.886841', '2019-11-24 12:59:28', '0');
INSERT INTO `city_area` VALUES ('932', '220102', '南关区', '303', '220100', '长春市', '125.337237', '43.890235', '2019-11-24 12:59:28', '0');
INSERT INTO `city_area` VALUES ('933', '220103', '宽城区', '303', '220100', '长春市', '125.342828', '43.903823', '2019-11-24 12:59:28', '0');
INSERT INTO `city_area` VALUES ('934', '220104', '朝阳区', '303', '220100', '长春市', '125.318042', '43.86491', '2019-11-24 12:59:28', '0');
INSERT INTO `city_area` VALUES ('935', '220105', '二道区', '303', '220100', '长春市', '125.384727', '43.870824', '2019-11-24 12:59:28', '0');
INSERT INTO `city_area` VALUES ('936', '220106', '绿园区', '303', '220100', '长春市', '125.272467', '43.892177', '2019-11-24 12:59:28', '0');
INSERT INTO `city_area` VALUES ('937', '220112', '双阳区', '303', '220100', '长春市', '125.659018', '43.525168', '2019-11-24 12:59:28', '0');
INSERT INTO `city_area` VALUES ('938', '220113', '九台区', '303', '220100', '长春市', '125.844682', '44.157155', '2019-11-24 12:59:28', '0');
INSERT INTO `city_area` VALUES ('939', '220122', '农安县', '303', '220100', '长春市', '125.175287', '44.431258', '2019-11-24 12:59:28', '0');
INSERT INTO `city_area` VALUES ('940', '220171', '长春经济技术开发区', '303', '220100', '长春市', '', '', '2019-11-24 12:59:28', '0');
INSERT INTO `city_area` VALUES ('941', '220172', '长春净月高新技术产业开发区', '303', '220100', '长春市', '', '', '2019-11-24 12:59:28', '0');
INSERT INTO `city_area` VALUES ('942', '220173', '长春高新技术产业开发区', '303', '220100', '长春市', '', '', '2019-11-24 12:59:28', '0');
INSERT INTO `city_area` VALUES ('943', '220174', '长春汽车经济技术开发区', '303', '220100', '长春市', '', '', '2019-11-24 12:59:28', '0');
INSERT INTO `city_area` VALUES ('944', '220182', '榆树市', '303', '220100', '长春市', '126.550107', '44.827642', '2019-11-24 12:59:28', '0');
INSERT INTO `city_area` VALUES ('945', '220183', '德惠市', '303', '220100', '长春市', '125.703327', '44.533909', '2019-11-24 12:59:28', '0');
INSERT INTO `city_area` VALUES ('83', '220200', '吉林市', '202', '220000', '吉林省', '126.55302', '43.843577', '2019-11-24 12:59:28', '0');
INSERT INTO `city_area` VALUES ('946', '220202', '昌邑区', '303', '220200', '吉林市', '126.570766', '43.851118', '2019-11-24 12:59:28', '0');
INSERT INTO `city_area` VALUES ('947', '220203', '龙潭区', '303', '220200', '吉林市', '126.561429', '43.909755', '2019-11-24 12:59:28', '0');
INSERT INTO `city_area` VALUES ('948', '220204', '船营区', '303', '220200', '吉林市', '126.55239', '43.843804', '2019-11-24 12:59:28', '0');
INSERT INTO `city_area` VALUES ('949', '220211', '丰满区', '303', '220200', '吉林市', '126.560759', '43.816594', '2019-11-24 12:59:28', '0');
INSERT INTO `city_area` VALUES ('950', '220221', '永吉县', '303', '220200', '吉林市', '126.501622', '43.667416', '2019-11-24 12:59:28', '0');
INSERT INTO `city_area` VALUES ('951', '220271', '吉林经济开发区', '303', '220200', '吉林市', '', '', '2019-11-24 12:59:28', '0');
INSERT INTO `city_area` VALUES ('952', '220272', '吉林高新技术产业开发区', '303', '220200', '吉林市', '', '', '2019-11-24 12:59:28', '0');
INSERT INTO `city_area` VALUES ('953', '220273', '吉林中国新加坡食品区', '303', '220200', '吉林市', '', '', '2019-11-24 12:59:28', '0');
INSERT INTO `city_area` VALUES ('954', '220281', '蛟河市', '303', '220200', '吉林市', '127.342739', '43.720579', '2019-11-24 12:59:28', '0');
INSERT INTO `city_area` VALUES ('955', '220282', '桦甸市', '303', '220200', '吉林市', '126.745445', '42.972093', '2019-11-24 12:59:28', '0');
INSERT INTO `city_area` VALUES ('956', '220283', '舒兰市', '303', '220200', '吉林市', '126.947813', '44.410906', '2019-11-24 12:59:28', '0');
INSERT INTO `city_area` VALUES ('957', '220284', '磐石市', '303', '220200', '吉林市', '126.059929', '42.942476', '2019-11-24 12:59:28', '0');
INSERT INTO `city_area` VALUES ('84', '220300', '四平市', '202', '220000', '吉林省', '124.370785', '43.170344', '2019-11-24 12:59:28', '0');
INSERT INTO `city_area` VALUES ('958', '220302', '铁西区', '303', '220300', '四平市', '124.360894', '43.176263', '2019-11-24 12:59:28', '0');
INSERT INTO `city_area` VALUES ('959', '220303', '铁东区', '303', '220300', '四平市', '124.388464', '43.16726', '2019-11-24 12:59:28', '0');
INSERT INTO `city_area` VALUES ('960', '220322', '梨树县', '303', '220300', '四平市', '124.335802', '43.30831', '2019-11-24 12:59:28', '0');
INSERT INTO `city_area` VALUES ('961', '220323', '伊通满族自治县', '303', '220300', '四平市', '125.303124', '43.345464', '2019-11-24 12:59:28', '0');
INSERT INTO `city_area` VALUES ('962', '220381', '公主岭市', '303', '220300', '四平市', '124.817588', '43.509474', '2019-11-24 12:59:28', '0');
INSERT INTO `city_area` VALUES ('963', '220382', '双辽市', '303', '220300', '四平市', '123.505283', '43.518275', '2019-11-24 12:59:28', '0');
INSERT INTO `city_area` VALUES ('85', '220400', '辽源市', '202', '220000', '吉林省', '125.145349', '42.902692', '2019-11-24 12:59:28', '0');
INSERT INTO `city_area` VALUES ('964', '220402', '龙山区', '303', '220400', '辽源市', '125.145164', '42.902702', '2019-11-24 12:59:28', '0');
INSERT INTO `city_area` VALUES ('965', '220403', '西安区', '303', '220400', '辽源市', '125.151424', '42.920415', '2019-11-24 12:59:28', '0');
INSERT INTO `city_area` VALUES ('966', '220421', '东丰县', '303', '220400', '辽源市', '125.529623', '42.675228', '2019-11-24 12:59:28', '0');
INSERT INTO `city_area` VALUES ('967', '220422', '东辽县', '303', '220400', '辽源市', '124.991995', '42.927724', '2019-11-24 12:59:28', '0');
INSERT INTO `city_area` VALUES ('86', '220500', '通化市', '202', '220000', '吉林省', '125.936501', '41.721177', '2019-11-24 12:59:28', '0');
INSERT INTO `city_area` VALUES ('968', '220502', '东昌区', '303', '220500', '通化市', '125.936716', '41.721233', '2019-11-24 12:59:28', '0');
INSERT INTO `city_area` VALUES ('969', '220503', '二道江区', '303', '220500', '通化市', '126.045987', '41.777564', '2019-11-24 12:59:28', '0');
INSERT INTO `city_area` VALUES ('970', '220521', '通化县', '303', '220500', '通化市', '125.753121', '41.677918', '2019-11-24 12:59:28', '0');
INSERT INTO `city_area` VALUES ('971', '220523', '辉南县', '303', '220500', '通化市', '126.042821', '42.683459', '2019-11-24 12:59:28', '0');
INSERT INTO `city_area` VALUES ('972', '220524', '柳河县', '303', '220500', '通化市', '125.740536', '42.281484', '2019-11-24 12:59:28', '0');
INSERT INTO `city_area` VALUES ('973', '220581', '梅河口市', '303', '220500', '通化市', '125.687336', '42.530002', '2019-11-24 12:59:28', '0');
INSERT INTO `city_area` VALUES ('974', '220582', '集安市', '303', '220500', '通化市', '126.186204', '41.126276', '2019-11-24 12:59:28', '0');
INSERT INTO `city_area` VALUES ('87', '220600', '白山市', '202', '220000', '吉林省', '126.427839', '41.942505', '2019-11-24 12:59:28', '0');
INSERT INTO `city_area` VALUES ('975', '220602', '浑江区', '303', '220600', '白山市', '126.428035', '41.943065', '2019-11-24 12:59:28', '0');
INSERT INTO `city_area` VALUES ('976', '220605', '江源区', '303', '220600', '白山市', '126.584229', '42.048109', '2019-11-24 12:59:28', '0');
INSERT INTO `city_area` VALUES ('977', '220621', '抚松县', '303', '220600', '白山市', '127.273796', '42.332643', '2019-11-24 12:59:28', '0');
INSERT INTO `city_area` VALUES ('978', '220622', '靖宇县', '303', '220600', '白山市', '126.808386', '42.389689', '2019-11-24 12:59:28', '0');
INSERT INTO `city_area` VALUES ('979', '220623', '长白朝鲜族自治县', '303', '220600', '白山市', '128.203384', '41.419361', '2019-11-24 12:59:28', '0');
INSERT INTO `city_area` VALUES ('980', '220681', '临江市', '303', '220600', '白山市', '126.919296', '41.810689', '2019-11-24 12:59:28', '0');
INSERT INTO `city_area` VALUES ('88', '220700', '松原市', '202', '220000', '吉林省', '124.823608', '45.118243', '2019-11-24 12:59:28', '0');
INSERT INTO `city_area` VALUES ('981', '220702', '宁江区', '303', '220700', '松原市', '124.827851', '45.176498', '2019-11-24 12:59:28', '0');
INSERT INTO `city_area` VALUES ('982', '220721', '前郭尔罗斯蒙古族自治县', '303', '220700', '松原市', '124.826808', '45.116288', '2019-11-24 12:59:28', '0');
INSERT INTO `city_area` VALUES ('983', '220722', '长岭县', '303', '220700', '松原市', '123.985184', '44.276579', '2019-11-24 12:59:28', '0');
INSERT INTO `city_area` VALUES ('984', '220723', '乾安县', '303', '220700', '松原市', '124.024361', '45.006846', '2019-11-24 12:59:28', '0');
INSERT INTO `city_area` VALUES ('985', '220771', '吉林松原经济开发区', '303', '220700', '松原市', '', '', '2019-11-24 12:59:28', '0');
INSERT INTO `city_area` VALUES ('986', '220781', '扶余市', '303', '220700', '松原市', '126.042758', '44.986199', '2019-11-24 12:59:28', '0');
INSERT INTO `city_area` VALUES ('89', '220800', '白城市', '202', '220000', '吉林省', '122.841114', '45.619026', '2019-11-24 12:59:28', '0');
INSERT INTO `city_area` VALUES ('987', '220802', '洮北区', '303', '220800', '白城市', '122.842499', '45.619253', '2019-11-24 12:59:28', '0');
INSERT INTO `city_area` VALUES ('988', '220821', '镇赉县', '303', '220800', '白城市', '123.202246', '45.846089', '2019-11-24 12:59:28', '0');
INSERT INTO `city_area` VALUES ('989', '220822', '通榆县', '303', '220800', '白城市', '123.088543', '44.80915', '2019-11-24 12:59:28', '0');
INSERT INTO `city_area` VALUES ('990', '220871', '吉林白城经济开发区', '303', '220800', '白城市', '', '', '2019-11-24 12:59:28', '0');
INSERT INTO `city_area` VALUES ('991', '220881', '洮南市', '303', '220800', '白城市', '122.783779', '45.339113', '2019-11-24 12:59:28', '0');
INSERT INTO `city_area` VALUES ('992', '220882', '大安市', '303', '220800', '白城市', '124.291512', '45.507648', '2019-11-24 12:59:28', '0');
INSERT INTO `city_area` VALUES ('90', '222400', '延边朝鲜族自治州', '202', '220000', '吉林省', '129.513228', '42.904823', '2019-11-24 12:59:28', '0');
INSERT INTO `city_area` VALUES ('993', '222401', '延吉市', '303', '222400', '延边朝鲜族自治州', '129.51579', '42.906964', '2019-11-24 12:59:28', '0');
INSERT INTO `city_area` VALUES ('994', '222402', '图们市', '303', '222400', '延边朝鲜族自治州', '129.846701', '42.966621', '2019-11-24 12:59:28', '0');
INSERT INTO `city_area` VALUES ('995', '222403', '敦化市', '303', '222400', '延边朝鲜族自治州', '128.22986', '43.366921', '2019-11-24 12:59:28', '0');
INSERT INTO `city_area` VALUES ('996', '222404', '珲春市', '303', '222400', '延边朝鲜族自治州', '130.365787', '42.871057', '2019-11-24 12:59:28', '0');
INSERT INTO `city_area` VALUES ('997', '222405', '龙井市', '303', '222400', '延边朝鲜族自治州', '129.425747', '42.771029', '2019-11-24 12:59:28', '0');
INSERT INTO `city_area` VALUES ('998', '222406', '和龙市', '303', '222400', '延边朝鲜族自治州', '129.008748', '42.547004', '2019-11-24 12:59:28', '0');
INSERT INTO `city_area` VALUES ('999', '222424', '汪清县', '303', '222400', '延边朝鲜族自治州', '129.766161', '43.315426', '2019-11-24 12:59:28', '0');
INSERT INTO `city_area` VALUES ('1000', '222426', '安图县', '303', '222400', '延边朝鲜族自治州', '128.901865', '43.110994', '2019-11-24 12:59:28', '0');
INSERT INTO `city_area` VALUES ('8', '230000', '黑龙江省', '101', '0', '中国', '126.642464', '45.756967', '2019-11-24 12:59:28', '0');
INSERT INTO `city_area` VALUES ('91', '230100', '哈尔滨市', '202', '230000', '黑龙江省', '126.642464', '45.756967', '2019-11-24 12:59:28', '0');
INSERT INTO `city_area` VALUES ('1001', '230102', '道里区', '303', '230100', '哈尔滨市', '126.612532', '45.762035', '2019-11-24 12:59:28', '0');
INSERT INTO `city_area` VALUES ('1002', '230103', '南岗区', '303', '230100', '哈尔滨市', '126.652098', '45.755971', '2019-11-24 12:59:28', '0');
INSERT INTO `city_area` VALUES ('1003', '230104', '道外区', '303', '230100', '哈尔滨市', '126.648838', '45.78454', '2019-11-24 12:59:28', '0');
INSERT INTO `city_area` VALUES ('1004', '230108', '平房区', '303', '230100', '哈尔滨市', '126.629257', '45.605567', '2019-11-24 12:59:28', '0');
INSERT INTO `city_area` VALUES ('1005', '230109', '松北区', '303', '230100', '哈尔滨市', '126.563066', '45.814656', '2019-11-24 12:59:28', '0');
INSERT INTO `city_area` VALUES ('1006', '230110', '香坊区', '303', '230100', '哈尔滨市', '126.667049', '45.713067', '2019-11-24 12:59:28', '0');
INSERT INTO `city_area` VALUES ('1007', '230111', '呼兰区', '303', '230100', '哈尔滨市', '126.603302', '45.98423', '2019-11-24 12:59:28', '0');
INSERT INTO `city_area` VALUES ('1008', '230112', '阿城区', '303', '230100', '哈尔滨市', '126.972726', '45.538372', '2019-11-24 12:59:28', '0');
INSERT INTO `city_area` VALUES ('1009', '230113', '双城区', '303', '230100', '哈尔滨市', '126.308784', '45.377942', '2019-11-24 12:59:28', '0');
INSERT INTO `city_area` VALUES ('1010', '230123', '依兰县', '303', '230100', '哈尔滨市', '129.565594', '46.315105', '2019-11-24 12:59:28', '0');
INSERT INTO `city_area` VALUES ('1011', '230124', '方正县', '303', '230100', '哈尔滨市', '128.836131', '45.839536', '2019-11-24 12:59:28', '0');
INSERT INTO `city_area` VALUES ('1012', '230125', '宾县', '303', '230100', '哈尔滨市', '127.48594', '45.759369', '2019-11-24 12:59:28', '0');
INSERT INTO `city_area` VALUES ('1013', '230126', '巴彦县', '303', '230100', '哈尔滨市', '127.403602', '46.081889', '2019-11-24 12:59:28', '0');
INSERT INTO `city_area` VALUES ('1014', '230127', '木兰县', '303', '230100', '哈尔滨市', '128.042675', '45.949826', '2019-11-24 12:59:28', '0');
INSERT INTO `city_area` VALUES ('1015', '230128', '通河县', '303', '230100', '哈尔滨市', '128.747786', '45.977618', '2019-11-24 12:59:28', '0');
INSERT INTO `city_area` VALUES ('1016', '230129', '延寿县', '303', '230100', '哈尔滨市', '128.331886', '45.455648', '2019-11-24 12:59:28', '0');
INSERT INTO `city_area` VALUES ('1017', '230183', '尚志市', '303', '230100', '哈尔滨市', '127.968539', '45.214953', '2019-11-24 12:59:28', '0');
INSERT INTO `city_area` VALUES ('1018', '230184', '五常市', '303', '230100', '哈尔滨市', '127.15759', '44.919418', '2019-11-24 12:59:28', '0');
INSERT INTO `city_area` VALUES ('92', '230200', '齐齐哈尔市', '202', '230000', '黑龙江省', '123.95792', '47.342081', '2019-11-24 12:59:28', '0');
INSERT INTO `city_area` VALUES ('1019', '230202', '龙沙区', '303', '230200', '齐齐哈尔市', '123.957338', '47.341736', '2019-11-24 12:59:28', '0');
INSERT INTO `city_area` VALUES ('1020', '230203', '建华区', '303', '230200', '齐齐哈尔市', '123.955888', '47.354494', '2019-11-24 12:59:28', '0');
INSERT INTO `city_area` VALUES ('1021', '230204', '铁锋区', '303', '230200', '齐齐哈尔市', '123.973555', '47.339499', '2019-11-24 12:59:28', '0');
INSERT INTO `city_area` VALUES ('1022', '230205', '昂昂溪区', '303', '230200', '齐齐哈尔市', '123.813181', '47.156867', '2019-11-24 12:59:28', '0');
INSERT INTO `city_area` VALUES ('1023', '230206', '富拉尔基区', '303', '230200', '齐齐哈尔市', '123.638873', '47.20697', '2019-11-24 12:59:28', '0');
INSERT INTO `city_area` VALUES ('1024', '230207', '碾子山区', '303', '230200', '齐齐哈尔市', '122.887972', '47.51401', '2019-11-24 12:59:28', '0');
INSERT INTO `city_area` VALUES ('1025', '230208', '梅里斯达斡尔族区', '303', '230200', '齐齐哈尔市', '123.754599', '47.311113', '2019-11-24 12:59:28', '0');
INSERT INTO `city_area` VALUES ('1026', '230221', '龙江县', '303', '230200', '齐齐哈尔市', '123.187225', '47.336388', '2019-11-24 12:59:28', '0');
INSERT INTO `city_area` VALUES ('1027', '230223', '依安县', '303', '230200', '齐齐哈尔市', '125.307561', '47.890098', '2019-11-24 12:59:28', '0');
INSERT INTO `city_area` VALUES ('1028', '230224', '泰来县', '303', '230200', '齐齐哈尔市', '123.41953', '46.39233', '2019-11-24 12:59:28', '0');
INSERT INTO `city_area` VALUES ('1029', '230225', '甘南县', '303', '230200', '齐齐哈尔市', '123.506034', '47.917838', '2019-11-24 12:59:28', '0');
INSERT INTO `city_area` VALUES ('1030', '230227', '富裕县', '303', '230200', '齐齐哈尔市', '124.469106', '47.797172', '2019-11-24 12:59:28', '0');
INSERT INTO `city_area` VALUES ('1031', '230229', '克山县', '303', '230200', '齐齐哈尔市', '125.874355', '48.034342', '2019-11-24 12:59:28', '0');
INSERT INTO `city_area` VALUES ('1032', '230230', '克东县', '303', '230200', '齐齐哈尔市', '126.249094', '48.03732', '2019-11-24 12:59:28', '0');
INSERT INTO `city_area` VALUES ('1033', '230231', '拜泉县', '303', '230200', '齐齐哈尔市', '126.091911', '47.607363', '2019-11-24 12:59:28', '0');
INSERT INTO `city_area` VALUES ('1034', '230281', '讷河市', '303', '230200', '齐齐哈尔市', '124.882172', '48.481133', '2019-11-24 12:59:28', '0');
INSERT INTO `city_area` VALUES ('93', '230300', '鸡西市', '202', '230000', '黑龙江省', '130.975966', '45.300046', '2019-11-24 12:59:28', '0');
INSERT INTO `city_area` VALUES ('1035', '230302', '鸡冠区', '303', '230300', '鸡西市', '130.974374', '45.30034', '2019-11-24 12:59:28', '0');
INSERT INTO `city_area` VALUES ('1036', '230303', '恒山区', '303', '230300', '鸡西市', '130.910636', '45.213242', '2019-11-24 12:59:28', '0');
INSERT INTO `city_area` VALUES ('1037', '230304', '滴道区', '303', '230300', '鸡西市', '130.846823', '45.348812', '2019-11-24 12:59:28', '0');
INSERT INTO `city_area` VALUES ('1038', '230305', '梨树区', '303', '230300', '鸡西市', '130.697781', '45.092195', '2019-11-24 12:59:28', '0');
INSERT INTO `city_area` VALUES ('1039', '230306', '城子河区', '303', '230300', '鸡西市', '131.010501', '45.338248', '2019-11-24 12:59:28', '0');
INSERT INTO `city_area` VALUES ('1040', '230307', '麻山区', '303', '230300', '鸡西市', '130.481126', '45.209607', '2019-11-24 12:59:28', '0');
INSERT INTO `city_area` VALUES ('1041', '230321', '鸡东县', '303', '230300', '鸡西市', '131.148907', '45.250892', '2019-11-24 12:59:28', '0');
INSERT INTO `city_area` VALUES ('1042', '230381', '虎林市', '303', '230300', '鸡西市', '132.973881', '45.767985', '2019-11-24 12:59:28', '0');
INSERT INTO `city_area` VALUES ('1043', '230382', '密山市', '303', '230300', '鸡西市', '131.874137', '45.54725', '2019-11-24 12:59:28', '0');
INSERT INTO `city_area` VALUES ('94', '230400', '鹤岗市', '202', '230000', '黑龙江省', '130.277487', '47.332085', '2019-11-24 12:59:28', '0');
INSERT INTO `city_area` VALUES ('1044', '230402', '向阳区', '303', '230400', '鹤岗市', '130.292478', '47.345372', '2019-11-24 12:59:28', '0');
INSERT INTO `city_area` VALUES ('1045', '230403', '工农区', '303', '230400', '鹤岗市', '130.276652', '47.331678', '2019-11-24 12:59:28', '0');
INSERT INTO `city_area` VALUES ('1046', '230404', '南山区', '303', '230400', '鹤岗市', '130.275533', '47.31324', '2019-11-24 12:59:28', '0');
INSERT INTO `city_area` VALUES ('1047', '230405', '兴安区', '303', '230400', '鹤岗市', '130.236169', '47.252911', '2019-11-24 12:59:28', '0');
INSERT INTO `city_area` VALUES ('1048', '230406', '东山区', '303', '230400', '鹤岗市', '130.31714', '47.337385', '2019-11-24 12:59:28', '0');
INSERT INTO `city_area` VALUES ('1049', '230407', '兴山区', '303', '230400', '鹤岗市', '130.30534', '47.35997', '2019-11-24 12:59:28', '0');
INSERT INTO `city_area` VALUES ('1050', '230421', '萝北县', '303', '230400', '鹤岗市', '130.829087', '47.577577', '2019-11-24 12:59:28', '0');
INSERT INTO `city_area` VALUES ('1051', '230422', '绥滨县', '303', '230400', '鹤岗市', '131.860526', '47.289892', '2019-11-24 12:59:28', '0');
INSERT INTO `city_area` VALUES ('95', '230500', '双鸭山市', '202', '230000', '黑龙江省', '131.157304', '46.643442', '2019-11-24 12:59:28', '0');
INSERT INTO `city_area` VALUES ('1052', '230502', '尖山区', '303', '230500', '双鸭山市', '131.15896', '46.642961', '2019-11-24 12:59:28', '0');
INSERT INTO `city_area` VALUES ('1053', '230503', '岭东区', '303', '230500', '双鸭山市', '131.163675', '46.591076', '2019-11-24 12:59:28', '0');
INSERT INTO `city_area` VALUES ('1054', '230505', '四方台区', '303', '230500', '双鸭山市', '131.333181', '46.594347', '2019-11-24 12:59:28', '0');
INSERT INTO `city_area` VALUES ('1055', '230506', '宝山区', '303', '230500', '双鸭山市', '131.404294', '46.573366', '2019-11-24 12:59:28', '0');
INSERT INTO `city_area` VALUES ('1056', '230521', '集贤县', '303', '230500', '双鸭山市', '131.13933', '46.72898', '2019-11-24 12:59:28', '0');
INSERT INTO `city_area` VALUES ('1057', '230522', '友谊县', '303', '230500', '双鸭山市', '131.810622', '46.775159', '2019-11-24 12:59:28', '0');
INSERT INTO `city_area` VALUES ('1058', '230523', '宝清县', '303', '230500', '双鸭山市', '132.206415', '46.328781', '2019-11-24 12:59:28', '0');
INSERT INTO `city_area` VALUES ('1059', '230524', '饶河县', '303', '230500', '双鸭山市', '134.021162', '46.801288', '2019-11-24 12:59:28', '0');
INSERT INTO `city_area` VALUES ('96', '230600', '大庆市', '202', '230000', '黑龙江省', '125.11272', '46.590734', '2019-11-24 12:59:28', '0');
INSERT INTO `city_area` VALUES ('1060', '230602', '萨尔图区', '303', '230600', '大庆市', '125.114643', '46.596356', '2019-11-24 12:59:28', '0');
INSERT INTO `city_area` VALUES ('1061', '230603', '龙凤区', '303', '230600', '大庆市', '125.145794', '46.573948', '2019-11-24 12:59:28', '0');
INSERT INTO `city_area` VALUES ('1062', '230604', '让胡路区', '303', '230600', '大庆市', '124.868341', '46.653254', '2019-11-24 12:59:28', '0');
INSERT INTO `city_area` VALUES ('1063', '230605', '红岗区', '303', '230600', '大庆市', '124.889528', '46.403049', '2019-11-24 12:59:28', '0');
INSERT INTO `city_area` VALUES ('1064', '230606', '大同区', '303', '230600', '大庆市', '124.818509', '46.034304', '2019-11-24 12:59:28', '0');
INSERT INTO `city_area` VALUES ('1065', '230621', '肇州县', '303', '230600', '大庆市', '125.273254', '45.708685', '2019-11-24 12:59:28', '0');
INSERT INTO `city_area` VALUES ('1066', '230622', '肇源县', '303', '230600', '大庆市', '125.081974', '45.518832', '2019-11-24 12:59:28', '0');
INSERT INTO `city_area` VALUES ('1067', '230623', '林甸县', '303', '230600', '大庆市', '124.877742', '47.186411', '2019-11-24 12:59:28', '0');
INSERT INTO `city_area` VALUES ('1068', '230624', '杜尔伯特蒙古族自治县', '303', '230600', '大庆市', '124.446259', '46.865973', '2019-11-24 12:59:28', '0');
INSERT INTO `city_area` VALUES ('1069', '230671', '大庆高新技术产业开发区', '303', '230600', '大庆市', '', '', '2019-11-24 12:59:28', '0');
INSERT INTO `city_area` VALUES ('97', '230700', '伊春市', '202', '230000', '黑龙江省', '128.899396', '47.724775', '2019-11-24 12:59:28', '0');
INSERT INTO `city_area` VALUES ('1070', '230702', '伊春区', '303', '230700', '伊春市', '128.899284', '47.726851', '2019-11-24 12:59:28', '0');
INSERT INTO `city_area` VALUES ('1071', '230703', '南岔区', '303', '230700', '伊春市', '129.28246', '47.137314', '2019-11-24 12:59:28', '0');
INSERT INTO `city_area` VALUES ('1072', '230704', '友好区', '303', '230700', '伊春市', '128.838961', '47.854303', '2019-11-24 12:59:28', '0');
INSERT INTO `city_area` VALUES ('1073', '230705', '西林区', '303', '230700', '伊春市', '129.311441', '47.479437', '2019-11-24 12:59:28', '0');
INSERT INTO `city_area` VALUES ('1074', '230706', '翠峦区', '303', '230700', '伊春市', '128.671746', '47.726228', '2019-11-24 12:59:28', '0');
INSERT INTO `city_area` VALUES ('1075', '230707', '新青区', '303', '230700', '伊春市', '129.52995', '48.288292', '2019-11-24 12:59:28', '0');
INSERT INTO `city_area` VALUES ('1076', '230708', '美溪区', '303', '230700', '伊春市', '129.133411', '47.636102', '2019-11-24 12:59:28', '0');
INSERT INTO `city_area` VALUES ('1077', '230709', '金山屯区', '303', '230700', '伊春市', '129.435944', '47.41295', '2019-11-24 12:59:28', '0');
INSERT INTO `city_area` VALUES ('1078', '230710', '五营区', '303', '230700', '伊春市', '129.245028', '48.108204', '2019-11-24 12:59:28', '0');
INSERT INTO `city_area` VALUES ('1079', '230711', '乌马河区', '303', '230700', '伊春市', '128.802941', '47.726961', '2019-11-24 12:59:28', '0');
INSERT INTO `city_area` VALUES ('1080', '230712', '汤旺河区', '303', '230700', '伊春市', '129.57224', '48.453651', '2019-11-24 12:59:28', '0');
INSERT INTO `city_area` VALUES ('1081', '230713', '带岭区', '303', '230700', '伊春市', '129.021151', '47.027532', '2019-11-24 12:59:28', '0');
INSERT INTO `city_area` VALUES ('1082', '230714', '乌伊岭区', '303', '230700', '伊春市', '129.437847', '48.59112', '2019-11-24 12:59:28', '0');
INSERT INTO `city_area` VALUES ('1083', '230715', '红星区', '303', '230700', '伊春市', '129.388796', '48.238368', '2019-11-24 12:59:28', '0');
INSERT INTO `city_area` VALUES ('1084', '230716', '上甘岭区', '303', '230700', '伊春市', '129.02508', '47.974859', '2019-11-24 12:59:28', '0');
INSERT INTO `city_area` VALUES ('1085', '230722', '嘉荫县', '303', '230700', '伊春市', '130.397684', '48.891378', '2019-11-24 12:59:28', '0');
INSERT INTO `city_area` VALUES ('1086', '230781', '铁力市', '303', '230700', '伊春市', '128.030561', '46.985772', '2019-11-24 12:59:28', '0');
INSERT INTO `city_area` VALUES ('98', '230800', '佳木斯市', '202', '230000', '黑龙江省', '130.361634', '46.809606', '2019-11-24 12:59:28', '0');
INSERT INTO `city_area` VALUES ('1087', '230803', '向阳区', '303', '230800', '佳木斯市', '130.361786', '46.809645', '2019-11-24 12:59:28', '0');
INSERT INTO `city_area` VALUES ('1088', '230804', '前进区', '303', '230800', '佳木斯市', '130.377684', '46.812345', '2019-11-24 12:59:28', '0');
INSERT INTO `city_area` VALUES ('1089', '230805', '东风区', '303', '230800', '佳木斯市', '130.403297', '46.822476', '2019-11-24 12:59:28', '0');
INSERT INTO `city_area` VALUES ('1090', '230811', '郊区', '303', '230800', '佳木斯市', '130.351588', '46.80712', '2019-11-24 12:59:28', '0');
INSERT INTO `city_area` VALUES ('1091', '230822', '桦南县', '303', '230800', '佳木斯市', '130.570112', '46.240118', '2019-11-24 12:59:28', '0');
INSERT INTO `city_area` VALUES ('1092', '230826', '桦川县', '303', '230800', '佳木斯市', '130.723713', '47.023039', '2019-11-24 12:59:28', '0');
INSERT INTO `city_area` VALUES ('1093', '230828', '汤原县', '303', '230800', '佳木斯市', '129.904463', '46.730048', '2019-11-24 12:59:28', '0');
INSERT INTO `city_area` VALUES ('1094', '230881', '同江市', '303', '230800', '佳木斯市', '132.510119', '47.651131', '2019-11-24 12:59:28', '0');
INSERT INTO `city_area` VALUES ('1095', '230882', '富锦市', '303', '230800', '佳木斯市', '132.037951', '47.250747', '2019-11-24 12:59:28', '0');
INSERT INTO `city_area` VALUES ('1096', '230883', '抚远市', '303', '230800', '佳木斯市', '134.294501', '48.364707', '2019-11-24 12:59:28', '0');
INSERT INTO `city_area` VALUES ('99', '230900', '七台河市', '202', '230000', '黑龙江省', '131.015584', '45.771266', '2019-11-24 12:59:28', '0');
INSERT INTO `city_area` VALUES ('1097', '230902', '新兴区', '303', '230900', '七台河市', '130.889482', '45.794258', '2019-11-24 12:59:28', '0');
INSERT INTO `city_area` VALUES ('1098', '230903', '桃山区', '303', '230900', '七台河市', '131.015848', '45.771217', '2019-11-24 12:59:28', '0');
INSERT INTO `city_area` VALUES ('1099', '230904', '茄子河区', '303', '230900', '七台河市', '131.071561', '45.776587', '2019-11-24 12:59:28', '0');
INSERT INTO `city_area` VALUES ('1100', '230921', '勃利县', '303', '230900', '七台河市', '130.575025', '45.751573', '2019-11-24 12:59:28', '0');
INSERT INTO `city_area` VALUES ('100', '231000', '牡丹江市', '202', '230000', '黑龙江省', '129.618602', '44.582962', '2019-11-24 12:59:28', '0');
INSERT INTO `city_area` VALUES ('1101', '231002', '东安区', '303', '231000', '牡丹江市', '129.623292', '44.582399', '2019-11-24 12:59:28', '0');
INSERT INTO `city_area` VALUES ('1102', '231003', '阳明区', '303', '231000', '牡丹江市', '129.634645', '44.596328', '2019-11-24 12:59:28', '0');
INSERT INTO `city_area` VALUES ('1103', '231004', '爱民区', '303', '231000', '牡丹江市', '129.601232', '44.595443', '2019-11-24 12:59:28', '0');
INSERT INTO `city_area` VALUES ('1104', '231005', '西安区', '303', '231000', '牡丹江市', '129.61311', '44.581032', '2019-11-24 12:59:28', '0');
INSERT INTO `city_area` VALUES ('1105', '231025', '林口县', '303', '231000', '牡丹江市', '130.268402', '45.286645', '2019-11-24 12:59:28', '0');
INSERT INTO `city_area` VALUES ('1106', '231071', '牡丹江经济技术开发区', '303', '231000', '牡丹江市', '', '', '2019-11-24 12:59:28', '0');
INSERT INTO `city_area` VALUES ('1107', '231081', '绥芬河市', '303', '231000', '牡丹江市', '131.164856', '44.396864', '2019-11-24 12:59:28', '0');
INSERT INTO `city_area` VALUES ('1108', '231083', '海林市', '303', '231000', '牡丹江市', '129.387902', '44.574149', '2019-11-24 12:59:28', '0');
INSERT INTO `city_area` VALUES ('1109', '231084', '宁安市', '303', '231000', '牡丹江市', '129.470019', '44.346836', '2019-11-24 12:59:28', '0');
INSERT INTO `city_area` VALUES ('1110', '231085', '穆棱市', '303', '231000', '牡丹江市', '130.527085', '44.91967', '2019-11-24 12:59:28', '0');
INSERT INTO `city_area` VALUES ('1111', '231086', '东宁市', '303', '231000', '牡丹江市', '131.125296', '44.063578', '2019-11-24 12:59:28', '0');
INSERT INTO `city_area` VALUES ('101', '231100', '黑河市', '202', '230000', '黑龙江省', '127.499023', '50.249585', '2019-11-24 12:59:28', '0');
INSERT INTO `city_area` VALUES ('1112', '231102', '爱辉区', '303', '231100', '黑河市', '127.497639', '50.249027', '2019-11-24 12:59:28', '0');
INSERT INTO `city_area` VALUES ('1113', '231121', '嫩江县', '303', '231100', '黑河市', '125.229904', '49.177461', '2019-11-24 12:59:28', '0');
INSERT INTO `city_area` VALUES ('1114', '231123', '逊克县', '303', '231100', '黑河市', '128.476152', '49.582974', '2019-11-24 12:59:28', '0');
INSERT INTO `city_area` VALUES ('1115', '231124', '孙吴县', '303', '231100', '黑河市', '127.327315', '49.423941', '2019-11-24 12:59:28', '0');
INSERT INTO `city_area` VALUES ('1116', '231181', '北安市', '303', '231100', '黑河市', '126.508737', '48.245437', '2019-11-24 12:59:28', '0');
INSERT INTO `city_area` VALUES ('1117', '231182', '五大连池市', '303', '231100', '黑河市', '126.197694', '48.512688', '2019-11-24 12:59:28', '0');
INSERT INTO `city_area` VALUES ('102', '231200', '绥化市', '202', '230000', '黑龙江省', '126.99293', '46.637393', '2019-11-24 12:59:28', '0');
INSERT INTO `city_area` VALUES ('1118', '231202', '北林区', '303', '231200', '绥化市', '126.990665', '46.634912', '2019-11-24 12:59:28', '0');
INSERT INTO `city_area` VALUES ('1119', '231221', '望奎县', '303', '231200', '绥化市', '126.484191', '46.83352', '2019-11-24 12:59:28', '0');
INSERT INTO `city_area` VALUES ('1120', '231222', '兰西县', '303', '231200', '绥化市', '126.289315', '46.259037', '2019-11-24 12:59:28', '0');
INSERT INTO `city_area` VALUES ('1121', '231223', '青冈县', '303', '231200', '绥化市', '126.112268', '46.686596', '2019-11-24 12:59:28', '0');
INSERT INTO `city_area` VALUES ('1122', '231224', '庆安县', '303', '231200', '绥化市', '127.510024', '46.879203', '2019-11-24 12:59:28', '0');
INSERT INTO `city_area` VALUES ('1123', '231225', '明水县', '303', '231200', '绥化市', '125.907544', '47.183527', '2019-11-24 12:59:28', '0');
INSERT INTO `city_area` VALUES ('1124', '231226', '绥棱县', '303', '231200', '绥化市', '127.111121', '47.247195', '2019-11-24 12:59:28', '0');
INSERT INTO `city_area` VALUES ('1125', '231281', '安达市', '303', '231200', '绥化市', '125.329926', '46.410614', '2019-11-24 12:59:28', '0');
INSERT INTO `city_area` VALUES ('1126', '231282', '肇东市', '303', '231200', '绥化市', '125.991402', '46.069471', '2019-11-24 12:59:28', '0');
INSERT INTO `city_area` VALUES ('1127', '231283', '海伦市', '303', '231200', '绥化市', '126.969383', '47.460428', '2019-11-24 12:59:28', '0');
INSERT INTO `city_area` VALUES ('103', '232700', '大兴安岭地区', '202', '230000', '黑龙江省', '124.711526', '52.335262', '2019-11-24 12:59:28', '0');
INSERT INTO `city_area` VALUES ('1128', '232701', '加格达奇区', '303', '232700', '大兴安岭地区', '124.126716', '50.424654', '2019-11-24 12:59:28', '0');
INSERT INTO `city_area` VALUES ('1129', '232702', '松岭区', '303', '232700', '大兴安岭地区', '', '', '2019-11-24 12:59:28', '0');
INSERT INTO `city_area` VALUES ('1130', '232703', '新林区', '303', '232700', '大兴安岭地区', '', '', '2019-11-24 12:59:28', '0');
INSERT INTO `city_area` VALUES ('1131', '232704', '呼中区', '303', '232700', '大兴安岭地区', '', '', '2019-11-24 12:59:28', '0');
INSERT INTO `city_area` VALUES ('1132', '232721', '呼玛县', '303', '232700', '大兴安岭地区', '126.662105', '51.726998', '2019-11-24 12:59:28', '0');
INSERT INTO `city_area` VALUES ('1133', '232722', '塔河县', '303', '232700', '大兴安岭地区', '124.710516', '52.335229', '2019-11-24 12:59:28', '0');
INSERT INTO `city_area` VALUES ('1134', '232723', '漠河县', '303', '232700', '大兴安岭地区', '122.536256', '52.972074', '2019-11-24 12:59:28', '0');
INSERT INTO `city_area` VALUES ('9', '310000', '上海省', '101', '0', '中国', '121.472644', '31.231706', '2019-11-24 12:59:28', '0');
INSERT INTO `city_area` VALUES ('104', '310100', '上海市', '202', '310000', '上海省', '121.472644', '31.231706', '2019-11-24 12:59:28', '0');
INSERT INTO `city_area` VALUES ('1135', '310101', '黄浦区', '303', '310100', '上海市', '121.490317', '31.222771', '2019-11-24 12:59:28', '0');
INSERT INTO `city_area` VALUES ('1136', '310104', '徐汇区', '303', '310100', '上海市', '121.43752', '31.179973', '2019-11-24 12:59:28', '0');
INSERT INTO `city_area` VALUES ('1137', '310105', '长宁区', '303', '310100', '上海市', '121.4222', '31.218123', '2019-11-24 12:59:28', '0');
INSERT INTO `city_area` VALUES ('1138', '310106', '静安区', '303', '310100', '上海市', '121.448224', '31.229003', '2019-11-24 12:59:28', '0');
INSERT INTO `city_area` VALUES ('1139', '310107', '普陀区', '303', '310100', '上海市', '121.392499', '31.241701', '2019-11-24 12:59:28', '0');
INSERT INTO `city_area` VALUES ('1140', '310109', '虹口区', '303', '310100', '上海市', '121.491832', '31.26097', '2019-11-24 12:59:28', '0');
INSERT INTO `city_area` VALUES ('1141', '310110', '杨浦区', '303', '310100', '上海市', '121.522797', '31.270755', '2019-11-24 12:59:28', '0');
INSERT INTO `city_area` VALUES ('1142', '310112', '闵行区', '303', '310100', '上海市', '121.375972', '31.111658', '2019-11-24 12:59:28', '0');
INSERT INTO `city_area` VALUES ('1143', '310113', '宝山区', '303', '310100', '上海市', '121.489934', '31.398896', '2019-11-24 12:59:28', '0');
INSERT INTO `city_area` VALUES ('1144', '310114', '嘉定区', '303', '310100', '上海市', '121.250333', '31.383524', '2019-11-24 12:59:28', '0');
INSERT INTO `city_area` VALUES ('1145', '310115', '浦东新区', '303', '310100', '上海市', '121.567706', '31.245944', '2019-11-24 12:59:28', '0');
INSERT INTO `city_area` VALUES ('1146', '310116', '金山区', '303', '310100', '上海市', '121.330736', '30.724697', '2019-11-24 12:59:28', '0');
INSERT INTO `city_area` VALUES ('1147', '310117', '松江区', '303', '310100', '上海市', '121.223543', '31.03047', '2019-11-24 12:59:28', '0');
INSERT INTO `city_area` VALUES ('1148', '310118', '青浦区', '303', '310100', '上海市', '121.113021', '31.151209', '2019-11-24 12:59:28', '0');
INSERT INTO `city_area` VALUES ('1149', '310120', '奉贤区', '303', '310100', '上海市', '121.458472', '30.912345', '2019-11-24 12:59:28', '0');
INSERT INTO `city_area` VALUES ('1150', '310151', '崇明区', '303', '310100', '上海市', '121.397516', '31.626946', '2019-11-24 12:59:28', '0');
INSERT INTO `city_area` VALUES ('10', '320000', '江苏省', '101', '0', '中国', '118.767413', '32.041544', '2019-11-24 12:59:28', '0');
INSERT INTO `city_area` VALUES ('105', '320100', '南京市', '202', '320000', '江苏省', '118.767413', '32.041544', '2019-11-24 12:59:28', '0');
INSERT INTO `city_area` VALUES ('1151', '320102', '玄武区', '303', '320100', '南京市', '118.792199', '32.050678', '2019-11-24 12:59:28', '0');
INSERT INTO `city_area` VALUES ('1152', '320104', '秦淮区', '303', '320100', '南京市', '118.786088', '32.033818', '2019-11-24 12:59:28', '0');
INSERT INTO `city_area` VALUES ('1153', '320105', '建邺区', '303', '320100', '南京市', '118.732688', '32.004538', '2019-11-24 12:59:28', '0');
INSERT INTO `city_area` VALUES ('1154', '320106', '鼓楼区', '303', '320100', '南京市', '118.769739', '32.066966', '2019-11-24 12:59:28', '0');
INSERT INTO `city_area` VALUES ('1155', '320111', '浦口区', '303', '320100', '南京市', '118.625307', '32.05839', '2019-11-24 12:59:28', '0');
INSERT INTO `city_area` VALUES ('1156', '320113', '栖霞区', '303', '320100', '南京市', '118.808702', '32.102147', '2019-11-24 12:59:28', '0');
INSERT INTO `city_area` VALUES ('1157', '320114', '雨花台区', '303', '320100', '南京市', '118.77207', '31.995946', '2019-11-24 12:59:28', '0');
INSERT INTO `city_area` VALUES ('1158', '320115', '江宁区', '303', '320100', '南京市', '118.850621', '31.953418', '2019-11-24 12:59:28', '0');
INSERT INTO `city_area` VALUES ('1159', '320116', '六合区', '303', '320100', '南京市', '118.85065', '32.340655', '2019-11-24 12:59:28', '0');
INSERT INTO `city_area` VALUES ('1160', '320117', '溧水区', '303', '320100', '南京市', '119.028732', '31.653061', '2019-11-24 12:59:28', '0');
INSERT INTO `city_area` VALUES ('1161', '320118', '高淳区', '303', '320100', '南京市', '118.87589', '31.327132', '2019-11-24 12:59:28', '0');
INSERT INTO `city_area` VALUES ('106', '320200', '无锡市', '202', '320000', '江苏省', '120.301663', '31.574729', '2019-11-24 12:59:28', '0');
INSERT INTO `city_area` VALUES ('1162', '320205', '锡山区', '303', '320200', '无锡市', '120.357298', '31.585559', '2019-11-24 12:59:28', '0');
INSERT INTO `city_area` VALUES ('1163', '320206', '惠山区', '303', '320200', '无锡市', '120.303543', '31.681019', '2019-11-24 12:59:28', '0');
INSERT INTO `city_area` VALUES ('1164', '320211', '滨湖区', '303', '320200', '无锡市', '120.266053', '31.550228', '2019-11-24 12:59:28', '0');
INSERT INTO `city_area` VALUES ('1165', '320213', '梁溪区', '303', '320200', '无锡市', '120.296595', '31.575706', '2019-11-24 12:59:28', '0');
INSERT INTO `city_area` VALUES ('1166', '320214', '新吴区', '303', '320200', '无锡市', '120.352782', '31.550966', '2019-11-24 12:59:28', '0');
INSERT INTO `city_area` VALUES ('1167', '320281', '江阴市', '303', '320200', '无锡市', '120.275891', '31.910984', '2019-11-24 12:59:28', '0');
INSERT INTO `city_area` VALUES ('1168', '320282', '宜兴市', '303', '320200', '无锡市', '119.820538', '31.364384', '2019-11-24 12:59:28', '0');
INSERT INTO `city_area` VALUES ('107', '320300', '徐州市', '202', '320000', '江苏省', '117.184811', '34.261792', '2019-11-24 12:59:28', '0');
INSERT INTO `city_area` VALUES ('1169', '320302', '鼓楼区', '303', '320300', '徐州市', '117.192941', '34.269397', '2019-11-24 12:59:28', '0');
INSERT INTO `city_area` VALUES ('1170', '320303', '云龙区', '303', '320300', '徐州市', '117.194589', '34.254805', '2019-11-24 12:59:28', '0');
INSERT INTO `city_area` VALUES ('1171', '320305', '贾汪区', '303', '320300', '徐州市', '117.450212', '34.441642', '2019-11-24 12:59:28', '0');
INSERT INTO `city_area` VALUES ('1172', '320311', '泉山区', '303', '320300', '徐州市', '117.182225', '34.262249', '2019-11-24 12:59:28', '0');
INSERT INTO `city_area` VALUES ('1173', '320312', '铜山区', '303', '320300', '徐州市', '117.183894', '34.19288', '2019-11-24 12:59:28', '0');
INSERT INTO `city_area` VALUES ('1174', '320321', '丰县', '303', '320300', '徐州市', '116.592888', '34.696946', '2019-11-24 12:59:28', '0');
INSERT INTO `city_area` VALUES ('1175', '320322', '沛县', '303', '320300', '徐州市', '116.937182', '34.729044', '2019-11-24 12:59:28', '0');
INSERT INTO `city_area` VALUES ('1176', '320324', '睢宁县', '303', '320300', '徐州市', '117.95066', '33.899222', '2019-11-24 12:59:28', '0');
INSERT INTO `city_area` VALUES ('1177', '320371', '徐州经济技术开发区', '303', '320300', '徐州市', '', '', '2019-11-24 12:59:28', '0');
INSERT INTO `city_area` VALUES ('1178', '320381', '新沂市', '303', '320300', '徐州市', '118.345828', '34.368779', '2019-11-24 12:59:28', '0');
INSERT INTO `city_area` VALUES ('1179', '320382', '邳州市', '303', '320300', '徐州市', '117.963923', '34.314708', '2019-11-24 12:59:28', '0');
INSERT INTO `city_area` VALUES ('108', '320400', '常州市', '202', '320000', '江苏省', '119.946973', '31.772752', '2019-11-24 12:59:28', '0');
INSERT INTO `city_area` VALUES ('1180', '320402', '天宁区', '303', '320400', '常州市', '119.963783', '31.779632', '2019-11-24 12:59:28', '0');
INSERT INTO `city_area` VALUES ('1181', '320404', '钟楼区', '303', '320400', '常州市', '119.948388', '31.78096', '2019-11-24 12:59:28', '0');
INSERT INTO `city_area` VALUES ('1182', '320411', '新北区', '303', '320400', '常州市', '119.974654', '31.824664', '2019-11-24 12:59:28', '0');
INSERT INTO `city_area` VALUES ('1183', '320412', '武进区', '303', '320400', '常州市', '119.958773', '31.718566', '2019-11-24 12:59:28', '0');
INSERT INTO `city_area` VALUES ('1184', '320413', '金坛区', '303', '320400', '常州市', '119.573395', '31.744399', '2019-11-24 12:59:28', '0');
INSERT INTO `city_area` VALUES ('1185', '320481', '溧阳市', '303', '320400', '常州市', '119.487816', '31.427081', '2019-11-24 12:59:28', '0');
INSERT INTO `city_area` VALUES ('109', '320500', '苏州市', '202', '320000', '江苏省', '120.619585', '31.299379', '2019-11-24 12:59:28', '0');
INSERT INTO `city_area` VALUES ('1186', '320505', '虎丘区', '303', '320500', '苏州市', '120.566833', '31.294845', '2019-11-24 12:59:28', '0');
INSERT INTO `city_area` VALUES ('1187', '320506', '吴中区', '303', '320500', '苏州市', '120.624621', '31.270839', '2019-11-24 12:59:28', '0');
INSERT INTO `city_area` VALUES ('1188', '320507', '相城区', '303', '320500', '苏州市', '120.618956', '31.396684', '2019-11-24 12:59:28', '0');
INSERT INTO `city_area` VALUES ('1189', '320508', '姑苏区', '303', '320500', '苏州市', '120.622249', '31.311414', '2019-11-24 12:59:28', '0');
INSERT INTO `city_area` VALUES ('1190', '320509', '吴江区', '303', '320500', '苏州市', '120.641601', '31.160404', '2019-11-24 12:59:28', '0');
INSERT INTO `city_area` VALUES ('1191', '320571', '苏州工业园区', '303', '320500', '苏州市', '', '', '2019-11-24 12:59:28', '0');
INSERT INTO `city_area` VALUES ('1192', '320581', '常熟市', '303', '320500', '苏州市', '120.74852', '31.658156', '2019-11-24 12:59:28', '0');
INSERT INTO `city_area` VALUES ('1193', '320582', '张家港市', '303', '320500', '苏州市', '120.543441', '31.865553', '2019-11-24 12:59:28', '0');
INSERT INTO `city_area` VALUES ('1194', '320583', '昆山市', '303', '320500', '苏州市', '120.958137', '31.381925', '2019-11-24 12:59:28', '0');
INSERT INTO `city_area` VALUES ('1195', '320585', '太仓市', '303', '320500', '苏州市', '121.112275', '31.452568', '2019-11-24 12:59:28', '0');
INSERT INTO `city_area` VALUES ('110', '320600', '南通市', '202', '320000', '江苏省', '120.864608', '32.016212', '2019-11-24 12:59:28', '0');
INSERT INTO `city_area` VALUES ('1196', '320602', '崇川区', '303', '320600', '南通市', '120.86635', '32.015278', '2019-11-24 12:59:28', '0');
INSERT INTO `city_area` VALUES ('1197', '320611', '港闸区', '303', '320600', '南通市', '120.8339', '32.040299', '2019-11-24 12:59:28', '0');
INSERT INTO `city_area` VALUES ('1198', '320612', '通州区', '303', '320600', '南通市', '121.073171', '32.084287', '2019-11-24 12:59:28', '0');
INSERT INTO `city_area` VALUES ('1199', '320621', '海安县', '303', '320600', '南通市', '120.465995', '32.540289', '2019-11-24 12:59:28', '0');
INSERT INTO `city_area` VALUES ('1200', '320623', '如东县', '303', '320600', '南通市', '121.186088', '32.311832', '2019-11-24 12:59:28', '0');
INSERT INTO `city_area` VALUES ('1201', '320671', '南通经济技术开发区', '303', '320600', '南通市', '', '', '2019-11-24 12:59:28', '0');
INSERT INTO `city_area` VALUES ('1202', '320681', '启东市', '303', '320600', '南通市', '121.659724', '31.810158', '2019-11-24 12:59:28', '0');
INSERT INTO `city_area` VALUES ('1203', '320682', '如皋市', '303', '320600', '南通市', '120.566324', '32.391591', '2019-11-24 12:59:28', '0');
INSERT INTO `city_area` VALUES ('1204', '320684', '海门市', '303', '320600', '南通市', '121.176609', '31.893528', '2019-11-24 12:59:28', '0');
INSERT INTO `city_area` VALUES ('111', '320700', '连云港市', '202', '320000', '江苏省', '119.178821', '34.600018', '2019-11-24 12:59:28', '0');
INSERT INTO `city_area` VALUES ('1205', '320703', '连云区', '303', '320700', '连云港市', '119.366487', '34.739529', '2019-11-24 12:59:28', '0');
INSERT INTO `city_area` VALUES ('1206', '320706', '海州区', '303', '320700', '连云港市', '119.179793', '34.601584', '2019-11-24 12:59:28', '0');
INSERT INTO `city_area` VALUES ('1207', '320707', '赣榆区', '303', '320700', '连云港市', '119.128774', '34.839154', '2019-11-24 12:59:28', '0');
INSERT INTO `city_area` VALUES ('1208', '320722', '东海县', '303', '320700', '连云港市', '118.766489', '34.522859', '2019-11-24 12:59:28', '0');
INSERT INTO `city_area` VALUES ('1209', '320723', '灌云县', '303', '320700', '连云港市', '119.255741', '34.298436', '2019-11-24 12:59:28', '0');
INSERT INTO `city_area` VALUES ('1210', '320724', '灌南县', '303', '320700', '连云港市', '119.352331', '34.092553', '2019-11-24 12:59:28', '0');
INSERT INTO `city_area` VALUES ('1211', '320771', '连云港经济技术开发区', '303', '320700', '连云港市', '', '', '2019-11-24 12:59:28', '0');
INSERT INTO `city_area` VALUES ('1212', '320772', '连云港高新技术产业开发区', '303', '320700', '连云港市', '', '', '2019-11-24 12:59:28', '0');
INSERT INTO `city_area` VALUES ('112', '320800', '淮安市', '202', '320000', '江苏省', '119.021265', '33.597506', '2019-11-24 12:59:28', '0');
INSERT INTO `city_area` VALUES ('1213', '320803', '淮安区', '303', '320800', '淮安市', '119.14634', '33.507499', '2019-11-24 12:59:28', '0');
INSERT INTO `city_area` VALUES ('1214', '320804', '淮阴区', '303', '320800', '淮安市', '119.020817', '33.622452', '2019-11-24 12:59:28', '0');
INSERT INTO `city_area` VALUES ('1215', '320812', '清江浦区', '303', '320800', '淮安市', '119.019454', '33.603234', '2019-11-24 12:59:28', '0');
INSERT INTO `city_area` VALUES ('1216', '320813', '洪泽区', '303', '320800', '淮安市', '118.867875', '33.294975', '2019-11-24 12:59:28', '0');
INSERT INTO `city_area` VALUES ('1217', '320826', '涟水县', '303', '320800', '淮安市', '119.266078', '33.771308', '2019-11-24 12:59:28', '0');
INSERT INTO `city_area` VALUES ('1218', '320830', '盱眙县', '303', '320800', '淮安市', '118.493823', '33.00439', '2019-11-24 12:59:28', '0');
INSERT INTO `city_area` VALUES ('1219', '320831', '金湖县', '303', '320800', '淮安市', '119.016936', '33.018162', '2019-11-24 12:59:28', '0');
INSERT INTO `city_area` VALUES ('1220', '320871', '淮安经济技术开发区', '303', '320800', '淮安市', '', '', '2019-11-24 12:59:28', '0');
INSERT INTO `city_area` VALUES ('113', '320900', '盐城市', '202', '320000', '江苏省', '120.139998', '33.377631', '2019-11-24 12:59:28', '0');
INSERT INTO `city_area` VALUES ('1221', '320902', '亭湖区', '303', '320900', '盐城市', '120.136078', '33.383912', '2019-11-24 12:59:28', '0');
INSERT INTO `city_area` VALUES ('1222', '320903', '盐都区', '303', '320900', '盐城市', '120.139753', '33.341288', '2019-11-24 12:59:28', '0');
INSERT INTO `city_area` VALUES ('1223', '320904', '大丰区', '303', '320900', '盐城市', '120.470324', '33.199531', '2019-11-24 12:59:28', '0');
INSERT INTO `city_area` VALUES ('1224', '320921', '响水县', '303', '320900', '盐城市', '119.579573', '34.19996', '2019-11-24 12:59:28', '0');
INSERT INTO `city_area` VALUES ('1225', '320922', '滨海县', '303', '320900', '盐城市', '119.828434', '33.989888', '2019-11-24 12:59:28', '0');
INSERT INTO `city_area` VALUES ('1226', '320923', '阜宁县', '303', '320900', '盐城市', '119.805338', '33.78573', '2019-11-24 12:59:28', '0');
INSERT INTO `city_area` VALUES ('1227', '320924', '射阳县', '303', '320900', '盐城市', '120.257444', '33.773779', '2019-11-24 12:59:28', '0');
INSERT INTO `city_area` VALUES ('1228', '320925', '建湖县', '303', '320900', '盐城市', '119.793105', '33.472621', '2019-11-24 12:59:28', '0');
INSERT INTO `city_area` VALUES ('1229', '320971', '盐城经济技术开发区', '303', '320900', '盐城市', '', '', '2019-11-24 12:59:28', '0');
INSERT INTO `city_area` VALUES ('1230', '320981', '东台市', '303', '320900', '盐城市', '120.314101', '32.853174', '2019-11-24 12:59:28', '0');
INSERT INTO `city_area` VALUES ('114', '321000', '扬州市', '202', '320000', '江苏省', '119.421003', '32.393159', '2019-11-24 12:59:28', '0');
INSERT INTO `city_area` VALUES ('1231', '321002', '广陵区', '303', '321000', '扬州市', '119.442267', '32.392154', '2019-11-24 12:59:28', '0');
INSERT INTO `city_area` VALUES ('1232', '321003', '邗江区', '303', '321000', '扬州市', '119.397777', '32.377899', '2019-11-24 12:59:28', '0');
INSERT INTO `city_area` VALUES ('1233', '321012', '江都区', '303', '321000', '扬州市', '119.567481', '32.426564', '2019-11-24 12:59:28', '0');
INSERT INTO `city_area` VALUES ('1234', '321023', '宝应县', '303', '321000', '扬州市', '119.321284', '33.23694', '2019-11-24 12:59:28', '0');
INSERT INTO `city_area` VALUES ('1235', '321071', '扬州经济技术开发区', '303', '321000', '扬州市', '', '', '2019-11-24 12:59:28', '0');
INSERT INTO `city_area` VALUES ('1236', '321081', '仪征市', '303', '321000', '扬州市', '119.182443', '32.271965', '2019-11-24 12:59:28', '0');
INSERT INTO `city_area` VALUES ('1237', '321084', '高邮市', '303', '321000', '扬州市', '119.443842', '32.785164', '2019-11-24 12:59:28', '0');
INSERT INTO `city_area` VALUES ('115', '321100', '镇江市', '202', '320000', '江苏省', '119.452753', '32.204402', '2019-11-24 12:59:28', '0');
INSERT INTO `city_area` VALUES ('1238', '321102', '京口区', '303', '321100', '镇江市', '119.454571', '32.206191', '2019-11-24 12:59:28', '0');
INSERT INTO `city_area` VALUES ('1239', '321111', '润州区', '303', '321100', '镇江市', '119.414877', '32.213501', '2019-11-24 12:59:28', '0');
INSERT INTO `city_area` VALUES ('1240', '321112', '丹徒区', '303', '321100', '镇江市', '119.433883', '32.128972', '2019-11-24 12:59:28', '0');
INSERT INTO `city_area` VALUES ('1241', '321171', '镇江新区', '303', '321100', '镇江市', '', '', '2019-11-24 12:59:28', '0');
INSERT INTO `city_area` VALUES ('1242', '321181', '丹阳市', '303', '321100', '镇江市', '119.581911', '31.991459', '2019-11-24 12:59:28', '0');
INSERT INTO `city_area` VALUES ('1243', '321182', '扬中市', '303', '321100', '镇江市', '119.828054', '32.237266', '2019-11-24 12:59:28', '0');
INSERT INTO `city_area` VALUES ('1244', '321183', '句容市', '303', '321100', '镇江市', '119.167135', '31.947355', '2019-11-24 12:59:28', '0');
INSERT INTO `city_area` VALUES ('116', '321200', '泰州市', '202', '320000', '江苏省', '119.915176', '32.484882', '2019-11-24 12:59:28', '0');
INSERT INTO `city_area` VALUES ('1245', '321202', '海陵区', '303', '321200', '泰州市', '119.920187', '32.488406', '2019-11-24 12:59:28', '0');
INSERT INTO `city_area` VALUES ('1246', '321203', '高港区', '303', '321200', '泰州市', '119.88166', '32.315701', '2019-11-24 12:59:28', '0');
INSERT INTO `city_area` VALUES ('1247', '321204', '姜堰区', '303', '321200', '泰州市', '120.148208', '32.508483', '2019-11-24 12:59:28', '0');
INSERT INTO `city_area` VALUES ('1248', '321271', '泰州医药高新技术产业开发区', '303', '321200', '泰州市', '', '', '2019-11-24 12:59:28', '0');
INSERT INTO `city_area` VALUES ('1249', '321281', '兴化市', '303', '321200', '泰州市', '119.840162', '32.938065', '2019-11-24 12:59:28', '0');
INSERT INTO `city_area` VALUES ('1250', '321282', '靖江市', '303', '321200', '泰州市', '120.26825', '32.018168', '2019-11-24 12:59:28', '0');
INSERT INTO `city_area` VALUES ('1251', '321283', '泰兴市', '303', '321200', '泰州市', '120.020228', '32.168784', '2019-11-24 12:59:28', '0');
INSERT INTO `city_area` VALUES ('117', '321300', '宿迁市', '202', '320000', '江苏省', '118.275162', '33.963008', '2019-11-24 12:59:28', '0');
INSERT INTO `city_area` VALUES ('1252', '321302', '宿城区', '303', '321300', '宿迁市', '118.278984', '33.937726', '2019-11-24 12:59:28', '0');
INSERT INTO `city_area` VALUES ('1253', '321311', '宿豫区', '303', '321300', '宿迁市', '118.330012', '33.941071', '2019-11-24 12:59:28', '0');
INSERT INTO `city_area` VALUES ('1254', '321322', '沭阳县', '303', '321300', '宿迁市', '118.775889', '34.129097', '2019-11-24 12:59:28', '0');
INSERT INTO `city_area` VALUES ('1255', '321323', '泗阳县', '303', '321300', '宿迁市', '118.681284', '33.711433', '2019-11-24 12:59:28', '0');
INSERT INTO `city_area` VALUES ('1256', '321324', '泗洪县', '303', '321300', '宿迁市', '118.211824', '33.456538', '2019-11-24 12:59:28', '0');
INSERT INTO `city_area` VALUES ('1257', '321371', '宿迁经济技术开发区', '303', '321300', '宿迁市', '', '', '2019-11-24 12:59:28', '0');
INSERT INTO `city_area` VALUES ('11', '330000', '浙江省', '101', '0', '中国', '120.153576', '30.287459', '2019-11-24 12:59:28', '0');
INSERT INTO `city_area` VALUES ('118', '330100', '杭州市', '202', '330000', '浙江省', '120.153576', '30.287459', '2019-11-24 12:59:28', '0');
INSERT INTO `city_area` VALUES ('1258', '330102', '上城区', '303', '330100', '杭州市', '120.171465', '30.250236', '2019-11-24 12:59:28', '0');
INSERT INTO `city_area` VALUES ('1259', '330103', '下城区', '303', '330100', '杭州市', '120.172763', '30.276271', '2019-11-24 12:59:28', '0');
INSERT INTO `city_area` VALUES ('1260', '330104', '江干区', '303', '330100', '杭州市', '120.202633', '30.266603', '2019-11-24 12:59:28', '0');
INSERT INTO `city_area` VALUES ('1261', '330105', '拱墅区', '303', '330100', '杭州市', '120.150053', '30.314697', '2019-11-24 12:59:28', '0');
INSERT INTO `city_area` VALUES ('1262', '330106', '西湖区', '303', '330100', '杭州市', '120.147376', '30.272934', '2019-11-24 12:59:28', '0');
INSERT INTO `city_area` VALUES ('1263', '330108', '滨江区', '303', '330100', '杭州市', '120.21062', '30.206615', '2019-11-24 12:59:28', '0');
INSERT INTO `city_area` VALUES ('1264', '330109', '萧山区', '303', '330100', '杭州市', '120.27069', '30.162932', '2019-11-24 12:59:28', '0');
INSERT INTO `city_area` VALUES ('1265', '330110', '余杭区', '303', '330100', '杭州市', '120.301737', '30.421187', '2019-11-24 12:59:28', '0');
INSERT INTO `city_area` VALUES ('1266', '330111', '富阳区', '303', '330100', '杭州市', '119.949869', '30.049871', '2019-11-24 12:59:28', '0');
INSERT INTO `city_area` VALUES ('1267', '330112', '临安区', '303', '330100', '杭州市', '119.715101', '30.231153', '2019-11-24 12:59:28', '0');
INSERT INTO `city_area` VALUES ('1268', '330122', '桐庐县', '303', '330100', '杭州市', '119.685045', '29.797437', '2019-11-24 12:59:28', '0');
INSERT INTO `city_area` VALUES ('1269', '330127', '淳安县', '303', '330100', '杭州市', '119.044276', '29.604177', '2019-11-24 12:59:28', '0');
INSERT INTO `city_area` VALUES ('1270', '330182', '建德市', '303', '330100', '杭州市', '119.279089', '29.472284', '2019-11-24 12:59:28', '0');
INSERT INTO `city_area` VALUES ('119', '330200', '宁波市', '202', '330000', '浙江省', '121.549792', '29.868388', '2019-11-24 12:59:28', '0');
INSERT INTO `city_area` VALUES ('1271', '330203', '海曙区', '303', '330200', '宁波市', '121.539698', '29.874452', '2019-11-24 12:59:28', '0');
INSERT INTO `city_area` VALUES ('1272', '330205', '江北区', '303', '330200', '宁波市', '121.559282', '29.888361', '2019-11-24 12:59:28', '0');
INSERT INTO `city_area` VALUES ('1273', '330206', '北仑区', '303', '330200', '宁波市', '121.831303', '29.90944', '2019-11-24 12:59:28', '0');
INSERT INTO `city_area` VALUES ('1274', '330211', '镇海区', '303', '330200', '宁波市', '121.713162', '29.952107', '2019-11-24 12:59:28', '0');
INSERT INTO `city_area` VALUES ('1275', '330212', '鄞州区', '303', '330200', '宁波市', '121.558436', '29.831662', '2019-11-24 12:59:28', '0');
INSERT INTO `city_area` VALUES ('1276', '330213', '奉化区', '303', '330200', '宁波市', '121.41089', '29.662348', '2019-11-24 12:59:28', '0');
INSERT INTO `city_area` VALUES ('1277', '330225', '象山县', '303', '330200', '宁波市', '121.877091', '29.470206', '2019-11-24 12:59:28', '0');
INSERT INTO `city_area` VALUES ('1278', '330226', '宁海县', '303', '330200', '宁波市', '121.432606', '29.299836', '2019-11-24 12:59:28', '0');
INSERT INTO `city_area` VALUES ('1279', '330281', '余姚市', '303', '330200', '宁波市', '121.156294', '30.045404', '2019-11-24 12:59:28', '0');
INSERT INTO `city_area` VALUES ('1280', '330282', '慈溪市', '303', '330200', '宁波市', '121.248052', '30.177142', '2019-11-24 12:59:28', '0');
INSERT INTO `city_area` VALUES ('120', '330300', '温州市', '202', '330000', '浙江省', '120.672111', '28.000575', '2019-11-24 12:59:28', '0');
INSERT INTO `city_area` VALUES ('1281', '330302', '鹿城区', '303', '330300', '温州市', '120.674231', '28.003352', '2019-11-24 12:59:28', '0');
INSERT INTO `city_area` VALUES ('1282', '330303', '龙湾区', '303', '330300', '温州市', '120.763469', '27.970254', '2019-11-24 12:59:28', '0');
INSERT INTO `city_area` VALUES ('1283', '330304', '瓯海区', '303', '330300', '温州市', '120.637145', '28.006444', '2019-11-24 12:59:28', '0');
INSERT INTO `city_area` VALUES ('1284', '330305', '洞头区', '303', '330300', '温州市', '121.156181', '27.836057', '2019-11-24 12:59:28', '0');
INSERT INTO `city_area` VALUES ('1285', '330324', '永嘉县', '303', '330300', '温州市', '120.690968', '28.153886', '2019-11-24 12:59:28', '0');
INSERT INTO `city_area` VALUES ('1286', '330326', '平阳县', '303', '330300', '温州市', '120.564387', '27.6693', '2019-11-24 12:59:28', '0');
INSERT INTO `city_area` VALUES ('1287', '330327', '苍南县', '303', '330300', '温州市', '120.406256', '27.507743', '2019-11-24 12:59:28', '0');
INSERT INTO `city_area` VALUES ('1288', '330328', '文成县', '303', '330300', '温州市', '120.09245', '27.789133', '2019-11-24 12:59:28', '0');
INSERT INTO `city_area` VALUES ('1289', '330329', '泰顺县', '303', '330300', '温州市', '119.71624', '27.557309', '2019-11-24 12:59:28', '0');
INSERT INTO `city_area` VALUES ('1290', '330371', '温州经济技术开发区', '303', '330300', '温州市', '', '', '2019-11-24 12:59:28', '0');
INSERT INTO `city_area` VALUES ('1291', '330381', '瑞安市', '303', '330300', '温州市', '120.646171', '27.779321', '2019-11-24 12:59:28', '0');
INSERT INTO `city_area` VALUES ('1292', '330382', '乐清市', '303', '330300', '温州市', '120.967147', '28.116083', '2019-11-24 12:59:28', '0');
INSERT INTO `city_area` VALUES ('121', '330400', '嘉兴市', '202', '330000', '浙江省', '120.750865', '30.762653', '2019-11-24 12:59:28', '0');
INSERT INTO `city_area` VALUES ('1293', '330402', '南湖区', '303', '330400', '嘉兴市', '120.749953', '30.764652', '2019-11-24 12:59:28', '0');
INSERT INTO `city_area` VALUES ('1294', '330411', '秀洲区', '303', '330400', '嘉兴市', '120.720431', '30.763323', '2019-11-24 12:59:28', '0');
INSERT INTO `city_area` VALUES ('1295', '330421', '嘉善县', '303', '330400', '嘉兴市', '120.921871', '30.841352', '2019-11-24 12:59:28', '0');
INSERT INTO `city_area` VALUES ('1296', '330424', '海盐县', '303', '330400', '嘉兴市', '120.942017', '30.522223', '2019-11-24 12:59:28', '0');
INSERT INTO `city_area` VALUES ('1297', '330481', '海宁市', '303', '330400', '嘉兴市', '120.688821', '30.525544', '2019-11-24 12:59:28', '0');
INSERT INTO `city_area` VALUES ('1298', '330482', '平湖市', '303', '330400', '嘉兴市', '121.014666', '30.698921', '2019-11-24 12:59:28', '0');
INSERT INTO `city_area` VALUES ('1299', '330483', '桐乡市', '303', '330400', '嘉兴市', '120.551085', '30.629065', '2019-11-24 12:59:28', '0');
INSERT INTO `city_area` VALUES ('122', '330500', '湖州市', '202', '330000', '浙江省', '120.102398', '30.867198', '2019-11-24 12:59:28', '0');
INSERT INTO `city_area` VALUES ('1300', '330502', '吴兴区', '303', '330500', '湖州市', '120.101416', '30.867252', '2019-11-24 12:59:28', '0');
INSERT INTO `city_area` VALUES ('1301', '330503', '南浔区', '303', '330500', '湖州市', '120.417195', '30.872742', '2019-11-24 12:59:28', '0');
INSERT INTO `city_area` VALUES ('1302', '330521', '德清县', '303', '330500', '湖州市', '119.967662', '30.534927', '2019-11-24 12:59:28', '0');
INSERT INTO `city_area` VALUES ('1303', '330522', '长兴县', '303', '330500', '湖州市', '119.910122', '31.00475', '2019-11-24 12:59:28', '0');
INSERT INTO `city_area` VALUES ('1304', '330523', '安吉县', '303', '330500', '湖州市', '119.687891', '30.631974', '2019-11-24 12:59:28', '0');
INSERT INTO `city_area` VALUES ('123', '330600', '绍兴市', '202', '330000', '浙江省', '120.582112', '29.997117', '2019-11-24 12:59:28', '0');
INSERT INTO `city_area` VALUES ('1305', '330602', '越城区', '303', '330600', '绍兴市', '120.585315', '29.996993', '2019-11-24 12:59:28', '0');
INSERT INTO `city_area` VALUES ('1306', '330603', '柯桥区', '303', '330600', '绍兴市', '120.476075', '30.078038', '2019-11-24 12:59:28', '0');
INSERT INTO `city_area` VALUES ('1307', '330604', '上虞区', '303', '330600', '绍兴市', '120.874185', '30.016769', '2019-11-24 12:59:28', '0');
INSERT INTO `city_area` VALUES ('1308', '330624', '新昌县', '303', '330600', '绍兴市', '120.905665', '29.501205', '2019-11-24 12:59:28', '0');
INSERT INTO `city_area` VALUES ('1309', '330681', '诸暨市', '303', '330600', '绍兴市', '120.244326', '29.713662', '2019-11-24 12:59:28', '0');
INSERT INTO `city_area` VALUES ('1310', '330683', '嵊州市', '303', '330600', '绍兴市', '120.82888', '29.586606', '2019-11-24 12:59:28', '0');
INSERT INTO `city_area` VALUES ('124', '330700', '金华市', '202', '330000', '浙江省', '119.649506', '29.089524', '2019-11-24 12:59:28', '0');
INSERT INTO `city_area` VALUES ('1311', '330702', '婺城区', '303', '330700', '金华市', '119.652579', '29.082607', '2019-11-24 12:59:28', '0');
INSERT INTO `city_area` VALUES ('1312', '330703', '金东区', '303', '330700', '金华市', '119.681264', '29.095835', '2019-11-24 12:59:28', '0');
INSERT INTO `city_area` VALUES ('1313', '330723', '武义县', '303', '330700', '金华市', '119.819159', '28.896563', '2019-11-24 12:59:28', '0');
INSERT INTO `city_area` VALUES ('1314', '330726', '浦江县', '303', '330700', '金华市', '119.893363', '29.451254', '2019-11-24 12:59:28', '0');
INSERT INTO `city_area` VALUES ('1315', '330727', '磐安县', '303', '330700', '金华市', '120.44513', '29.052627', '2019-11-24 12:59:28', '0');
INSERT INTO `city_area` VALUES ('1316', '330781', '兰溪市', '303', '330700', '金华市', '119.460521', '29.210065', '2019-11-24 12:59:28', '0');
INSERT INTO `city_area` VALUES ('1317', '330782', '义乌市', '303', '330700', '金华市', '120.074911', '29.306863', '2019-11-24 12:59:28', '0');
INSERT INTO `city_area` VALUES ('1318', '330783', '东阳市', '303', '330700', '金华市', '120.23334', '29.262546', '2019-11-24 12:59:28', '0');
INSERT INTO `city_area` VALUES ('1319', '330784', '永康市', '303', '330700', '金华市', '120.036328', '28.895293', '2019-11-24 12:59:28', '0');
INSERT INTO `city_area` VALUES ('125', '330800', '衢州市', '202', '330000', '浙江省', '118.87263', '28.941708', '2019-11-24 12:59:28', '0');
INSERT INTO `city_area` VALUES ('1320', '330802', '柯城区', '303', '330800', '衢州市', '118.873041', '28.944539', '2019-11-24 12:59:28', '0');
INSERT INTO `city_area` VALUES ('1321', '330803', '衢江区', '303', '330800', '衢州市', '118.957683', '28.973195', '2019-11-24 12:59:28', '0');
INSERT INTO `city_area` VALUES ('1322', '330822', '常山县', '303', '330800', '衢州市', '118.521654', '28.900039', '2019-11-24 12:59:28', '0');
INSERT INTO `city_area` VALUES ('1323', '330824', '开化县', '303', '330800', '衢州市', '118.414435', '29.136503', '2019-11-24 12:59:28', '0');
INSERT INTO `city_area` VALUES ('1324', '330825', '龙游县', '303', '330800', '衢州市', '119.172525', '29.031364', '2019-11-24 12:59:28', '0');
INSERT INTO `city_area` VALUES ('1325', '330881', '江山市', '303', '330800', '衢州市', '118.627879', '28.734674', '2019-11-24 12:59:28', '0');
INSERT INTO `city_area` VALUES ('126', '330900', '舟山市', '202', '330000', '浙江省', '122.106863', '30.016028', '2019-11-24 12:59:28', '0');
INSERT INTO `city_area` VALUES ('1326', '330902', '定海区', '303', '330900', '舟山市', '122.108496', '30.016423', '2019-11-24 12:59:28', '0');
INSERT INTO `city_area` VALUES ('1327', '330903', '普陀区', '303', '330900', '舟山市', '122.301953', '29.945614', '2019-11-24 12:59:28', '0');
INSERT INTO `city_area` VALUES ('1328', '330921', '岱山县', '303', '330900', '舟山市', '122.201132', '30.242865', '2019-11-24 12:59:28', '0');
INSERT INTO `city_area` VALUES ('1329', '330922', '嵊泗县', '303', '330900', '舟山市', '122.457809', '30.727166', '2019-11-24 12:59:28', '0');
INSERT INTO `city_area` VALUES ('127', '331000', '台州市', '202', '330000', '浙江省', '121.428599', '28.661378', '2019-11-24 12:59:28', '0');
INSERT INTO `city_area` VALUES ('1330', '331002', '椒江区', '303', '331000', '台州市', '121.431049', '28.67615', '2019-11-24 12:59:28', '0');
INSERT INTO `city_area` VALUES ('1331', '331003', '黄岩区', '303', '331000', '台州市', '121.262138', '28.64488', '2019-11-24 12:59:28', '0');
INSERT INTO `city_area` VALUES ('1332', '331004', '路桥区', '303', '331000', '台州市', '121.37292', '28.581799', '2019-11-24 12:59:28', '0');
INSERT INTO `city_area` VALUES ('1333', '331022', '三门县', '303', '331000', '台州市', '121.376429', '29.118955', '2019-11-24 12:59:28', '0');
INSERT INTO `city_area` VALUES ('1334', '331023', '天台县', '303', '331000', '台州市', '121.031227', '29.141126', '2019-11-24 12:59:28', '0');
INSERT INTO `city_area` VALUES ('1335', '331024', '仙居县', '303', '331000', '台州市', '120.735074', '28.849213', '2019-11-24 12:59:28', '0');
INSERT INTO `city_area` VALUES ('1336', '331081', '温岭市', '303', '331000', '台州市', '121.373611', '28.368781', '2019-11-24 12:59:28', '0');
INSERT INTO `city_area` VALUES ('1337', '331082', '临海市', '303', '331000', '台州市', '121.131229', '28.845441', '2019-11-24 12:59:28', '0');
INSERT INTO `city_area` VALUES ('1338', '331083', '玉环市', '303', '331000', '台州市', '121.232337', '28.12842', '2019-11-24 12:59:28', '0');
INSERT INTO `city_area` VALUES ('128', '331100', '丽水市', '202', '330000', '浙江省', '119.921786', '28.451993', '2019-11-24 12:59:28', '0');
INSERT INTO `city_area` VALUES ('1339', '331102', '莲都区', '303', '331100', '丽水市', '119.922293', '28.451103', '2019-11-24 12:59:28', '0');
INSERT INTO `city_area` VALUES ('1340', '331121', '青田县', '303', '331100', '丽水市', '120.291939', '28.135247', '2019-11-24 12:59:28', '0');
INSERT INTO `city_area` VALUES ('1341', '331122', '缙云县', '303', '331100', '丽水市', '120.078965', '28.654208', '2019-11-24 12:59:28', '0');
INSERT INTO `city_area` VALUES ('1342', '331123', '遂昌县', '303', '331100', '丽水市', '119.27589', '28.5924', '2019-11-24 12:59:28', '0');
INSERT INTO `city_area` VALUES ('1343', '331124', '松阳县', '303', '331100', '丽水市', '119.485292', '28.449937', '2019-11-24 12:59:28', '0');
INSERT INTO `city_area` VALUES ('1344', '331125', '云和县', '303', '331100', '丽水市', '119.569458', '28.111077', '2019-11-24 12:59:28', '0');
INSERT INTO `city_area` VALUES ('1345', '331126', '庆元县', '303', '331100', '丽水市', '119.067233', '27.618231', '2019-11-24 12:59:28', '0');
INSERT INTO `city_area` VALUES ('1346', '331127', '景宁畲族自治县', '303', '331100', '丽水市', '119.634669', '27.977247', '2019-11-24 12:59:28', '0');
INSERT INTO `city_area` VALUES ('1347', '331181', '龙泉市', '303', '331100', '丽水市', '119.132319', '28.069177', '2019-11-24 12:59:28', '0');
INSERT INTO `city_area` VALUES ('12', '340000', '安徽省', '101', '0', '中国', '117.283042', '31.86119', '2019-11-24 12:59:28', '0');
INSERT INTO `city_area` VALUES ('129', '340100', '合肥市', '202', '340000', '安徽省', '117.283042', '31.86119', '2019-11-24 12:59:28', '0');
INSERT INTO `city_area` VALUES ('1348', '340102', '瑶海区', '303', '340100', '合肥市', '117.315358', '31.86961', '2019-11-24 12:59:28', '0');
INSERT INTO `city_area` VALUES ('1349', '340103', '庐阳区', '303', '340100', '合肥市', '117.283776', '31.869011', '2019-11-24 12:59:28', '0');
INSERT INTO `city_area` VALUES ('1350', '340104', '蜀山区', '303', '340100', '合肥市', '117.262072', '31.855868', '2019-11-24 12:59:28', '0');
INSERT INTO `city_area` VALUES ('1351', '340111', '包河区', '303', '340100', '合肥市', '117.285751', '31.82956', '2019-11-24 12:59:28', '0');
INSERT INTO `city_area` VALUES ('1352', '340121', '长丰县', '303', '340100', '合肥市', '117.164699', '32.478548', '2019-11-24 12:59:28', '0');
INSERT INTO `city_area` VALUES ('1353', '340122', '肥东县', '303', '340100', '合肥市', '117.463222', '31.883992', '2019-11-24 12:59:28', '0');
INSERT INTO `city_area` VALUES ('1354', '340123', '肥西县', '303', '340100', '合肥市', '117.166118', '31.719646', '2019-11-24 12:59:28', '0');
INSERT INTO `city_area` VALUES ('1355', '340124', '庐江县', '303', '340100', '合肥市', '117.289844', '31.251488', '2019-11-24 12:59:28', '0');
INSERT INTO `city_area` VALUES ('1356', '340171', '合肥高新技术产业开发区', '303', '340100', '合肥市', '', '', '2019-11-24 12:59:28', '0');
INSERT INTO `city_area` VALUES ('1357', '340172', '合肥经济技术开发区', '303', '340100', '合肥市', '', '', '2019-11-24 12:59:28', '0');
INSERT INTO `city_area` VALUES ('1358', '340173', '合肥新站高新技术产业开发区', '303', '340100', '合肥市', '', '', '2019-11-24 12:59:28', '0');
INSERT INTO `city_area` VALUES ('1359', '340181', '巢湖市', '303', '340100', '合肥市', '117.874155', '31.600518', '2019-11-24 12:59:28', '0');
INSERT INTO `city_area` VALUES ('130', '340200', '芜湖市', '202', '340000', '安徽省', '118.376451', '31.326319', '2019-11-24 12:59:28', '0');
INSERT INTO `city_area` VALUES ('1360', '340202', '镜湖区', '303', '340200', '芜湖市', '118.376343', '31.32559', '2019-11-24 12:59:28', '0');
INSERT INTO `city_area` VALUES ('1361', '340203', '弋江区', '303', '340200', '芜湖市', '118.377476', '31.313394', '2019-11-24 12:59:28', '0');
INSERT INTO `city_area` VALUES ('1362', '340207', '鸠江区', '303', '340200', '芜湖市', '118.400174', '31.362716', '2019-11-24 12:59:28', '0');
INSERT INTO `city_area` VALUES ('1363', '340208', '三山区', '303', '340200', '芜湖市', '118.233987', '31.225423', '2019-11-24 12:59:28', '0');
INSERT INTO `city_area` VALUES ('1364', '340221', '芜湖县', '303', '340200', '芜湖市', '118.572301', '31.145262', '2019-11-24 12:59:28', '0');
INSERT INTO `city_area` VALUES ('1365', '340222', '繁昌县', '303', '340200', '芜湖市', '118.201349', '31.080896', '2019-11-24 12:59:28', '0');
INSERT INTO `city_area` VALUES ('1366', '340223', '南陵县', '303', '340200', '芜湖市', '118.337104', '30.919638', '2019-11-24 12:59:28', '0');
INSERT INTO `city_area` VALUES ('1367', '340225', '无为县', '303', '340200', '芜湖市', '117.911432', '31.303075', '2019-11-24 12:59:28', '0');
INSERT INTO `city_area` VALUES ('1368', '340271', '芜湖经济技术开发区', '303', '340200', '芜湖市', '', '', '2019-11-24 12:59:28', '0');
INSERT INTO `city_area` VALUES ('1369', '340272', '安徽芜湖长江大桥经济开发区', '303', '340200', '芜湖市', '', '', '2019-11-24 12:59:28', '0');
INSERT INTO `city_area` VALUES ('131', '340300', '蚌埠市', '202', '340000', '安徽省', '117.363228', '32.939667', '2019-11-24 12:59:28', '0');
INSERT INTO `city_area` VALUES ('1370', '340302', '龙子湖区', '303', '340300', '蚌埠市', '117.382312', '32.950452', '2019-11-24 12:59:28', '0');
INSERT INTO `city_area` VALUES ('1371', '340303', '蚌山区', '303', '340300', '蚌埠市', '117.355789', '32.938066', '2019-11-24 12:59:28', '0');
INSERT INTO `city_area` VALUES ('1372', '340304', '禹会区', '303', '340300', '蚌埠市', '117.35259', '32.931933', '2019-11-24 12:59:28', '0');
INSERT INTO `city_area` VALUES ('1373', '340311', '淮上区', '303', '340300', '蚌埠市', '117.34709', '32.963147', '2019-11-24 12:59:28', '0');
INSERT INTO `city_area` VALUES ('1374', '340321', '怀远县', '303', '340300', '蚌埠市', '117.200171', '32.956934', '2019-11-24 12:59:28', '0');
INSERT INTO `city_area` VALUES ('1375', '340322', '五河县', '303', '340300', '蚌埠市', '117.888809', '33.146202', '2019-11-24 12:59:28', '0');
INSERT INTO `city_area` VALUES ('1376', '340323', '固镇县', '303', '340300', '蚌埠市', '117.315962', '33.318679', '2019-11-24 12:59:28', '0');
INSERT INTO `city_area` VALUES ('1377', '340371', '蚌埠市高新技术开发区', '303', '340300', '蚌埠市', '', '', '2019-11-24 12:59:28', '0');
INSERT INTO `city_area` VALUES ('1378', '340372', '蚌埠市经济开发区', '303', '340300', '蚌埠市', '', '', '2019-11-24 12:59:28', '0');
INSERT INTO `city_area` VALUES ('132', '340400', '淮南市', '202', '340000', '安徽省', '117.018329', '32.647574', '2019-11-24 12:59:28', '0');
INSERT INTO `city_area` VALUES ('1379', '340402', '大通区', '303', '340400', '淮南市', '117.052927', '32.632066', '2019-11-24 12:59:28', '0');
INSERT INTO `city_area` VALUES ('1380', '340403', '田家庵区', '303', '340400', '淮南市', '117.018318', '32.644342', '2019-11-24 12:59:28', '0');
INSERT INTO `city_area` VALUES ('1381', '340404', '谢家集区', '303', '340400', '淮南市', '116.865354', '32.598289', '2019-11-24 12:59:28', '0');
INSERT INTO `city_area` VALUES ('1382', '340405', '八公山区', '303', '340400', '淮南市', '116.841111', '32.628229', '2019-11-24 12:59:28', '0');
INSERT INTO `city_area` VALUES ('1383', '340406', '潘集区', '303', '340400', '淮南市', '116.816879', '32.782117', '2019-11-24 12:59:28', '0');
INSERT INTO `city_area` VALUES ('1384', '340421', '凤台县', '303', '340400', '淮南市', '116.722769', '32.705382', '2019-11-24 12:59:28', '0');
INSERT INTO `city_area` VALUES ('1385', '340422', '寿县', '303', '340400', '淮南市', '116.785349', '32.577304', '2019-11-24 12:59:28', '0');
INSERT INTO `city_area` VALUES ('133', '340500', '马鞍山市', '202', '340000', '安徽省', '118.507906', '31.689362', '2019-11-24 12:59:28', '0');
INSERT INTO `city_area` VALUES ('1386', '340503', '花山区', '303', '340500', '马鞍山市', '118.511308', '31.69902', '2019-11-24 12:59:28', '0');
INSERT INTO `city_area` VALUES ('1387', '340504', '雨山区', '303', '340500', '马鞍山市', '118.493104', '31.685912', '2019-11-24 12:59:28', '0');
INSERT INTO `city_area` VALUES ('1388', '340506', '博望区', '303', '340500', '马鞍山市', '118.843742', '31.562321', '2019-11-24 12:59:28', '0');
INSERT INTO `city_area` VALUES ('1389', '340521', '当涂县', '303', '340500', '马鞍山市', '118.489873', '31.556167', '2019-11-24 12:59:28', '0');
INSERT INTO `city_area` VALUES ('1390', '340522', '含山县', '303', '340500', '马鞍山市', '118.105545', '31.727758', '2019-11-24 12:59:28', '0');
INSERT INTO `city_area` VALUES ('1391', '340523', '和县', '303', '340500', '马鞍山市', '118.362998', '31.716634', '2019-11-24 12:59:28', '0');
INSERT INTO `city_area` VALUES ('134', '340600', '淮北市', '202', '340000', '安徽省', '116.794664', '33.971707', '2019-11-24 12:59:28', '0');
INSERT INTO `city_area` VALUES ('1392', '340602', '杜集区', '303', '340600', '淮北市', '116.833925', '33.991218', '2019-11-24 12:59:28', '0');
INSERT INTO `city_area` VALUES ('1393', '340603', '相山区', '303', '340600', '淮北市', '116.790775', '33.970916', '2019-11-24 12:59:28', '0');
INSERT INTO `city_area` VALUES ('1394', '340604', '烈山区', '303', '340600', '淮北市', '116.809465', '33.889529', '2019-11-24 12:59:28', '0');
INSERT INTO `city_area` VALUES ('1395', '340621', '濉溪县', '303', '340600', '淮北市', '116.767435', '33.916407', '2019-11-24 12:59:28', '0');
INSERT INTO `city_area` VALUES ('135', '340700', '铜陵市', '202', '340000', '安徽省', '117.816576', '30.929935', '2019-11-24 12:59:28', '0');
INSERT INTO `city_area` VALUES ('1396', '340705', '铜官区', '303', '340700', '铜陵市', '117.818427', '30.93182', '2019-11-24 12:59:28', '0');
INSERT INTO `city_area` VALUES ('1397', '340706', '义安区', '303', '340700', '铜陵市', '117.792288', '30.952338', '2019-11-24 12:59:28', '0');
INSERT INTO `city_area` VALUES ('1398', '340711', '郊区', '303', '340700', '铜陵市', '117.80707', '30.908927', '2019-11-24 12:59:28', '0');
INSERT INTO `city_area` VALUES ('1399', '340722', '枞阳县', '303', '340700', '铜陵市', '117.222027', '30.700615', '2019-11-24 12:59:28', '0');
INSERT INTO `city_area` VALUES ('136', '340800', '安庆市', '202', '340000', '安徽省', '117.043551', '30.50883', '2019-11-24 12:59:28', '0');
INSERT INTO `city_area` VALUES ('1400', '340802', '迎江区', '303', '340800', '安庆市', '117.044965', '30.506375', '2019-11-24 12:59:28', '0');
INSERT INTO `city_area` VALUES ('1401', '340803', '大观区', '303', '340800', '安庆市', '117.034512', '30.505632', '2019-11-24 12:59:28', '0');
INSERT INTO `city_area` VALUES ('1402', '340811', '宜秀区', '303', '340800', '安庆市', '117.070003', '30.541323', '2019-11-24 12:59:28', '0');
INSERT INTO `city_area` VALUES ('1403', '340822', '怀宁县', '303', '340800', '安庆市', '116.828664', '30.734994', '2019-11-24 12:59:28', '0');
INSERT INTO `city_area` VALUES ('1404', '340824', '潜山县', '303', '340800', '安庆市', '116.573666', '30.638222', '2019-11-24 12:59:28', '0');
INSERT INTO `city_area` VALUES ('1405', '340825', '太湖县', '303', '340800', '安庆市', '116.305225', '30.451869', '2019-11-24 12:59:28', '0');
INSERT INTO `city_area` VALUES ('1406', '340826', '宿松县', '303', '340800', '安庆市', '116.120204', '30.158327', '2019-11-24 12:59:28', '0');
INSERT INTO `city_area` VALUES ('1407', '340827', '望江县', '303', '340800', '安庆市', '116.690927', '30.12491', '2019-11-24 12:59:28', '0');
INSERT INTO `city_area` VALUES ('1408', '340828', '岳西县', '303', '340800', '安庆市', '116.360482', '30.848502', '2019-11-24 12:59:28', '0');
INSERT INTO `city_area` VALUES ('1409', '340871', '安徽安庆经济开发区', '303', '340800', '安庆市', '', '', '2019-11-24 12:59:28', '0');
INSERT INTO `city_area` VALUES ('1410', '340881', '桐城市', '303', '340800', '安庆市', '116.959656', '31.050576', '2019-11-24 12:59:28', '0');
INSERT INTO `city_area` VALUES ('137', '341000', '黄山市', '202', '340000', '安徽省', '118.317325', '29.709239', '2019-11-24 12:59:28', '0');
INSERT INTO `city_area` VALUES ('1411', '341002', '屯溪区', '303', '341000', '黄山市', '118.317354', '29.709186', '2019-11-24 12:59:28', '0');
INSERT INTO `city_area` VALUES ('1412', '341003', '黄山区', '303', '341000', '黄山市', '118.136639', '30.294517', '2019-11-24 12:59:28', '0');
INSERT INTO `city_area` VALUES ('1413', '341004', '徽州区', '303', '341000', '黄山市', '118.339743', '29.825201', '2019-11-24 12:59:28', '0');
INSERT INTO `city_area` VALUES ('1414', '341021', '歙县', '303', '341000', '黄山市', '118.428025', '29.867748', '2019-11-24 12:59:28', '0');
INSERT INTO `city_area` VALUES ('1415', '341022', '休宁县', '303', '341000', '黄山市', '118.188531', '29.788878', '2019-11-24 12:59:28', '0');
INSERT INTO `city_area` VALUES ('1416', '341023', '黟县', '303', '341000', '黄山市', '117.942911', '29.923812', '2019-11-24 12:59:28', '0');
INSERT INTO `city_area` VALUES ('1417', '341024', '祁门县', '303', '341000', '黄山市', '117.717237', '29.853472', '2019-11-24 12:59:28', '0');
INSERT INTO `city_area` VALUES ('138', '341100', '滁州市', '202', '340000', '安徽省', '118.316264', '32.303627', '2019-11-24 12:59:28', '0');
INSERT INTO `city_area` VALUES ('1418', '341102', '琅琊区', '303', '341100', '滁州市', '118.316475', '32.303797', '2019-11-24 12:59:28', '0');
INSERT INTO `city_area` VALUES ('1419', '341103', '南谯区', '303', '341100', '滁州市', '118.296955', '32.329841', '2019-11-24 12:59:28', '0');
INSERT INTO `city_area` VALUES ('1420', '341122', '来安县', '303', '341100', '滁州市', '118.433293', '32.450231', '2019-11-24 12:59:28', '0');
INSERT INTO `city_area` VALUES ('1421', '341124', '全椒县', '303', '341100', '滁州市', '118.268576', '32.09385', '2019-11-24 12:59:28', '0');
INSERT INTO `city_area` VALUES ('1422', '341125', '定远县', '303', '341100', '滁州市', '117.683713', '32.527105', '2019-11-24 12:59:28', '0');
INSERT INTO `city_area` VALUES ('1423', '341126', '凤阳县', '303', '341100', '滁州市', '117.562461', '32.867146', '2019-11-24 12:59:28', '0');
INSERT INTO `city_area` VALUES ('1424', '341171', '苏滁现代产业园', '303', '341100', '滁州市', '', '', '2019-11-24 12:59:28', '0');
INSERT INTO `city_area` VALUES ('1425', '341172', '滁州经济技术开发区', '303', '341100', '滁州市', '', '', '2019-11-24 12:59:28', '0');
INSERT INTO `city_area` VALUES ('1426', '341181', '天长市', '303', '341100', '滁州市', '119.011212', '32.6815', '2019-11-24 12:59:28', '0');
INSERT INTO `city_area` VALUES ('1427', '341182', '明光市', '303', '341100', '滁州市', '117.998048', '32.781206', '2019-11-24 12:59:28', '0');
INSERT INTO `city_area` VALUES ('139', '341200', '阜阳市', '202', '340000', '安徽省', '115.819729', '32.896969', '2019-11-24 12:59:28', '0');
INSERT INTO `city_area` VALUES ('1428', '341202', '颍州区', '303', '341200', '阜阳市', '115.813914', '32.891238', '2019-11-24 12:59:28', '0');
INSERT INTO `city_area` VALUES ('1429', '341203', '颍东区', '303', '341200', '阜阳市', '115.858747', '32.908861', '2019-11-24 12:59:28', '0');
INSERT INTO `city_area` VALUES ('1430', '341204', '颍泉区', '303', '341200', '阜阳市', '115.804525', '32.924797', '2019-11-24 12:59:28', '0');
INSERT INTO `city_area` VALUES ('1431', '341221', '临泉县', '303', '341200', '阜阳市', '115.261688', '33.062698', '2019-11-24 12:59:28', '0');
INSERT INTO `city_area` VALUES ('1432', '341222', '太和县', '303', '341200', '阜阳市', '115.627243', '33.16229', '2019-11-24 12:59:28', '0');
INSERT INTO `city_area` VALUES ('1433', '341225', '阜南县', '303', '341200', '阜阳市', '115.590534', '32.638102', '2019-11-24 12:59:28', '0');
INSERT INTO `city_area` VALUES ('1434', '341226', '颍上县', '303', '341200', '阜阳市', '116.259122', '32.637065', '2019-11-24 12:59:28', '0');
INSERT INTO `city_area` VALUES ('1435', '341271', '阜阳合肥现代产业园区', '303', '341200', '阜阳市', '', '', '2019-11-24 12:59:28', '0');
INSERT INTO `city_area` VALUES ('1436', '341272', '阜阳经济技术开发区', '303', '341200', '阜阳市', '', '', '2019-11-24 12:59:28', '0');
INSERT INTO `city_area` VALUES ('1437', '341282', '界首市', '303', '341200', '阜阳市', '115.362117', '33.26153', '2019-11-24 12:59:28', '0');
INSERT INTO `city_area` VALUES ('140', '341300', '宿州市', '202', '340000', '安徽省', '116.984084', '33.633891', '2019-11-24 12:59:28', '0');
INSERT INTO `city_area` VALUES ('1438', '341302', '埇桥区', '303', '341300', '宿州市', '116.983309', '33.633853', '2019-11-24 12:59:28', '0');
INSERT INTO `city_area` VALUES ('1439', '341321', '砀山县', '303', '341300', '宿州市', '116.351113', '34.426247', '2019-11-24 12:59:28', '0');
INSERT INTO `city_area` VALUES ('1440', '341322', '萧县', '303', '341300', '宿州市', '116.945399', '34.183266', '2019-11-24 12:59:28', '0');
INSERT INTO `city_area` VALUES ('1441', '341323', '灵璧县', '303', '341300', '宿州市', '117.551493', '33.540629', '2019-11-24 12:59:28', '0');
INSERT INTO `city_area` VALUES ('1442', '341324', '泗县', '303', '341300', '宿州市', '117.885443', '33.47758', '2019-11-24 12:59:28', '0');
INSERT INTO `city_area` VALUES ('1443', '341371', '宿州马鞍山现代产业园区', '303', '341300', '宿州市', '', '', '2019-11-24 12:59:28', '0');
INSERT INTO `city_area` VALUES ('1444', '341372', '宿州经济技术开发区', '303', '341300', '宿州市', '', '', '2019-11-24 12:59:28', '0');
INSERT INTO `city_area` VALUES ('141', '341500', '六安市', '202', '340000', '安徽省', '116.507676', '31.752889', '2019-11-24 12:59:28', '0');
INSERT INTO `city_area` VALUES ('1445', '341502', '金安区', '303', '341500', '六安市', '116.503288', '31.754491', '2019-11-24 12:59:28', '0');
INSERT INTO `city_area` VALUES ('1446', '341503', '裕安区', '303', '341500', '六安市', '116.494543', '31.750692', '2019-11-24 12:59:28', '0');
INSERT INTO `city_area` VALUES ('1447', '341504', '叶集区', '303', '341500', '六安市', '115.913594', '31.84768', '2019-11-24 12:59:28', '0');
INSERT INTO `city_area` VALUES ('1448', '341522', '霍邱县', '303', '341500', '六安市', '116.278875', '32.341305', '2019-11-24 12:59:28', '0');
INSERT INTO `city_area` VALUES ('1449', '341523', '舒城县', '303', '341500', '六安市', '116.944088', '31.462848', '2019-11-24 12:59:28', '0');
INSERT INTO `city_area` VALUES ('1450', '341524', '金寨县', '303', '341500', '六安市', '115.878514', '31.681624', '2019-11-24 12:59:28', '0');
INSERT INTO `city_area` VALUES ('1451', '341525', '霍山县', '303', '341500', '六安市', '116.333078', '31.402456', '2019-11-24 12:59:28', '0');
INSERT INTO `city_area` VALUES ('142', '341600', '亳州市', '202', '340000', '安徽省', '115.782939', '33.869338', '2019-11-24 12:59:28', '0');
INSERT INTO `city_area` VALUES ('1452', '341602', '谯城区', '303', '341600', '亳州市', '115.781214', '33.869284', '2019-11-24 12:59:28', '0');
INSERT INTO `city_area` VALUES ('1453', '341621', '涡阳县', '303', '341600', '亳州市', '116.211551', '33.502831', '2019-11-24 12:59:28', '0');
INSERT INTO `city_area` VALUES ('1454', '341622', '蒙城县', '303', '341600', '亳州市', '116.560337', '33.260814', '2019-11-24 12:59:28', '0');
INSERT INTO `city_area` VALUES ('1455', '341623', '利辛县', '303', '341600', '亳州市', '116.207782', '33.143503', '2019-11-24 12:59:28', '0');
INSERT INTO `city_area` VALUES ('143', '341700', '池州市', '202', '340000', '安徽省', '117.489157', '30.656037', '2019-11-24 12:59:28', '0');
INSERT INTO `city_area` VALUES ('1456', '341702', '贵池区', '303', '341700', '池州市', '117.488342', '30.657378', '2019-11-24 12:59:28', '0');
INSERT INTO `city_area` VALUES ('1457', '341721', '东至县', '303', '341700', '池州市', '117.021476', '30.096568', '2019-11-24 12:59:28', '0');
INSERT INTO `city_area` VALUES ('1458', '341722', '石台县', '303', '341700', '池州市', '117.482907', '30.210324', '2019-11-24 12:59:28', '0');
INSERT INTO `city_area` VALUES ('1459', '341723', '青阳县', '303', '341700', '池州市', '117.857395', '30.63818', '2019-11-24 12:59:28', '0');
INSERT INTO `city_area` VALUES ('144', '341800', '宣城市', '202', '340000', '安徽省', '118.757995', '30.945667', '2019-11-24 12:59:28', '0');
INSERT INTO `city_area` VALUES ('1460', '341802', '宣州区', '303', '341800', '宣城市', '118.758412', '30.946003', '2019-11-24 12:59:28', '0');
INSERT INTO `city_area` VALUES ('1461', '341821', '郎溪县', '303', '341800', '宣城市', '119.185024', '31.127834', '2019-11-24 12:59:28', '0');
INSERT INTO `city_area` VALUES ('1462', '341822', '广德县', '303', '341800', '宣城市', '119.417521', '30.893116', '2019-11-24 12:59:28', '0');
INSERT INTO `city_area` VALUES ('1463', '341823', '泾县', '303', '341800', '宣城市', '118.412397', '30.685975', '2019-11-24 12:59:28', '0');
INSERT INTO `city_area` VALUES ('1464', '341824', '绩溪县', '303', '341800', '宣城市', '118.594705', '30.065267', '2019-11-24 12:59:28', '0');
INSERT INTO `city_area` VALUES ('1465', '341825', '旌德县', '303', '341800', '宣城市', '118.543081', '30.288057', '2019-11-24 12:59:28', '0');
INSERT INTO `city_area` VALUES ('1466', '341871', '宣城市经济开发区', '303', '341800', '宣城市', '', '', '2019-11-24 12:59:28', '0');
INSERT INTO `city_area` VALUES ('1467', '341881', '宁国市', '303', '341800', '宣城市', '118.983407', '30.626529', '2019-11-24 12:59:28', '0');
INSERT INTO `city_area` VALUES ('13', '350000', '福建省', '101', '0', '中国', '119.306239', '26.075302', '2019-11-24 12:59:28', '0');
INSERT INTO `city_area` VALUES ('145', '350100', '福州市', '202', '350000', '福建省', '119.306239', '26.075302', '2019-11-24 12:59:28', '0');
INSERT INTO `city_area` VALUES ('1468', '350102', '鼓楼区', '303', '350100', '福州市', '119.29929', '26.082284', '2019-11-24 12:59:28', '0');
INSERT INTO `city_area` VALUES ('1469', '350103', '台江区', '303', '350100', '福州市', '119.310156', '26.058616', '2019-11-24 12:59:28', '0');
INSERT INTO `city_area` VALUES ('1470', '350104', '仓山区', '303', '350100', '福州市', '119.320988', '26.038912', '2019-11-24 12:59:28', '0');
INSERT INTO `city_area` VALUES ('1471', '350105', '马尾区', '303', '350100', '福州市', '119.458725', '25.991975', '2019-11-24 12:59:28', '0');
INSERT INTO `city_area` VALUES ('1472', '350111', '晋安区', '303', '350100', '福州市', '119.328597', '26.078837', '2019-11-24 12:59:28', '0');
INSERT INTO `city_area` VALUES ('1473', '350121', '闽侯县', '303', '350100', '福州市', '119.145117', '26.148567', '2019-11-24 12:59:28', '0');
INSERT INTO `city_area` VALUES ('1474', '350122', '连江县', '303', '350100', '福州市', '119.538365', '26.202109', '2019-11-24 12:59:28', '0');
INSERT INTO `city_area` VALUES ('1475', '350123', '罗源县', '303', '350100', '福州市', '119.552645', '26.487234', '2019-11-24 12:59:28', '0');
INSERT INTO `city_area` VALUES ('1476', '350124', '闽清县', '303', '350100', '福州市', '118.868416', '26.223793', '2019-11-24 12:59:28', '0');
INSERT INTO `city_area` VALUES ('1477', '350125', '永泰县', '303', '350100', '福州市', '118.939089', '25.864825', '2019-11-24 12:59:28', '0');
INSERT INTO `city_area` VALUES ('1478', '350128', '平潭县', '303', '350100', '福州市', '119.791197', '25.503672', '2019-11-24 12:59:28', '0');
INSERT INTO `city_area` VALUES ('1479', '350181', '福清市', '303', '350100', '福州市', '119.376992', '25.720402', '2019-11-24 12:59:28', '0');
INSERT INTO `city_area` VALUES ('1480', '350182', '长乐市', '303', '350100', '福州市', '', '', '2019-11-24 12:59:28', '0');
INSERT INTO `city_area` VALUES ('146', '350200', '厦门市', '202', '350000', '福建省', '118.11022', '24.490474', '2019-11-24 12:59:28', '0');
INSERT INTO `city_area` VALUES ('1481', '350203', '思明区', '303', '350200', '厦门市', '118.087828', '24.462059', '2019-11-24 12:59:28', '0');
INSERT INTO `city_area` VALUES ('1482', '350205', '海沧区', '303', '350200', '厦门市', '118.036364', '24.492512', '2019-11-24 12:59:28', '0');
INSERT INTO `city_area` VALUES ('1483', '350206', '湖里区', '303', '350200', '厦门市', '118.10943', '24.512764', '2019-11-24 12:59:28', '0');
INSERT INTO `city_area` VALUES ('1484', '350211', '集美区', '303', '350200', '厦门市', '118.100869', '24.572874', '2019-11-24 12:59:28', '0');
INSERT INTO `city_area` VALUES ('1485', '350212', '同安区', '303', '350200', '厦门市', '118.150455', '24.729333', '2019-11-24 12:59:28', '0');
INSERT INTO `city_area` VALUES ('1486', '350213', '翔安区', '303', '350200', '厦门市', '118.242811', '24.637479', '2019-11-24 12:59:28', '0');
INSERT INTO `city_area` VALUES ('147', '350300', '莆田市', '202', '350000', '福建省', '119.007558', '25.431011', '2019-11-24 12:59:28', '0');
INSERT INTO `city_area` VALUES ('1487', '350302', '城厢区', '303', '350300', '莆田市', '119.001028', '25.433737', '2019-11-24 12:59:28', '0');
INSERT INTO `city_area` VALUES ('1488', '350303', '涵江区', '303', '350300', '莆田市', '119.119102', '25.459273', '2019-11-24 12:59:28', '0');
INSERT INTO `city_area` VALUES ('1489', '350304', '荔城区', '303', '350300', '莆田市', '119.020047', '25.430047', '2019-11-24 12:59:28', '0');
INSERT INTO `city_area` VALUES ('1490', '350305', '秀屿区', '303', '350300', '莆田市', '119.092607', '25.316141', '2019-11-24 12:59:28', '0');
INSERT INTO `city_area` VALUES ('1491', '350322', '仙游县', '303', '350300', '莆田市', '118.694331', '25.356529', '2019-11-24 12:59:28', '0');
INSERT INTO `city_area` VALUES ('148', '350400', '三明市', '202', '350000', '福建省', '117.635001', '26.265444', '2019-11-24 12:59:28', '0');
INSERT INTO `city_area` VALUES ('1492', '350402', '梅列区', '303', '350400', '三明市', '117.63687', '26.269208', '2019-11-24 12:59:28', '0');
INSERT INTO `city_area` VALUES ('1493', '350403', '三元区', '303', '350400', '三明市', '117.607418', '26.234191', '2019-11-24 12:59:28', '0');
INSERT INTO `city_area` VALUES ('1494', '350421', '明溪县', '303', '350400', '三明市', '117.201845', '26.357375', '2019-11-24 12:59:28', '0');
INSERT INTO `city_area` VALUES ('1495', '350423', '清流县', '303', '350400', '三明市', '116.815821', '26.17761', '2019-11-24 12:59:28', '0');
INSERT INTO `city_area` VALUES ('1496', '350424', '宁化县', '303', '350400', '三明市', '116.659725', '26.259932', '2019-11-24 12:59:28', '0');
INSERT INTO `city_area` VALUES ('1497', '350425', '大田县', '303', '350400', '三明市', '117.849355', '25.690803', '2019-11-24 12:59:28', '0');
INSERT INTO `city_area` VALUES ('1498', '350426', '尤溪县', '303', '350400', '三明市', '118.188577', '26.169261', '2019-11-24 12:59:28', '0');
INSERT INTO `city_area` VALUES ('1499', '350427', '沙县', '303', '350400', '三明市', '117.789095', '26.397361', '2019-11-24 12:59:28', '0');
INSERT INTO `city_area` VALUES ('1500', '350428', '将乐县', '303', '350400', '三明市', '117.473558', '26.728667', '2019-11-24 12:59:28', '0');
INSERT INTO `city_area` VALUES ('1501', '350429', '泰宁县', '303', '350400', '三明市', '117.177522', '26.897995', '2019-11-24 12:59:28', '0');
INSERT INTO `city_area` VALUES ('1502', '350430', '建宁县', '303', '350400', '三明市', '116.845832', '26.831398', '2019-11-24 12:59:28', '0');
INSERT INTO `city_area` VALUES ('1503', '350481', '永安市', '303', '350400', '三明市', '117.364447', '25.974075', '2019-11-24 12:59:28', '0');
INSERT INTO `city_area` VALUES ('149', '350500', '泉州市', '202', '350000', '福建省', '118.589421', '24.908853', '2019-11-24 12:59:28', '0');
INSERT INTO `city_area` VALUES ('1504', '350502', '鲤城区', '303', '350500', '泉州市', '118.588929', '24.907645', '2019-11-24 12:59:28', '0');
INSERT INTO `city_area` VALUES ('1505', '350503', '丰泽区', '303', '350500', '泉州市', '118.605147', '24.896041', '2019-11-24 12:59:28', '0');
INSERT INTO `city_area` VALUES ('1506', '350504', '洛江区', '303', '350500', '泉州市', '118.670312', '24.941153', '2019-11-24 12:59:28', '0');
INSERT INTO `city_area` VALUES ('1507', '350505', '泉港区', '303', '350500', '泉州市', '118.912285', '25.126859', '2019-11-24 12:59:28', '0');
INSERT INTO `city_area` VALUES ('1508', '350521', '惠安县', '303', '350500', '泉州市', '118.798954', '25.028718', '2019-11-24 12:59:28', '0');
INSERT INTO `city_area` VALUES ('1509', '350524', '安溪县', '303', '350500', '泉州市', '118.186014', '25.056824', '2019-11-24 12:59:28', '0');
INSERT INTO `city_area` VALUES ('1510', '350525', '永春县', '303', '350500', '泉州市', '118.29503', '25.320721', '2019-11-24 12:59:28', '0');
INSERT INTO `city_area` VALUES ('1511', '350526', '德化县', '303', '350500', '泉州市', '118.242986', '25.489004', '2019-11-24 12:59:28', '0');
INSERT INTO `city_area` VALUES ('1512', '350527', '金门县', '303', '350500', '泉州市', '118.323221', '24.436417', '2019-11-24 12:59:28', '0');
INSERT INTO `city_area` VALUES ('1513', '350581', '石狮市', '303', '350500', '泉州市', '118.628402', '24.731978', '2019-11-24 12:59:28', '0');
INSERT INTO `city_area` VALUES ('1514', '350582', '晋江市', '303', '350500', '泉州市', '118.577338', '24.807322', '2019-11-24 12:59:28', '0');
INSERT INTO `city_area` VALUES ('1515', '350583', '南安市', '303', '350500', '泉州市', '118.387031', '24.959494', '2019-11-24 12:59:28', '0');
INSERT INTO `city_area` VALUES ('150', '350600', '漳州市', '202', '350000', '福建省', '117.661801', '24.510897', '2019-11-24 12:59:28', '0');
INSERT INTO `city_area` VALUES ('1516', '350602', '芗城区', '303', '350600', '漳州市', '117.656461', '24.509955', '2019-11-24 12:59:28', '0');
INSERT INTO `city_area` VALUES ('1517', '350603', '龙文区', '303', '350600', '漳州市', '117.671387', '24.515656', '2019-11-24 12:59:28', '0');
INSERT INTO `city_area` VALUES ('1518', '350622', '云霄县', '303', '350600', '漳州市', '117.340946', '23.950486', '2019-11-24 12:59:28', '0');
INSERT INTO `city_area` VALUES ('1519', '350623', '漳浦县', '303', '350600', '漳州市', '117.614023', '24.117907', '2019-11-24 12:59:28', '0');
INSERT INTO `city_area` VALUES ('1520', '350624', '诏安县', '303', '350600', '漳州市', '117.176083', '23.710834', '2019-11-24 12:59:28', '0');
INSERT INTO `city_area` VALUES ('1521', '350625', '长泰县', '303', '350600', '漳州市', '117.755913', '24.621475', '2019-11-24 12:59:28', '0');
INSERT INTO `city_area` VALUES ('1522', '350626', '东山县', '303', '350600', '漳州市', '117.427679', '23.702845', '2019-11-24 12:59:28', '0');
INSERT INTO `city_area` VALUES ('1523', '350627', '南靖县', '303', '350600', '漳州市', '117.365462', '24.516425', '2019-11-24 12:59:28', '0');
INSERT INTO `city_area` VALUES ('1524', '350628', '平和县', '303', '350600', '漳州市', '117.313549', '24.366158', '2019-11-24 12:59:28', '0');
INSERT INTO `city_area` VALUES ('1525', '350629', '华安县', '303', '350600', '漳州市', '117.53631', '25.001416', '2019-11-24 12:59:28', '0');
INSERT INTO `city_area` VALUES ('1526', '350681', '龙海市', '303', '350600', '漳州市', '117.817292', '24.445341', '2019-11-24 12:59:28', '0');
INSERT INTO `city_area` VALUES ('151', '350700', '南平市', '202', '350000', '福建省', '118.178459', '26.635627', '2019-11-24 12:59:28', '0');
INSERT INTO `city_area` VALUES ('1527', '350702', '延平区', '303', '350700', '南平市', '118.178918', '26.636079', '2019-11-24 12:59:28', '0');
INSERT INTO `city_area` VALUES ('1528', '350703', '建阳区', '303', '350700', '南平市', '118.12267', '27.332067', '2019-11-24 12:59:28', '0');
INSERT INTO `city_area` VALUES ('1529', '350721', '顺昌县', '303', '350700', '南平市', '117.80771', '26.792851', '2019-11-24 12:59:28', '0');
INSERT INTO `city_area` VALUES ('1530', '350722', '浦城县', '303', '350700', '南平市', '118.536822', '27.920412', '2019-11-24 12:59:28', '0');
INSERT INTO `city_area` VALUES ('1531', '350723', '光泽县', '303', '350700', '南平市', '117.337897', '27.542803', '2019-11-24 12:59:28', '0');
INSERT INTO `city_area` VALUES ('1532', '350724', '松溪县', '303', '350700', '南平市', '118.783491', '27.525785', '2019-11-24 12:59:28', '0');
INSERT INTO `city_area` VALUES ('1533', '350725', '政和县', '303', '350700', '南平市', '118.858661', '27.365398', '2019-11-24 12:59:28', '0');
INSERT INTO `city_area` VALUES ('1534', '350781', '邵武市', '303', '350700', '南平市', '117.491544', '27.337952', '2019-11-24 12:59:28', '0');
INSERT INTO `city_area` VALUES ('1535', '350782', '武夷山市', '303', '350700', '南平市', '118.032796', '27.751733', '2019-11-24 12:59:28', '0');
INSERT INTO `city_area` VALUES ('1536', '350783', '建瓯市', '303', '350700', '南平市', '118.321765', '27.03502', '2019-11-24 12:59:28', '0');
INSERT INTO `city_area` VALUES ('152', '350800', '龙岩市', '202', '350000', '福建省', '117.02978', '25.091603', '2019-11-24 12:59:28', '0');
INSERT INTO `city_area` VALUES ('1537', '350802', '新罗区', '303', '350800', '龙岩市', '117.030721', '25.0918', '2019-11-24 12:59:28', '0');
INSERT INTO `city_area` VALUES ('1538', '350803', '永定区', '303', '350800', '龙岩市', '116.732691', '24.720442', '2019-11-24 12:59:28', '0');
INSERT INTO `city_area` VALUES ('1539', '350821', '长汀县', '303', '350800', '龙岩市', '116.361007', '25.842278', '2019-11-24 12:59:28', '0');
INSERT INTO `city_area` VALUES ('1540', '350823', '上杭县', '303', '350800', '龙岩市', '116.424774', '25.050019', '2019-11-24 12:59:28', '0');
INSERT INTO `city_area` VALUES ('1541', '350824', '武平县', '303', '350800', '龙岩市', '116.100928', '25.08865', '2019-11-24 12:59:28', '0');
INSERT INTO `city_area` VALUES ('1542', '350825', '连城县', '303', '350800', '龙岩市', '116.756687', '25.708506', '2019-11-24 12:59:28', '0');
INSERT INTO `city_area` VALUES ('1543', '350881', '漳平市', '303', '350800', '龙岩市', '117.42073', '25.291597', '2019-11-24 12:59:28', '0');
INSERT INTO `city_area` VALUES ('153', '350900', '宁德市', '202', '350000', '福建省', '119.527082', '26.65924', '2019-11-24 12:59:28', '0');
INSERT INTO `city_area` VALUES ('1544', '350902', '蕉城区', '303', '350900', '宁德市', '119.527225', '26.659253', '2019-11-24 12:59:28', '0');
INSERT INTO `city_area` VALUES ('1545', '350921', '霞浦县', '303', '350900', '宁德市', '120.005214', '26.882068', '2019-11-24 12:59:28', '0');
INSERT INTO `city_area` VALUES ('1546', '350922', '古田县', '303', '350900', '宁德市', '118.743156', '26.577491', '2019-11-24 12:59:28', '0');
INSERT INTO `city_area` VALUES ('1547', '350923', '屏南县', '303', '350900', '宁德市', '118.987544', '26.910826', '2019-11-24 12:59:28', '0');
INSERT INTO `city_area` VALUES ('1548', '350924', '寿宁县', '303', '350900', '宁德市', '119.506733', '27.457798', '2019-11-24 12:59:28', '0');
INSERT INTO `city_area` VALUES ('1549', '350925', '周宁县', '303', '350900', '宁德市', '119.338239', '27.103106', '2019-11-24 12:59:28', '0');
INSERT INTO `city_area` VALUES ('1550', '350926', '柘荣县', '303', '350900', '宁德市', '119.898226', '27.236163', '2019-11-24 12:59:28', '0');
INSERT INTO `city_area` VALUES ('1551', '350981', '福安市', '303', '350900', '宁德市', '119.650798', '27.084246', '2019-11-24 12:59:28', '0');
INSERT INTO `city_area` VALUES ('1552', '350982', '福鼎市', '303', '350900', '宁德市', '120.219761', '27.318884', '2019-11-24 12:59:28', '0');
INSERT INTO `city_area` VALUES ('14', '360000', '江西省', '101', '0', '中国', '115.892151', '28.676493', '2019-11-24 12:59:28', '0');
INSERT INTO `city_area` VALUES ('154', '360100', '南昌市', '202', '360000', '江西省', '115.892151', '28.676493', '2019-11-24 12:59:28', '0');
INSERT INTO `city_area` VALUES ('1553', '360102', '东湖区', '303', '360100', '南昌市', '115.889675', '28.682988', '2019-11-24 12:59:28', '0');
INSERT INTO `city_area` VALUES ('1554', '360103', '西湖区', '303', '360100', '南昌市', '115.91065', '28.662901', '2019-11-24 12:59:28', '0');
INSERT INTO `city_area` VALUES ('1555', '360104', '青云谱区', '303', '360100', '南昌市', '115.907292', '28.635724', '2019-11-24 12:59:28', '0');
INSERT INTO `city_area` VALUES ('1556', '360105', '湾里区', '303', '360100', '南昌市', '115.731324', '28.714803', '2019-11-24 12:59:28', '0');
INSERT INTO `city_area` VALUES ('1557', '360111', '青山湖区', '303', '360100', '南昌市', '115.949044', '28.689292', '2019-11-24 12:59:28', '0');
INSERT INTO `city_area` VALUES ('1559', '360121', '南昌县', '303', '360100', '南昌市', '115.942465', '28.543781', '2019-11-24 12:59:28', '0');
INSERT INTO `city_area` VALUES ('1558', '360122', '新建区', '303', '360100', '南昌市', '115.820806', '28.690788', '2019-11-24 12:59:28', '0');
INSERT INTO `city_area` VALUES ('1560', '360123', '安义县', '303', '360100', '南昌市', '115.553109', '28.841334', '2019-11-24 12:59:28', '0');
INSERT INTO `city_area` VALUES ('1561', '360124', '进贤县', '303', '360100', '南昌市', '116.267671', '28.365681', '2019-11-24 12:59:28', '0');
INSERT INTO `city_area` VALUES ('155', '360200', '景德镇市', '202', '360000', '江西省', '117.214664', '29.29256', '2019-11-24 12:59:28', '0');
INSERT INTO `city_area` VALUES ('1562', '360202', '昌江区', '303', '360200', '景德镇市', '117.195023', '29.288465', '2019-11-24 12:59:28', '0');
INSERT INTO `city_area` VALUES ('1563', '360203', '珠山区', '303', '360200', '景德镇市', '117.214814', '29.292812', '2019-11-24 12:59:28', '0');
INSERT INTO `city_area` VALUES ('1564', '360222', '浮梁县', '303', '360200', '景德镇市', '117.217611', '29.352251', '2019-11-24 12:59:28', '0');
INSERT INTO `city_area` VALUES ('1565', '360281', '乐平市', '303', '360200', '景德镇市', '117.129376', '28.967361', '2019-11-24 12:59:28', '0');
INSERT INTO `city_area` VALUES ('156', '360300', '萍乡市', '202', '360000', '江西省', '113.852186', '27.622946', '2019-11-24 12:59:28', '0');
INSERT INTO `city_area` VALUES ('1566', '360302', '安源区', '303', '360300', '萍乡市', '113.855044', '27.625826', '2019-11-24 12:59:28', '0');
INSERT INTO `city_area` VALUES ('1567', '360313', '湘东区', '303', '360300', '萍乡市', '113.7456', '27.639319', '2019-11-24 12:59:28', '0');
INSERT INTO `city_area` VALUES ('1568', '360321', '莲花县', '303', '360300', '萍乡市', '113.955582', '27.127807', '2019-11-24 12:59:28', '0');
INSERT INTO `city_area` VALUES ('1569', '360322', '上栗县', '303', '360300', '萍乡市', '113.800525', '27.877041', '2019-11-24 12:59:28', '0');
INSERT INTO `city_area` VALUES ('1570', '360323', '芦溪县', '303', '360300', '萍乡市', '114.041206', '27.633633', '2019-11-24 12:59:28', '0');
INSERT INTO `city_area` VALUES ('157', '360400', '九江市', '202', '360000', '江西省', '115.992811', '29.712034', '2019-11-24 12:59:28', '0');
INSERT INTO `city_area` VALUES ('1571', '360402', '濂溪区', '303', '360400', '九江市', '115.99012', '29.676175', '2019-11-24 12:59:28', '0');
INSERT INTO `city_area` VALUES ('1572', '360403', '浔阳区', '303', '360400', '九江市', '115.995947', '29.72465', '2019-11-24 12:59:28', '0');
INSERT INTO `city_area` VALUES ('1573', '360404', '柴桑区', '303', '360400', '九江市', '115.892977', '29.610264', '2019-11-24 12:59:28', '0');
INSERT INTO `city_area` VALUES ('1574', '360423', '武宁县', '303', '360400', '九江市', '115.105646', '29.260182', '2019-11-24 12:59:28', '0');
INSERT INTO `city_area` VALUES ('1575', '360424', '修水县', '303', '360400', '九江市', '114.573428', '29.032729', '2019-11-24 12:59:28', '0');
INSERT INTO `city_area` VALUES ('1576', '360425', '永修县', '303', '360400', '九江市', '115.809055', '29.018212', '2019-11-24 12:59:28', '0');
INSERT INTO `city_area` VALUES ('1577', '360426', '德安县', '303', '360400', '九江市', '115.762611', '29.327474', '2019-11-24 12:59:28', '0');
INSERT INTO `city_area` VALUES ('1578', '360428', '都昌县', '303', '360400', '九江市', '116.205114', '29.275105', '2019-11-24 12:59:28', '0');
INSERT INTO `city_area` VALUES ('1579', '360429', '湖口县', '303', '360400', '九江市', '116.244313', '29.7263', '2019-11-24 12:59:28', '0');
INSERT INTO `city_area` VALUES ('1580', '360430', '彭泽县', '303', '360400', '九江市', '116.55584', '29.898865', '2019-11-24 12:59:28', '0');
INSERT INTO `city_area` VALUES ('1581', '360481', '瑞昌市', '303', '360400', '九江市', '115.669081', '29.676599', '2019-11-24 12:59:28', '0');
INSERT INTO `city_area` VALUES ('1582', '360482', '共青城市', '303', '360400', '九江市', '115.805712', '29.247884', '2019-11-24 12:59:28', '0');
INSERT INTO `city_area` VALUES ('1583', '360483', '庐山市', '303', '360400', '九江市', '116.043743', '29.456169', '2019-11-24 12:59:28', '0');
INSERT INTO `city_area` VALUES ('158', '360500', '新余市', '202', '360000', '江西省', '114.930835', '27.810834', '2019-11-24 12:59:28', '0');
INSERT INTO `city_area` VALUES ('1584', '360502', '渝水区', '303', '360500', '新余市', '114.923923', '27.819171', '2019-11-24 12:59:28', '0');
INSERT INTO `city_area` VALUES ('1585', '360521', '分宜县', '303', '360500', '新余市', '114.675262', '27.811301', '2019-11-24 12:59:28', '0');
INSERT INTO `city_area` VALUES ('159', '360600', '鹰潭市', '202', '360000', '江西省', '117.033838', '28.238638', '2019-11-24 12:59:28', '0');
INSERT INTO `city_area` VALUES ('1586', '360602', '月湖区', '303', '360600', '鹰潭市', '117.034112', '28.239076', '2019-11-24 12:59:28', '0');
INSERT INTO `city_area` VALUES ('1587', '360622', '余江县', '303', '360600', '鹰潭市', '116.822763', '28.206177', '2019-11-24 12:59:28', '0');
INSERT INTO `city_area` VALUES ('1588', '360681', '贵溪市', '303', '360600', '鹰潭市', '117.212103', '28.283693', '2019-11-24 12:59:28', '0');
INSERT INTO `city_area` VALUES ('160', '360700', '赣州市', '202', '360000', '江西省', '114.940278', '25.85097', '2019-11-24 12:59:28', '0');
INSERT INTO `city_area` VALUES ('1589', '360702', '章贡区', '303', '360700', '赣州市', '114.93872', '25.851367', '2019-11-24 12:59:28', '0');
INSERT INTO `city_area` VALUES ('1590', '360703', '南康区', '303', '360700', '赣州市', '114.756933', '25.661721', '2019-11-24 12:59:28', '0');
INSERT INTO `city_area` VALUES ('1591', '360704', '赣县区', '303', '360700', '赣州市', '115.018461', '25.865432', '2019-11-24 12:59:28', '0');
INSERT INTO `city_area` VALUES ('1592', '360722', '信丰县', '303', '360700', '赣州市', '114.930893', '25.38023', '2019-11-24 12:59:28', '0');
INSERT INTO `city_area` VALUES ('1593', '360723', '大余县', '303', '360700', '赣州市', '114.362243', '25.395937', '2019-11-24 12:59:28', '0');
INSERT INTO `city_area` VALUES ('1594', '360724', '上犹县', '303', '360700', '赣州市', '114.540537', '25.794284', '2019-11-24 12:59:28', '0');
INSERT INTO `city_area` VALUES ('1595', '360725', '崇义县', '303', '360700', '赣州市', '114.307348', '25.687911', '2019-11-24 12:59:28', '0');
INSERT INTO `city_area` VALUES ('1596', '360726', '安远县', '303', '360700', '赣州市', '115.392328', '25.134591', '2019-11-24 12:59:28', '0');
INSERT INTO `city_area` VALUES ('1597', '360727', '龙南县', '303', '360700', '赣州市', '114.792657', '24.90476', '2019-11-24 12:59:28', '0');
INSERT INTO `city_area` VALUES ('1598', '360728', '定南县', '303', '360700', '赣州市', '115.03267', '24.774277', '2019-11-24 12:59:28', '0');
INSERT INTO `city_area` VALUES ('1599', '360729', '全南县', '303', '360700', '赣州市', '114.531589', '24.742651', '2019-11-24 12:59:28', '0');
INSERT INTO `city_area` VALUES ('1600', '360730', '宁都县', '303', '360700', '赣州市', '116.018782', '26.472054', '2019-11-24 12:59:28', '0');
INSERT INTO `city_area` VALUES ('1601', '360731', '于都县', '303', '360700', '赣州市', '115.411198', '25.955033', '2019-11-24 12:59:28', '0');
INSERT INTO `city_area` VALUES ('1602', '360732', '兴国县', '303', '360700', '赣州市', '115.351896', '26.330489', '2019-11-24 12:59:28', '0');
INSERT INTO `city_area` VALUES ('1603', '360733', '会昌县', '303', '360700', '赣州市', '115.791158', '25.599125', '2019-11-24 12:59:28', '0');
INSERT INTO `city_area` VALUES ('1604', '360734', '寻乌县', '303', '360700', '赣州市', '115.651399', '24.954136', '2019-11-24 12:59:28', '0');
INSERT INTO `city_area` VALUES ('1605', '360735', '石城县', '303', '360700', '赣州市', '116.342249', '26.326582', '2019-11-24 12:59:28', '0');
INSERT INTO `city_area` VALUES ('1606', '360781', '瑞金市', '303', '360700', '赣州市', '116.034854', '25.875278', '2019-11-24 12:59:28', '0');
INSERT INTO `city_area` VALUES ('161', '360800', '吉安市', '202', '360000', '江西省', '114.986373', '27.111699', '2019-11-24 12:59:28', '0');
INSERT INTO `city_area` VALUES ('1607', '360802', '吉州区', '303', '360800', '吉安市', '114.987331', '27.112367', '2019-11-24 12:59:28', '0');
INSERT INTO `city_area` VALUES ('1608', '360803', '青原区', '303', '360800', '吉安市', '115.016306', '27.105879', '2019-11-24 12:59:28', '0');
INSERT INTO `city_area` VALUES ('1609', '360821', '吉安县', '303', '360800', '吉安市', '114.905117', '27.040042', '2019-11-24 12:59:28', '0');
INSERT INTO `city_area` VALUES ('1610', '360822', '吉水县', '303', '360800', '吉安市', '115.134569', '27.213445', '2019-11-24 12:59:28', '0');
INSERT INTO `city_area` VALUES ('1611', '360823', '峡江县', '303', '360800', '吉安市', '115.319331', '27.580862', '2019-11-24 12:59:28', '0');
INSERT INTO `city_area` VALUES ('1612', '360824', '新干县', '303', '360800', '吉安市', '115.399294', '27.755758', '2019-11-24 12:59:28', '0');
INSERT INTO `city_area` VALUES ('1613', '360825', '永丰县', '303', '360800', '吉安市', '115.435559', '27.321087', '2019-11-24 12:59:28', '0');
INSERT INTO `city_area` VALUES ('1614', '360826', '泰和县', '303', '360800', '吉安市', '114.901393', '26.790164', '2019-11-24 12:59:28', '0');
INSERT INTO `city_area` VALUES ('1615', '360827', '遂川县', '303', '360800', '吉安市', '114.51689', '26.323705', '2019-11-24 12:59:28', '0');
INSERT INTO `city_area` VALUES ('1616', '360828', '万安县', '303', '360800', '吉安市', '114.784694', '26.462085', '2019-11-24 12:59:28', '0');
INSERT INTO `city_area` VALUES ('1617', '360829', '安福县', '303', '360800', '吉安市', '114.61384', '27.382746', '2019-11-24 12:59:28', '0');
INSERT INTO `city_area` VALUES ('1618', '360830', '永新县', '303', '360800', '吉安市', '114.242534', '26.944721', '2019-11-24 12:59:28', '0');
INSERT INTO `city_area` VALUES ('1619', '360881', '井冈山市', '303', '360800', '吉安市', '114.284421', '26.745919', '2019-11-24 12:59:28', '0');
INSERT INTO `city_area` VALUES ('162', '360900', '宜春市', '202', '360000', '江西省', '114.391136', '27.8043', '2019-11-24 12:59:28', '0');
INSERT INTO `city_area` VALUES ('1620', '360902', '袁州区', '303', '360900', '宜春市', '114.387379', '27.800117', '2019-11-24 12:59:28', '0');
INSERT INTO `city_area` VALUES ('1621', '360921', '奉新县', '303', '360900', '宜春市', '115.389899', '28.700672', '2019-11-24 12:59:28', '0');
INSERT INTO `city_area` VALUES ('1622', '360922', '万载县', '303', '360900', '宜春市', '114.449012', '28.104528', '2019-11-24 12:59:28', '0');
INSERT INTO `city_area` VALUES ('1623', '360923', '上高县', '303', '360900', '宜春市', '114.932653', '28.234789', '2019-11-24 12:59:28', '0');
INSERT INTO `city_area` VALUES ('1624', '360924', '宜丰县', '303', '360900', '宜春市', '114.787381', '28.388289', '2019-11-24 12:59:28', '0');
INSERT INTO `city_area` VALUES ('1625', '360925', '靖安县', '303', '360900', '宜春市', '115.361744', '28.86054', '2019-11-24 12:59:28', '0');
INSERT INTO `city_area` VALUES ('1626', '360926', '铜鼓县', '303', '360900', '宜春市', '114.37014', '28.520956', '2019-11-24 12:59:28', '0');
INSERT INTO `city_area` VALUES ('1627', '360981', '丰城市', '303', '360900', '宜春市', '115.786005', '28.191584', '2019-11-24 12:59:28', '0');
INSERT INTO `city_area` VALUES ('1628', '360982', '樟树市', '303', '360900', '宜春市', '115.543388', '28.055898', '2019-11-24 12:59:28', '0');
INSERT INTO `city_area` VALUES ('1629', '360983', '高安市', '303', '360900', '宜春市', '115.381527', '28.420951', '2019-11-24 12:59:28', '0');
INSERT INTO `city_area` VALUES ('163', '361000', '抚州市', '202', '360000', '江西省', '116.358351', '27.98385', '2019-11-24 12:59:28', '0');
INSERT INTO `city_area` VALUES ('1630', '361002', '临川区', '303', '361000', '抚州市', '116.361404', '27.981919', '2019-11-24 12:59:28', '0');
INSERT INTO `city_area` VALUES ('1631', '361003', '东乡区', '303', '361000', '抚州市', '116.605341', '28.2325', '2019-11-24 12:59:28', '0');
INSERT INTO `city_area` VALUES ('1632', '361021', '南城县', '303', '361000', '抚州市', '116.63945', '27.55531', '2019-11-24 12:59:28', '0');
INSERT INTO `city_area` VALUES ('1633', '361022', '黎川县', '303', '361000', '抚州市', '116.91457', '27.292561', '2019-11-24 12:59:28', '0');
INSERT INTO `city_area` VALUES ('1634', '361023', '南丰县', '303', '361000', '抚州市', '116.532994', '27.210132', '2019-11-24 12:59:28', '0');
INSERT INTO `city_area` VALUES ('1635', '361024', '崇仁县', '303', '361000', '抚州市', '116.059109', '27.760907', '2019-11-24 12:59:28', '0');
INSERT INTO `city_area` VALUES ('1636', '361025', '乐安县', '303', '361000', '抚州市', '115.838432', '27.420101', '2019-11-24 12:59:28', '0');
INSERT INTO `city_area` VALUES ('1637', '361026', '宜黄县', '303', '361000', '抚州市', '116.223023', '27.546512', '2019-11-24 12:59:28', '0');
INSERT INTO `city_area` VALUES ('1638', '361027', '金溪县', '303', '361000', '抚州市', '116.778751', '27.907387', '2019-11-24 12:59:28', '0');
INSERT INTO `city_area` VALUES ('1639', '361028', '资溪县', '303', '361000', '抚州市', '117.066095', '27.70653', '2019-11-24 12:59:28', '0');
INSERT INTO `city_area` VALUES ('1640', '361030', '广昌县', '303', '361000', '抚州市', '116.327291', '26.838426', '2019-11-24 12:59:28', '0');
INSERT INTO `city_area` VALUES ('164', '361100', '上饶市', '202', '360000', '江西省', '117.971185', '28.44442', '2019-11-24 12:59:28', '0');
INSERT INTO `city_area` VALUES ('1641', '361102', '信州区', '303', '361100', '上饶市', '117.970522', '28.445378', '2019-11-24 12:59:28', '0');
INSERT INTO `city_area` VALUES ('1642', '361103', '广丰区', '303', '361100', '上饶市', '118.189852', '28.440285', '2019-11-24 12:59:28', '0');
INSERT INTO `city_area` VALUES ('1643', '361121', '上饶县', '303', '361100', '上饶市', '117.90612', '28.453897', '2019-11-24 12:59:28', '0');
INSERT INTO `city_area` VALUES ('1644', '361123', '玉山县', '303', '361100', '上饶市', '118.244408', '28.673479', '2019-11-24 12:59:28', '0');
INSERT INTO `city_area` VALUES ('1645', '361124', '铅山县', '303', '361100', '上饶市', '117.711906', '28.310892', '2019-11-24 12:59:28', '0');
INSERT INTO `city_area` VALUES ('1646', '361125', '横峰县', '303', '361100', '上饶市', '117.608247', '28.415103', '2019-11-24 12:59:28', '0');
INSERT INTO `city_area` VALUES ('1647', '361126', '弋阳县', '303', '361100', '上饶市', '117.435002', '28.402391', '2019-11-24 12:59:28', '0');
INSERT INTO `city_area` VALUES ('1648', '361127', '余干县', '303', '361100', '上饶市', '116.691072', '28.69173', '2019-11-24 12:59:28', '0');
INSERT INTO `city_area` VALUES ('1649', '361128', '鄱阳县', '303', '361100', '上饶市', '116.673748', '28.993374', '2019-11-24 12:59:28', '0');
INSERT INTO `city_area` VALUES ('1650', '361129', '万年县', '303', '361100', '上饶市', '117.07015', '28.692589', '2019-11-24 12:59:28', '0');
INSERT INTO `city_area` VALUES ('1651', '361130', '婺源县', '303', '361100', '上饶市', '117.86219', '29.254015', '2019-11-24 12:59:28', '0');
INSERT INTO `city_area` VALUES ('1652', '361181', '德兴市', '303', '361100', '上饶市', '117.578732', '28.945034', '2019-11-24 12:59:28', '0');
INSERT INTO `city_area` VALUES ('15', '370000', '山东省', '101', '0', '中国', '117.000923', '36.675807', '2019-11-24 12:59:28', '0');
INSERT INTO `city_area` VALUES ('165', '370100', '济南市', '202', '370000', '山东省', '117.000923', '36.675807', '2019-11-24 12:59:28', '0');
INSERT INTO `city_area` VALUES ('1653', '370102', '历下区', '303', '370100', '济南市', '117.03862', '36.664169', '2019-11-24 12:59:28', '0');
INSERT INTO `city_area` VALUES ('1654', '370103', '市中区', '303', '370100', '济南市', '116.99898', '36.657354', '2019-11-24 12:59:28', '0');
INSERT INTO `city_area` VALUES ('1655', '370104', '槐荫区', '303', '370100', '济南市', '116.947921', '36.668205', '2019-11-24 12:59:28', '0');
INSERT INTO `city_area` VALUES ('1656', '370105', '天桥区', '303', '370100', '济南市', '116.996086', '36.693374', '2019-11-24 12:59:28', '0');
INSERT INTO `city_area` VALUES ('1657', '370112', '历城区', '303', '370100', '济南市', '117.063744', '36.681744', '2019-11-24 12:59:28', '0');
INSERT INTO `city_area` VALUES ('1658', '370113', '长清区', '303', '370100', '济南市', '116.74588', '36.561049', '2019-11-24 12:59:28', '0');
INSERT INTO `city_area` VALUES ('1659', '370114', '章丘区', '303', '370100', '济南市', '117.54069', '36.71209', '2019-11-24 12:59:28', '0');
INSERT INTO `city_area` VALUES ('1660', '370124', '平阴县', '303', '370100', '济南市', '116.455054', '36.286923', '2019-11-24 12:59:28', '0');
INSERT INTO `city_area` VALUES ('1661', '370125', '济阳县', '303', '370100', '济南市', '117.176035', '36.976772', '2019-11-24 12:59:28', '0');
INSERT INTO `city_area` VALUES ('1662', '370126', '商河县', '303', '370100', '济南市', '117.156369', '37.310544', '2019-11-24 12:59:28', '0');
INSERT INTO `city_area` VALUES ('1663', '370171', '济南高新技术产业开发区', '303', '370100', '济南市', '', '', '2019-11-24 12:59:28', '0');
INSERT INTO `city_area` VALUES ('166', '370200', '青岛市', '202', '370000', '山东省', '120.355173', '36.082982', '2019-11-24 12:59:28', '0');
INSERT INTO `city_area` VALUES ('1664', '370202', '市南区', '303', '370200', '青岛市', '120.395966', '36.070892', '2019-11-24 12:59:28', '0');
INSERT INTO `city_area` VALUES ('1665', '370203', '市北区', '303', '370200', '青岛市', '120.355026', '36.083819', '2019-11-24 12:59:28', '0');
INSERT INTO `city_area` VALUES ('1666', '370211', '黄岛区', '303', '370200', '青岛市', '119.995518', '35.875138', '2019-11-24 12:59:28', '0');
INSERT INTO `city_area` VALUES ('1667', '370212', '崂山区', '303', '370200', '青岛市', '120.467393', '36.102569', '2019-11-24 12:59:28', '0');
INSERT INTO `city_area` VALUES ('1668', '370213', '李沧区', '303', '370200', '青岛市', '120.421236', '36.160023', '2019-11-24 12:59:28', '0');
INSERT INTO `city_area` VALUES ('1669', '370214', '城阳区', '303', '370200', '青岛市', '120.389135', '36.306833', '2019-11-24 12:59:28', '0');
INSERT INTO `city_area` VALUES ('1670', '370215', '即墨区', '303', '370200', '青岛市', '120.447352', '36.390847', '2019-11-24 12:59:28', '0');
INSERT INTO `city_area` VALUES ('1671', '370271', '青岛高新技术产业开发区', '303', '370200', '青岛市', '', '', '2019-11-24 12:59:28', '0');
INSERT INTO `city_area` VALUES ('1672', '370281', '胶州市', '303', '370200', '青岛市', '120.006202', '36.285878', '2019-11-24 12:59:28', '0');
INSERT INTO `city_area` VALUES ('1673', '370283', '平度市', '303', '370200', '青岛市', '119.959012', '36.788828', '2019-11-24 12:59:28', '0');
INSERT INTO `city_area` VALUES ('1674', '370285', '莱西市', '303', '370200', '青岛市', '120.526226', '36.86509', '2019-11-24 12:59:28', '0');
INSERT INTO `city_area` VALUES ('167', '370300', '淄博市', '202', '370000', '山东省', '118.047648', '36.814939', '2019-11-24 12:59:28', '0');
INSERT INTO `city_area` VALUES ('1675', '370302', '淄川区', '303', '370300', '淄博市', '117.967696', '36.647272', '2019-11-24 12:59:28', '0');
INSERT INTO `city_area` VALUES ('1676', '370303', '张店区', '303', '370300', '淄博市', '118.053521', '36.807049', '2019-11-24 12:59:28', '0');
INSERT INTO `city_area` VALUES ('1677', '370304', '博山区', '303', '370300', '淄博市', '117.85823', '36.497567', '2019-11-24 12:59:28', '0');
INSERT INTO `city_area` VALUES ('1678', '370305', '临淄区', '303', '370300', '淄博市', '118.306018', '36.816657', '2019-11-24 12:59:28', '0');
INSERT INTO `city_area` VALUES ('1679', '370306', '周村区', '303', '370300', '淄博市', '117.851036', '36.803699', '2019-11-24 12:59:28', '0');
INSERT INTO `city_area` VALUES ('1680', '370321', '桓台县', '303', '370300', '淄博市', '118.101556', '36.959773', '2019-11-24 12:59:28', '0');
INSERT INTO `city_area` VALUES ('1681', '370322', '高青县', '303', '370300', '淄博市', '117.829839', '37.169581', '2019-11-24 12:59:28', '0');
INSERT INTO `city_area` VALUES ('1682', '370323', '沂源县', '303', '370300', '淄博市', '118.166161', '36.186282', '2019-11-24 12:59:28', '0');
INSERT INTO `city_area` VALUES ('168', '370400', '枣庄市', '202', '370000', '山东省', '117.557964', '34.856424', '2019-11-24 12:59:28', '0');
INSERT INTO `city_area` VALUES ('1683', '370402', '市中区', '303', '370400', '枣庄市', '117.557281', '34.856651', '2019-11-24 12:59:28', '0');
INSERT INTO `city_area` VALUES ('1684', '370403', '薛城区', '303', '370400', '枣庄市', '117.265293', '34.79789', '2019-11-24 12:59:28', '0');
INSERT INTO `city_area` VALUES ('1685', '370404', '峄城区', '303', '370400', '枣庄市', '117.586316', '34.767713', '2019-11-24 12:59:28', '0');
INSERT INTO `city_area` VALUES ('1686', '370405', '台儿庄区', '303', '370400', '枣庄市', '117.734747', '34.564815', '2019-11-24 12:59:28', '0');
INSERT INTO `city_area` VALUES ('1687', '370406', '山亭区', '303', '370400', '枣庄市', '117.458968', '35.096077', '2019-11-24 12:59:28', '0');
INSERT INTO `city_area` VALUES ('1688', '370481', '滕州市', '303', '370400', '枣庄市', '117.162098', '35.088498', '2019-11-24 12:59:28', '0');
INSERT INTO `city_area` VALUES ('169', '370500', '东营市', '202', '370000', '山东省', '118.66471', '37.434564', '2019-11-24 12:59:28', '0');
INSERT INTO `city_area` VALUES ('1689', '370502', '东营区', '303', '370500', '东营市', '118.507543', '37.461567', '2019-11-24 12:59:28', '0');
INSERT INTO `city_area` VALUES ('1690', '370503', '河口区', '303', '370500', '东营市', '118.529613', '37.886015', '2019-11-24 12:59:28', '0');
INSERT INTO `city_area` VALUES ('1691', '370505', '垦利区', '303', '370500', '东营市', '118.551314', '37.588679', '2019-11-24 12:59:28', '0');
INSERT INTO `city_area` VALUES ('1692', '370522', '利津县', '303', '370500', '东营市', '118.248854', '37.493365', '2019-11-24 12:59:28', '0');
INSERT INTO `city_area` VALUES ('1693', '370523', '广饶县', '303', '370500', '东营市', '118.407522', '37.05161', '2019-11-24 12:59:28', '0');
INSERT INTO `city_area` VALUES ('1694', '370571', '东营经济技术开发区', '303', '370500', '东营市', '', '', '2019-11-24 12:59:28', '0');
INSERT INTO `city_area` VALUES ('1695', '370572', '东营港经济开发区', '303', '370500', '东营市', '', '', '2019-11-24 12:59:28', '0');
INSERT INTO `city_area` VALUES ('170', '370600', '烟台市', '202', '370000', '山东省', '121.391382', '37.539297', '2019-11-24 12:59:28', '0');
INSERT INTO `city_area` VALUES ('1696', '370602', '芝罘区', '303', '370600', '烟台市', '121.385877', '37.540925', '2019-11-24 12:59:28', '0');
INSERT INTO `city_area` VALUES ('1697', '370611', '福山区', '303', '370600', '烟台市', '121.264741', '37.496875', '2019-11-24 12:59:28', '0');
INSERT INTO `city_area` VALUES ('1698', '370612', '牟平区', '303', '370600', '烟台市', '121.60151', '37.388356', '2019-11-24 12:59:28', '0');
INSERT INTO `city_area` VALUES ('1699', '370613', '莱山区', '303', '370600', '烟台市', '121.448866', '37.473549', '2019-11-24 12:59:28', '0');
INSERT INTO `city_area` VALUES ('1700', '370634', '长岛县', '303', '370600', '烟台市', '120.738345', '37.916194', '2019-11-24 12:59:28', '0');
INSERT INTO `city_area` VALUES ('1701', '370671', '烟台高新技术产业开发区', '303', '370600', '烟台市', '', '', '2019-11-24 12:59:28', '0');
INSERT INTO `city_area` VALUES ('1702', '370672', '烟台经济技术开发区', '303', '370600', '烟台市', '', '', '2019-11-24 12:59:28', '0');
INSERT INTO `city_area` VALUES ('1703', '370681', '龙口市', '303', '370600', '烟台市', '120.528328', '37.648446', '2019-11-24 12:59:28', '0');
INSERT INTO `city_area` VALUES ('1704', '370682', '莱阳市', '303', '370600', '烟台市', '120.711151', '36.977037', '2019-11-24 12:59:28', '0');
INSERT INTO `city_area` VALUES ('1705', '370683', '莱州市', '303', '370600', '烟台市', '119.942135', '37.182725', '2019-11-24 12:59:28', '0');
INSERT INTO `city_area` VALUES ('1706', '370684', '蓬莱市', '303', '370600', '烟台市', '120.762689', '37.811168', '2019-11-24 12:59:28', '0');
INSERT INTO `city_area` VALUES ('1707', '370685', '招远市', '303', '370600', '烟台市', '120.403142', '37.364919', '2019-11-24 12:59:28', '0');
INSERT INTO `city_area` VALUES ('1708', '370686', '栖霞市', '303', '370600', '烟台市', '120.834097', '37.305854', '2019-11-24 12:59:28', '0');
INSERT INTO `city_area` VALUES ('1709', '370687', '海阳市', '303', '370600', '烟台市', '121.168392', '36.780657', '2019-11-24 12:59:28', '0');
INSERT INTO `city_area` VALUES ('171', '370700', '潍坊市', '202', '370000', '山东省', '119.107078', '36.70925', '2019-11-24 12:59:28', '0');
INSERT INTO `city_area` VALUES ('1710', '370702', '潍城区', '303', '370700', '潍坊市', '119.103784', '36.710062', '2019-11-24 12:59:28', '0');
INSERT INTO `city_area` VALUES ('1711', '370703', '寒亭区', '303', '370700', '潍坊市', '119.207866', '36.772103', '2019-11-24 12:59:28', '0');
INSERT INTO `city_area` VALUES ('1712', '370704', '坊子区', '303', '370700', '潍坊市', '119.166326', '36.654616', '2019-11-24 12:59:28', '0');
INSERT INTO `city_area` VALUES ('1713', '370705', '奎文区', '303', '370700', '潍坊市', '119.137357', '36.709494', '2019-11-24 12:59:28', '0');
INSERT INTO `city_area` VALUES ('1714', '370724', '临朐县', '303', '370700', '潍坊市', '118.539876', '36.516371', '2019-11-24 12:59:28', '0');
INSERT INTO `city_area` VALUES ('1715', '370725', '昌乐县', '303', '370700', '潍坊市', '118.839995', '36.703253', '2019-11-24 12:59:28', '0');
INSERT INTO `city_area` VALUES ('1716', '370772', '潍坊滨海经济技术开发区', '303', '370700', '潍坊市', '', '', '2019-11-24 12:59:28', '0');
INSERT INTO `city_area` VALUES ('1717', '370781', '青州市', '303', '370700', '潍坊市', '118.484693', '36.697855', '2019-11-24 12:59:28', '0');
INSERT INTO `city_area` VALUES ('1718', '370782', '诸城市', '303', '370700', '潍坊市', '119.403182', '35.997093', '2019-11-24 12:59:28', '0');
INSERT INTO `city_area` VALUES ('1719', '370783', '寿光市', '303', '370700', '潍坊市', '118.736451', '36.874411', '2019-11-24 12:59:28', '0');
INSERT INTO `city_area` VALUES ('1720', '370784', '安丘市', '303', '370700', '潍坊市', '119.206886', '36.427417', '2019-11-24 12:59:28', '0');
INSERT INTO `city_area` VALUES ('1721', '370785', '高密市', '303', '370700', '潍坊市', '119.757033', '36.37754', '2019-11-24 12:59:28', '0');
INSERT INTO `city_area` VALUES ('1722', '370786', '昌邑市', '303', '370700', '潍坊市', '119.394502', '36.854937', '2019-11-24 12:59:28', '0');
INSERT INTO `city_area` VALUES ('172', '370800', '济宁市', '202', '370000', '山东省', '116.587245', '35.415393', '2019-11-24 12:59:28', '0');
INSERT INTO `city_area` VALUES ('1723', '370811', '任城区', '303', '370800', '济宁市', '116.595261', '35.414828', '2019-11-24 12:59:28', '0');
INSERT INTO `city_area` VALUES ('1724', '370812', '兖州区', '303', '370800', '济宁市', '116.828996', '35.556445', '2019-11-24 12:59:28', '0');
INSERT INTO `city_area` VALUES ('1725', '370826', '微山县', '303', '370800', '济宁市', '117.12861', '34.809525', '2019-11-24 12:59:28', '0');
INSERT INTO `city_area` VALUES ('1726', '370827', '鱼台县', '303', '370800', '济宁市', '116.650023', '34.997706', '2019-11-24 12:59:28', '0');
INSERT INTO `city_area` VALUES ('1727', '370828', '金乡县', '303', '370800', '济宁市', '116.310364', '35.06977', '2019-11-24 12:59:28', '0');
INSERT INTO `city_area` VALUES ('1728', '370829', '嘉祥县', '303', '370800', '济宁市', '116.342885', '35.398098', '2019-11-24 12:59:28', '0');
INSERT INTO `city_area` VALUES ('1729', '370830', '汶上县', '303', '370800', '济宁市', '116.487146', '35.721746', '2019-11-24 12:59:28', '0');
INSERT INTO `city_area` VALUES ('1730', '370831', '泗水县', '303', '370800', '济宁市', '117.273605', '35.653216', '2019-11-24 12:59:28', '0');
INSERT INTO `city_area` VALUES ('1731', '370832', '梁山县', '303', '370800', '济宁市', '116.08963', '35.801843', '2019-11-24 12:59:28', '0');
INSERT INTO `city_area` VALUES ('1732', '370871', '济宁高新技术产业开发区', '303', '370800', '济宁市', '', '', '2019-11-24 12:59:28', '0');
INSERT INTO `city_area` VALUES ('1733', '370881', '曲阜市', '303', '370800', '济宁市', '116.991885', '35.592788', '2019-11-24 12:59:28', '0');
INSERT INTO `city_area` VALUES ('1734', '370883', '邹城市', '303', '370800', '济宁市', '116.96673', '35.405259', '2019-11-24 12:59:28', '0');
INSERT INTO `city_area` VALUES ('173', '370900', '泰安市', '202', '370000', '山东省', '117.129063', '36.194968', '2019-11-24 12:59:28', '0');
INSERT INTO `city_area` VALUES ('1735', '370902', '泰山区', '303', '370900', '泰安市', '117.129984', '36.189313', '2019-11-24 12:59:28', '0');
INSERT INTO `city_area` VALUES ('1736', '370911', '岱岳区', '303', '370900', '泰安市', '117.04353', '36.1841', '2019-11-24 12:59:28', '0');
INSERT INTO `city_area` VALUES ('1737', '370921', '宁阳县', '303', '370900', '泰安市', '116.799297', '35.76754', '2019-11-24 12:59:28', '0');
INSERT INTO `city_area` VALUES ('1738', '370923', '东平县', '303', '370900', '泰安市', '116.461052', '35.930467', '2019-11-24 12:59:28', '0');
INSERT INTO `city_area` VALUES ('1739', '370982', '新泰市', '303', '370900', '泰安市', '117.766092', '35.910387', '2019-11-24 12:59:28', '0');
INSERT INTO `city_area` VALUES ('1740', '370983', '肥城市', '303', '370900', '泰安市', '116.763703', '36.1856', '2019-11-24 12:59:28', '0');
INSERT INTO `city_area` VALUES ('174', '371000', '威海市', '202', '370000', '山东省', '122.116394', '37.509691', '2019-11-24 12:59:28', '0');
INSERT INTO `city_area` VALUES ('1741', '371002', '环翠区', '303', '371000', '威海市', '122.116189', '37.510754', '2019-11-24 12:59:28', '0');
INSERT INTO `city_area` VALUES ('1742', '371003', '文登区', '303', '371000', '威海市', '122.057139', '37.196211', '2019-11-24 12:59:28', '0');
INSERT INTO `city_area` VALUES ('1743', '371071', '威海火炬高技术产业开发区', '303', '371000', '威海市', '', '', '2019-11-24 12:59:28', '0');
INSERT INTO `city_area` VALUES ('1744', '371072', '威海经济技术开发区', '303', '371000', '威海市', '', '', '2019-11-24 12:59:28', '0');
INSERT INTO `city_area` VALUES ('1745', '371073', '威海临港经济技术开发区', '303', '371000', '威海市', '', '', '2019-11-24 12:59:28', '0');
INSERT INTO `city_area` VALUES ('1746', '371082', '荣成市', '303', '371000', '威海市', '122.422896', '37.160134', '2019-11-24 12:59:28', '0');
INSERT INTO `city_area` VALUES ('1747', '371083', '乳山市', '303', '371000', '威海市', '121.536346', '36.919622', '2019-11-24 12:59:28', '0');
INSERT INTO `city_area` VALUES ('175', '371100', '日照市', '202', '370000', '山东省', '119.461208', '35.428588', '2019-11-24 12:59:28', '0');
INSERT INTO `city_area` VALUES ('1748', '371102', '东港区', '303', '371100', '日照市', '119.457703', '35.426152', '2019-11-24 12:59:28', '0');
INSERT INTO `city_area` VALUES ('1749', '371103', '岚山区', '303', '371100', '日照市', '119.315844', '35.119794', '2019-11-24 12:59:28', '0');
INSERT INTO `city_area` VALUES ('1750', '371121', '五莲县', '303', '371100', '日照市', '119.206745', '35.751936', '2019-11-24 12:59:28', '0');
INSERT INTO `city_area` VALUES ('1751', '371122', '莒县', '303', '371100', '日照市', '118.832859', '35.588115', '2019-11-24 12:59:28', '0');
INSERT INTO `city_area` VALUES ('1752', '371171', '日照经济技术开发区', '303', '371100', '日照市', '', '', '2019-11-24 12:59:28', '0');
INSERT INTO `city_area` VALUES ('1753', '371172', '日照国际海洋城', '303', '371100', '日照市', '', '', '2019-11-24 12:59:28', '0');
INSERT INTO `city_area` VALUES ('176', '371200', '莱芜市', '202', '370000', '山东省', '117.677736', '36.214397', '2019-11-24 12:59:28', '0');
INSERT INTO `city_area` VALUES ('1754', '371202', '莱城区', '303', '371200', '莱芜市', '117.678351', '36.213662', '2019-11-24 12:59:28', '0');
INSERT INTO `city_area` VALUES ('1755', '371203', '钢城区', '303', '371200', '莱芜市', '117.82033', '36.058038', '2019-11-24 12:59:28', '0');
INSERT INTO `city_area` VALUES ('177', '371300', '临沂市', '202', '370000', '山东省', '118.326443', '35.065282', '2019-11-24 12:59:28', '0');
INSERT INTO `city_area` VALUES ('1756', '371302', '兰山区', '303', '371300', '临沂市', '118.327667', '35.061631', '2019-11-24 12:59:28', '0');
INSERT INTO `city_area` VALUES ('1757', '371311', '罗庄区', '303', '371300', '临沂市', '118.284795', '34.997204', '2019-11-24 12:59:28', '0');
INSERT INTO `city_area` VALUES ('1758', '371312', '河东区', '303', '371300', '临沂市', '118.398296', '35.085004', '2019-11-24 12:59:28', '0');
INSERT INTO `city_area` VALUES ('1759', '371321', '沂南县', '303', '371300', '临沂市', '118.455395', '35.547002', '2019-11-24 12:59:28', '0');
INSERT INTO `city_area` VALUES ('1760', '371322', '郯城县', '303', '371300', '临沂市', '118.342963', '34.614741', '2019-11-24 12:59:28', '0');
INSERT INTO `city_area` VALUES ('1761', '371323', '沂水县', '303', '371300', '临沂市', '118.634543', '35.787029', '2019-11-24 12:59:28', '0');
INSERT INTO `city_area` VALUES ('1762', '371324', '兰陵县', '303', '371300', '临沂市', '118.049968', '34.855573', '2019-11-24 12:59:28', '0');
INSERT INTO `city_area` VALUES ('1763', '371325', '费县', '303', '371300', '临沂市', '117.968869', '35.269174', '2019-11-24 12:59:28', '0');
INSERT INTO `city_area` VALUES ('1764', '371326', '平邑县', '303', '371300', '临沂市', '117.631884', '35.511519', '2019-11-24 12:59:28', '0');
INSERT INTO `city_area` VALUES ('1765', '371327', '莒南县', '303', '371300', '临沂市', '118.838322', '35.175911', '2019-11-24 12:59:28', '0');
INSERT INTO `city_area` VALUES ('1766', '371328', '蒙阴县', '303', '371300', '临沂市', '117.943271', '35.712435', '2019-11-24 12:59:28', '0');
INSERT INTO `city_area` VALUES ('1767', '371329', '临沭县', '303', '371300', '临沂市', '118.648379', '34.917062', '2019-11-24 12:59:28', '0');
INSERT INTO `city_area` VALUES ('1768', '371371', '临沂高新技术产业开发区', '303', '371300', '临沂市', '', '', '2019-11-24 12:59:28', '0');
INSERT INTO `city_area` VALUES ('1769', '371372', '临沂经济技术开发区', '303', '371300', '临沂市', '', '', '2019-11-24 12:59:28', '0');
INSERT INTO `city_area` VALUES ('1770', '371373', '临沂临港经济开发区', '303', '371300', '临沂市', '', '', '2019-11-24 12:59:28', '0');
INSERT INTO `city_area` VALUES ('178', '371400', '德州市', '202', '370000', '山东省', '116.307428', '37.453968', '2019-11-24 12:59:28', '0');
INSERT INTO `city_area` VALUES ('1771', '371402', '德城区', '303', '371400', '德州市', '116.307076', '37.453923', '2019-11-24 12:59:28', '0');
INSERT INTO `city_area` VALUES ('1772', '371403', '陵城区', '303', '371400', '德州市', '116.574929', '37.332848', '2019-11-24 12:59:28', '0');
INSERT INTO `city_area` VALUES ('1773', '371422', '宁津县', '303', '371400', '德州市', '116.79372', '37.649619', '2019-11-24 12:59:28', '0');
INSERT INTO `city_area` VALUES ('1774', '371423', '庆云县', '303', '371400', '德州市', '117.390507', '37.777724', '2019-11-24 12:59:28', '0');
INSERT INTO `city_area` VALUES ('1775', '371424', '临邑县', '303', '371400', '德州市', '116.867028', '37.192044', '2019-11-24 12:59:28', '0');
INSERT INTO `city_area` VALUES ('1776', '371425', '齐河县', '303', '371400', '德州市', '116.758394', '36.795497', '2019-11-24 12:59:28', '0');
INSERT INTO `city_area` VALUES ('1777', '371426', '平原县', '303', '371400', '德州市', '116.433904', '37.164465', '2019-11-24 12:59:28', '0');
INSERT INTO `city_area` VALUES ('1778', '371427', '夏津县', '303', '371400', '德州市', '116.003816', '36.950501', '2019-11-24 12:59:28', '0');
INSERT INTO `city_area` VALUES ('1779', '371428', '武城县', '303', '371400', '德州市', '116.078627', '37.209527', '2019-11-24 12:59:28', '0');
INSERT INTO `city_area` VALUES ('1780', '371471', '德州经济技术开发区', '303', '371400', '德州市', '', '', '2019-11-24 12:59:28', '0');
INSERT INTO `city_area` VALUES ('1781', '371472', '德州运河经济开发区', '303', '371400', '德州市', '', '', '2019-11-24 12:59:28', '0');
INSERT INTO `city_area` VALUES ('1782', '371481', '乐陵市', '303', '371400', '德州市', '117.216657', '37.729115', '2019-11-24 12:59:28', '0');
INSERT INTO `city_area` VALUES ('1783', '371482', '禹城市', '303', '371400', '德州市', '116.642554', '36.934485', '2019-11-24 12:59:28', '0');
INSERT INTO `city_area` VALUES ('179', '371500', '聊城市', '202', '370000', '山东省', '115.980367', '36.456013', '2019-11-24 12:59:28', '0');
INSERT INTO `city_area` VALUES ('1784', '371502', '东昌府区', '303', '371500', '聊城市', '115.980023', '36.45606', '2019-11-24 12:59:28', '0');
INSERT INTO `city_area` VALUES ('1785', '371521', '阳谷县', '303', '371500', '聊城市', '115.784287', '36.113708', '2019-11-24 12:59:28', '0');
INSERT INTO `city_area` VALUES ('1786', '371522', '莘县', '303', '371500', '聊城市', '115.667291', '36.237597', '2019-11-24 12:59:28', '0');
INSERT INTO `city_area` VALUES ('1787', '371523', '茌平县', '303', '371500', '聊城市', '116.25335', '36.591934', '2019-11-24 12:59:28', '0');
INSERT INTO `city_area` VALUES ('1788', '371524', '东阿县', '303', '371500', '聊城市', '116.248855', '36.336004', '2019-11-24 12:59:28', '0');
INSERT INTO `city_area` VALUES ('1789', '371525', '冠县', '303', '371500', '聊城市', '115.444808', '36.483753', '2019-11-24 12:59:28', '0');
INSERT INTO `city_area` VALUES ('1790', '371526', '高唐县', '303', '371500', '聊城市', '116.229662', '36.859755', '2019-11-24 12:59:28', '0');
INSERT INTO `city_area` VALUES ('1791', '371581', '临清市', '303', '371500', '聊城市', '115.713462', '36.842598', '2019-11-24 12:59:28', '0');
INSERT INTO `city_area` VALUES ('180', '371600', '滨州市', '202', '370000', '山东省', '118.016974', '37.383542', '2019-11-24 12:59:28', '0');
INSERT INTO `city_area` VALUES ('1792', '371602', '滨城区', '303', '371600', '滨州市', '118.020149', '37.384842', '2019-11-24 12:59:28', '0');
INSERT INTO `city_area` VALUES ('1793', '371603', '沾化区', '303', '371600', '滨州市', '118.129902', '37.698456', '2019-11-24 12:59:28', '0');
INSERT INTO `city_area` VALUES ('1794', '371621', '惠民县', '303', '371600', '滨州市', '117.508941', '37.483876', '2019-11-24 12:59:28', '0');
INSERT INTO `city_area` VALUES ('1795', '371622', '阳信县', '303', '371600', '滨州市', '117.581326', '37.640492', '2019-11-24 12:59:28', '0');
INSERT INTO `city_area` VALUES ('1796', '371623', '无棣县', '303', '371600', '滨州市', '117.616325', '37.740848', '2019-11-24 12:59:28', '0');
INSERT INTO `city_area` VALUES ('1797', '371625', '博兴县', '303', '371600', '滨州市', '118.123096', '37.147002', '2019-11-24 12:59:28', '0');
INSERT INTO `city_area` VALUES ('1798', '371626', '邹平县', '303', '371600', '滨州市', '117.736807', '36.87803', '2019-11-24 12:59:28', '0');
INSERT INTO `city_area` VALUES ('181', '371700', '菏泽市', '202', '370000', '山东省', '115.469381', '35.246531', '2019-11-24 12:59:28', '0');
INSERT INTO `city_area` VALUES ('1799', '371702', '牡丹区', '303', '371700', '菏泽市', '115.470946', '35.24311', '2019-11-24 12:59:28', '0');
INSERT INTO `city_area` VALUES ('1800', '371703', '定陶区', '303', '371700', '菏泽市', '115.569601', '35.072701', '2019-11-24 12:59:28', '0');
INSERT INTO `city_area` VALUES ('1801', '371721', '曹县', '303', '371700', '菏泽市', '115.549482', '34.823253', '2019-11-24 12:59:28', '0');
INSERT INTO `city_area` VALUES ('1802', '371722', '单县', '303', '371700', '菏泽市', '116.08262', '34.790851', '2019-11-24 12:59:28', '0');
INSERT INTO `city_area` VALUES ('1803', '371723', '成武县', '303', '371700', '菏泽市', '115.897349', '34.947366', '2019-11-24 12:59:28', '0');
INSERT INTO `city_area` VALUES ('1804', '371724', '巨野县', '303', '371700', '菏泽市', '116.089341', '35.390999', '2019-11-24 12:59:28', '0');
INSERT INTO `city_area` VALUES ('1805', '371725', '郓城县', '303', '371700', '菏泽市', '115.93885', '35.594773', '2019-11-24 12:59:28', '0');
INSERT INTO `city_area` VALUES ('1806', '371726', '鄄城县', '303', '371700', '菏泽市', '115.51434', '35.560257', '2019-11-24 12:59:28', '0');
INSERT INTO `city_area` VALUES ('1807', '371728', '东明县', '303', '371700', '菏泽市', '115.098412', '35.289637', '2019-11-24 12:59:28', '0');
INSERT INTO `city_area` VALUES ('1808', '371771', '菏泽经济技术开发区', '303', '371700', '菏泽市', '', '', '2019-11-24 12:59:28', '0');
INSERT INTO `city_area` VALUES ('1809', '371772', '菏泽高新技术开发区', '303', '371700', '菏泽市', '', '', '2019-11-24 12:59:28', '0');
INSERT INTO `city_area` VALUES ('16', '410000', '河南省', '101', '0', '中国', '113.665412', '34.757975', '2019-11-24 12:59:28', '0');
INSERT INTO `city_area` VALUES ('182', '410100', '郑州市', '202', '410000', '河南省', '113.665412', '34.757975', '2019-11-24 12:59:28', '0');
INSERT INTO `city_area` VALUES ('1810', '410102', '中原区', '303', '410100', '郑州市', '113.611576', '34.748286', '2019-11-24 12:59:28', '0');
INSERT INTO `city_area` VALUES ('1811', '410103', '二七区', '303', '410100', '郑州市', '113.645422', '34.730936', '2019-11-24 12:59:28', '0');
INSERT INTO `city_area` VALUES ('1812', '410104', '管城回族区', '303', '410100', '郑州市', '113.685313', '34.746453', '2019-11-24 12:59:28', '0');
INSERT INTO `city_area` VALUES ('1813', '410105', '金水区', '303', '410100', '郑州市', '113.686037', '34.775838', '2019-11-24 12:59:28', '0');
INSERT INTO `city_area` VALUES ('1814', '410106', '上街区', '303', '410100', '郑州市', '113.298282', '34.808689', '2019-11-24 12:59:28', '0');
INSERT INTO `city_area` VALUES ('1815', '410108', '惠济区', '303', '410100', '郑州市', '113.61836', '34.828591', '2019-11-24 12:59:28', '0');
INSERT INTO `city_area` VALUES ('1816', '410122', '中牟县', '303', '410100', '郑州市', '114.022521', '34.721976', '2019-11-24 12:59:28', '0');
INSERT INTO `city_area` VALUES ('1817', '410171', '郑州经济开发区', '303', '410100', '郑州市', '113.743317', '34.721927', '2019-11-24 12:59:28', '0');
INSERT INTO `city_area` VALUES ('1818', '410172', '郑州高新技术产业开发区', '303', '410100', '郑州市', '', '', '2019-11-24 12:59:28', '0');
INSERT INTO `city_area` VALUES ('1819', '410173', '郑州航空港经济综合实验区', '303', '410100', '郑州市', '', '', '2019-11-24 12:59:28', '0');
INSERT INTO `city_area` VALUES ('1820', '410181', '巩义市', '303', '410100', '郑州市', '112.98283', '34.75218', '2019-11-24 12:59:28', '0');
INSERT INTO `city_area` VALUES ('1821', '410182', '荥阳市', '303', '410100', '郑州市', '113.391523', '34.789077', '2019-11-24 12:59:28', '0');
INSERT INTO `city_area` VALUES ('1822', '410183', '新密市', '303', '410100', '郑州市', '113.380616', '34.537846', '2019-11-24 12:59:28', '0');
INSERT INTO `city_area` VALUES ('1823', '410184', '新郑市', '303', '410100', '郑州市', '113.73967', '34.394219', '2019-11-24 12:59:28', '0');
INSERT INTO `city_area` VALUES ('1824', '410185', '登封市', '303', '410100', '郑州市', '113.037768', '34.459939', '2019-11-24 12:59:28', '0');
INSERT INTO `city_area` VALUES ('183', '410200', '开封市', '202', '410000', '河南省', '114.341447', '34.797049', '2019-11-24 12:59:28', '0');
INSERT INTO `city_area` VALUES ('1825', '410202', '龙亭区', '303', '410200', '开封市', '114.353348', '34.799833', '2019-11-24 12:59:28', '0');
INSERT INTO `city_area` VALUES ('1826', '410203', '顺河回族区', '303', '410200', '开封市', '114.364875', '34.800459', '2019-11-24 12:59:28', '0');
INSERT INTO `city_area` VALUES ('1827', '410204', '鼓楼区', '303', '410200', '开封市', '114.3485', '34.792383', '2019-11-24 12:59:28', '0');
INSERT INTO `city_area` VALUES ('1828', '410205', '禹王台区', '303', '410200', '开封市', '114.350246', '34.779727', '2019-11-24 12:59:28', '0');
INSERT INTO `city_area` VALUES ('1829', '410212', '祥符区', '303', '410200', '开封市', '114.437622', '34.756476', '2019-11-24 12:59:28', '0');
INSERT INTO `city_area` VALUES ('1830', '410221', '杞县', '303', '410200', '开封市', '114.770472', '34.554585', '2019-11-24 12:59:28', '0');
INSERT INTO `city_area` VALUES ('1831', '410222', '通许县', '303', '410200', '开封市', '114.467734', '34.477302', '2019-11-24 12:59:28', '0');
INSERT INTO `city_area` VALUES ('1832', '410223', '尉氏县', '303', '410200', '开封市', '114.193927', '34.412256', '2019-11-24 12:59:28', '0');
INSERT INTO `city_area` VALUES ('1833', '410225', '兰考县', '303', '410200', '开封市', '114.820572', '34.829899', '2019-11-24 12:59:28', '0');
INSERT INTO `city_area` VALUES ('184', '410300', '洛阳市', '202', '410000', '河南省', '112.434468', '34.663041', '2019-11-24 12:59:28', '0');
INSERT INTO `city_area` VALUES ('1834', '410302', '老城区', '303', '410300', '洛阳市', '112.477298', '34.682945', '2019-11-24 12:59:28', '0');
INSERT INTO `city_area` VALUES ('1835', '410303', '西工区', '303', '410300', '洛阳市', '112.443232', '34.667847', '2019-11-24 12:59:28', '0');
INSERT INTO `city_area` VALUES ('1836', '410304', '瀍河回族区', '303', '410300', '洛阳市', '112.491625', '34.684738', '2019-11-24 12:59:28', '0');
INSERT INTO `city_area` VALUES ('1837', '410305', '涧西区', '303', '410300', '洛阳市', '112.399243', '34.654251', '2019-11-24 12:59:28', '0');
INSERT INTO `city_area` VALUES ('1838', '410306', '吉利区', '303', '410300', '洛阳市', '112.584796', '34.899093', '2019-11-24 12:59:28', '0');
INSERT INTO `city_area` VALUES ('1839', '410311', '洛龙区', '303', '410300', '洛阳市', '112.456634', '34.618557', '2019-11-24 12:59:28', '0');
INSERT INTO `city_area` VALUES ('1840', '410322', '孟津县', '303', '410300', '洛阳市', '112.443892', '34.826485', '2019-11-24 12:59:28', '0');
INSERT INTO `city_area` VALUES ('1841', '410323', '新安县', '303', '410300', '洛阳市', '112.141403', '34.728679', '2019-11-24 12:59:28', '0');
INSERT INTO `city_area` VALUES ('1842', '410324', '栾川县', '303', '410300', '洛阳市', '111.618386', '33.783195', '2019-11-24 12:59:28', '0');
INSERT INTO `city_area` VALUES ('1843', '410325', '嵩县', '303', '410300', '洛阳市', '112.087765', '34.131563', '2019-11-24 12:59:28', '0');
INSERT INTO `city_area` VALUES ('1844', '410326', '汝阳县', '303', '410300', '洛阳市', '112.473789', '34.15323', '2019-11-24 12:59:28', '0');
INSERT INTO `city_area` VALUES ('1845', '410327', '宜阳县', '303', '410300', '洛阳市', '112.179989', '34.516478', '2019-11-24 12:59:28', '0');
INSERT INTO `city_area` VALUES ('1846', '410328', '洛宁县', '303', '410300', '洛阳市', '111.655399', '34.387179', '2019-11-24 12:59:28', '0');
INSERT INTO `city_area` VALUES ('1847', '410329', '伊川县', '303', '410300', '洛阳市', '112.429384', '34.423416', '2019-11-24 12:59:28', '0');
INSERT INTO `city_area` VALUES ('1848', '410371', '洛阳高新技术产业开发区', '303', '410300', '洛阳市', '', '', '2019-11-24 12:59:28', '0');
INSERT INTO `city_area` VALUES ('1849', '410381', '偃师市', '303', '410300', '洛阳市', '112.787739', '34.723042', '2019-11-24 12:59:28', '0');
INSERT INTO `city_area` VALUES ('185', '410400', '平顶山市', '202', '410000', '河南省', '113.307718', '33.735241', '2019-11-24 12:59:28', '0');
INSERT INTO `city_area` VALUES ('1850', '410402', '新华区', '303', '410400', '平顶山市', '113.299061', '33.737579', '2019-11-24 12:59:28', '0');
INSERT INTO `city_area` VALUES ('1851', '410403', '卫东区', '303', '410400', '平顶山市', '113.310327', '33.739285', '2019-11-24 12:59:28', '0');
INSERT INTO `city_area` VALUES ('1852', '410404', '石龙区', '303', '410400', '平顶山市', '112.889885', '33.901538', '2019-11-24 12:59:28', '0');
INSERT INTO `city_area` VALUES ('1853', '410411', '湛河区', '303', '410400', '平顶山市', '113.320873', '33.725681', '2019-11-24 12:59:28', '0');
INSERT INTO `city_area` VALUES ('1854', '410421', '宝丰县', '303', '410400', '平顶山市', '113.066812', '33.866359', '2019-11-24 12:59:28', '0');
INSERT INTO `city_area` VALUES ('1855', '410422', '叶县', '303', '410400', '平顶山市', '113.358298', '33.621252', '2019-11-24 12:59:28', '0');
INSERT INTO `city_area` VALUES ('1856', '410423', '鲁山县', '303', '410400', '平顶山市', '112.906703', '33.740325', '2019-11-24 12:59:28', '0');
INSERT INTO `city_area` VALUES ('1857', '410425', '郏县', '303', '410400', '平顶山市', '113.220451', '33.971993', '2019-11-24 12:59:28', '0');
INSERT INTO `city_area` VALUES ('1858', '410471', '平顶山高新技术产业开发区', '303', '410400', '平顶山市', '', '', '2019-11-24 12:59:28', '0');
INSERT INTO `city_area` VALUES ('1859', '410472', '平顶山市新城区', '303', '410400', '平顶山市', '', '', '2019-11-24 12:59:28', '0');
INSERT INTO `city_area` VALUES ('1860', '410481', '舞钢市', '303', '410400', '平顶山市', '113.52625', '33.302082', '2019-11-24 12:59:28', '0');
INSERT INTO `city_area` VALUES ('1861', '410482', '汝州市', '303', '410400', '平顶山市', '112.845336', '34.167408', '2019-11-24 12:59:28', '0');
INSERT INTO `city_area` VALUES ('186', '410500', '安阳市', '202', '410000', '河南省', '114.352482', '36.103442', '2019-11-24 12:59:28', '0');
INSERT INTO `city_area` VALUES ('1862', '410502', '文峰区', '303', '410500', '安阳市', '114.352562', '36.098101', '2019-11-24 12:59:28', '0');
INSERT INTO `city_area` VALUES ('1863', '410503', '北关区', '303', '410500', '安阳市', '114.352646', '36.10978', '2019-11-24 12:59:28', '0');
INSERT INTO `city_area` VALUES ('1864', '410505', '殷都区', '303', '410500', '安阳市', '114.300098', '36.108974', '2019-11-24 12:59:28', '0');
INSERT INTO `city_area` VALUES ('1865', '410506', '龙安区', '303', '410500', '安阳市', '114.323522', '36.095568', '2019-11-24 12:59:28', '0');
INSERT INTO `city_area` VALUES ('1866', '410522', '安阳县', '303', '410500', '安阳市', '114.130207', '36.130585', '2019-11-24 12:59:28', '0');
INSERT INTO `city_area` VALUES ('1867', '410523', '汤阴县', '303', '410500', '安阳市', '114.362357', '35.922349', '2019-11-24 12:59:28', '0');
INSERT INTO `city_area` VALUES ('1868', '410526', '滑县', '303', '410500', '安阳市', '114.524', '35.574628', '2019-11-24 12:59:28', '0');
INSERT INTO `city_area` VALUES ('1869', '410527', '内黄县', '303', '410500', '安阳市', '114.904582', '35.953702', '2019-11-24 12:59:28', '0');
INSERT INTO `city_area` VALUES ('1870', '410571', '安阳高新技术产业开发区', '303', '410500', '安阳市', '', '', '2019-11-24 12:59:28', '0');
INSERT INTO `city_area` VALUES ('1871', '410581', '林州市', '303', '410500', '安阳市', '113.823767', '36.063403', '2019-11-24 12:59:28', '0');
INSERT INTO `city_area` VALUES ('187', '410600', '鹤壁市', '202', '410000', '河南省', '114.295444', '35.748236', '2019-11-24 12:59:28', '0');
INSERT INTO `city_area` VALUES ('1872', '410602', '鹤山区', '303', '410600', '鹤壁市', '114.166551', '35.936128', '2019-11-24 12:59:28', '0');
INSERT INTO `city_area` VALUES ('1873', '410603', '山城区', '303', '410600', '鹤壁市', '114.184202', '35.896058', '2019-11-24 12:59:28', '0');
INSERT INTO `city_area` VALUES ('1874', '410611', '淇滨区', '303', '410600', '鹤壁市', '114.293917', '35.748382', '2019-11-24 12:59:28', '0');
INSERT INTO `city_area` VALUES ('1875', '410621', '浚县', '303', '410600', '鹤壁市', '114.550162', '35.671282', '2019-11-24 12:59:28', '0');
INSERT INTO `city_area` VALUES ('1876', '410622', '淇县', '303', '410600', '鹤壁市', '114.200379', '35.609478', '2019-11-24 12:59:28', '0');
INSERT INTO `city_area` VALUES ('1877', '410671', '鹤壁经济技术开发区', '303', '410600', '鹤壁市', '', '', '2019-11-24 12:59:28', '0');
INSERT INTO `city_area` VALUES ('188', '410700', '新乡市', '202', '410000', '河南省', '113.883991', '35.302616', '2019-11-24 12:59:28', '0');
INSERT INTO `city_area` VALUES ('1878', '410702', '红旗区', '303', '410700', '新乡市', '113.878158', '35.302684', '2019-11-24 12:59:28', '0');
INSERT INTO `city_area` VALUES ('1879', '410703', '卫滨区', '303', '410700', '新乡市', '113.866065', '35.304905', '2019-11-24 12:59:28', '0');
INSERT INTO `city_area` VALUES ('1880', '410704', '凤泉区', '303', '410700', '新乡市', '113.906712', '35.379855', '2019-11-24 12:59:28', '0');
INSERT INTO `city_area` VALUES ('1881', '410711', '牧野区', '303', '410700', '新乡市', '113.89716', '35.312974', '2019-11-24 12:59:28', '0');
INSERT INTO `city_area` VALUES ('1882', '410721', '新乡县', '303', '410700', '新乡市', '113.806186', '35.190021', '2019-11-24 12:59:28', '0');
INSERT INTO `city_area` VALUES ('1883', '410724', '获嘉县', '303', '410700', '新乡市', '113.657249', '35.261685', '2019-11-24 12:59:28', '0');
INSERT INTO `city_area` VALUES ('1884', '410725', '原阳县', '303', '410700', '新乡市', '113.965966', '35.054001', '2019-11-24 12:59:28', '0');
INSERT INTO `city_area` VALUES ('1885', '410726', '延津县', '303', '410700', '新乡市', '114.200982', '35.149515', '2019-11-24 12:59:28', '0');
INSERT INTO `city_area` VALUES ('1886', '410727', '封丘县', '303', '410700', '新乡市', '114.423405', '35.04057', '2019-11-24 12:59:28', '0');
INSERT INTO `city_area` VALUES ('1887', '410728', '长垣县', '303', '410700', '新乡市', '114.673807', '35.19615', '2019-11-24 12:59:28', '0');
INSERT INTO `city_area` VALUES ('1888', '410771', '新乡高新技术产业开发区', '303', '410700', '新乡市', '', '', '2019-11-24 12:59:28', '0');
INSERT INTO `city_area` VALUES ('1889', '410772', '新乡经济技术开发区', '303', '410700', '新乡市', '', '', '2019-11-24 12:59:28', '0');
INSERT INTO `city_area` VALUES ('1890', '410773', '新乡市平原城乡一体化示范区', '303', '410700', '新乡市', '', '', '2019-11-24 12:59:28', '0');
INSERT INTO `city_area` VALUES ('1891', '410781', '卫辉市', '303', '410700', '新乡市', '114.065855', '35.404295', '2019-11-24 12:59:28', '0');
INSERT INTO `city_area` VALUES ('1892', '410782', '辉县市', '303', '410700', '新乡市', '113.802518', '35.461318', '2019-11-24 12:59:28', '0');
INSERT INTO `city_area` VALUES ('189', '410800', '焦作市', '202', '410000', '河南省', '113.238266', '35.23904', '2019-11-24 12:59:28', '0');
INSERT INTO `city_area` VALUES ('1893', '410802', '解放区', '303', '410800', '焦作市', '113.226126', '35.241353', '2019-11-24 12:59:28', '0');
INSERT INTO `city_area` VALUES ('1894', '410803', '中站区', '303', '410800', '焦作市', '113.175485', '35.236145', '2019-11-24 12:59:28', '0');
INSERT INTO `city_area` VALUES ('1895', '410804', '马村区', '303', '410800', '焦作市', '113.321703', '35.265453', '2019-11-24 12:59:28', '0');
INSERT INTO `city_area` VALUES ('1896', '410811', '山阳区', '303', '410800', '焦作市', '113.26766', '35.21476', '2019-11-24 12:59:28', '0');
INSERT INTO `city_area` VALUES ('1897', '410821', '修武县', '303', '410800', '焦作市', '113.447465', '35.229923', '2019-11-24 12:59:28', '0');
INSERT INTO `city_area` VALUES ('1898', '410822', '博爱县', '303', '410800', '焦作市', '113.069313', '35.170351', '2019-11-24 12:59:28', '0');
INSERT INTO `city_area` VALUES ('1899', '410823', '武陟县', '303', '410800', '焦作市', '113.408334', '35.09885', '2019-11-24 12:59:28', '0');
INSERT INTO `city_area` VALUES ('1900', '410825', '温县', '303', '410800', '焦作市', '113.079118', '34.941233', '2019-11-24 12:59:28', '0');
INSERT INTO `city_area` VALUES ('1901', '410871', '焦作城乡一体化示范区', '303', '410800', '焦作市', '', '', '2019-11-24 12:59:28', '0');
INSERT INTO `city_area` VALUES ('1902', '410882', '沁阳市', '303', '410800', '焦作市', '112.934538', '35.08901', '2019-11-24 12:59:28', '0');
INSERT INTO `city_area` VALUES ('1903', '410883', '孟州市', '303', '410800', '焦作市', '112.78708', '34.90963', '2019-11-24 12:59:28', '0');
INSERT INTO `city_area` VALUES ('190', '410900', '濮阳市', '202', '410000', '河南省', '115.041299', '35.768234', '2019-11-24 12:59:28', '0');
INSERT INTO `city_area` VALUES ('1904', '410902', '华龙区', '303', '410900', '濮阳市', '115.03184', '35.760473', '2019-11-24 12:59:28', '0');
INSERT INTO `city_area` VALUES ('1905', '410922', '清丰县', '303', '410900', '濮阳市', '115.107287', '35.902413', '2019-11-24 12:59:28', '0');
INSERT INTO `city_area` VALUES ('1906', '410923', '南乐县', '303', '410900', '濮阳市', '115.204336', '36.075204', '2019-11-24 12:59:28', '0');
INSERT INTO `city_area` VALUES ('1907', '410926', '范县', '303', '410900', '濮阳市', '115.504212', '35.851977', '2019-11-24 12:59:28', '0');
INSERT INTO `city_area` VALUES ('1908', '410927', '台前县', '303', '410900', '濮阳市', '115.855681', '35.996474', '2019-11-24 12:59:28', '0');
INSERT INTO `city_area` VALUES ('1909', '410928', '濮阳县', '303', '410900', '濮阳市', '115.023844', '35.710349', '2019-11-24 12:59:28', '0');
INSERT INTO `city_area` VALUES ('1910', '410971', '河南濮阳工业园区', '303', '410900', '濮阳市', '', '', '2019-11-24 12:59:28', '0');
INSERT INTO `city_area` VALUES ('1911', '410972', '濮阳经济技术开发区', '303', '410900', '濮阳市', '', '', '2019-11-24 12:59:28', '0');
INSERT INTO `city_area` VALUES ('191', '411000', '许昌市', '202', '410000', '河南省', '113.826063', '34.022956', '2019-11-24 12:59:28', '0');
INSERT INTO `city_area` VALUES ('1912', '411002', '魏都区', '303', '411000', '许昌市', '113.828307', '34.02711', '2019-11-24 12:59:28', '0');
INSERT INTO `city_area` VALUES ('1913', '411003', '建安区', '303', '411000', '许昌市', '113.842898', '34.005018', '2019-11-24 12:59:28', '0');
INSERT INTO `city_area` VALUES ('1914', '411024', '鄢陵县', '303', '411000', '许昌市', '114.188507', '34.100502', '2019-11-24 12:59:28', '0');
INSERT INTO `city_area` VALUES ('1915', '411025', '襄城县', '303', '411000', '许昌市', '113.493166', '33.855943', '2019-11-24 12:59:28', '0');
INSERT INTO `city_area` VALUES ('1916', '411071', '许昌经济技术开发区', '303', '411000', '许昌市', '', '', '2019-11-24 12:59:28', '0');
INSERT INTO `city_area` VALUES ('1917', '411081', '禹州市', '303', '411000', '许昌市', '113.471316', '34.154403', '2019-11-24 12:59:28', '0');
INSERT INTO `city_area` VALUES ('1918', '411082', '长葛市', '303', '411000', '许昌市', '113.768912', '34.219257', '2019-11-24 12:59:28', '0');
INSERT INTO `city_area` VALUES ('192', '411100', '漯河市', '202', '410000', '河南省', '114.026405', '33.575855', '2019-11-24 12:59:28', '0');
INSERT INTO `city_area` VALUES ('1919', '411102', '源汇区', '303', '411100', '漯河市', '114.017948', '33.565441', '2019-11-24 12:59:28', '0');
INSERT INTO `city_area` VALUES ('1920', '411103', '郾城区', '303', '411100', '漯河市', '114.016813', '33.588897', '2019-11-24 12:59:28', '0');
INSERT INTO `city_area` VALUES ('1921', '411104', '召陵区', '303', '411100', '漯河市', '114.051686', '33.567555', '2019-11-24 12:59:28', '0');
INSERT INTO `city_area` VALUES ('1922', '411121', '舞阳县', '303', '411100', '漯河市', '113.610565', '33.436278', '2019-11-24 12:59:28', '0');
INSERT INTO `city_area` VALUES ('1923', '411122', '临颍县', '303', '411100', '漯河市', '113.938891', '33.80609', '2019-11-24 12:59:28', '0');
INSERT INTO `city_area` VALUES ('1924', '411171', '漯河经济技术开发区', '303', '411100', '漯河市', '', '', '2019-11-24 12:59:28', '0');
INSERT INTO `city_area` VALUES ('193', '411200', '三门峡市', '202', '410000', '河南省', '111.194099', '34.777338', '2019-11-24 12:59:28', '0');
INSERT INTO `city_area` VALUES ('1925', '411202', '湖滨区', '303', '411200', '三门峡市', '111.19487', '34.77812', '2019-11-24 12:59:28', '0');
INSERT INTO `city_area` VALUES ('1926', '411203', '陕州区', '303', '411200', '三门峡市', '111.103851', '34.720244', '2019-11-24 12:59:28', '0');
INSERT INTO `city_area` VALUES ('1927', '411221', '渑池县', '303', '411200', '三门峡市', '111.762992', '34.763487', '2019-11-24 12:59:28', '0');
INSERT INTO `city_area` VALUES ('1928', '411224', '卢氏县', '303', '411200', '三门峡市', '111.052649', '34.053995', '2019-11-24 12:59:28', '0');
INSERT INTO `city_area` VALUES ('1929', '411271', '河南三门峡经济开发区', '303', '411200', '三门峡市', '', '', '2019-11-24 12:59:28', '0');
INSERT INTO `city_area` VALUES ('1930', '411281', '义马市', '303', '411200', '三门峡市', '111.869417', '34.746868', '2019-11-24 12:59:28', '0');
INSERT INTO `city_area` VALUES ('1931', '411282', '灵宝市', '303', '411200', '三门峡市', '110.88577', '34.521264', '2019-11-24 12:59:28', '0');
INSERT INTO `city_area` VALUES ('194', '411300', '南阳市', '202', '410000', '河南省', '112.540918', '32.999082', '2019-11-24 12:59:28', '0');
INSERT INTO `city_area` VALUES ('1932', '411302', '宛城区', '303', '411300', '南阳市', '112.544591', '32.994857', '2019-11-24 12:59:28', '0');
INSERT INTO `city_area` VALUES ('1933', '411303', '卧龙区', '303', '411300', '南阳市', '112.528789', '32.989877', '2019-11-24 12:59:28', '0');
INSERT INTO `city_area` VALUES ('1934', '411321', '南召县', '303', '411300', '南阳市', '112.435583', '33.488617', '2019-11-24 12:59:28', '0');
INSERT INTO `city_area` VALUES ('1935', '411322', '方城县', '303', '411300', '南阳市', '113.010933', '33.255138', '2019-11-24 12:59:28', '0');
INSERT INTO `city_area` VALUES ('1936', '411323', '西峡县', '303', '411300', '南阳市', '111.485772', '33.302981', '2019-11-24 12:59:28', '0');
INSERT INTO `city_area` VALUES ('1937', '411324', '镇平县', '303', '411300', '南阳市', '112.232722', '33.036651', '2019-11-24 12:59:28', '0');
INSERT INTO `city_area` VALUES ('1938', '411325', '内乡县', '303', '411300', '南阳市', '111.843801', '33.046358', '2019-11-24 12:59:28', '0');
INSERT INTO `city_area` VALUES ('1939', '411326', '淅川县', '303', '411300', '南阳市', '111.489026', '33.136106', '2019-11-24 12:59:28', '0');
INSERT INTO `city_area` VALUES ('1940', '411327', '社旗县', '303', '411300', '南阳市', '112.938279', '33.056126', '2019-11-24 12:59:28', '0');
INSERT INTO `city_area` VALUES ('1941', '411328', '唐河县', '303', '411300', '南阳市', '112.838492', '32.687892', '2019-11-24 12:59:28', '0');
INSERT INTO `city_area` VALUES ('1942', '411329', '新野县', '303', '411300', '南阳市', '112.365624', '32.524006', '2019-11-24 12:59:28', '0');
INSERT INTO `city_area` VALUES ('1943', '411330', '桐柏县', '303', '411300', '南阳市', '113.406059', '32.367153', '2019-11-24 12:59:28', '0');
INSERT INTO `city_area` VALUES ('1944', '411371', '南阳高新技术产业开发区', '303', '411300', '南阳市', '', '', '2019-11-24 12:59:28', '0');
INSERT INTO `city_area` VALUES ('1945', '411372', '南阳市城乡一体化示范区', '303', '411300', '南阳市', '', '', '2019-11-24 12:59:28', '0');
INSERT INTO `city_area` VALUES ('1946', '411381', '邓州市', '303', '411300', '南阳市', '112.092716', '32.681642', '2019-11-24 12:59:28', '0');
INSERT INTO `city_area` VALUES ('195', '411400', '商丘市', '202', '410000', '河南省', '115.650497', '34.437054', '2019-11-24 12:59:28', '0');
INSERT INTO `city_area` VALUES ('1947', '411402', '梁园区', '303', '411400', '商丘市', '115.65459', '34.436553', '2019-11-24 12:59:28', '0');
INSERT INTO `city_area` VALUES ('1948', '411403', '睢阳区', '303', '411400', '商丘市', '115.653813', '34.390536', '2019-11-24 12:59:28', '0');
INSERT INTO `city_area` VALUES ('1949', '411421', '民权县', '303', '411400', '商丘市', '115.148146', '34.648455', '2019-11-24 12:59:28', '0');
INSERT INTO `city_area` VALUES ('1950', '411422', '睢县', '303', '411400', '商丘市', '115.070109', '34.428433', '2019-11-24 12:59:28', '0');
INSERT INTO `city_area` VALUES ('1951', '411423', '宁陵县', '303', '411400', '商丘市', '115.320055', '34.449299', '2019-11-24 12:59:28', '0');
INSERT INTO `city_area` VALUES ('1952', '411424', '柘城县', '303', '411400', '商丘市', '115.307433', '34.075277', '2019-11-24 12:59:28', '0');
INSERT INTO `city_area` VALUES ('1953', '411425', '虞城县', '303', '411400', '商丘市', '115.863811', '34.399634', '2019-11-24 12:59:28', '0');
INSERT INTO `city_area` VALUES ('1954', '411426', '夏邑县', '303', '411400', '商丘市', '116.13989', '34.240894', '2019-11-24 12:59:28', '0');
INSERT INTO `city_area` VALUES ('1955', '411471', '豫东综合物流产业聚集区', '303', '411400', '商丘市', '', '', '2019-11-24 12:59:28', '0');
INSERT INTO `city_area` VALUES ('1956', '411472', '河南商丘经济开发区', '303', '411400', '商丘市', '', '', '2019-11-24 12:59:28', '0');
INSERT INTO `city_area` VALUES ('1957', '411481', '永城市', '303', '411400', '商丘市', '116.449672', '33.931318', '2019-11-24 12:59:28', '0');
INSERT INTO `city_area` VALUES ('196', '411500', '信阳市', '202', '410000', '河南省', '114.075031', '32.123274', '2019-11-24 12:59:28', '0');
INSERT INTO `city_area` VALUES ('1958', '411502', '浉河区', '303', '411500', '信阳市', '114.075031', '32.123274', '2019-11-24 12:59:28', '0');
INSERT INTO `city_area` VALUES ('1959', '411503', '平桥区', '303', '411500', '信阳市', '114.126027', '32.098395', '2019-11-24 12:59:28', '0');
INSERT INTO `city_area` VALUES ('1960', '411521', '罗山县', '303', '411500', '信阳市', '114.533414', '32.203206', '2019-11-24 12:59:28', '0');
INSERT INTO `city_area` VALUES ('1961', '411522', '光山县', '303', '411500', '信阳市', '114.903577', '32.010398', '2019-11-24 12:59:28', '0');
INSERT INTO `city_area` VALUES ('1962', '411523', '新县', '303', '411500', '信阳市', '114.87705', '31.63515', '2019-11-24 12:59:28', '0');
INSERT INTO `city_area` VALUES ('1963', '411524', '商城县', '303', '411500', '信阳市', '115.406297', '31.799982', '2019-11-24 12:59:28', '0');
INSERT INTO `city_area` VALUES ('1964', '411525', '固始县', '303', '411500', '信阳市', '115.667328', '32.183074', '2019-11-24 12:59:28', '0');
INSERT INTO `city_area` VALUES ('1965', '411526', '潢川县', '303', '411500', '信阳市', '115.050123', '32.134024', '2019-11-24 12:59:28', '0');
INSERT INTO `city_area` VALUES ('1966', '411527', '淮滨县', '303', '411500', '信阳市', '115.415451', '32.452639', '2019-11-24 12:59:28', '0');
INSERT INTO `city_area` VALUES ('1967', '411528', '息县', '303', '411500', '信阳市', '114.740713', '32.344744', '2019-11-24 12:59:28', '0');
INSERT INTO `city_area` VALUES ('1968', '411571', '信阳高新技术产业开发区', '303', '411500', '信阳市', '', '', '2019-11-24 12:59:28', '0');
INSERT INTO `city_area` VALUES ('197', '411600', '周口市', '202', '410000', '河南省', '114.649653', '33.620357', '2019-11-24 12:59:28', '0');
INSERT INTO `city_area` VALUES ('1969', '411602', '川汇区', '303', '411600', '周口市', '114.652136', '33.614836', '2019-11-24 12:59:28', '0');
INSERT INTO `city_area` VALUES ('1970', '411621', '扶沟县', '303', '411600', '周口市', '114.392008', '34.054061', '2019-11-24 12:59:28', '0');
INSERT INTO `city_area` VALUES ('1971', '411622', '西华县', '303', '411600', '周口市', '114.530067', '33.784378', '2019-11-24 12:59:28', '0');
INSERT INTO `city_area` VALUES ('1972', '411623', '商水县', '303', '411600', '周口市', '114.60927', '33.543845', '2019-11-24 12:59:28', '0');
INSERT INTO `city_area` VALUES ('1973', '411624', '沈丘县', '303', '411600', '周口市', '115.078375', '33.395514', '2019-11-24 12:59:28', '0');
INSERT INTO `city_area` VALUES ('1974', '411625', '郸城县', '303', '411600', '周口市', '115.189', '33.643852', '2019-11-24 12:59:28', '0');
INSERT INTO `city_area` VALUES ('1975', '411626', '淮阳县', '303', '411600', '周口市', '114.870166', '33.732547', '2019-11-24 12:59:28', '0');
INSERT INTO `city_area` VALUES ('1976', '411627', '太康县', '303', '411600', '周口市', '114.853834', '34.065312', '2019-11-24 12:59:28', '0');
INSERT INTO `city_area` VALUES ('1977', '411628', '鹿邑县', '303', '411600', '周口市', '115.486386', '33.861067', '2019-11-24 12:59:28', '0');
INSERT INTO `city_area` VALUES ('1978', '411671', '河南周口经济开发区', '303', '411600', '周口市', '', '', '2019-11-24 12:59:28', '0');
INSERT INTO `city_area` VALUES ('1979', '411681', '项城市', '303', '411600', '周口市', '114.899521', '33.443085', '2019-11-24 12:59:28', '0');
INSERT INTO `city_area` VALUES ('198', '411700', '驻马店市', '202', '410000', '河南省', '114.024736', '32.980169', '2019-11-24 12:59:28', '0');
INSERT INTO `city_area` VALUES ('1980', '411702', '驿城区', '303', '411700', '驻马店市', '114.029149', '32.977559', '2019-11-24 12:59:28', '0');
INSERT INTO `city_area` VALUES ('1981', '411721', '西平县', '303', '411700', '驻马店市', '114.026864', '33.382315', '2019-11-24 12:59:28', '0');
INSERT INTO `city_area` VALUES ('1982', '411722', '上蔡县', '303', '411700', '驻马店市', '114.266892', '33.264719', '2019-11-24 12:59:28', '0');
INSERT INTO `city_area` VALUES ('1983', '411723', '平舆县', '303', '411700', '驻马店市', '114.637105', '32.955626', '2019-11-24 12:59:28', '0');
INSERT INTO `city_area` VALUES ('1984', '411724', '正阳县', '303', '411700', '驻马店市', '114.38948', '32.601826', '2019-11-24 12:59:28', '0');
INSERT INTO `city_area` VALUES ('1985', '411725', '确山县', '303', '411700', '驻马店市', '114.026679', '32.801538', '2019-11-24 12:59:28', '0');
INSERT INTO `city_area` VALUES ('1986', '411726', '泌阳县', '303', '411700', '驻马店市', '113.32605', '32.725129', '2019-11-24 12:59:28', '0');
INSERT INTO `city_area` VALUES ('1987', '411727', '汝南县', '303', '411700', '驻马店市', '114.359495', '33.004535', '2019-11-24 12:59:28', '0');
INSERT INTO `city_area` VALUES ('1988', '411728', '遂平县', '303', '411700', '驻马店市', '114.00371', '33.14698', '2019-11-24 12:59:28', '0');
INSERT INTO `city_area` VALUES ('1989', '411729', '新蔡县', '303', '411700', '驻马店市', '114.975246', '32.749948', '2019-11-24 12:59:28', '0');
INSERT INTO `city_area` VALUES ('1990', '411771', '河南驻马店经济开发区', '303', '411700', '驻马店市', '', '', '2019-11-24 12:59:28', '0');
INSERT INTO `city_area` VALUES ('199', '419000', '省直辖县级行政区划', '202', '410000', '河南省', '', '', '2019-11-24 12:59:28', '0');
INSERT INTO `city_area` VALUES ('1991', '419001', '济源市', '303', '419000', '省直辖县级行政区划', '112.509', '35.0243', '2019-11-24 12:59:28', '0');
INSERT INTO `city_area` VALUES ('17', '420000', '湖北省', '101', '0', '中国', '114.298572', '30.584355', '2019-11-24 12:59:28', '0');
INSERT INTO `city_area` VALUES ('200', '420100', '武汉市', '202', '420000', '湖北省', '114.298572', '30.584355', '2019-11-24 12:59:28', '0');
INSERT INTO `city_area` VALUES ('1992', '420102', '江岸区', '303', '420100', '武汉市', '114.30304', '30.594911', '2019-11-24 12:59:28', '0');
INSERT INTO `city_area` VALUES ('1993', '420103', '江汉区', '303', '420100', '武汉市', '114.283109', '30.578771', '2019-11-24 12:59:28', '0');
INSERT INTO `city_area` VALUES ('1994', '420104', '硚口区', '303', '420100', '武汉市', '114.264568', '30.57061', '2019-11-24 12:59:28', '0');
INSERT INTO `city_area` VALUES ('1995', '420105', '汉阳区', '303', '420100', '武汉市', '114.265807', '30.549326', '2019-11-24 12:59:28', '0');
INSERT INTO `city_area` VALUES ('1996', '420106', '武昌区', '303', '420100', '武汉市', '114.307344', '30.546536', '2019-11-24 12:59:28', '0');
INSERT INTO `city_area` VALUES ('1997', '420107', '青山区', '303', '420100', '武汉市', '114.39707', '30.634215', '2019-11-24 12:59:28', '0');
INSERT INTO `city_area` VALUES ('1998', '420111', '洪山区', '303', '420100', '武汉市', '114.400718', '30.504259', '2019-11-24 12:59:28', '0');
INSERT INTO `city_area` VALUES ('1999', '420112', '东西湖区', '303', '420100', '武汉市', '114.142483', '30.622467', '2019-11-24 12:59:28', '0');
INSERT INTO `city_area` VALUES ('2000', '420113', '汉南区', '303', '420100', '武汉市', '114.08124', '30.309637', '2019-11-24 12:59:28', '0');
INSERT INTO `city_area` VALUES ('2001', '420114', '蔡甸区', '303', '420100', '武汉市', '114.029341', '30.582186', '2019-11-24 12:59:28', '0');
INSERT INTO `city_area` VALUES ('2002', '420115', '江夏区', '303', '420100', '武汉市', '114.313961', '30.349045', '2019-11-24 12:59:28', '0');
INSERT INTO `city_area` VALUES ('2003', '420116', '黄陂区', '303', '420100', '武汉市', '114.374025', '30.874155', '2019-11-24 12:59:28', '0');
INSERT INTO `city_area` VALUES ('2004', '420117', '新洲区', '303', '420100', '武汉市', '114.802108', '30.842149', '2019-11-24 12:59:28', '0');
INSERT INTO `city_area` VALUES ('201', '420200', '黄石市', '202', '420000', '湖北省', '115.077048', '30.220074', '2019-11-24 12:59:28', '0');
INSERT INTO `city_area` VALUES ('2005', '420202', '黄石港区', '303', '420200', '黄石市', '115.090164', '30.212086', '2019-11-24 12:59:28', '0');
INSERT INTO `city_area` VALUES ('2006', '420203', '西塞山区', '303', '420200', '黄石市', '115.093354', '30.205365', '2019-11-24 12:59:28', '0');
INSERT INTO `city_area` VALUES ('2007', '420204', '下陆区', '303', '420200', '黄石市', '114.975755', '30.177845', '2019-11-24 12:59:28', '0');
INSERT INTO `city_area` VALUES ('2008', '420205', '铁山区', '303', '420200', '黄石市', '114.901366', '30.20601', '2019-11-24 12:59:28', '0');
INSERT INTO `city_area` VALUES ('2009', '420222', '阳新县', '303', '420200', '黄石市', '115.212883', '29.841572', '2019-11-24 12:59:28', '0');
INSERT INTO `city_area` VALUES ('2010', '420281', '大冶市', '303', '420200', '黄石市', '114.974842', '30.098804', '2019-11-24 12:59:28', '0');
INSERT INTO `city_area` VALUES ('202', '420300', '十堰市', '202', '420000', '湖北省', '110.787916', '32.646907', '2019-11-24 12:59:28', '0');
INSERT INTO `city_area` VALUES ('2011', '420302', '茅箭区', '303', '420300', '十堰市', '110.78621', '32.644463', '2019-11-24 12:59:28', '0');
INSERT INTO `city_area` VALUES ('2012', '420303', '张湾区', '303', '420300', '十堰市', '110.772365', '32.652516', '2019-11-24 12:59:28', '0');
INSERT INTO `city_area` VALUES ('2013', '420304', '郧阳区', '303', '420300', '十堰市', '110.812099', '32.838267', '2019-11-24 12:59:28', '0');
INSERT INTO `city_area` VALUES ('2014', '420322', '郧西县', '303', '420300', '十堰市', '110.426472', '32.991457', '2019-11-24 12:59:28', '0');
INSERT INTO `city_area` VALUES ('2015', '420323', '竹山县', '303', '420300', '十堰市', '110.2296', '32.22586', '2019-11-24 12:59:28', '0');
INSERT INTO `city_area` VALUES ('2016', '420324', '竹溪县', '303', '420300', '十堰市', '109.717196', '32.315342', '2019-11-24 12:59:28', '0');
INSERT INTO `city_area` VALUES ('2017', '420325', '房县', '303', '420300', '十堰市', '110.741966', '32.055002', '2019-11-24 12:59:28', '0');
INSERT INTO `city_area` VALUES ('2018', '420381', '丹江口市', '303', '420300', '十堰市', '111.513793', '32.538839', '2019-11-24 12:59:28', '0');
INSERT INTO `city_area` VALUES ('203', '420500', '宜昌市', '202', '420000', '湖北省', '111.290843', '30.702636', '2019-11-24 12:59:28', '0');
INSERT INTO `city_area` VALUES ('2019', '420502', '西陵区', '303', '420500', '宜昌市', '111.295468', '30.702476', '2019-11-24 12:59:28', '0');
INSERT INTO `city_area` VALUES ('2020', '420503', '伍家岗区', '303', '420500', '宜昌市', '111.307215', '30.679053', '2019-11-24 12:59:28', '0');
INSERT INTO `city_area` VALUES ('2021', '420504', '点军区', '303', '420500', '宜昌市', '111.268163', '30.692322', '2019-11-24 12:59:28', '0');
INSERT INTO `city_area` VALUES ('2022', '420505', '猇亭区', '303', '420500', '宜昌市', '111.427642', '30.530744', '2019-11-24 12:59:28', '0');
INSERT INTO `city_area` VALUES ('2023', '420506', '夷陵区', '303', '420500', '宜昌市', '111.326747', '30.770199', '2019-11-24 12:59:28', '0');
INSERT INTO `city_area` VALUES ('2024', '420525', '远安县', '303', '420500', '宜昌市', '111.64331', '31.059626', '2019-11-24 12:59:28', '0');
INSERT INTO `city_area` VALUES ('2025', '420526', '兴山县', '303', '420500', '宜昌市', '110.754499', '31.34795', '2019-11-24 12:59:28', '0');
INSERT INTO `city_area` VALUES ('2026', '420527', '秭归县', '303', '420500', '宜昌市', '110.976785', '30.823908', '2019-11-24 12:59:28', '0');
INSERT INTO `city_area` VALUES ('2027', '420528', '长阳土家族自治县', '303', '420500', '宜昌市', '111.198475', '30.466534', '2019-11-24 12:59:28', '0');
INSERT INTO `city_area` VALUES ('2028', '420529', '五峰土家族自治县', '303', '420500', '宜昌市', '110.674938', '30.199252', '2019-11-24 12:59:28', '0');
INSERT INTO `city_area` VALUES ('2029', '420581', '宜都市', '303', '420500', '宜昌市', '111.454367', '30.387234', '2019-11-24 12:59:28', '0');
INSERT INTO `city_area` VALUES ('2030', '420582', '当阳市', '303', '420500', '宜昌市', '111.793419', '30.824492', '2019-11-24 12:59:28', '0');
INSERT INTO `city_area` VALUES ('2031', '420583', '枝江市', '303', '420500', '宜昌市', '111.751799', '30.425364', '2019-11-24 12:59:28', '0');
INSERT INTO `city_area` VALUES ('204', '420600', '襄阳市', '202', '420000', '湖北省', '112.144146', '32.042426', '2019-11-24 12:59:28', '0');
INSERT INTO `city_area` VALUES ('2032', '420602', '襄城区', '303', '420600', '襄阳市', '112.150327', '32.015088', '2019-11-24 12:59:28', '0');
INSERT INTO `city_area` VALUES ('2033', '420606', '樊城区', '303', '420600', '襄阳市', '112.13957', '32.058589', '2019-11-24 12:59:28', '0');
INSERT INTO `city_area` VALUES ('2034', '420607', '襄州区', '303', '420600', '襄阳市', '112.197378', '32.085517', '2019-11-24 12:59:28', '0');
INSERT INTO `city_area` VALUES ('2035', '420624', '南漳县', '303', '420600', '襄阳市', '111.844424', '31.77692', '2019-11-24 12:59:28', '0');
INSERT INTO `city_area` VALUES ('2036', '420625', '谷城县', '303', '420600', '襄阳市', '111.640147', '32.262676', '2019-11-24 12:59:28', '0');
INSERT INTO `city_area` VALUES ('2037', '420626', '保康县', '303', '420600', '襄阳市', '111.262235', '31.873507', '2019-11-24 12:59:28', '0');
INSERT INTO `city_area` VALUES ('2038', '420682', '老河口市', '303', '420600', '襄阳市', '111.675732', '32.385438', '2019-11-24 12:59:28', '0');
INSERT INTO `city_area` VALUES ('2039', '420683', '枣阳市', '303', '420600', '襄阳市', '112.765268', '32.123083', '2019-11-24 12:59:28', '0');
INSERT INTO `city_area` VALUES ('2040', '420684', '宜城市', '303', '420600', '襄阳市', '112.261441', '31.709203', '2019-11-24 12:59:28', '0');
INSERT INTO `city_area` VALUES ('205', '420700', '鄂州市', '202', '420000', '湖北省', '114.890593', '30.396536', '2019-11-24 12:59:28', '0');
INSERT INTO `city_area` VALUES ('2041', '420702', '梁子湖区', '303', '420700', '鄂州市', '114.681967', '30.098191', '2019-11-24 12:59:28', '0');
INSERT INTO `city_area` VALUES ('2042', '420703', '华容区', '303', '420700', '鄂州市', '114.74148', '30.534468', '2019-11-24 12:59:28', '0');
INSERT INTO `city_area` VALUES ('2043', '420704', '鄂城区', '303', '420700', '鄂州市', '114.890012', '30.39669', '2019-11-24 12:59:28', '0');
INSERT INTO `city_area` VALUES ('206', '420800', '荆门市', '202', '420000', '湖北省', '112.204251', '31.03542', '2019-11-24 12:59:28', '0');
INSERT INTO `city_area` VALUES ('2044', '420802', '东宝区', '303', '420800', '荆门市', '112.204804', '31.033461', '2019-11-24 12:59:28', '0');
INSERT INTO `city_area` VALUES ('2045', '420804', '掇刀区', '303', '420800', '荆门市', '112.198413', '30.980798', '2019-11-24 12:59:28', '0');
INSERT INTO `city_area` VALUES ('2046', '420821', '京山县', '303', '420800', '荆门市', '113.114595', '31.022458', '2019-11-24 12:59:28', '0');
INSERT INTO `city_area` VALUES ('2047', '420822', '沙洋县', '303', '420800', '荆门市', '112.595218', '30.70359', '2019-11-24 12:59:28', '0');
INSERT INTO `city_area` VALUES ('2048', '420881', '钟祥市', '303', '420800', '荆门市', '112.587267', '31.165573', '2019-11-24 12:59:28', '0');
INSERT INTO `city_area` VALUES ('207', '420900', '孝感市', '202', '420000', '湖北省', '113.926655', '30.926423', '2019-11-24 12:59:28', '0');
INSERT INTO `city_area` VALUES ('2049', '420902', '孝南区', '303', '420900', '孝感市', '113.925849', '30.925966', '2019-11-24 12:59:28', '0');
INSERT INTO `city_area` VALUES ('2050', '420921', '孝昌县', '303', '420900', '孝感市', '113.988964', '31.251618', '2019-11-24 12:59:28', '0');
INSERT INTO `city_area` VALUES ('2051', '420922', '大悟县', '303', '420900', '孝感市', '114.126249', '31.565483', '2019-11-24 12:59:28', '0');
INSERT INTO `city_area` VALUES ('2052', '420923', '云梦县', '303', '420900', '孝感市', '113.750616', '31.021691', '2019-11-24 12:59:28', '0');
INSERT INTO `city_area` VALUES ('2053', '420981', '应城市', '303', '420900', '孝感市', '113.573842', '30.939038', '2019-11-24 12:59:28', '0');
INSERT INTO `city_area` VALUES ('2054', '420982', '安陆市', '303', '420900', '孝感市', '113.690401', '31.26174', '2019-11-24 12:59:28', '0');
INSERT INTO `city_area` VALUES ('2055', '420984', '汉川市', '303', '420900', '孝感市', '113.835301', '30.652165', '2019-11-24 12:59:28', '0');
INSERT INTO `city_area` VALUES ('208', '421000', '荆州市', '202', '420000', '湖北省', '112.23813', '30.326857', '2019-11-24 12:59:28', '0');
INSERT INTO `city_area` VALUES ('2056', '421002', '沙市区', '303', '421000', '荆州市', '112.257433', '30.315895', '2019-11-24 12:59:28', '0');
INSERT INTO `city_area` VALUES ('2057', '421003', '荆州区', '303', '421000', '荆州市', '112.195354', '30.350674', '2019-11-24 12:59:28', '0');
INSERT INTO `city_area` VALUES ('2058', '421022', '公安县', '303', '421000', '荆州市', '112.230179', '30.059065', '2019-11-24 12:59:28', '0');
INSERT INTO `city_area` VALUES ('2059', '421023', '监利县', '303', '421000', '荆州市', '112.904344', '29.820079', '2019-11-24 12:59:28', '0');
INSERT INTO `city_area` VALUES ('2060', '421024', '江陵县', '303', '421000', '荆州市', '112.41735', '30.033919', '2019-11-24 12:59:28', '0');
INSERT INTO `city_area` VALUES ('2061', '421071', '荆州经济技术开发区', '303', '421000', '荆州市', '', '', '2019-11-24 12:59:28', '0');
INSERT INTO `city_area` VALUES ('2062', '421081', '石首市', '303', '421000', '荆州市', '112.40887', '29.716437', '2019-11-24 12:59:28', '0');
INSERT INTO `city_area` VALUES ('2063', '421083', '洪湖市', '303', '421000', '荆州市', '113.470304', '29.81297', '2019-11-24 12:59:28', '0');
INSERT INTO `city_area` VALUES ('2064', '421087', '松滋市', '303', '421000', '荆州市', '111.77818', '30.176037', '2019-11-24 12:59:28', '0');
INSERT INTO `city_area` VALUES ('209', '421100', '黄冈市', '202', '420000', '湖北省', '114.879365', '30.447711', '2019-11-24 12:59:28', '0');
INSERT INTO `city_area` VALUES ('2065', '421102', '黄州区', '303', '421100', '黄冈市', '114.878934', '30.447435', '2019-11-24 12:59:28', '0');
INSERT INTO `city_area` VALUES ('2066', '421121', '团风县', '303', '421100', '黄冈市', '114.872029', '30.63569', '2019-11-24 12:59:28', '0');
INSERT INTO `city_area` VALUES ('2067', '421122', '红安县', '303', '421100', '黄冈市', '114.615095', '31.284777', '2019-11-24 12:59:28', '0');
INSERT INTO `city_area` VALUES ('2068', '421123', '罗田县', '303', '421100', '黄冈市', '115.398984', '30.781679', '2019-11-24 12:59:28', '0');
INSERT INTO `city_area` VALUES ('2069', '421124', '英山县', '303', '421100', '黄冈市', '115.67753', '30.735794', '2019-11-24 12:59:28', '0');
INSERT INTO `city_area` VALUES ('2070', '421125', '浠水县', '303', '421100', '黄冈市', '115.26344', '30.454837', '2019-11-24 12:59:28', '0');
INSERT INTO `city_area` VALUES ('2071', '421126', '蕲春县', '303', '421100', '黄冈市', '115.433964', '30.234927', '2019-11-24 12:59:28', '0');
INSERT INTO `city_area` VALUES ('2072', '421127', '黄梅县', '303', '421100', '黄冈市', '115.942548', '30.075113', '2019-11-24 12:59:28', '0');
INSERT INTO `city_area` VALUES ('2073', '421171', '龙感湖管理区', '303', '421100', '黄冈市', '', '', '2019-11-24 12:59:28', '0');
INSERT INTO `city_area` VALUES ('2074', '421181', '麻城市', '303', '421100', '黄冈市', '115.02541', '31.177906', '2019-11-24 12:59:28', '0');
INSERT INTO `city_area` VALUES ('2075', '421182', '武穴市', '303', '421100', '黄冈市', '115.56242', '29.849342', '2019-11-24 12:59:28', '0');
INSERT INTO `city_area` VALUES ('210', '421200', '咸宁市', '202', '420000', '湖北省', '114.328963', '29.832798', '2019-11-24 12:59:28', '0');
INSERT INTO `city_area` VALUES ('2076', '421202', '咸安区', '303', '421200', '咸宁市', '114.333894', '29.824716', '2019-11-24 12:59:28', '0');
INSERT INTO `city_area` VALUES ('2077', '421221', '嘉鱼县', '303', '421200', '咸宁市', '113.921547', '29.973363', '2019-11-24 12:59:28', '0');
INSERT INTO `city_area` VALUES ('2078', '421222', '通城县', '303', '421200', '咸宁市', '113.814131', '29.246076', '2019-11-24 12:59:28', '0');
INSERT INTO `city_area` VALUES ('2079', '421223', '崇阳县', '303', '421200', '咸宁市', '114.049958', '29.54101', '2019-11-24 12:59:28', '0');
INSERT INTO `city_area` VALUES ('2080', '421224', '通山县', '303', '421200', '咸宁市', '114.493163', '29.604455', '2019-11-24 12:59:28', '0');
INSERT INTO `city_area` VALUES ('2081', '421281', '赤壁市', '303', '421200', '咸宁市', '113.88366', '29.716879', '2019-11-24 12:59:28', '0');
INSERT INTO `city_area` VALUES ('211', '421300', '随州市', '202', '420000', '湖北省', '113.37377', '31.717497', '2019-11-24 12:59:28', '0');
INSERT INTO `city_area` VALUES ('2082', '421303', '曾都区', '303', '421300', '随州市', '113.374519', '31.717521', '2019-11-24 12:59:28', '0');
INSERT INTO `city_area` VALUES ('2083', '421321', '随县', '303', '421300', '随州市', '113.301384', '31.854246', '2019-11-24 12:59:28', '0');
INSERT INTO `city_area` VALUES ('2084', '421381', '广水市', '303', '421300', '随州市', '113.826601', '31.617731', '2019-11-24 12:59:28', '0');
INSERT INTO `city_area` VALUES ('212', '422800', '恩施土家族苗族自治州', '202', '420000', '湖北省', '109.48699', '30.283114', '2019-11-24 12:59:28', '0');
INSERT INTO `city_area` VALUES ('2085', '422801', '恩施市', '303', '422800', '恩施土家族苗族自治州', '109.486761', '30.282406', '2019-11-24 12:59:28', '0');
INSERT INTO `city_area` VALUES ('2086', '422802', '利川市', '303', '422800', '恩施土家族苗族自治州', '108.943491', '30.294247', '2019-11-24 12:59:28', '0');
INSERT INTO `city_area` VALUES ('2087', '422822', '建始县', '303', '422800', '恩施土家族苗族自治州', '109.723822', '30.601632', '2019-11-24 12:59:28', '0');
INSERT INTO `city_area` VALUES ('2088', '422823', '巴东县', '303', '422800', '恩施土家族苗族自治州', '110.336665', '31.041403', '2019-11-24 12:59:28', '0');
INSERT INTO `city_area` VALUES ('2089', '422825', '宣恩县', '303', '422800', '恩施土家族苗族自治州', '109.482819', '29.98867', '2019-11-24 12:59:28', '0');
INSERT INTO `city_area` VALUES ('2090', '422826', '咸丰县', '303', '422800', '恩施土家族苗族自治州', '109.15041', '29.678967', '2019-11-24 12:59:28', '0');
INSERT INTO `city_area` VALUES ('2091', '422827', '来凤县', '303', '422800', '恩施土家族苗族自治州', '109.408328', '29.506945', '2019-11-24 12:59:28', '0');
INSERT INTO `city_area` VALUES ('2092', '422828', '鹤峰县', '303', '422800', '恩施土家族苗族自治州', '110.033699', '29.887298', '2019-11-24 12:59:28', '0');
INSERT INTO `city_area` VALUES ('213', '429000', '省直辖县级行政区划', '202', '420000', '湖北省', '', '', '2019-11-24 12:59:28', '0');
INSERT INTO `city_area` VALUES ('2093', '429004', '仙桃市', '303', '429000', '省直辖县级行政区划', '113.207', '30.3395', '2019-11-24 12:59:28', '0');
INSERT INTO `city_area` VALUES ('2094', '429005', '潜江市', '303', '429000', '省直辖县级行政区划', '112.626', '30.6203', '2019-11-24 12:59:28', '0');
INSERT INTO `city_area` VALUES ('2095', '429006', '天门市', '303', '429000', '省直辖县级行政区划', '112.801', '30.5529', '2019-11-24 12:59:28', '0');
INSERT INTO `city_area` VALUES ('2096', '429021', '神农架林区', '303', '429000', '省直辖县级行政区划', '110.763', '31.677', '2019-11-24 12:59:28', '0');
INSERT INTO `city_area` VALUES ('18', '430000', '湖南省', '101', '0', '中国', '112.982279', '28.19409', '2019-11-24 12:59:28', '0');
INSERT INTO `city_area` VALUES ('214', '430100', '长沙市', '202', '430000', '湖南省', '112.982279', '28.19409', '2019-11-24 12:59:28', '0');
INSERT INTO `city_area` VALUES ('2097', '430102', '芙蓉区', '303', '430100', '长沙市', '112.988094', '28.193106', '2019-11-24 12:59:28', '0');
INSERT INTO `city_area` VALUES ('2098', '430103', '天心区', '303', '430100', '长沙市', '112.97307', '28.192375', '2019-11-24 12:59:28', '0');
INSERT INTO `city_area` VALUES ('2099', '430104', '岳麓区', '303', '430100', '长沙市', '112.911591', '28.213044', '2019-11-24 12:59:28', '0');
INSERT INTO `city_area` VALUES ('2100', '430105', '开福区', '303', '430100', '长沙市', '112.985525', '28.201336', '2019-11-24 12:59:28', '0');
INSERT INTO `city_area` VALUES ('2101', '430111', '雨花区', '303', '430100', '长沙市', '113.016337', '28.109937', '2019-11-24 12:59:28', '0');
INSERT INTO `city_area` VALUES ('2102', '430112', '望城区', '303', '430100', '长沙市', '112.819549', '28.347458', '2019-11-24 12:59:28', '0');
INSERT INTO `city_area` VALUES ('2103', '430121', '长沙县', '303', '430100', '长沙市', '113.080098', '28.237888', '2019-11-24 12:59:28', '0');
INSERT INTO `city_area` VALUES ('2104', '430181', '浏阳市', '303', '430100', '长沙市', '113.633301', '28.141112', '2019-11-24 12:59:28', '0');
INSERT INTO `city_area` VALUES ('2105', '430182', '宁乡市', '303', '430100', '长沙市', '112.553182', '28.253928', '2019-11-24 12:59:28', '0');
INSERT INTO `city_area` VALUES ('215', '430200', '株洲市', '202', '430000', '湖南省', '113.151737', '27.835806', '2019-11-24 12:59:28', '0');
INSERT INTO `city_area` VALUES ('2106', '430202', '荷塘区', '303', '430200', '株洲市', '113.162548', '27.833036', '2019-11-24 12:59:28', '0');
INSERT INTO `city_area` VALUES ('2107', '430203', '芦淞区', '303', '430200', '株洲市', '113.155169', '27.827246', '2019-11-24 12:59:28', '0');
INSERT INTO `city_area` VALUES ('2108', '430204', '石峰区', '303', '430200', '株洲市', '113.11295', '27.871945', '2019-11-24 12:59:28', '0');
INSERT INTO `city_area` VALUES ('2109', '430211', '天元区', '303', '430200', '株洲市', '113.136252', '27.826909', '2019-11-24 12:59:28', '0');
INSERT INTO `city_area` VALUES ('2110', '430221', '株洲县', '303', '430200', '株洲市', '113.146176', '27.705844', '2019-11-24 12:59:28', '0');
INSERT INTO `city_area` VALUES ('2111', '430223', '攸县', '303', '430200', '株洲市', '113.345774', '27.000071', '2019-11-24 12:59:28', '0');
INSERT INTO `city_area` VALUES ('2112', '430224', '茶陵县', '303', '430200', '株洲市', '113.546509', '26.789534', '2019-11-24 12:59:28', '0');
INSERT INTO `city_area` VALUES ('2113', '430225', '炎陵县', '303', '430200', '株洲市', '113.776884', '26.489459', '2019-11-24 12:59:28', '0');
INSERT INTO `city_area` VALUES ('2114', '430271', '云龙示范区', '303', '430200', '株洲市', '', '', '2019-11-24 12:59:28', '0');
INSERT INTO `city_area` VALUES ('2115', '430281', '醴陵市', '303', '430200', '株洲市', '113.507157', '27.657873', '2019-11-24 12:59:28', '0');
INSERT INTO `city_area` VALUES ('216', '430300', '湘潭市', '202', '430000', '湖南省', '112.944052', '27.82973', '2019-11-24 12:59:28', '0');
INSERT INTO `city_area` VALUES ('2116', '430302', '雨湖区', '303', '430300', '湘潭市', '112.907427', '27.86077', '2019-11-24 12:59:28', '0');
INSERT INTO `city_area` VALUES ('2117', '430304', '岳塘区', '303', '430300', '湘潭市', '112.927707', '27.828854', '2019-11-24 12:59:28', '0');
INSERT INTO `city_area` VALUES ('2118', '430321', '湘潭县', '303', '430300', '湘潭市', '112.952829', '27.778601', '2019-11-24 12:59:28', '0');
INSERT INTO `city_area` VALUES ('2119', '430371', '湖南湘潭高新技术产业园区', '303', '430300', '湘潭市', '', '', '2019-11-24 12:59:28', '0');
INSERT INTO `city_area` VALUES ('2120', '430372', '湘潭昭山示范区', '303', '430300', '湘潭市', '', '', '2019-11-24 12:59:28', '0');
INSERT INTO `city_area` VALUES ('2121', '430373', '湘潭九华示范区', '303', '430300', '湘潭市', '', '', '2019-11-24 12:59:28', '0');
INSERT INTO `city_area` VALUES ('2122', '430381', '湘乡市', '303', '430300', '湘潭市', '112.525217', '27.734918', '2019-11-24 12:59:28', '0');
INSERT INTO `city_area` VALUES ('2123', '430382', '韶山市', '303', '430300', '湘潭市', '112.52848', '27.922682', '2019-11-24 12:59:28', '0');
INSERT INTO `city_area` VALUES ('217', '430400', '衡阳市', '202', '430000', '湖南省', '112.607693', '26.900358', '2019-11-24 12:59:28', '0');
INSERT INTO `city_area` VALUES ('2124', '430405', '珠晖区', '303', '430400', '衡阳市', '112.626324', '26.891063', '2019-11-24 12:59:28', '0');
INSERT INTO `city_area` VALUES ('2125', '430406', '雁峰区', '303', '430400', '衡阳市', '112.612241', '26.893694', '2019-11-24 12:59:28', '0');
INSERT INTO `city_area` VALUES ('2126', '430407', '石鼓区', '303', '430400', '衡阳市', '112.607635', '26.903908', '2019-11-24 12:59:28', '0');
INSERT INTO `city_area` VALUES ('2127', '430408', '蒸湘区', '303', '430400', '衡阳市', '112.570608', '26.89087', '2019-11-24 12:59:28', '0');
INSERT INTO `city_area` VALUES ('2128', '430412', '南岳区', '303', '430400', '衡阳市', '112.734147', '27.240536', '2019-11-24 12:59:28', '0');
INSERT INTO `city_area` VALUES ('2129', '430421', '衡阳县', '303', '430400', '衡阳市', '112.379643', '26.962388', '2019-11-24 12:59:28', '0');
INSERT INTO `city_area` VALUES ('2130', '430422', '衡南县', '303', '430400', '衡阳市', '112.677459', '26.739973', '2019-11-24 12:59:28', '0');
INSERT INTO `city_area` VALUES ('2131', '430423', '衡山县', '303', '430400', '衡阳市', '112.86971', '27.234808', '2019-11-24 12:59:28', '0');
INSERT INTO `city_area` VALUES ('2132', '430424', '衡东县', '303', '430400', '衡阳市', '112.950412', '27.083531', '2019-11-24 12:59:28', '0');
INSERT INTO `city_area` VALUES ('2133', '430426', '祁东县', '303', '430400', '衡阳市', '112.111192', '26.787109', '2019-11-24 12:59:28', '0');
INSERT INTO `city_area` VALUES ('2134', '430471', '衡阳综合保税区', '303', '430400', '衡阳市', '', '', '2019-11-24 12:59:28', '0');
INSERT INTO `city_area` VALUES ('2135', '430472', '湖南衡阳高新技术产业园区', '303', '430400', '衡阳市', '', '', '2019-11-24 12:59:28', '0');
INSERT INTO `city_area` VALUES ('2136', '430473', '湖南衡阳松木经济开发区', '303', '430400', '衡阳市', '', '', '2019-11-24 12:59:28', '0');
INSERT INTO `city_area` VALUES ('2137', '430481', '耒阳市', '303', '430400', '衡阳市', '112.847215', '26.414162', '2019-11-24 12:59:28', '0');
INSERT INTO `city_area` VALUES ('2138', '430482', '常宁市', '303', '430400', '衡阳市', '112.396821', '26.406773', '2019-11-24 12:59:28', '0');
INSERT INTO `city_area` VALUES ('218', '430500', '邵阳市', '202', '430000', '湖南省', '111.46923', '27.237842', '2019-11-24 12:59:28', '0');
INSERT INTO `city_area` VALUES ('2139', '430502', '双清区', '303', '430500', '邵阳市', '111.479756', '27.240001', '2019-11-24 12:59:28', '0');
INSERT INTO `city_area` VALUES ('2140', '430503', '大祥区', '303', '430500', '邵阳市', '111.462968', '27.233593', '2019-11-24 12:59:28', '0');
INSERT INTO `city_area` VALUES ('2141', '430511', '北塔区', '303', '430500', '邵阳市', '111.452315', '27.245688', '2019-11-24 12:59:28', '0');
INSERT INTO `city_area` VALUES ('2142', '430521', '邵东县', '303', '430500', '邵阳市', '111.743168', '27.257273', '2019-11-24 12:59:28', '0');
INSERT INTO `city_area` VALUES ('2143', '430522', '新邵县', '303', '430500', '邵阳市', '111.459762', '27.311429', '2019-11-24 12:59:28', '0');
INSERT INTO `city_area` VALUES ('2144', '430523', '邵阳县', '303', '430500', '邵阳市', '111.2757', '26.989713', '2019-11-24 12:59:28', '0');
INSERT INTO `city_area` VALUES ('2145', '430524', '隆回县', '303', '430500', '邵阳市', '111.038785', '27.116002', '2019-11-24 12:59:28', '0');
INSERT INTO `city_area` VALUES ('2146', '430525', '洞口县', '303', '430500', '邵阳市', '110.579212', '27.062286', '2019-11-24 12:59:28', '0');
INSERT INTO `city_area` VALUES ('2147', '430527', '绥宁县', '303', '430500', '邵阳市', '110.155075', '26.580622', '2019-11-24 12:59:28', '0');
INSERT INTO `city_area` VALUES ('2148', '430528', '新宁县', '303', '430500', '邵阳市', '110.859115', '26.438912', '2019-11-24 12:59:28', '0');
INSERT INTO `city_area` VALUES ('2149', '430529', '城步苗族自治县', '303', '430500', '邵阳市', '110.313226', '26.363575', '2019-11-24 12:59:28', '0');
INSERT INTO `city_area` VALUES ('2150', '430581', '武冈市', '303', '430500', '邵阳市', '110.636804', '26.732086', '2019-11-24 12:59:28', '0');
INSERT INTO `city_area` VALUES ('219', '430600', '岳阳市', '202', '430000', '湖南省', '113.132855', '29.37029', '2019-11-24 12:59:28', '0');
INSERT INTO `city_area` VALUES ('2151', '430602', '岳阳楼区', '303', '430600', '岳阳市', '113.120751', '29.366784', '2019-11-24 12:59:28', '0');
INSERT INTO `city_area` VALUES ('2152', '430603', '云溪区', '303', '430600', '岳阳市', '113.27387', '29.473395', '2019-11-24 12:59:28', '0');
INSERT INTO `city_area` VALUES ('2153', '430611', '君山区', '303', '430600', '岳阳市', '113.004082', '29.438062', '2019-11-24 12:59:28', '0');
INSERT INTO `city_area` VALUES ('2154', '430621', '岳阳县', '303', '430600', '岳阳市', '113.116073', '29.144843', '2019-11-24 12:59:28', '0');
INSERT INTO `city_area` VALUES ('2155', '430623', '华容县', '303', '430600', '岳阳市', '112.559369', '29.524107', '2019-11-24 12:59:28', '0');
INSERT INTO `city_area` VALUES ('2156', '430624', '湘阴县', '303', '430600', '岳阳市', '112.889748', '28.677498', '2019-11-24 12:59:28', '0');
INSERT INTO `city_area` VALUES ('2157', '430626', '平江县', '303', '430600', '岳阳市', '113.593751', '28.701523', '2019-11-24 12:59:28', '0');
INSERT INTO `city_area` VALUES ('2158', '430671', '岳阳市屈原管理区', '303', '430600', '岳阳市', '', '', '2019-11-24 12:59:28', '0');
INSERT INTO `city_area` VALUES ('2159', '430681', '汨罗市', '303', '430600', '岳阳市', '113.079419', '28.803149', '2019-11-24 12:59:28', '0');
INSERT INTO `city_area` VALUES ('2160', '430682', '临湘市', '303', '430600', '岳阳市', '113.450809', '29.471594', '2019-11-24 12:59:28', '0');
INSERT INTO `city_area` VALUES ('220', '430700', '常德市', '202', '430000', '湖南省', '111.691347', '29.040225', '2019-11-24 12:59:28', '0');
INSERT INTO `city_area` VALUES ('2161', '430702', '武陵区', '303', '430700', '常德市', '111.690718', '29.040477', '2019-11-24 12:59:28', '0');
INSERT INTO `city_area` VALUES ('2162', '430703', '鼎城区', '303', '430700', '常德市', '111.685327', '29.014426', '2019-11-24 12:59:28', '0');
INSERT INTO `city_area` VALUES ('2163', '430721', '安乡县', '303', '430700', '常德市', '112.172289', '29.414483', '2019-11-24 12:59:28', '0');
INSERT INTO `city_area` VALUES ('2164', '430722', '汉寿县', '303', '430700', '常德市', '111.968506', '28.907319', '2019-11-24 12:59:28', '0');
INSERT INTO `city_area` VALUES ('2165', '430723', '澧县', '303', '430700', '常德市', '111.761682', '29.64264', '2019-11-24 12:59:28', '0');
INSERT INTO `city_area` VALUES ('2166', '430724', '临澧县', '303', '430700', '常德市', '111.645602', '29.443217', '2019-11-24 12:59:28', '0');
INSERT INTO `city_area` VALUES ('2167', '430725', '桃源县', '303', '430700', '常德市', '111.484503', '28.902734', '2019-11-24 12:59:28', '0');
INSERT INTO `city_area` VALUES ('2168', '430726', '石门县', '303', '430700', '常德市', '111.379087', '29.584703', '2019-11-24 12:59:28', '0');
INSERT INTO `city_area` VALUES ('2169', '430771', '常德市西洞庭管理区', '303', '430700', '常德市', '', '', '2019-11-24 12:59:28', '0');
INSERT INTO `city_area` VALUES ('2170', '430781', '津市市', '303', '430700', '常德市', '111.879609', '29.630867', '2019-11-24 12:59:28', '0');
INSERT INTO `city_area` VALUES ('221', '430800', '张家界市', '202', '430000', '湖南省', '110.479921', '29.127401', '2019-11-24 12:59:28', '0');
INSERT INTO `city_area` VALUES ('2171', '430802', '永定区', '303', '430800', '张家界市', '110.484559', '29.125961', '2019-11-24 12:59:28', '0');
INSERT INTO `city_area` VALUES ('2172', '430811', '武陵源区', '303', '430800', '张家界市', '110.54758', '29.347827', '2019-11-24 12:59:28', '0');
INSERT INTO `city_area` VALUES ('2173', '430821', '慈利县', '303', '430800', '张家界市', '111.132702', '29.423876', '2019-11-24 12:59:28', '0');
INSERT INTO `city_area` VALUES ('2174', '430822', '桑植县', '303', '430800', '张家界市', '110.164039', '29.399939', '2019-11-24 12:59:28', '0');
INSERT INTO `city_area` VALUES ('222', '430900', '益阳市', '202', '430000', '湖南省', '112.355042', '28.570066', '2019-11-24 12:59:28', '0');
INSERT INTO `city_area` VALUES ('2175', '430902', '资阳区', '303', '430900', '益阳市', '112.33084', '28.592771', '2019-11-24 12:59:28', '0');
INSERT INTO `city_area` VALUES ('2176', '430903', '赫山区', '303', '430900', '益阳市', '112.360946', '28.568327', '2019-11-24 12:59:28', '0');
INSERT INTO `city_area` VALUES ('2177', '430921', '南县', '303', '430900', '益阳市', '112.410399', '29.372181', '2019-11-24 12:59:28', '0');
INSERT INTO `city_area` VALUES ('2178', '430922', '桃江县', '303', '430900', '益阳市', '112.139732', '28.520993', '2019-11-24 12:59:28', '0');
INSERT INTO `city_area` VALUES ('2179', '430923', '安化县', '303', '430900', '益阳市', '111.221824', '28.377421', '2019-11-24 12:59:28', '0');
INSERT INTO `city_area` VALUES ('2180', '430971', '益阳市大通湖管理区', '303', '430900', '益阳市', '', '', '2019-11-24 12:59:28', '0');
INSERT INTO `city_area` VALUES ('2181', '430972', '湖南益阳高新技术产业园区', '303', '430900', '益阳市', '', '', '2019-11-24 12:59:28', '0');
INSERT INTO `city_area` VALUES ('2182', '430981', '沅江市', '303', '430900', '益阳市', '112.361088', '28.839713', '2019-11-24 12:59:28', '0');
INSERT INTO `city_area` VALUES ('223', '431000', '郴州市', '202', '430000', '湖南省', '113.032067', '25.793589', '2019-11-24 12:59:28', '0');
INSERT INTO `city_area` VALUES ('2183', '431002', '北湖区', '303', '431000', '郴州市', '113.032208', '25.792628', '2019-11-24 12:59:28', '0');
INSERT INTO `city_area` VALUES ('2184', '431003', '苏仙区', '303', '431000', '郴州市', '113.038698', '25.793157', '2019-11-24 12:59:28', '0');
INSERT INTO `city_area` VALUES ('2185', '431021', '桂阳县', '303', '431000', '郴州市', '112.734466', '25.737447', '2019-11-24 12:59:28', '0');
INSERT INTO `city_area` VALUES ('2186', '431022', '宜章县', '303', '431000', '郴州市', '112.947884', '25.394345', '2019-11-24 12:59:28', '0');
INSERT INTO `city_area` VALUES ('2187', '431023', '永兴县', '303', '431000', '郴州市', '113.114819', '26.129392', '2019-11-24 12:59:28', '0');
INSERT INTO `city_area` VALUES ('2188', '431024', '嘉禾县', '303', '431000', '郴州市', '112.370618', '25.587309', '2019-11-24 12:59:28', '0');
INSERT INTO `city_area` VALUES ('2189', '431025', '临武县', '303', '431000', '郴州市', '112.564589', '25.279119', '2019-11-24 12:59:28', '0');
INSERT INTO `city_area` VALUES ('2190', '431026', '汝城县', '303', '431000', '郴州市', '113.685686', '25.553759', '2019-11-24 12:59:28', '0');
INSERT INTO `city_area` VALUES ('2191', '431027', '桂东县', '303', '431000', '郴州市', '113.945879', '26.073917', '2019-11-24 12:59:28', '0');
INSERT INTO `city_area` VALUES ('2192', '431028', '安仁县', '303', '431000', '郴州市', '113.27217', '26.708625', '2019-11-24 12:59:28', '0');
INSERT INTO `city_area` VALUES ('2193', '431081', '资兴市', '303', '431000', '郴州市', '113.23682', '25.974152', '2019-11-24 12:59:28', '0');
INSERT INTO `city_area` VALUES ('224', '431100', '永州市', '202', '430000', '湖南省', '111.608019', '26.434516', '2019-11-24 12:59:28', '0');
INSERT INTO `city_area` VALUES ('2194', '431102', '零陵区', '303', '431100', '永州市', '111.626348', '26.223347', '2019-11-24 12:59:28', '0');
INSERT INTO `city_area` VALUES ('2195', '431103', '冷水滩区', '303', '431100', '永州市', '111.607156', '26.434364', '2019-11-24 12:59:28', '0');
INSERT INTO `city_area` VALUES ('2196', '431121', '祁阳县', '303', '431100', '永州市', '111.85734', '26.585929', '2019-11-24 12:59:28', '0');
INSERT INTO `city_area` VALUES ('2197', '431122', '东安县', '303', '431100', '永州市', '111.313035', '26.397278', '2019-11-24 12:59:28', '0');
INSERT INTO `city_area` VALUES ('2198', '431123', '双牌县', '303', '431100', '永州市', '111.662146', '25.959397', '2019-11-24 12:59:28', '0');
INSERT INTO `city_area` VALUES ('2199', '431124', '道县', '303', '431100', '永州市', '111.591614', '25.518444', '2019-11-24 12:59:28', '0');
INSERT INTO `city_area` VALUES ('2200', '431125', '江永县', '303', '431100', '永州市', '111.346803', '25.268154', '2019-11-24 12:59:28', '0');
INSERT INTO `city_area` VALUES ('2201', '431126', '宁远县', '303', '431100', '永州市', '111.944529', '25.584112', '2019-11-24 12:59:28', '0');
INSERT INTO `city_area` VALUES ('2202', '431127', '蓝山县', '303', '431100', '永州市', '112.194195', '25.375255', '2019-11-24 12:59:28', '0');
INSERT INTO `city_area` VALUES ('2203', '431128', '新田县', '303', '431100', '永州市', '112.220341', '25.906927', '2019-11-24 12:59:28', '0');
INSERT INTO `city_area` VALUES ('2204', '431129', '江华瑶族自治县', '303', '431100', '永州市', '111.577276', '25.182596', '2019-11-24 12:59:28', '0');
INSERT INTO `city_area` VALUES ('2205', '431171', '永州经济技术开发区', '303', '431100', '永州市', '', '', '2019-11-24 12:59:28', '0');
INSERT INTO `city_area` VALUES ('2206', '431172', '永州市金洞管理区', '303', '431100', '永州市', '', '', '2019-11-24 12:59:28', '0');
INSERT INTO `city_area` VALUES ('2207', '431173', '永州市回龙圩管理区', '303', '431100', '永州市', '', '', '2019-11-24 12:59:28', '0');
INSERT INTO `city_area` VALUES ('225', '431200', '怀化市', '202', '430000', '湖南省', '109.97824', '27.550082', '2019-11-24 12:59:28', '0');
INSERT INTO `city_area` VALUES ('2208', '431202', '鹤城区', '303', '431200', '怀化市', '109.982242', '27.548474', '2019-11-24 12:59:28', '0');
INSERT INTO `city_area` VALUES ('2209', '431221', '中方县', '303', '431200', '怀化市', '109.948061', '27.43736', '2019-11-24 12:59:28', '0');
INSERT INTO `city_area` VALUES ('2210', '431222', '沅陵县', '303', '431200', '怀化市', '110.399161', '28.455554', '2019-11-24 12:59:28', '0');
INSERT INTO `city_area` VALUES ('2211', '431223', '辰溪县', '303', '431200', '怀化市', '110.196953', '28.005474', '2019-11-24 12:59:28', '0');
INSERT INTO `city_area` VALUES ('2212', '431224', '溆浦县', '303', '431200', '怀化市', '110.593373', '27.903802', '2019-11-24 12:59:28', '0');
INSERT INTO `city_area` VALUES ('2213', '431225', '会同县', '303', '431200', '怀化市', '109.720785', '26.870789', '2019-11-24 12:59:28', '0');
INSERT INTO `city_area` VALUES ('2214', '431226', '麻阳苗族自治县', '303', '431200', '怀化市', '109.802807', '27.865991', '2019-11-24 12:59:28', '0');
INSERT INTO `city_area` VALUES ('2215', '431227', '新晃侗族自治县', '303', '431200', '怀化市', '109.174443', '27.359897', '2019-11-24 12:59:28', '0');
INSERT INTO `city_area` VALUES ('2216', '431228', '芷江侗族自治县', '303', '431200', '怀化市', '109.687777', '27.437996', '2019-11-24 12:59:28', '0');
INSERT INTO `city_area` VALUES ('2217', '431229', '靖州苗族侗族自治县', '303', '431200', '怀化市', '109.691159', '26.573511', '2019-11-24 12:59:28', '0');
INSERT INTO `city_area` VALUES ('2218', '431230', '通道侗族自治县', '303', '431200', '怀化市', '109.783359', '26.158349', '2019-11-24 12:59:28', '0');
INSERT INTO `city_area` VALUES ('2219', '431271', '怀化市洪江管理区', '303', '431200', '怀化市', '', '', '2019-11-24 12:59:28', '0');
INSERT INTO `city_area` VALUES ('2220', '431281', '洪江市', '303', '431200', '怀化市', '109.831765', '27.201876', '2019-11-24 12:59:28', '0');
INSERT INTO `city_area` VALUES ('226', '431300', '娄底市', '202', '430000', '湖南省', '112.008497', '27.728136', '2019-11-24 12:59:28', '0');
INSERT INTO `city_area` VALUES ('2221', '431302', '娄星区', '303', '431300', '娄底市', '112.008486', '27.726643', '2019-11-24 12:59:28', '0');
INSERT INTO `city_area` VALUES ('2222', '431321', '双峰县', '303', '431300', '娄底市', '112.198245', '27.459126', '2019-11-24 12:59:28', '0');
INSERT INTO `city_area` VALUES ('2223', '431322', '新化县', '303', '431300', '娄底市', '111.306747', '27.737456', '2019-11-24 12:59:28', '0');
INSERT INTO `city_area` VALUES ('2224', '431381', '冷水江市', '303', '431300', '娄底市', '111.434674', '27.685759', '2019-11-24 12:59:28', '0');
INSERT INTO `city_area` VALUES ('2225', '431382', '涟源市', '303', '431300', '娄底市', '111.670847', '27.692301', '2019-11-24 12:59:28', '0');
INSERT INTO `city_area` VALUES ('227', '433100', '湘西土家族苗族自治州', '202', '430000', '湖南省', '109.739735', '28.314296', '2019-11-24 12:59:28', '0');
INSERT INTO `city_area` VALUES ('2226', '433101', '吉首市', '303', '433100', '湘西土家族苗族自治州', '109.738273', '28.314827', '2019-11-24 12:59:28', '0');
INSERT INTO `city_area` VALUES ('2227', '433122', '泸溪县', '303', '433100', '湘西土家族苗族自治州', '110.214428', '28.214516', '2019-11-24 12:59:28', '0');
INSERT INTO `city_area` VALUES ('2228', '433123', '凤凰县', '303', '433100', '湘西土家族苗族自治州', '109.599191', '27.948308', '2019-11-24 12:59:28', '0');
INSERT INTO `city_area` VALUES ('2229', '433124', '花垣县', '303', '433100', '湘西土家族苗族自治州', '109.479063', '28.581352', '2019-11-24 12:59:28', '0');
INSERT INTO `city_area` VALUES ('2230', '433125', '保靖县', '303', '433100', '湘西土家族苗族自治州', '109.651445', '28.709605', '2019-11-24 12:59:28', '0');
INSERT INTO `city_area` VALUES ('2231', '433126', '古丈县', '303', '433100', '湘西土家族苗族自治州', '109.949592', '28.616973', '2019-11-24 12:59:28', '0');
INSERT INTO `city_area` VALUES ('2232', '433127', '永顺县', '303', '433100', '湘西土家族苗族自治州', '109.853292', '28.998068', '2019-11-24 12:59:28', '0');
INSERT INTO `city_area` VALUES ('2233', '433130', '龙山县', '303', '433100', '湘西土家族苗族自治州', '109.441189', '29.453438', '2019-11-24 12:59:28', '0');
INSERT INTO `city_area` VALUES ('2234', '433172', '湖南吉首经济开发区', '303', '433100', '湘西土家族苗族自治州', '', '', '2019-11-24 12:59:28', '0');
INSERT INTO `city_area` VALUES ('2235', '433173', '湖南永顺经济开发区', '303', '433100', '湘西土家族苗族自治州', '', '', '2019-11-24 12:59:28', '0');
INSERT INTO `city_area` VALUES ('19', '440000', '广东省', '101', '0', '中国', '113.280637', '23.125178', '2019-11-24 12:59:28', '0');
INSERT INTO `city_area` VALUES ('228', '440100', '广州市', '202', '440000', '广东省', '113.280637', '23.125178', '2019-11-24 12:59:28', '0');
INSERT INTO `city_area` VALUES ('2236', '440103', '荔湾区', '303', '440100', '广州市', '113.243038', '23.124943', '2019-11-24 12:59:28', '0');
INSERT INTO `city_area` VALUES ('2237', '440104', '越秀区', '303', '440100', '广州市', '113.280714', '23.125624', '2019-11-24 12:59:28', '0');
INSERT INTO `city_area` VALUES ('2238', '440105', '海珠区', '303', '440100', '广州市', '113.262008', '23.103131', '2019-11-24 12:59:28', '0');
INSERT INTO `city_area` VALUES ('2239', '440106', '天河区', '303', '440100', '广州市', '113.335367', '23.13559', '2019-11-24 12:59:28', '0');
INSERT INTO `city_area` VALUES ('2240', '440111', '白云区', '303', '440100', '广州市', '113.262831', '23.162281', '2019-11-24 12:59:28', '0');
INSERT INTO `city_area` VALUES ('2241', '440112', '黄埔区', '303', '440100', '广州市', '113.450761', '23.103239', '2019-11-24 12:59:28', '0');
INSERT INTO `city_area` VALUES ('2242', '440113', '番禺区', '303', '440100', '广州市', '113.364619', '22.938582', '2019-11-24 12:59:28', '0');
INSERT INTO `city_area` VALUES ('2243', '440114', '花都区', '303', '440100', '广州市', '113.211184', '23.39205', '2019-11-24 12:59:28', '0');
INSERT INTO `city_area` VALUES ('2244', '440115', '南沙区', '303', '440100', '广州市', '113.53738', '22.794531', '2019-11-24 12:59:28', '0');
INSERT INTO `city_area` VALUES ('2245', '440117', '从化区', '303', '440100', '广州市', '113.587386', '23.545283', '2019-11-24 12:59:28', '0');
INSERT INTO `city_area` VALUES ('2246', '440118', '增城区', '303', '440100', '广州市', '113.829579', '23.290497', '2019-11-24 12:59:28', '0');
INSERT INTO `city_area` VALUES ('229', '440200', '韶关市', '202', '440000', '广东省', '113.591544', '24.801322', '2019-11-24 12:59:28', '0');
INSERT INTO `city_area` VALUES ('2247', '440203', '武江区', '303', '440200', '韶关市', '113.588289', '24.80016', '2019-11-24 12:59:28', '0');
INSERT INTO `city_area` VALUES ('2248', '440204', '浈江区', '303', '440200', '韶关市', '113.599224', '24.803977', '2019-11-24 12:59:28', '0');
INSERT INTO `city_area` VALUES ('2249', '440205', '曲江区', '303', '440200', '韶关市', '113.605582', '24.680195', '2019-11-24 12:59:28', '0');
INSERT INTO `city_area` VALUES ('2250', '440222', '始兴县', '303', '440200', '韶关市', '114.067205', '24.948364', '2019-11-24 12:59:28', '0');
INSERT INTO `city_area` VALUES ('2251', '440224', '仁化县', '303', '440200', '韶关市', '113.748627', '25.088226', '2019-11-24 12:59:28', '0');
INSERT INTO `city_area` VALUES ('2252', '440229', '翁源县', '303', '440200', '韶关市', '114.131289', '24.353887', '2019-11-24 12:59:28', '0');
INSERT INTO `city_area` VALUES ('2253', '440232', '乳源瑶族自治县', '303', '440200', '韶关市', '113.278417', '24.776109', '2019-11-24 12:59:28', '0');
INSERT INTO `city_area` VALUES ('2254', '440233', '新丰县', '303', '440200', '韶关市', '114.207034', '24.055412', '2019-11-24 12:59:28', '0');
INSERT INTO `city_area` VALUES ('2255', '440281', '乐昌市', '303', '440200', '韶关市', '113.352413', '25.128445', '2019-11-24 12:59:28', '0');
INSERT INTO `city_area` VALUES ('2256', '440282', '南雄市', '303', '440200', '韶关市', '114.311231', '25.115328', '2019-11-24 12:59:28', '0');
INSERT INTO `city_area` VALUES ('230', '440300', '深圳市', '202', '440000', '广东省', '114.085947', '22.547', '2019-11-24 12:59:28', '0');
INSERT INTO `city_area` VALUES ('2257', '440303', '罗湖区', '303', '440300', '深圳市', '114.123885', '22.555341', '2019-11-24 12:59:28', '0');
INSERT INTO `city_area` VALUES ('2258', '440304', '福田区', '303', '440300', '深圳市', '114.05096', '22.541009', '2019-11-24 12:59:28', '0');
INSERT INTO `city_area` VALUES ('2259', '440305', '南山区', '303', '440300', '深圳市', '113.92943', '22.531221', '2019-11-24 12:59:28', '0');
INSERT INTO `city_area` VALUES ('2260', '440306', '宝安区', '303', '440300', '深圳市', '113.828671', '22.754741', '2019-11-24 12:59:28', '0');
INSERT INTO `city_area` VALUES ('2261', '440307', '龙岗区', '303', '440300', '深圳市', '114.251372', '22.721511', '2019-11-24 12:59:28', '0');
INSERT INTO `city_area` VALUES ('2262', '440308', '盐田区', '303', '440300', '深圳市', '114.235366', '22.555069', '2019-11-24 12:59:28', '0');
INSERT INTO `city_area` VALUES ('2263', '440309', '龙华区', '303', '440300', '深圳市', '114.044346', '22.691963', '2019-11-24 12:59:28', '0');
INSERT INTO `city_area` VALUES ('2264', '440310', '坪山区', '303', '440300', '深圳市', '114.338441', '22.69423', '2019-11-24 12:59:28', '0');
INSERT INTO `city_area` VALUES ('231', '440400', '珠海市', '202', '440000', '广东省', '113.553986', '22.224979', '2019-11-24 12:59:28', '0');
INSERT INTO `city_area` VALUES ('2265', '440402', '香洲区', '303', '440400', '珠海市', '113.55027', '22.271249', '2019-11-24 12:59:28', '0');
INSERT INTO `city_area` VALUES ('2266', '440403', '斗门区', '303', '440400', '珠海市', '113.297739', '22.209117', '2019-11-24 12:59:28', '0');
INSERT INTO `city_area` VALUES ('2267', '440404', '金湾区', '303', '440400', '珠海市', '113.345071', '22.139122', '2019-11-24 12:59:28', '0');
INSERT INTO `city_area` VALUES ('232', '440500', '汕头市', '202', '440000', '广东省', '116.708463', '23.37102', '2019-11-24 12:59:28', '0');
INSERT INTO `city_area` VALUES ('2268', '440507', '龙湖区', '303', '440500', '汕头市', '116.732015', '23.373754', '2019-11-24 12:59:28', '0');
INSERT INTO `city_area` VALUES ('2269', '440511', '金平区', '303', '440500', '汕头市', '116.703583', '23.367071', '2019-11-24 12:59:28', '0');
INSERT INTO `city_area` VALUES ('2270', '440512', '濠江区', '303', '440500', '汕头市', '116.729528', '23.279345', '2019-11-24 12:59:28', '0');
INSERT INTO `city_area` VALUES ('2271', '440513', '潮阳区', '303', '440500', '汕头市', '116.602602', '23.262336', '2019-11-24 12:59:28', '0');
INSERT INTO `city_area` VALUES ('2272', '440514', '潮南区', '303', '440500', '汕头市', '116.423607', '23.249798', '2019-11-24 12:59:28', '0');
INSERT INTO `city_area` VALUES ('2273', '440515', '澄海区', '303', '440500', '汕头市', '116.76336', '23.46844', '2019-11-24 12:59:28', '0');
INSERT INTO `city_area` VALUES ('2274', '440523', '南澳县', '303', '440500', '汕头市', '117.027105', '23.419562', '2019-11-24 12:59:28', '0');
INSERT INTO `city_area` VALUES ('233', '440600', '佛山市', '202', '440000', '广东省', '113.122717', '23.028762', '2019-11-24 12:59:28', '0');
INSERT INTO `city_area` VALUES ('2275', '440604', '禅城区', '303', '440600', '佛山市', '113.112414', '23.019643', '2019-11-24 12:59:28', '0');
INSERT INTO `city_area` VALUES ('2276', '440605', '南海区', '303', '440600', '佛山市', '113.145577', '23.031562', '2019-11-24 12:59:28', '0');
INSERT INTO `city_area` VALUES ('2277', '440606', '顺德区', '303', '440600', '佛山市', '113.281826', '22.75851', '2019-11-24 12:59:28', '0');
INSERT INTO `city_area` VALUES ('2278', '440607', '三水区', '303', '440600', '佛山市', '112.899414', '23.16504', '2019-11-24 12:59:28', '0');
INSERT INTO `city_area` VALUES ('2279', '440608', '高明区', '303', '440600', '佛山市', '112.882123', '22.893855', '2019-11-24 12:59:28', '0');
INSERT INTO `city_area` VALUES ('234', '440700', '江门市', '202', '440000', '广东省', '113.094942', '22.590431', '2019-11-24 12:59:28', '0');
INSERT INTO `city_area` VALUES ('2280', '440703', '蓬江区', '303', '440700', '江门市', '113.07859', '22.59677', '2019-11-24 12:59:28', '0');
INSERT INTO `city_area` VALUES ('2281', '440704', '江海区', '303', '440700', '江门市', '113.120601', '22.572211', '2019-11-24 12:59:28', '0');
INSERT INTO `city_area` VALUES ('2282', '440705', '新会区', '303', '440700', '江门市', '113.038584', '22.520247', '2019-11-24 12:59:28', '0');
INSERT INTO `city_area` VALUES ('2283', '440781', '台山市', '303', '440700', '江门市', '112.793414', '22.250713', '2019-11-24 12:59:28', '0');
INSERT INTO `city_area` VALUES ('2284', '440783', '开平市', '303', '440700', '江门市', '112.692262', '22.366286', '2019-11-24 12:59:28', '0');
INSERT INTO `city_area` VALUES ('2285', '440784', '鹤山市', '303', '440700', '江门市', '112.961795', '22.768104', '2019-11-24 12:59:28', '0');
INSERT INTO `city_area` VALUES ('2286', '440785', '恩平市', '303', '440700', '江门市', '112.314051', '22.182956', '2019-11-24 12:59:28', '0');
INSERT INTO `city_area` VALUES ('235', '440800', '湛江市', '202', '440000', '广东省', '110.364977', '21.274898', '2019-11-24 12:59:28', '0');
INSERT INTO `city_area` VALUES ('2287', '440802', '赤坎区', '303', '440800', '湛江市', '110.361634', '21.273365', '2019-11-24 12:59:28', '0');
INSERT INTO `city_area` VALUES ('2288', '440803', '霞山区', '303', '440800', '湛江市', '110.406382', '21.194229', '2019-11-24 12:59:28', '0');
INSERT INTO `city_area` VALUES ('2289', '440804', '坡头区', '303', '440800', '湛江市', '110.455632', '21.24441', '2019-11-24 12:59:28', '0');
INSERT INTO `city_area` VALUES ('2290', '440811', '麻章区', '303', '440800', '湛江市', '110.329167', '21.265997', '2019-11-24 12:59:28', '0');
INSERT INTO `city_area` VALUES ('2291', '440823', '遂溪县', '303', '440800', '湛江市', '110.255321', '21.376915', '2019-11-24 12:59:28', '0');
INSERT INTO `city_area` VALUES ('2292', '440825', '徐闻县', '303', '440800', '湛江市', '110.175718', '20.326083', '2019-11-24 12:59:28', '0');
INSERT INTO `city_area` VALUES ('2293', '440881', '廉江市', '303', '440800', '湛江市', '110.284961', '21.611281', '2019-11-24 12:59:28', '0');
INSERT INTO `city_area` VALUES ('2294', '440882', '雷州市', '303', '440800', '湛江市', '110.088275', '20.908523', '2019-11-24 12:59:28', '0');
INSERT INTO `city_area` VALUES ('2295', '440883', '吴川市', '303', '440800', '湛江市', '110.780508', '21.428453', '2019-11-24 12:59:28', '0');
INSERT INTO `city_area` VALUES ('236', '440900', '茂名市', '202', '440000', '广东省', '110.919229', '21.659751', '2019-11-24 12:59:28', '0');
INSERT INTO `city_area` VALUES ('2296', '440902', '茂南区', '303', '440900', '茂名市', '110.920542', '21.660425', '2019-11-24 12:59:28', '0');
INSERT INTO `city_area` VALUES ('2297', '440904', '电白区', '303', '440900', '茂名市', '111.007264', '21.507219', '2019-11-24 12:59:28', '0');
INSERT INTO `city_area` VALUES ('2298', '440981', '高州市', '303', '440900', '茂名市', '110.853251', '21.915153', '2019-11-24 12:59:28', '0');
INSERT INTO `city_area` VALUES ('2299', '440982', '化州市', '303', '440900', '茂名市', '110.63839', '21.654953', '2019-11-24 12:59:28', '0');
INSERT INTO `city_area` VALUES ('2300', '440983', '信宜市', '303', '440900', '茂名市', '110.941656', '22.352681', '2019-11-24 12:59:28', '0');
INSERT INTO `city_area` VALUES ('237', '441200', '肇庆市', '202', '440000', '广东省', '112.472529', '23.051546', '2019-11-24 12:59:28', '0');
INSERT INTO `city_area` VALUES ('2301', '441202', '端州区', '303', '441200', '肇庆市', '112.472329', '23.052662', '2019-11-24 12:59:28', '0');
INSERT INTO `city_area` VALUES ('2302', '441203', '鼎湖区', '303', '441200', '肇庆市', '112.565249', '23.155822', '2019-11-24 12:59:28', '0');
INSERT INTO `city_area` VALUES ('2303', '441204', '高要区', '303', '441200', '肇庆市', '112.460846', '23.027694', '2019-11-24 12:59:28', '0');
INSERT INTO `city_area` VALUES ('2304', '441223', '广宁县', '303', '441200', '肇庆市', '112.440419', '23.631486', '2019-11-24 12:59:28', '0');
INSERT INTO `city_area` VALUES ('2305', '441224', '怀集县', '303', '441200', '肇庆市', '112.182466', '23.913072', '2019-11-24 12:59:28', '0');
INSERT INTO `city_area` VALUES ('2306', '441225', '封开县', '303', '441200', '肇庆市', '111.502973', '23.434731', '2019-11-24 12:59:28', '0');
INSERT INTO `city_area` VALUES ('2307', '441226', '德庆县', '303', '441200', '肇庆市', '111.78156', '23.141711', '2019-11-24 12:59:28', '0');
INSERT INTO `city_area` VALUES ('2308', '441284', '四会市', '303', '441200', '肇庆市', '112.695028', '23.340324', '2019-11-24 12:59:28', '0');
INSERT INTO `city_area` VALUES ('238', '441300', '惠州市', '202', '440000', '广东省', '114.412599', '23.079404', '2019-11-24 12:59:28', '0');
INSERT INTO `city_area` VALUES ('2309', '441302', '惠城区', '303', '441300', '惠州市', '114.413978', '23.079883', '2019-11-24 12:59:28', '0');
INSERT INTO `city_area` VALUES ('2310', '441303', '惠阳区', '303', '441300', '惠州市', '114.469444', '22.78851', '2019-11-24 12:59:28', '0');
INSERT INTO `city_area` VALUES ('2311', '441322', '博罗县', '303', '441300', '惠州市', '114.284254', '23.167575', '2019-11-24 12:59:28', '0');
INSERT INTO `city_area` VALUES ('2312', '441323', '惠东县', '303', '441300', '惠州市', '114.723092', '22.983036', '2019-11-24 12:59:28', '0');
INSERT INTO `city_area` VALUES ('2313', '441324', '龙门县', '303', '441300', '惠州市', '114.259986', '23.723894', '2019-11-24 12:59:28', '0');
INSERT INTO `city_area` VALUES ('239', '441400', '梅州市', '202', '440000', '广东省', '116.117582', '24.299112', '2019-11-24 12:59:28', '0');
INSERT INTO `city_area` VALUES ('2314', '441402', '梅江区', '303', '441400', '梅州市', '116.12116', '24.302593', '2019-11-24 12:59:28', '0');
INSERT INTO `city_area` VALUES ('2315', '441403', '梅县区', '303', '441400', '梅州市', '116.083482', '24.267825', '2019-11-24 12:59:28', '0');
INSERT INTO `city_area` VALUES ('2316', '441422', '大埔县', '303', '441400', '梅州市', '116.69552', '24.351587', '2019-11-24 12:59:28', '0');
INSERT INTO `city_area` VALUES ('2317', '441423', '丰顺县', '303', '441400', '梅州市', '116.184419', '23.752771', '2019-11-24 12:59:28', '0');
INSERT INTO `city_area` VALUES ('2318', '441424', '五华县', '303', '441400', '梅州市', '115.775004', '23.925424', '2019-11-24 12:59:28', '0');
INSERT INTO `city_area` VALUES ('2319', '441426', '平远县', '303', '441400', '梅州市', '115.891729', '24.569651', '2019-11-24 12:59:28', '0');
INSERT INTO `city_area` VALUES ('2320', '441427', '蕉岭县', '303', '441400', '梅州市', '116.170531', '24.653313', '2019-11-24 12:59:28', '0');
INSERT INTO `city_area` VALUES ('2321', '441481', '兴宁市', '303', '441400', '梅州市', '115.731648', '24.138077', '2019-11-24 12:59:28', '0');
INSERT INTO `city_area` VALUES ('240', '441500', '汕尾市', '202', '440000', '广东省', '115.364238', '22.774485', '2019-11-24 12:59:28', '0');
INSERT INTO `city_area` VALUES ('2322', '441502', '城区', '303', '441500', '汕尾市', '115.363667', '22.776227', '2019-11-24 12:59:28', '0');
INSERT INTO `city_area` VALUES ('2323', '441521', '海丰县', '303', '441500', '汕尾市', '115.337324', '22.971042', '2019-11-24 12:59:28', '0');
INSERT INTO `city_area` VALUES ('2324', '441523', '陆河县', '303', '441500', '汕尾市', '115.657565', '23.302682', '2019-11-24 12:59:28', '0');
INSERT INTO `city_area` VALUES ('2325', '441581', '陆丰市', '303', '441500', '汕尾市', '115.644203', '22.946104', '2019-11-24 12:59:28', '0');
INSERT INTO `city_area` VALUES ('241', '441600', '河源市', '202', '440000', '广东省', '114.697802', '23.746266', '2019-11-24 12:59:28', '0');
INSERT INTO `city_area` VALUES ('2326', '441602', '源城区', '303', '441600', '河源市', '114.696828', '23.746255', '2019-11-24 12:59:28', '0');
INSERT INTO `city_area` VALUES ('2327', '441621', '紫金县', '303', '441600', '河源市', '115.184383', '23.633744', '2019-11-24 12:59:28', '0');
INSERT INTO `city_area` VALUES ('2328', '441622', '龙川县', '303', '441600', '河源市', '115.256415', '24.101174', '2019-11-24 12:59:28', '0');
INSERT INTO `city_area` VALUES ('2329', '441623', '连平县', '303', '441600', '河源市', '114.495952', '24.364227', '2019-11-24 12:59:28', '0');
INSERT INTO `city_area` VALUES ('2330', '441624', '和平县', '303', '441600', '河源市', '114.941473', '24.44318', '2019-11-24 12:59:28', '0');
INSERT INTO `city_area` VALUES ('2331', '441625', '东源县', '303', '441600', '河源市', '114.742711', '23.789093', '2019-11-24 12:59:28', '0');
INSERT INTO `city_area` VALUES ('242', '441700', '阳江市', '202', '440000', '广东省', '111.975107', '21.859222', '2019-11-24 12:59:28', '0');
INSERT INTO `city_area` VALUES ('2332', '441702', '江城区', '303', '441700', '阳江市', '111.968909', '21.859182', '2019-11-24 12:59:28', '0');
INSERT INTO `city_area` VALUES ('2333', '441704', '阳东区', '303', '441700', '阳江市', '112.011267', '21.864728', '2019-11-24 12:59:28', '0');
INSERT INTO `city_area` VALUES ('2334', '441721', '阳西县', '303', '441700', '阳江市', '111.617556', '21.75367', '2019-11-24 12:59:28', '0');
INSERT INTO `city_area` VALUES ('2335', '441781', '阳春市', '303', '441700', '阳江市', '111.7905', '22.169598', '2019-11-24 12:59:28', '0');
INSERT INTO `city_area` VALUES ('243', '441800', '清远市', '202', '440000', '广东省', '113.051227', '23.685022', '2019-11-24 12:59:28', '0');
INSERT INTO `city_area` VALUES ('2336', '441802', '清城区', '303', '441800', '清远市', '113.048698', '23.688976', '2019-11-24 12:59:28', '0');
INSERT INTO `city_area` VALUES ('2337', '441803', '清新区', '303', '441800', '清远市', '113.015203', '23.736949', '2019-11-24 12:59:28', '0');
INSERT INTO `city_area` VALUES ('2338', '441821', '佛冈县', '303', '441800', '清远市', '113.534094', '23.866739', '2019-11-24 12:59:28', '0');
INSERT INTO `city_area` VALUES ('2339', '441823', '阳山县', '303', '441800', '清远市', '112.634019', '24.470286', '2019-11-24 12:59:28', '0');
INSERT INTO `city_area` VALUES ('2340', '441825', '连山壮族瑶族自治县', '303', '441800', '清远市', '112.086555', '24.567271', '2019-11-24 12:59:28', '0');
INSERT INTO `city_area` VALUES ('2341', '441826', '连南瑶族自治县', '303', '441800', '清远市', '112.290808', '24.719097', '2019-11-24 12:59:28', '0');
INSERT INTO `city_area` VALUES ('2342', '441881', '英德市', '303', '441800', '清远市', '113.405404', '24.18612', '2019-11-24 12:59:28', '0');
INSERT INTO `city_area` VALUES ('2343', '441882', '连州市', '303', '441800', '清远市', '112.379271', '24.783966', '2019-11-24 12:59:28', '0');
INSERT INTO `city_area` VALUES ('244', '441900', '东莞市', '202', '440000', '广东省', '113.846', '23.1024', '2019-11-24 12:59:28', '0');
INSERT INTO `city_area` VALUES ('244', '441900-1', '东莞市', '303', '441900', '东莞市', '113.846', '23.1024', '2019-11-24 12:59:28', '0');
INSERT INTO `city_area` VALUES ('0', '441901', '东莞市', '303', '441900', '东莞市', '113.846', '23.1024', '2019-11-24 12:59:28', '0');
INSERT INTO `city_area` VALUES ('245', '442000', '中山市', '202', '440000', '广东省', '113.308', '22.6803', '2019-11-24 12:59:28', '0');
INSERT INTO `city_area` VALUES ('0', '442001', '中山市', '303', '442000', '中山市', '113.308', '22.6803', '2019-11-24 12:59:28', '0');
INSERT INTO `city_area` VALUES ('246', '445100', '潮州市', '202', '440000', '广东省', '116.632301', '23.661701', '2019-11-24 12:59:28', '0');
INSERT INTO `city_area` VALUES ('2346', '445102', '湘桥区', '303', '445100', '潮州市', '116.63365', '23.664675', '2019-11-24 12:59:28', '0');
INSERT INTO `city_area` VALUES ('2347', '445103', '潮安区', '303', '445100', '潮州市', '116.67931', '23.461012', '2019-11-24 12:59:28', '0');
INSERT INTO `city_area` VALUES ('2348', '445122', '饶平县', '303', '445100', '潮州市', '117.00205', '23.668171', '2019-11-24 12:59:28', '0');
INSERT INTO `city_area` VALUES ('247', '445200', '揭阳市', '202', '440000', '广东省', '116.355733', '23.543778', '2019-11-24 12:59:28', '0');
INSERT INTO `city_area` VALUES ('2349', '445202', '榕城区', '303', '445200', '揭阳市', '116.357045', '23.535524', '2019-11-24 12:59:28', '0');
INSERT INTO `city_area` VALUES ('2350', '445203', '揭东区', '303', '445200', '揭阳市', '116.412947', '23.569887', '2019-11-24 12:59:28', '0');
INSERT INTO `city_area` VALUES ('2351', '445222', '揭西县', '303', '445200', '揭阳市', '115.838708', '23.4273', '2019-11-24 12:59:28', '0');
INSERT INTO `city_area` VALUES ('2352', '445224', '惠来县', '303', '445200', '揭阳市', '116.295832', '23.029834', '2019-11-24 12:59:28', '0');
INSERT INTO `city_area` VALUES ('2353', '445281', '普宁市', '303', '445200', '揭阳市', '116.165082', '23.29788', '2019-11-24 12:59:28', '0');
INSERT INTO `city_area` VALUES ('248', '445300', '云浮市', '202', '440000', '广东省', '112.044439', '22.929801', '2019-11-24 12:59:28', '0');
INSERT INTO `city_area` VALUES ('2354', '445302', '云城区', '303', '445300', '云浮市', '112.04471', '22.930827', '2019-11-24 12:59:28', '0');
INSERT INTO `city_area` VALUES ('2356', '445321', '新兴县', '303', '445300', '云浮市', '112.23083', '22.703204', '2019-11-24 12:59:28', '0');
INSERT INTO `city_area` VALUES ('2357', '445322', '郁南县', '303', '445300', '云浮市', '111.535921', '23.237709', '2019-11-24 12:59:28', '0');
INSERT INTO `city_area` VALUES ('2355', '445323', '云安区', '303', '445300', '云浮市', '112.005609', '23.073152', '2019-11-24 12:59:28', '0');
INSERT INTO `city_area` VALUES ('2358', '445381', '罗定市', '303', '445300', '云浮市', '111.578201', '22.765415', '2019-11-24 12:59:28', '0');
INSERT INTO `city_area` VALUES ('20', '450000', '广西壮族自治区', '101', '0', '中国', '108.320004', '22.82402', '2019-11-24 12:59:28', '0');
INSERT INTO `city_area` VALUES ('249', '450100', '南宁市', '202', '450000', '广西壮族自治区', '108.320004', '22.82402', '2019-11-24 12:59:28', '0');
INSERT INTO `city_area` VALUES ('2359', '450102', '兴宁区', '303', '450100', '南宁市', '108.320189', '22.819511', '2019-11-24 12:59:28', '0');
INSERT INTO `city_area` VALUES ('2360', '450103', '青秀区', '303', '450100', '南宁市', '108.346113', '22.816614', '2019-11-24 12:59:28', '0');
INSERT INTO `city_area` VALUES ('2361', '450105', '江南区', '303', '450100', '南宁市', '108.310478', '22.799593', '2019-11-24 12:59:28', '0');
INSERT INTO `city_area` VALUES ('2362', '450107', '西乡塘区', '303', '450100', '南宁市', '108.306903', '22.832779', '2019-11-24 12:59:28', '0');
INSERT INTO `city_area` VALUES ('2363', '450108', '良庆区', '303', '450100', '南宁市', '108.322102', '22.75909', '2019-11-24 12:59:28', '0');
INSERT INTO `city_area` VALUES ('2364', '450109', '邕宁区', '303', '450100', '南宁市', '108.484251', '22.756598', '2019-11-24 12:59:28', '0');
INSERT INTO `city_area` VALUES ('2365', '450110', '武鸣区', '303', '450100', '南宁市', '108.280717', '23.157163', '2019-11-24 12:59:28', '0');
INSERT INTO `city_area` VALUES ('2366', '450123', '隆安县', '303', '450100', '南宁市', '107.688661', '23.174763', '2019-11-24 12:59:28', '0');
INSERT INTO `city_area` VALUES ('2367', '450124', '马山县', '303', '450100', '南宁市', '108.172903', '23.711758', '2019-11-24 12:59:28', '0');
INSERT INTO `city_area` VALUES ('2368', '450125', '上林县', '303', '450100', '南宁市', '108.603937', '23.431769', '2019-11-24 12:59:28', '0');
INSERT INTO `city_area` VALUES ('2369', '450126', '宾阳县', '303', '450100', '南宁市', '108.816735', '23.216884', '2019-11-24 12:59:28', '0');
INSERT INTO `city_area` VALUES ('2370', '450127', '横县', '303', '450100', '南宁市', '109.270987', '22.68743', '2019-11-24 12:59:28', '0');
INSERT INTO `city_area` VALUES ('250', '450200', '柳州市', '202', '450000', '广西壮族自治区', '109.411703', '24.314617', '2019-11-24 12:59:28', '0');
INSERT INTO `city_area` VALUES ('2371', '450202', '城中区', '303', '450200', '柳州市', '109.411749', '24.312324', '2019-11-24 12:59:28', '0');
INSERT INTO `city_area` VALUES ('2372', '450203', '鱼峰区', '303', '450200', '柳州市', '109.415364', '24.303848', '2019-11-24 12:59:28', '0');
INSERT INTO `city_area` VALUES ('2373', '450204', '柳南区', '303', '450200', '柳州市', '109.395936', '24.287013', '2019-11-24 12:59:28', '0');
INSERT INTO `city_area` VALUES ('2374', '450205', '柳北区', '303', '450200', '柳州市', '109.406577', '24.359145', '2019-11-24 12:59:28', '0');
INSERT INTO `city_area` VALUES ('2375', '450206', '柳江区', '303', '450200', '柳州市', '109.334503', '24.257512', '2019-11-24 12:59:28', '0');
INSERT INTO `city_area` VALUES ('2376', '450222', '柳城县', '303', '450200', '柳州市', '109.245812', '24.655121', '2019-11-24 12:59:28', '0');
INSERT INTO `city_area` VALUES ('2377', '450223', '鹿寨县', '303', '450200', '柳州市', '109.740805', '24.483405', '2019-11-24 12:59:28', '0');
INSERT INTO `city_area` VALUES ('2378', '450224', '融安县', '303', '450200', '柳州市', '109.403621', '25.214703', '2019-11-24 12:59:28', '0');
INSERT INTO `city_area` VALUES ('2379', '450225', '融水苗族自治县', '303', '450200', '柳州市', '109.252744', '25.068812', '2019-11-24 12:59:28', '0');
INSERT INTO `city_area` VALUES ('2380', '450226', '三江侗族自治县', '303', '450200', '柳州市', '109.614846', '25.78553', '2019-11-24 12:59:28', '0');
INSERT INTO `city_area` VALUES ('251', '450300', '桂林市', '202', '450000', '广西壮族自治区', '110.299121', '25.274215', '2019-11-24 12:59:28', '0');
INSERT INTO `city_area` VALUES ('2381', '450302', '秀峰区', '303', '450300', '桂林市', '110.292445', '25.278544', '2019-11-24 12:59:28', '0');
INSERT INTO `city_area` VALUES ('2382', '450303', '叠彩区', '303', '450300', '桂林市', '110.300783', '25.301334', '2019-11-24 12:59:28', '0');
INSERT INTO `city_area` VALUES ('2383', '450304', '象山区', '303', '450300', '桂林市', '110.284882', '25.261986', '2019-11-24 12:59:28', '0');
INSERT INTO `city_area` VALUES ('2384', '450305', '七星区', '303', '450300', '桂林市', '110.317577', '25.254339', '2019-11-24 12:59:28', '0');
INSERT INTO `city_area` VALUES ('2385', '450311', '雁山区', '303', '450300', '桂林市', '110.305667', '25.077646', '2019-11-24 12:59:28', '0');
INSERT INTO `city_area` VALUES ('2386', '450312', '临桂区', '303', '450300', '桂林市', '110.205487', '25.246257', '2019-11-24 12:59:28', '0');
INSERT INTO `city_area` VALUES ('2387', '450321', '阳朔县', '303', '450300', '桂林市', '110.494699', '24.77534', '2019-11-24 12:59:28', '0');
INSERT INTO `city_area` VALUES ('2388', '450323', '灵川县', '303', '450300', '桂林市', '110.325712', '25.408541', '2019-11-24 12:59:28', '0');
INSERT INTO `city_area` VALUES ('2389', '450324', '全州县', '303', '450300', '桂林市', '111.072989', '25.929897', '2019-11-24 12:59:28', '0');
INSERT INTO `city_area` VALUES ('2390', '450325', '兴安县', '303', '450300', '桂林市', '110.670783', '25.609554', '2019-11-24 12:59:28', '0');
INSERT INTO `city_area` VALUES ('2391', '450326', '永福县', '303', '450300', '桂林市', '109.989208', '24.986692', '2019-11-24 12:59:28', '0');
INSERT INTO `city_area` VALUES ('2392', '450327', '灌阳县', '303', '450300', '桂林市', '111.160248', '25.489098', '2019-11-24 12:59:28', '0');
INSERT INTO `city_area` VALUES ('2393', '450328', '龙胜各族自治县', '303', '450300', '桂林市', '110.009423', '25.796428', '2019-11-24 12:59:28', '0');
INSERT INTO `city_area` VALUES ('2394', '450329', '资源县', '303', '450300', '桂林市', '110.642587', '26.0342', '2019-11-24 12:59:28', '0');
INSERT INTO `city_area` VALUES ('2395', '450330', '平乐县', '303', '450300', '桂林市', '110.642821', '24.632216', '2019-11-24 12:59:28', '0');
INSERT INTO `city_area` VALUES ('2396', '450331', '荔浦县', '303', '450300', '桂林市', '110.400149', '24.497786', '2019-11-24 12:59:28', '0');
INSERT INTO `city_area` VALUES ('2397', '450332', '恭城瑶族自治县', '303', '450300', '桂林市', '110.82952', '24.833612', '2019-11-24 12:59:28', '0');
INSERT INTO `city_area` VALUES ('252', '450400', '梧州市', '202', '450000', '广西壮族自治区', '111.297604', '23.474803', '2019-11-24 12:59:28', '0');
INSERT INTO `city_area` VALUES ('2398', '450403', '万秀区', '303', '450400', '梧州市', '111.315817', '23.471318', '2019-11-24 12:59:28', '0');
INSERT INTO `city_area` VALUES ('2399', '450405', '长洲区', '303', '450400', '梧州市', '111.275678', '23.4777', '2019-11-24 12:59:28', '0');
INSERT INTO `city_area` VALUES ('2400', '450406', '龙圩区', '303', '450400', '梧州市', '111.246035', '23.40996', '2019-11-24 12:59:28', '0');
INSERT INTO `city_area` VALUES ('2401', '450421', '苍梧县', '303', '450400', '梧州市', '111.544008', '23.845097', '2019-11-24 12:59:28', '0');
INSERT INTO `city_area` VALUES ('2402', '450422', '藤县', '303', '450400', '梧州市', '110.931826', '23.373963', '2019-11-24 12:59:28', '0');
INSERT INTO `city_area` VALUES ('2403', '450423', '蒙山县', '303', '450400', '梧州市', '110.5226', '24.199829', '2019-11-24 12:59:28', '0');
INSERT INTO `city_area` VALUES ('2404', '450481', '岑溪市', '303', '450400', '梧州市', '110.998114', '22.918406', '2019-11-24 12:59:28', '0');
INSERT INTO `city_area` VALUES ('253', '450500', '北海市', '202', '450000', '广西壮族自治区', '109.119254', '21.473343', '2019-11-24 12:59:28', '0');
INSERT INTO `city_area` VALUES ('2405', '450502', '海城区', '303', '450500', '北海市', '109.107529', '21.468443', '2019-11-24 12:59:28', '0');
INSERT INTO `city_area` VALUES ('2406', '450503', '银海区', '303', '450500', '北海市', '109.118707', '21.444909', '2019-11-24 12:59:28', '0');
INSERT INTO `city_area` VALUES ('2407', '450512', '铁山港区', '303', '450500', '北海市', '109.450573', '21.5928', '2019-11-24 12:59:28', '0');
INSERT INTO `city_area` VALUES ('2408', '450521', '合浦县', '303', '450500', '北海市', '109.200695', '21.663554', '2019-11-24 12:59:28', '0');
INSERT INTO `city_area` VALUES ('254', '450600', '防城港市', '202', '450000', '广西壮族自治区', '108.345478', '21.614631', '2019-11-24 12:59:28', '0');
INSERT INTO `city_area` VALUES ('2409', '450602', '港口区', '303', '450600', '防城港市', '108.346281', '21.614406', '2019-11-24 12:59:28', '0');
INSERT INTO `city_area` VALUES ('2410', '450603', '防城区', '303', '450600', '防城港市', '108.358426', '21.764758', '2019-11-24 12:59:28', '0');
INSERT INTO `city_area` VALUES ('2411', '450621', '上思县', '303', '450600', '防城港市', '107.982139', '22.151423', '2019-11-24 12:59:28', '0');
INSERT INTO `city_area` VALUES ('2412', '450681', '东兴市', '303', '450600', '防城港市', '107.97017', '21.541172', '2019-11-24 12:59:28', '0');
INSERT INTO `city_area` VALUES ('255', '450700', '钦州市', '202', '450000', '广西壮族自治区', '108.624175', '21.967127', '2019-11-24 12:59:28', '0');
INSERT INTO `city_area` VALUES ('2413', '450702', '钦南区', '303', '450700', '钦州市', '108.626629', '21.966808', '2019-11-24 12:59:28', '0');
INSERT INTO `city_area` VALUES ('2414', '450703', '钦北区', '303', '450700', '钦州市', '108.44911', '22.132761', '2019-11-24 12:59:28', '0');
INSERT INTO `city_area` VALUES ('2415', '450721', '灵山县', '303', '450700', '钦州市', '109.293468', '22.418041', '2019-11-24 12:59:28', '0');
INSERT INTO `city_area` VALUES ('2416', '450722', '浦北县', '303', '450700', '钦州市', '109.556341', '22.268335', '2019-11-24 12:59:28', '0');
INSERT INTO `city_area` VALUES ('256', '450800', '贵港市', '202', '450000', '广西壮族自治区', '109.602146', '23.0936', '2019-11-24 12:59:28', '0');
INSERT INTO `city_area` VALUES ('2417', '450802', '港北区', '303', '450800', '贵港市', '109.59481', '23.107677', '2019-11-24 12:59:28', '0');
INSERT INTO `city_area` VALUES ('2418', '450803', '港南区', '303', '450800', '贵港市', '109.604665', '23.067516', '2019-11-24 12:59:28', '0');
INSERT INTO `city_area` VALUES ('2419', '450804', '覃塘区', '303', '450800', '贵港市', '109.415697', '23.132815', '2019-11-24 12:59:28', '0');
INSERT INTO `city_area` VALUES ('2420', '450821', '平南县', '303', '450800', '贵港市', '110.397485', '23.544546', '2019-11-24 12:59:28', '0');
INSERT INTO `city_area` VALUES ('2421', '450881', '桂平市', '303', '450800', '贵港市', '110.074668', '23.382473', '2019-11-24 12:59:28', '0');
INSERT INTO `city_area` VALUES ('257', '450900', '玉林市', '202', '450000', '广西壮族自治区', '110.154393', '22.63136', '2019-11-24 12:59:28', '0');
INSERT INTO `city_area` VALUES ('2422', '450902', '玉州区', '303', '450900', '玉林市', '110.154912', '22.632132', '2019-11-24 12:59:28', '0');
INSERT INTO `city_area` VALUES ('2423', '450903', '福绵区', '303', '450900', '玉林市', '110.054155', '22.58163', '2019-11-24 12:59:28', '0');
INSERT INTO `city_area` VALUES ('2424', '450921', '容县', '303', '450900', '玉林市', '110.552467', '22.856435', '2019-11-24 12:59:28', '0');
INSERT INTO `city_area` VALUES ('2425', '450922', '陆川县', '303', '450900', '玉林市', '110.264842', '22.321054', '2019-11-24 12:59:28', '0');
INSERT INTO `city_area` VALUES ('2426', '450923', '博白县', '303', '450900', '玉林市', '109.980004', '22.271285', '2019-11-24 12:59:28', '0');
INSERT INTO `city_area` VALUES ('2427', '450924', '兴业县', '303', '450900', '玉林市', '109.877768', '22.74187', '2019-11-24 12:59:28', '0');
INSERT INTO `city_area` VALUES ('2428', '450981', '北流市', '303', '450900', '玉林市', '110.348052', '22.701648', '2019-11-24 12:59:28', '0');
INSERT INTO `city_area` VALUES ('258', '451000', '百色市', '202', '450000', '广西壮族自治区', '106.616285', '23.897742', '2019-11-24 12:59:28', '0');
INSERT INTO `city_area` VALUES ('2429', '451002', '右江区', '303', '451000', '百色市', '106.615727', '23.897675', '2019-11-24 12:59:28', '0');
INSERT INTO `city_area` VALUES ('2430', '451021', '田阳县', '303', '451000', '百色市', '106.904315', '23.736079', '2019-11-24 12:59:28', '0');
INSERT INTO `city_area` VALUES ('2431', '451022', '田东县', '303', '451000', '百色市', '107.12426', '23.600444', '2019-11-24 12:59:28', '0');
INSERT INTO `city_area` VALUES ('2432', '451023', '平果县', '303', '451000', '百色市', '107.580403', '23.320479', '2019-11-24 12:59:28', '0');
INSERT INTO `city_area` VALUES ('2433', '451024', '德保县', '303', '451000', '百色市', '106.618164', '23.321464', '2019-11-24 12:59:28', '0');
INSERT INTO `city_area` VALUES ('2434', '451026', '那坡县', '303', '451000', '百色市', '105.833553', '23.400785', '2019-11-24 12:59:28', '0');
INSERT INTO `city_area` VALUES ('2435', '451027', '凌云县', '303', '451000', '百色市', '106.56487', '24.345643', '2019-11-24 12:59:28', '0');
INSERT INTO `city_area` VALUES ('2436', '451028', '乐业县', '303', '451000', '百色市', '106.559638', '24.782204', '2019-11-24 12:59:28', '0');
INSERT INTO `city_area` VALUES ('2437', '451029', '田林县', '303', '451000', '百色市', '106.235047', '24.290262', '2019-11-24 12:59:28', '0');
INSERT INTO `city_area` VALUES ('2438', '451030', '西林县', '303', '451000', '百色市', '105.095025', '24.492041', '2019-11-24 12:59:28', '0');
INSERT INTO `city_area` VALUES ('2439', '451031', '隆林各族自治县', '303', '451000', '百色市', '105.342363', '24.774318', '2019-11-24 12:59:28', '0');
INSERT INTO `city_area` VALUES ('2440', '451081', '靖西市', '303', '451000', '百色市', '106.417549', '23.134766', '2019-11-24 12:59:28', '0');
INSERT INTO `city_area` VALUES ('259', '451100', '贺州市', '202', '450000', '广西壮族自治区', '111.552056', '24.414141', '2019-11-24 12:59:28', '0');
INSERT INTO `city_area` VALUES ('2441', '451102', '八步区', '303', '451100', '贺州市', '111.551991', '24.412446', '2019-11-24 12:59:28', '0');
INSERT INTO `city_area` VALUES ('2442', '451103', '平桂区', '303', '451100', '贺州市', '111.524014', '24.417148', '2019-11-24 12:59:28', '0');
INSERT INTO `city_area` VALUES ('2443', '451121', '昭平县', '303', '451100', '贺州市', '110.810865', '24.172958', '2019-11-24 12:59:28', '0');
INSERT INTO `city_area` VALUES ('2444', '451122', '钟山县', '303', '451100', '贺州市', '111.303629', '24.528566', '2019-11-24 12:59:28', '0');
INSERT INTO `city_area` VALUES ('2445', '451123', '富川瑶族自治县', '303', '451100', '贺州市', '111.277228', '24.81896', '2019-11-24 12:59:28', '0');
INSERT INTO `city_area` VALUES ('260', '451200', '河池市', '202', '450000', '广西壮族自治区', '108.062105', '24.695899', '2019-11-24 12:59:28', '0');
INSERT INTO `city_area` VALUES ('2446', '451202', '金城江区', '303', '451200', '河池市', '108.062131', '24.695625', '2019-11-24 12:59:28', '0');
INSERT INTO `city_area` VALUES ('2447', '451203', '宜州区', '303', '451200', '河池市', '108.653965', '24.492193', '2019-11-24 12:59:28', '0');
INSERT INTO `city_area` VALUES ('2448', '451221', '南丹县', '303', '451200', '河池市', '107.546605', '24.983192', '2019-11-24 12:59:28', '0');
INSERT INTO `city_area` VALUES ('2449', '451222', '天峨县', '303', '451200', '河池市', '107.174939', '24.985964', '2019-11-24 12:59:28', '0');
INSERT INTO `city_area` VALUES ('2450', '451223', '凤山县', '303', '451200', '河池市', '107.044592', '24.544561', '2019-11-24 12:59:28', '0');
INSERT INTO `city_area` VALUES ('2451', '451224', '东兰县', '303', '451200', '河池市', '107.373696', '24.509367', '2019-11-24 12:59:28', '0');
INSERT INTO `city_area` VALUES ('2452', '451225', '罗城仫佬族自治县', '303', '451200', '河池市', '108.902453', '24.779327', '2019-11-24 12:59:28', '0');
INSERT INTO `city_area` VALUES ('2453', '451226', '环江毛南族自治县', '303', '451200', '河池市', '108.258669', '24.827628', '2019-11-24 12:59:28', '0');
INSERT INTO `city_area` VALUES ('2454', '451227', '巴马瑶族自治县', '303', '451200', '河池市', '107.253126', '24.139538', '2019-11-24 12:59:28', '0');
INSERT INTO `city_area` VALUES ('2455', '451228', '都安瑶族自治县', '303', '451200', '河池市', '108.102761', '23.934964', '2019-11-24 12:59:28', '0');
INSERT INTO `city_area` VALUES ('2456', '451229', '大化瑶族自治县', '303', '451200', '河池市', '107.9945', '23.739596', '2019-11-24 12:59:28', '0');
INSERT INTO `city_area` VALUES ('261', '451300', '来宾市', '202', '450000', '广西壮族自治区', '109.229772', '23.733766', '2019-11-24 12:59:28', '0');
INSERT INTO `city_area` VALUES ('2457', '451302', '兴宾区', '303', '451300', '来宾市', '109.230541', '23.732926', '2019-11-24 12:59:28', '0');
INSERT INTO `city_area` VALUES ('2458', '451321', '忻城县', '303', '451300', '来宾市', '108.667361', '24.064779', '2019-11-24 12:59:28', '0');
INSERT INTO `city_area` VALUES ('2459', '451322', '象州县', '303', '451300', '来宾市', '109.684555', '23.959824', '2019-11-24 12:59:28', '0');
INSERT INTO `city_area` VALUES ('2460', '451323', '武宣县', '303', '451300', '来宾市', '109.66287', '23.604162', '2019-11-24 12:59:28', '0');
INSERT INTO `city_area` VALUES ('2461', '451324', '金秀瑶族自治县', '303', '451300', '来宾市', '110.188556', '24.134941', '2019-11-24 12:59:28', '0');
INSERT INTO `city_area` VALUES ('2462', '451381', '合山市', '303', '451300', '来宾市', '108.88858', '23.81311', '2019-11-24 12:59:28', '0');
INSERT INTO `city_area` VALUES ('262', '451400', '崇左市', '202', '450000', '广西壮族自治区', '107.353926', '22.404108', '2019-11-24 12:59:28', '0');
INSERT INTO `city_area` VALUES ('2463', '451402', '江州区', '303', '451400', '崇左市', '107.354443', '22.40469', '2019-11-24 12:59:28', '0');
INSERT INTO `city_area` VALUES ('2464', '451421', '扶绥县', '303', '451400', '崇左市', '107.911533', '22.635821', '2019-11-24 12:59:28', '0');
INSERT INTO `city_area` VALUES ('2465', '451422', '宁明县', '303', '451400', '崇左市', '107.067616', '22.131353', '2019-11-24 12:59:28', '0');
INSERT INTO `city_area` VALUES ('2466', '451423', '龙州县', '303', '451400', '崇左市', '106.857502', '22.343716', '2019-11-24 12:59:28', '0');
INSERT INTO `city_area` VALUES ('2467', '451424', '大新县', '303', '451400', '崇左市', '107.200803', '22.833369', '2019-11-24 12:59:28', '0');
INSERT INTO `city_area` VALUES ('2468', '451425', '天等县', '303', '451400', '崇左市', '107.142441', '23.082484', '2019-11-24 12:59:28', '0');
INSERT INTO `city_area` VALUES ('2469', '451481', '凭祥市', '303', '451400', '崇左市', '106.759038', '22.108882', '2019-11-24 12:59:28', '0');
INSERT INTO `city_area` VALUES ('21', '460000', '海南省', '101', '0', '中国', '110.33119', '20.031971', '2019-11-24 12:59:28', '0');
INSERT INTO `city_area` VALUES ('263', '460100', '海口市', '202', '460000', '海南省', '110.33119', '20.031971', '2019-11-24 12:59:28', '0');
INSERT INTO `city_area` VALUES ('2470', '460105', '秀英区', '303', '460100', '海口市', '110.282393', '20.008145', '2019-11-24 12:59:28', '0');
INSERT INTO `city_area` VALUES ('2471', '460106', '龙华区', '303', '460100', '海口市', '110.330373', '20.031026', '2019-11-24 12:59:28', '0');
INSERT INTO `city_area` VALUES ('2472', '460107', '琼山区', '303', '460100', '海口市', '110.354722', '20.001051', '2019-11-24 12:59:28', '0');
INSERT INTO `city_area` VALUES ('2473', '460108', '美兰区', '303', '460100', '海口市', '110.356566', '20.03074', '2019-11-24 12:59:28', '0');
INSERT INTO `city_area` VALUES ('264', '460200', '三亚市', '202', '460000', '海南省', '109.508268', '18.247872', '2019-11-24 12:59:28', '0');
INSERT INTO `city_area` VALUES ('2474', '460202', '海棠区', '303', '460200', '三亚市', '109.760778', '18.407516', '2019-11-24 12:59:28', '0');
INSERT INTO `city_area` VALUES ('2475', '460203', '吉阳区', '303', '460200', '三亚市', '109.512081', '18.247436', '2019-11-24 12:59:28', '0');
INSERT INTO `city_area` VALUES ('2476', '460204', '天涯区', '303', '460200', '三亚市', '109.506357', '18.24734', '2019-11-24 12:59:28', '0');
INSERT INTO `city_area` VALUES ('2477', '460205', '崖州区', '303', '460200', '三亚市', '109.174306', '18.352192', '2019-11-24 12:59:28', '0');
INSERT INTO `city_area` VALUES ('265', '460300', '三沙市', '202', '460000', '海南省', '112.34882', '16.831039', '2019-11-24 12:59:28', '0');
INSERT INTO `city_area` VALUES ('2478', '460321', '西沙群岛', '303', '460300', '三沙市', '111.792944', '16.204546', '2019-11-24 12:59:28', '0');
INSERT INTO `city_area` VALUES ('2479', '460322', '南沙群岛', '303', '460300', '三沙市', '116.749998', '11.471888', '2019-11-24 12:59:28', '0');
INSERT INTO `city_area` VALUES ('2480', '460323', '中沙群岛的岛礁及其海域', '303', '460300', '三沙市', '117.740071', '15.112856', '2019-11-24 12:59:28', '0');
INSERT INTO `city_area` VALUES ('266', '460400', '儋州市', '202', '460000', '海南省', '109.176', '19.7946', '2019-11-24 12:59:28', '0');
INSERT INTO `city_area` VALUES ('267', '469000', '省直辖县级行政区划', '202', '460000', '海南省', '', '', '2019-11-24 12:59:28', '0');
INSERT INTO `city_area` VALUES ('2482', '469001', '五指山市', '303', '469000', '省直辖县级行政区划', '109.356', '18.7134', '2019-11-24 12:59:28', '0');
INSERT INTO `city_area` VALUES ('2483', '469002', '琼海市', '303', '469000', '省直辖县级行政区划', '110.168', '19.167', '2019-11-24 12:59:28', '0');
INSERT INTO `city_area` VALUES ('2484', '469005', '文昌市', '303', '469000', '省直辖县级行政区划', '110.654', '19.4341', '2019-11-24 12:59:28', '0');
INSERT INTO `city_area` VALUES ('2485', '469006', '万宁市', '303', '469000', '省直辖县级行政区划', '110.429', '18.6408', '2019-11-24 12:59:28', '0');
INSERT INTO `city_area` VALUES ('2486', '469007', '东方市', '303', '469000', '省直辖县级行政区划', '108.622', '19.0927', '2019-11-24 12:59:28', '0');
INSERT INTO `city_area` VALUES ('2487', '469021', '定安县', '303', '469000', '省直辖县级行政区划', '110.298', '19.4997', '2019-11-24 12:59:28', '0');
INSERT INTO `city_area` VALUES ('2488', '469022', '屯昌县', '303', '469000', '省直辖县级行政区划', '110.093', '19.1953', '2019-11-24 12:59:28', '0');
INSERT INTO `city_area` VALUES ('2489', '469023', '澄迈县', '303', '469000', '省直辖县级行政区划', '109.916', '19.5062', '2019-11-24 12:59:28', '0');
INSERT INTO `city_area` VALUES ('2490', '469024', '临高县', '303', '469000', '省直辖县级行政区划', '109.764', '19.8244', '2019-11-24 12:59:28', '0');
INSERT INTO `city_area` VALUES ('2491', '469025', '白沙黎族自治县', '303', '469000', '省直辖县级行政区划', '109.18', '19.4104', '2019-11-24 12:59:28', '0');
INSERT INTO `city_area` VALUES ('2492', '469026', '昌江黎族自治县', '303', '469000', '省直辖县级行政区划', '108.732', '19.3836', '2019-11-24 12:59:28', '0');
INSERT INTO `city_area` VALUES ('2493', '469027', '乐东黎族自治县', '303', '469000', '省直辖县级行政区划', '109.027', '18.726', '2019-11-24 12:59:28', '0');
INSERT INTO `city_area` VALUES ('2494', '469028', '陵水黎族自治县', '303', '469000', '省直辖县级行政区划', '109.876', '18.4739', '2019-11-24 12:59:28', '0');
INSERT INTO `city_area` VALUES ('2495', '469029', '保亭黎族苗族自治县', '303', '469000', '省直辖县级行政区划', '109.803', '18.5393', '2019-11-24 12:59:28', '0');
INSERT INTO `city_area` VALUES ('2496', '469030', '琼中黎族苗族自治县', '303', '469000', '省直辖县级行政区划', '109.799', '18.8976', '2019-11-24 12:59:28', '0');
INSERT INTO `city_area` VALUES ('22', '500000', '重庆省', '101', '0', '中国', '106.504962', '29.533155', '2019-11-24 12:59:28', '0');
INSERT INTO `city_area` VALUES ('268', '500100', '重庆市', '202', '500000', '重庆省', '106.504962', '29.533155', '2019-11-24 12:59:28', '0');
INSERT INTO `city_area` VALUES ('2497', '500101', '万州区', '303', '500100', '重庆市', '108.380246', '30.807807', '2019-11-24 12:59:28', '0');
INSERT INTO `city_area` VALUES ('2498', '500102', '涪陵区', '303', '500100', '重庆市', '107.394905', '29.703652', '2019-11-24 12:59:28', '0');
INSERT INTO `city_area` VALUES ('2499', '500103', '渝中区', '303', '500100', '重庆市', '106.56288', '29.556742', '2019-11-24 12:59:28', '0');
INSERT INTO `city_area` VALUES ('2500', '500104', '大渡口区', '303', '500100', '重庆市', '106.48613', '29.481002', '2019-11-24 12:59:28', '0');
INSERT INTO `city_area` VALUES ('2501', '500105', '江北区', '303', '500100', '重庆市', '106.532844', '29.575352', '2019-11-24 12:59:28', '0');
INSERT INTO `city_area` VALUES ('2502', '500106', '沙坪坝区', '303', '500100', '重庆市', '106.4542', '29.541224', '2019-11-24 12:59:28', '0');
INSERT INTO `city_area` VALUES ('2503', '500107', '九龙坡区', '303', '500100', '重庆市', '106.480989', '29.523492', '2019-11-24 12:59:28', '0');
INSERT INTO `city_area` VALUES ('2504', '500108', '南岸区', '303', '500100', '重庆市', '106.560813', '29.523992', '2019-11-24 12:59:28', '0');
INSERT INTO `city_area` VALUES ('2505', '500109', '北碚区', '303', '500100', '重庆市', '106.437868', '29.82543', '2019-11-24 12:59:28', '0');
INSERT INTO `city_area` VALUES ('2506', '500110', '綦江区', '303', '500100', '重庆市', '106.651417', '29.028091', '2019-11-24 12:59:28', '0');
INSERT INTO `city_area` VALUES ('2507', '500111', '大足区', '303', '500100', '重庆市', '105.715319', '29.700498', '2019-11-24 12:59:28', '0');
INSERT INTO `city_area` VALUES ('2508', '500112', '渝北区', '303', '500100', '重庆市', '106.512851', '29.601451', '2019-11-24 12:59:28', '0');
INSERT INTO `city_area` VALUES ('2509', '500113', '巴南区', '303', '500100', '重庆市', '106.519423', '29.381919', '2019-11-24 12:59:28', '0');
INSERT INTO `city_area` VALUES ('2510', '500114', '黔江区', '303', '500100', '重庆市', '108.782577', '29.527548', '2019-11-24 12:59:28', '0');
INSERT INTO `city_area` VALUES ('2511', '500115', '长寿区', '303', '500100', '重庆市', '107.074854', '29.833671', '2019-11-24 12:59:28', '0');
INSERT INTO `city_area` VALUES ('2512', '500116', '江津区', '303', '500100', '重庆市', '106.253156', '29.283387', '2019-11-24 12:59:28', '0');
INSERT INTO `city_area` VALUES ('2513', '500117', '合川区', '303', '500100', '重庆市', '106.265554', '29.990993', '2019-11-24 12:59:28', '0');
INSERT INTO `city_area` VALUES ('2514', '500118', '永川区', '303', '500100', '重庆市', '105.894714', '29.348748', '2019-11-24 12:59:28', '0');
INSERT INTO `city_area` VALUES ('2515', '500119', '南川区', '303', '500100', '重庆市', '107.098153', '29.156646', '2019-11-24 12:59:28', '0');
INSERT INTO `city_area` VALUES ('2516', '500120', '璧山区', '303', '500100', '重庆市', '106.231126', '29.593581', '2019-11-24 12:59:28', '0');
INSERT INTO `city_area` VALUES ('2517', '500151', '铜梁区', '303', '500100', '重庆市', '106.054948', '29.839944', '2019-11-24 12:59:28', '0');
INSERT INTO `city_area` VALUES ('2518', '500152', '潼南区', '303', '500100', '重庆市', '105.841818', '30.189554', '2019-11-24 12:59:28', '0');
INSERT INTO `city_area` VALUES ('2519', '500153', '荣昌区', '303', '500100', '重庆市', '105.594061', '29.403627', '2019-11-24 12:59:28', '0');
INSERT INTO `city_area` VALUES ('2520', '500154', '开州区', '303', '500100', '重庆市', '108.413317', '31.167735', '2019-11-24 12:59:28', '0');
INSERT INTO `city_area` VALUES ('2521', '500155', '梁平区', '303', '500100', '重庆市', '107.800034', '30.672168', '2019-11-24 12:59:28', '0');
INSERT INTO `city_area` VALUES ('2522', '500156', '武隆区', '303', '500100', '重庆市', '107.75655', '29.32376', '2019-11-24 12:59:28', '0');
INSERT INTO `city_area` VALUES ('269', '500200', '县', '202', '500000', '重庆省', '108.170255', '29.291965', '2019-11-24 12:59:28', '0');
INSERT INTO `city_area` VALUES ('2523', '500229', '城口县', '303', '500200', '县', '108.6649', '31.946293', '2019-11-24 12:59:28', '0');
INSERT INTO `city_area` VALUES ('2524', '500230', '丰都县', '303', '500200', '县', '107.73248', '29.866424', '2019-11-24 12:59:28', '0');
INSERT INTO `city_area` VALUES ('2525', '500231', '垫江县', '303', '500200', '县', '107.348692', '30.330012', '2019-11-24 12:59:28', '0');
INSERT INTO `city_area` VALUES ('2526', '500233', '忠县', '303', '500200', '县', '108.037518', '30.291537', '2019-11-24 12:59:28', '0');
INSERT INTO `city_area` VALUES ('2527', '500235', '云阳县', '303', '500200', '县', '108.697698', '30.930529', '2019-11-24 12:59:28', '0');
INSERT INTO `city_area` VALUES ('2528', '500236', '奉节县', '303', '500200', '县', '109.465774', '31.019967', '2019-11-24 12:59:28', '0');
INSERT INTO `city_area` VALUES ('2529', '500237', '巫山县', '303', '500200', '县', '109.878928', '31.074843', '2019-11-24 12:59:28', '0');
INSERT INTO `city_area` VALUES ('2530', '500238', '巫溪县', '303', '500200', '县', '109.628912', '31.3966', '2019-11-24 12:59:28', '0');
INSERT INTO `city_area` VALUES ('2531', '500240', '石柱土家族自治县', '303', '500200', '县', '108.112448', '29.99853', '2019-11-24 12:59:28', '0');
INSERT INTO `city_area` VALUES ('2532', '500241', '秀山土家族苗族自治县', '303', '500200', '县', '108.996043', '28.444772', '2019-11-24 12:59:28', '0');
INSERT INTO `city_area` VALUES ('2533', '500242', '酉阳土家族苗族自治县', '303', '500200', '县', '108.767201', '28.839828', '2019-11-24 12:59:28', '0');
INSERT INTO `city_area` VALUES ('2534', '500243', '彭水苗族土家族自治县', '303', '500200', '县', '108.166551', '29.293856', '2019-11-24 12:59:28', '0');
INSERT INTO `city_area` VALUES ('23', '510000', '四川省', '101', '0', '中国', '104.065735', '30.659462', '2019-11-24 12:59:28', '0');
INSERT INTO `city_area` VALUES ('270', '510100', '成都市', '202', '510000', '四川省', '104.065735', '30.659462', '2019-11-24 12:59:28', '0');
INSERT INTO `city_area` VALUES ('2535', '510104', '锦江区', '303', '510100', '成都市', '104.080989', '30.657689', '2019-11-24 12:59:28', '0');
INSERT INTO `city_area` VALUES ('2536', '510105', '青羊区', '303', '510100', '成都市', '104.055731', '30.667648', '2019-11-24 12:59:28', '0');
INSERT INTO `city_area` VALUES ('2537', '510106', '金牛区', '303', '510100', '成都市', '104.043487', '30.692058', '2019-11-24 12:59:28', '0');
INSERT INTO `city_area` VALUES ('2538', '510107', '武侯区', '303', '510100', '成都市', '104.05167', '30.630862', '2019-11-24 12:59:28', '0');
INSERT INTO `city_area` VALUES ('2539', '510108', '成华区', '303', '510100', '成都市', '104.103077', '30.660275', '2019-11-24 12:59:28', '0');
INSERT INTO `city_area` VALUES ('2540', '510112', '龙泉驿区', '303', '510100', '成都市', '104.269181', '30.56065', '2019-11-24 12:59:28', '0');
INSERT INTO `city_area` VALUES ('2541', '510113', '青白江区', '303', '510100', '成都市', '104.25494', '30.883438', '2019-11-24 12:59:28', '0');
INSERT INTO `city_area` VALUES ('2542', '510114', '新都区', '303', '510100', '成都市', '104.16022', '30.824223', '2019-11-24 12:59:28', '0');
INSERT INTO `city_area` VALUES ('2543', '510115', '温江区', '303', '510100', '成都市', '103.836776', '30.697996', '2019-11-24 12:59:28', '0');
INSERT INTO `city_area` VALUES ('2544', '510116', '双流区', '303', '510100', '成都市', '103.922706', '30.573243', '2019-11-24 12:59:28', '0');
INSERT INTO `city_area` VALUES ('2545', '510117', '郫都区', '303', '510100', '成都市', '103.887842', '30.808752', '2019-11-24 12:59:28', '0');
INSERT INTO `city_area` VALUES ('2546', '510121', '金堂县', '303', '510100', '成都市', '104.415604', '30.858417', '2019-11-24 12:59:28', '0');
INSERT INTO `city_area` VALUES ('2547', '510129', '大邑县', '303', '510100', '成都市', '103.522397', '30.586602', '2019-11-24 12:59:28', '0');
INSERT INTO `city_area` VALUES ('2548', '510131', '蒲江县', '303', '510100', '成都市', '103.511541', '30.194359', '2019-11-24 12:59:28', '0');
INSERT INTO `city_area` VALUES ('2549', '510132', '新津县', '303', '510100', '成都市', '103.812449', '30.414284', '2019-11-24 12:59:28', '0');
INSERT INTO `city_area` VALUES ('2550', '510181', '都江堰市', '303', '510100', '成都市', '103.627898', '30.99114', '2019-11-24 12:59:28', '0');
INSERT INTO `city_area` VALUES ('2551', '510182', '彭州市', '303', '510100', '成都市', '103.941173', '30.985161', '2019-11-24 12:59:28', '0');
INSERT INTO `city_area` VALUES ('2552', '510183', '邛崃市', '303', '510100', '成都市', '103.46143', '30.413271', '2019-11-24 12:59:28', '0');
INSERT INTO `city_area` VALUES ('2553', '510184', '崇州市', '303', '510100', '成都市', '103.671049', '30.631478', '2019-11-24 12:59:28', '0');
INSERT INTO `city_area` VALUES ('2554', '510185', '简阳市', '303', '510100', '成都市', '104.550339', '30.390666', '2019-11-24 12:59:28', '0');
INSERT INTO `city_area` VALUES ('271', '510300', '自贡市', '202', '510000', '四川省', '104.773447', '29.352765', '2019-11-24 12:59:28', '0');
INSERT INTO `city_area` VALUES ('2555', '510302', '自流井区', '303', '510300', '自贡市', '104.778188', '29.343231', '2019-11-24 12:59:28', '0');
INSERT INTO `city_area` VALUES ('2556', '510303', '贡井区', '303', '510300', '自贡市', '104.714372', '29.345675', '2019-11-24 12:59:28', '0');
INSERT INTO `city_area` VALUES ('2557', '510304', '大安区', '303', '510300', '自贡市', '104.783229', '29.367136', '2019-11-24 12:59:28', '0');
INSERT INTO `city_area` VALUES ('2558', '510311', '沿滩区', '303', '510300', '自贡市', '104.876417', '29.272521', '2019-11-24 12:59:28', '0');
INSERT INTO `city_area` VALUES ('2559', '510321', '荣县', '303', '510300', '自贡市', '104.423932', '29.454851', '2019-11-24 12:59:28', '0');
INSERT INTO `city_area` VALUES ('2560', '510322', '富顺县', '303', '510300', '自贡市', '104.984256', '29.181282', '2019-11-24 12:59:28', '0');
INSERT INTO `city_area` VALUES ('272', '510400', '攀枝花市', '202', '510000', '四川省', '101.716007', '26.580446', '2019-11-24 12:59:28', '0');
INSERT INTO `city_area` VALUES ('2561', '510402', '东区', '303', '510400', '攀枝花市', '101.715134', '26.580887', '2019-11-24 12:59:28', '0');
INSERT INTO `city_area` VALUES ('2562', '510403', '西区', '303', '510400', '攀枝花市', '101.637969', '26.596776', '2019-11-24 12:59:28', '0');
INSERT INTO `city_area` VALUES ('2563', '510411', '仁和区', '303', '510400', '攀枝花市', '101.737916', '26.497185', '2019-11-24 12:59:28', '0');
INSERT INTO `city_area` VALUES ('2564', '510421', '米易县', '303', '510400', '攀枝花市', '102.109877', '26.887474', '2019-11-24 12:59:28', '0');
INSERT INTO `city_area` VALUES ('2565', '510422', '盐边县', '303', '510400', '攀枝花市', '101.851848', '26.677619', '2019-11-24 12:59:28', '0');
INSERT INTO `city_area` VALUES ('273', '510500', '泸州市', '202', '510000', '四川省', '105.443348', '28.889138', '2019-11-24 12:59:28', '0');
INSERT INTO `city_area` VALUES ('2566', '510502', '江阳区', '303', '510500', '泸州市', '105.445131', '28.882889', '2019-11-24 12:59:28', '0');
INSERT INTO `city_area` VALUES ('2567', '510503', '纳溪区', '303', '510500', '泸州市', '105.37721', '28.77631', '2019-11-24 12:59:28', '0');
INSERT INTO `city_area` VALUES ('2568', '510504', '龙马潭区', '303', '510500', '泸州市', '105.435228', '28.897572', '2019-11-24 12:59:28', '0');
INSERT INTO `city_area` VALUES ('2569', '510521', '泸县', '303', '510500', '泸州市', '105.376335', '29.151288', '2019-11-24 12:59:28', '0');
INSERT INTO `city_area` VALUES ('2570', '510522', '合江县', '303', '510500', '泸州市', '105.834098', '28.810325', '2019-11-24 12:59:28', '0');
INSERT INTO `city_area` VALUES ('2571', '510524', '叙永县', '303', '510500', '泸州市', '105.437775', '28.167919', '2019-11-24 12:59:28', '0');
INSERT INTO `city_area` VALUES ('2572', '510525', '古蔺县', '303', '510500', '泸州市', '105.813359', '28.03948', '2019-11-24 12:59:28', '0');
INSERT INTO `city_area` VALUES ('274', '510600', '德阳市', '202', '510000', '四川省', '104.398651', '31.127991', '2019-11-24 12:59:28', '0');
INSERT INTO `city_area` VALUES ('2573', '510603', '旌阳区', '303', '510600', '德阳市', '104.389648', '31.130428', '2019-11-24 12:59:28', '0');
INSERT INTO `city_area` VALUES ('2574', '510604', '罗江区', '303', '510600', '德阳市', '', '', '2019-11-24 12:59:28', '0');
INSERT INTO `city_area` VALUES ('2575', '510623', '中江县', '303', '510600', '德阳市', '104.677831', '31.03681', '2019-11-24 12:59:28', '0');
INSERT INTO `city_area` VALUES ('2576', '510681', '广汉市', '303', '510600', '德阳市', '104.281903', '30.97715', '2019-11-24 12:59:28', '0');
INSERT INTO `city_area` VALUES ('2577', '510682', '什邡市', '303', '510600', '德阳市', '104.173653', '31.126881', '2019-11-24 12:59:28', '0');
INSERT INTO `city_area` VALUES ('2578', '510683', '绵竹市', '303', '510600', '德阳市', '104.200162', '31.343084', '2019-11-24 12:59:28', '0');
INSERT INTO `city_area` VALUES ('275', '510700', '绵阳市', '202', '510000', '四川省', '104.741722', '31.46402', '2019-11-24 12:59:28', '0');
INSERT INTO `city_area` VALUES ('2579', '510703', '涪城区', '303', '510700', '绵阳市', '104.740971', '31.463557', '2019-11-24 12:59:28', '0');
INSERT INTO `city_area` VALUES ('2580', '510704', '游仙区', '303', '510700', '绵阳市', '104.770006', '31.484772', '2019-11-24 12:59:28', '0');
INSERT INTO `city_area` VALUES ('2581', '510705', '安州区', '303', '510700', '绵阳市', '104.560341', '31.53894', '2019-11-24 12:59:28', '0');
INSERT INTO `city_area` VALUES ('2582', '510722', '三台县', '303', '510700', '绵阳市', '105.090316', '31.090909', '2019-11-24 12:59:28', '0');
INSERT INTO `city_area` VALUES ('2583', '510723', '盐亭县', '303', '510700', '绵阳市', '105.391991', '31.22318', '2019-11-24 12:59:28', '0');
INSERT INTO `city_area` VALUES ('2584', '510725', '梓潼县', '303', '510700', '绵阳市', '105.16353', '31.635225', '2019-11-24 12:59:28', '0');
INSERT INTO `city_area` VALUES ('2585', '510726', '北川羌族自治县', '303', '510700', '绵阳市', '104.468069', '31.615863', '2019-11-24 12:59:28', '0');
INSERT INTO `city_area` VALUES ('2586', '510727', '平武县', '303', '510700', '绵阳市', '104.530555', '32.407588', '2019-11-24 12:59:28', '0');
INSERT INTO `city_area` VALUES ('2587', '510781', '江油市', '303', '510700', '绵阳市', '104.744431', '31.776386', '2019-11-24 12:59:28', '0');
INSERT INTO `city_area` VALUES ('276', '510800', '广元市', '202', '510000', '四川省', '105.829757', '32.433668', '2019-11-24 12:59:28', '0');
INSERT INTO `city_area` VALUES ('2588', '510802', '利州区', '303', '510800', '广元市', '105.826194', '32.432276', '2019-11-24 12:59:28', '0');
INSERT INTO `city_area` VALUES ('2589', '510811', '昭化区', '303', '510800', '广元市', '105.964121', '32.322788', '2019-11-24 12:59:28', '0');
INSERT INTO `city_area` VALUES ('2590', '510812', '朝天区', '303', '510800', '广元市', '105.88917', '32.642632', '2019-11-24 12:59:28', '0');
INSERT INTO `city_area` VALUES ('2591', '510821', '旺苍县', '303', '510800', '广元市', '106.290426', '32.22833', '2019-11-24 12:59:28', '0');
INSERT INTO `city_area` VALUES ('2592', '510822', '青川县', '303', '510800', '广元市', '105.238847', '32.585655', '2019-11-24 12:59:28', '0');
INSERT INTO `city_area` VALUES ('2593', '510823', '剑阁县', '303', '510800', '广元市', '105.527035', '32.286517', '2019-11-24 12:59:28', '0');
INSERT INTO `city_area` VALUES ('2594', '510824', '苍溪县', '303', '510800', '广元市', '105.939706', '31.732251', '2019-11-24 12:59:28', '0');
INSERT INTO `city_area` VALUES ('277', '510900', '遂宁市', '202', '510000', '四川省', '105.571331', '30.513311', '2019-11-24 12:59:28', '0');
INSERT INTO `city_area` VALUES ('2595', '510903', '船山区', '303', '510900', '遂宁市', '105.582215', '30.502647', '2019-11-24 12:59:28', '0');
INSERT INTO `city_area` VALUES ('2596', '510904', '安居区', '303', '510900', '遂宁市', '105.459383', '30.346121', '2019-11-24 12:59:28', '0');
INSERT INTO `city_area` VALUES ('2597', '510921', '蓬溪县', '303', '510900', '遂宁市', '105.713699', '30.774883', '2019-11-24 12:59:28', '0');
INSERT INTO `city_area` VALUES ('2598', '510922', '射洪县', '303', '510900', '遂宁市', '105.381849', '30.868752', '2019-11-24 12:59:28', '0');
INSERT INTO `city_area` VALUES ('2599', '510923', '大英县', '303', '510900', '遂宁市', '105.252187', '30.581571', '2019-11-24 12:59:28', '0');
INSERT INTO `city_area` VALUES ('278', '511000', '内江市', '202', '510000', '四川省', '105.066138', '29.58708', '2019-11-24 12:59:28', '0');
INSERT INTO `city_area` VALUES ('2600', '511002', '市中区', '303', '511000', '内江市', '105.065467', '29.585265', '2019-11-24 12:59:28', '0');
INSERT INTO `city_area` VALUES ('2601', '511011', '东兴区', '303', '511000', '内江市', '105.067203', '29.600107', '2019-11-24 12:59:28', '0');
INSERT INTO `city_area` VALUES ('2602', '511024', '威远县', '303', '511000', '内江市', '104.668327', '29.52686', '2019-11-24 12:59:28', '0');
INSERT INTO `city_area` VALUES ('2603', '511025', '资中县', '303', '511000', '内江市', '104.852463', '29.775295', '2019-11-24 12:59:28', '0');
INSERT INTO `city_area` VALUES ('2604', '511071', '内江经济开发区', '303', '511000', '内江市', '', '', '2019-11-24 12:59:28', '0');
INSERT INTO `city_area` VALUES ('2605', '511083', '隆昌市', '303', '511000', '内江市', '105.288074', '29.338162', '2019-11-24 12:59:28', '0');
INSERT INTO `city_area` VALUES ('279', '511100', '乐山市', '202', '510000', '四川省', '103.761263', '29.582024', '2019-11-24 12:59:28', '0');
INSERT INTO `city_area` VALUES ('2606', '511102', '市中区', '303', '511100', '乐山市', '103.75539', '29.588327', '2019-11-24 12:59:28', '0');
INSERT INTO `city_area` VALUES ('2607', '511111', '沙湾区', '303', '511100', '乐山市', '103.549961', '29.416536', '2019-11-24 12:59:28', '0');
INSERT INTO `city_area` VALUES ('2608', '511112', '五通桥区', '303', '511100', '乐山市', '103.816837', '29.406186', '2019-11-24 12:59:28', '0');
INSERT INTO `city_area` VALUES ('2609', '511113', '金口河区', '303', '511100', '乐山市', '103.077831', '29.24602', '2019-11-24 12:59:28', '0');
INSERT INTO `city_area` VALUES ('2610', '511123', '犍为县', '303', '511100', '乐山市', '103.944266', '29.209782', '2019-11-24 12:59:28', '0');
INSERT INTO `city_area` VALUES ('2611', '511124', '井研县', '303', '511100', '乐山市', '104.06885', '29.651645', '2019-11-24 12:59:28', '0');
INSERT INTO `city_area` VALUES ('2612', '511126', '夹江县', '303', '511100', '乐山市', '103.578862', '29.741019', '2019-11-24 12:59:28', '0');
INSERT INTO `city_area` VALUES ('2613', '511129', '沐川县', '303', '511100', '乐山市', '103.90211', '28.956338', '2019-11-24 12:59:28', '0');
INSERT INTO `city_area` VALUES ('2614', '511132', '峨边彝族自治县', '303', '511100', '乐山市', '103.262148', '29.230271', '2019-11-24 12:59:28', '0');
INSERT INTO `city_area` VALUES ('2615', '511133', '马边彝族自治县', '303', '511100', '乐山市', '103.546851', '28.838933', '2019-11-24 12:59:28', '0');
INSERT INTO `city_area` VALUES ('2616', '511181', '峨眉山市', '303', '511100', '乐山市', '103.492488', '29.597478', '2019-11-24 12:59:28', '0');
INSERT INTO `city_area` VALUES ('280', '511300', '南充市', '202', '510000', '四川省', '106.082974', '30.795281', '2019-11-24 12:59:28', '0');
INSERT INTO `city_area` VALUES ('2617', '511302', '顺庆区', '303', '511300', '南充市', '106.084091', '30.795572', '2019-11-24 12:59:28', '0');
INSERT INTO `city_area` VALUES ('2618', '511303', '高坪区', '303', '511300', '南充市', '106.108996', '30.781809', '2019-11-24 12:59:28', '0');
INSERT INTO `city_area` VALUES ('2619', '511304', '嘉陵区', '303', '511300', '南充市', '106.067027', '30.762976', '2019-11-24 12:59:28', '0');
INSERT INTO `city_area` VALUES ('2620', '511321', '南部县', '303', '511300', '南充市', '106.061138', '31.349407', '2019-11-24 12:59:28', '0');
INSERT INTO `city_area` VALUES ('2621', '511322', '营山县', '303', '511300', '南充市', '106.564893', '31.075907', '2019-11-24 12:59:28', '0');
INSERT INTO `city_area` VALUES ('2622', '511323', '蓬安县', '303', '511300', '南充市', '106.413488', '31.027978', '2019-11-24 12:59:28', '0');
INSERT INTO `city_area` VALUES ('2623', '511324', '仪陇县', '303', '511300', '南充市', '106.297083', '31.271261', '2019-11-24 12:59:28', '0');
INSERT INTO `city_area` VALUES ('2624', '511325', '西充县', '303', '511300', '南充市', '105.893021', '30.994616', '2019-11-24 12:59:28', '0');
INSERT INTO `city_area` VALUES ('2625', '511381', '阆中市', '303', '511300', '南充市', '105.975266', '31.580466', '2019-11-24 12:59:28', '0');
INSERT INTO `city_area` VALUES ('281', '511400', '眉山市', '202', '510000', '四川省', '103.831788', '30.048318', '2019-11-24 12:59:28', '0');
INSERT INTO `city_area` VALUES ('2626', '511402', '东坡区', '303', '511400', '眉山市', '103.831553', '30.048128', '2019-11-24 12:59:28', '0');
INSERT INTO `city_area` VALUES ('2627', '511403', '彭山区', '303', '511400', '眉山市', '103.8701', '30.192298', '2019-11-24 12:59:28', '0');
INSERT INTO `city_area` VALUES ('2628', '511421', '仁寿县', '303', '511400', '眉山市', '104.147646', '29.996721', '2019-11-24 12:59:28', '0');
INSERT INTO `city_area` VALUES ('2629', '511423', '洪雅县', '303', '511400', '眉山市', '103.375006', '29.904867', '2019-11-24 12:59:28', '0');
INSERT INTO `city_area` VALUES ('2630', '511424', '丹棱县', '303', '511400', '眉山市', '103.518333', '30.012751', '2019-11-24 12:59:28', '0');
INSERT INTO `city_area` VALUES ('2631', '511425', '青神县', '303', '511400', '眉山市', '103.846131', '29.831469', '2019-11-24 12:59:28', '0');
INSERT INTO `city_area` VALUES ('282', '511500', '宜宾市', '202', '510000', '四川省', '104.630825', '28.760189', '2019-11-24 12:59:28', '0');
INSERT INTO `city_area` VALUES ('2632', '511502', '翠屏区', '303', '511500', '宜宾市', '104.630231', '28.760179', '2019-11-24 12:59:28', '0');
INSERT INTO `city_area` VALUES ('2633', '511503', '南溪区', '303', '511500', '宜宾市', '104.981133', '28.839806', '2019-11-24 12:59:28', '0');
INSERT INTO `city_area` VALUES ('2634', '511521', '宜宾县', '303', '511500', '宜宾市', '104.541489', '28.695678', '2019-11-24 12:59:28', '0');
INSERT INTO `city_area` VALUES ('2635', '511523', '江安县', '303', '511500', '宜宾市', '105.068697', '28.728102', '2019-11-24 12:59:28', '0');
INSERT INTO `city_area` VALUES ('2636', '511524', '长宁县', '303', '511500', '宜宾市', '104.921116', '28.577271', '2019-11-24 12:59:28', '0');
INSERT INTO `city_area` VALUES ('2637', '511525', '高县', '303', '511500', '宜宾市', '104.519187', '28.435676', '2019-11-24 12:59:28', '0');
INSERT INTO `city_area` VALUES ('2638', '511526', '珙县', '303', '511500', '宜宾市', '104.712268', '28.449041', '2019-11-24 12:59:28', '0');
INSERT INTO `city_area` VALUES ('2639', '511527', '筠连县', '303', '511500', '宜宾市', '104.507848', '28.162017', '2019-11-24 12:59:28', '0');
INSERT INTO `city_area` VALUES ('2640', '511528', '兴文县', '303', '511500', '宜宾市', '105.236549', '28.302988', '2019-11-24 12:59:28', '0');
INSERT INTO `city_area` VALUES ('2641', '511529', '屏山县', '303', '511500', '宜宾市', '104.162617', '28.64237', '2019-11-24 12:59:28', '0');
INSERT INTO `city_area` VALUES ('283', '511600', '广安市', '202', '510000', '四川省', '106.633369', '30.456398', '2019-11-24 12:59:28', '0');
INSERT INTO `city_area` VALUES ('2642', '511602', '广安区', '303', '511600', '广安市', '106.632907', '30.456462', '2019-11-24 12:59:28', '0');
INSERT INTO `city_area` VALUES ('2643', '511603', '前锋区', '303', '511600', '广安市', '106.893277', '30.4963', '2019-11-24 12:59:28', '0');
INSERT INTO `city_area` VALUES ('2644', '511621', '岳池县', '303', '511600', '广安市', '106.444451', '30.533538', '2019-11-24 12:59:28', '0');
INSERT INTO `city_area` VALUES ('2645', '511622', '武胜县', '303', '511600', '广安市', '106.292473', '30.344291', '2019-11-24 12:59:28', '0');
INSERT INTO `city_area` VALUES ('2646', '511623', '邻水县', '303', '511600', '广安市', '106.934968', '30.334323', '2019-11-24 12:59:28', '0');
INSERT INTO `city_area` VALUES ('2647', '511681', '华蓥市', '303', '511600', '广安市', '106.777882', '30.380574', '2019-11-24 12:59:28', '0');
INSERT INTO `city_area` VALUES ('284', '511700', '达州市', '202', '510000', '四川省', '107.502262', '31.209484', '2019-11-24 12:59:28', '0');
INSERT INTO `city_area` VALUES ('2648', '511702', '通川区', '303', '511700', '达州市', '107.501062', '31.213522', '2019-11-24 12:59:28', '0');
INSERT INTO `city_area` VALUES ('2649', '511703', '达川区', '303', '511700', '达州市', '107.507926', '31.199062', '2019-11-24 12:59:28', '0');
INSERT INTO `city_area` VALUES ('2650', '511722', '宣汉县', '303', '511700', '达州市', '107.722254', '31.355025', '2019-11-24 12:59:28', '0');
INSERT INTO `city_area` VALUES ('2651', '511723', '开江县', '303', '511700', '达州市', '107.864135', '31.085537', '2019-11-24 12:59:28', '0');
INSERT INTO `city_area` VALUES ('2652', '511724', '大竹县', '303', '511700', '达州市', '107.20742', '30.736289', '2019-11-24 12:59:28', '0');
INSERT INTO `city_area` VALUES ('2653', '511725', '渠县', '303', '511700', '达州市', '106.970746', '30.836348', '2019-11-24 12:59:28', '0');
INSERT INTO `city_area` VALUES ('2654', '511771', '达州经济开发区', '303', '511700', '达州市', '', '', '2019-11-24 12:59:28', '0');
INSERT INTO `city_area` VALUES ('2655', '511781', '万源市', '303', '511700', '达州市', '108.037548', '32.06777', '2019-11-24 12:59:28', '0');
INSERT INTO `city_area` VALUES ('285', '511800', '雅安市', '202', '510000', '四川省', '103.001033', '29.987722', '2019-11-24 12:59:28', '0');
INSERT INTO `city_area` VALUES ('2656', '511802', '雨城区', '303', '511800', '雅安市', '103.003398', '29.981831', '2019-11-24 12:59:28', '0');
INSERT INTO `city_area` VALUES ('2657', '511803', '名山区', '303', '511800', '雅安市', '103.112214', '30.084718', '2019-11-24 12:59:28', '0');
INSERT INTO `city_area` VALUES ('2658', '511822', '荥经县', '303', '511800', '雅安市', '102.844674', '29.795529', '2019-11-24 12:59:28', '0');
INSERT INTO `city_area` VALUES ('2659', '511823', '汉源县', '303', '511800', '雅安市', '102.677145', '29.349915', '2019-11-24 12:59:28', '0');
INSERT INTO `city_area` VALUES ('2660', '511824', '石棉县', '303', '511800', '雅安市', '102.35962', '29.234063', '2019-11-24 12:59:28', '0');
INSERT INTO `city_area` VALUES ('2661', '511825', '天全县', '303', '511800', '雅安市', '102.763462', '30.059955', '2019-11-24 12:59:28', '0');
INSERT INTO `city_area` VALUES ('2662', '511826', '芦山县', '303', '511800', '雅安市', '102.924016', '30.152907', '2019-11-24 12:59:28', '0');
INSERT INTO `city_area` VALUES ('2663', '511827', '宝兴县', '303', '511800', '雅安市', '102.813377', '30.369026', '2019-11-24 12:59:28', '0');
INSERT INTO `city_area` VALUES ('286', '511900', '巴中市', '202', '510000', '四川省', '106.753669', '31.858809', '2019-11-24 12:59:28', '0');
INSERT INTO `city_area` VALUES ('2664', '511902', '巴州区', '303', '511900', '巴中市', '106.753671', '31.858366', '2019-11-24 12:59:28', '0');
INSERT INTO `city_area` VALUES ('2665', '511903', '恩阳区', '303', '511900', '巴中市', '106.486515', '31.816336', '2019-11-24 12:59:28', '0');
INSERT INTO `city_area` VALUES ('2666', '511921', '通江县', '303', '511900', '巴中市', '107.247621', '31.91212', '2019-11-24 12:59:28', '0');
INSERT INTO `city_area` VALUES ('2667', '511922', '南江县', '303', '511900', '巴中市', '106.843418', '32.353164', '2019-11-24 12:59:28', '0');
INSERT INTO `city_area` VALUES ('2668', '511923', '平昌县', '303', '511900', '巴中市', '107.101937', '31.562814', '2019-11-24 12:59:28', '0');
INSERT INTO `city_area` VALUES ('2669', '511971', '巴中经济开发区', '303', '511900', '巴中市', '', '', '2019-11-24 12:59:28', '0');
INSERT INTO `city_area` VALUES ('287', '512000', '资阳市', '202', '510000', '四川省', '104.641917', '30.122211', '2019-11-24 12:59:28', '0');
INSERT INTO `city_area` VALUES ('2670', '512002', '雁江区', '303', '512000', '资阳市', '104.642338', '30.121686', '2019-11-24 12:59:28', '0');
INSERT INTO `city_area` VALUES ('2671', '512021', '安岳县', '303', '512000', '资阳市', '105.336764', '30.099206', '2019-11-24 12:59:28', '0');
INSERT INTO `city_area` VALUES ('2672', '512022', '乐至县', '303', '512000', '资阳市', '105.031142', '30.275619', '2019-11-24 12:59:28', '0');
INSERT INTO `city_area` VALUES ('288', '513200', '阿坝藏族羌族自治州', '202', '510000', '四川省', '102.221374', '31.899792', '2019-11-24 12:59:28', '0');
INSERT INTO `city_area` VALUES ('2673', '513201', '马尔康市', '303', '513200', '阿坝藏族羌族自治州', '102.221187', '31.899761', '2019-11-24 12:59:28', '0');
INSERT INTO `city_area` VALUES ('2674', '513221', '汶川县', '303', '513200', '阿坝藏族羌族自治州', '103.580675', '31.47463', '2019-11-24 12:59:28', '0');
INSERT INTO `city_area` VALUES ('2675', '513222', '理县', '303', '513200', '阿坝藏族羌族自治州', '103.165486', '31.436764', '2019-11-24 12:59:28', '0');
INSERT INTO `city_area` VALUES ('2676', '513223', '茂县', '303', '513200', '阿坝藏族羌族自治州', '103.850684', '31.680407', '2019-11-24 12:59:28', '0');
INSERT INTO `city_area` VALUES ('2677', '513224', '松潘县', '303', '513200', '阿坝藏族羌族自治州', '103.599177', '32.63838', '2019-11-24 12:59:28', '0');
INSERT INTO `city_area` VALUES ('2678', '513225', '九寨沟县', '303', '513200', '阿坝藏族羌族自治州', '104.236344', '33.262097', '2019-11-24 12:59:28', '0');
INSERT INTO `city_area` VALUES ('2679', '513226', '金川县', '303', '513200', '阿坝藏族羌族自治州', '102.064647', '31.476356', '2019-11-24 12:59:28', '0');
INSERT INTO `city_area` VALUES ('2680', '513227', '小金县', '303', '513200', '阿坝藏族羌族自治州', '102.363193', '30.999016', '2019-11-24 12:59:28', '0');
INSERT INTO `city_area` VALUES ('2681', '513228', '黑水县', '303', '513200', '阿坝藏族羌族自治州', '102.990805', '32.061721', '2019-11-24 12:59:28', '0');
INSERT INTO `city_area` VALUES ('2682', '513230', '壤塘县', '303', '513200', '阿坝藏族羌族自治州', '100.979136', '32.264887', '2019-11-24 12:59:28', '0');
INSERT INTO `city_area` VALUES ('2683', '513231', '阿坝县', '303', '513200', '阿坝藏族羌族自治州', '101.700985', '32.904223', '2019-11-24 12:59:28', '0');
INSERT INTO `city_area` VALUES ('2684', '513232', '若尔盖县', '303', '513200', '阿坝藏族羌族自治州', '102.963726', '33.575934', '2019-11-24 12:59:28', '0');
INSERT INTO `city_area` VALUES ('2685', '513233', '红原县', '303', '513200', '阿坝藏族羌族自治州', '102.544906', '32.793902', '2019-11-24 12:59:28', '0');
INSERT INTO `city_area` VALUES ('289', '513300', '甘孜藏族自治州', '202', '510000', '四川省', '101.963815', '30.050663', '2019-11-24 12:59:28', '0');
INSERT INTO `city_area` VALUES ('2686', '513301', '康定市', '303', '513300', '甘孜藏族自治州', '101.964057', '30.050738', '2019-11-24 12:59:28', '0');
INSERT INTO `city_area` VALUES ('2687', '513322', '泸定县', '303', '513300', '甘孜藏族自治州', '102.233225', '29.912482', '2019-11-24 12:59:28', '0');
INSERT INTO `city_area` VALUES ('2688', '513323', '丹巴县', '303', '513300', '甘孜藏族自治州', '101.886125', '30.877083', '2019-11-24 12:59:28', '0');
INSERT INTO `city_area` VALUES ('2689', '513324', '九龙县', '303', '513300', '甘孜藏族自治州', '101.506942', '29.001975', '2019-11-24 12:59:28', '0');
INSERT INTO `city_area` VALUES ('2690', '513325', '雅江县', '303', '513300', '甘孜藏族自治州', '101.015735', '30.03225', '2019-11-24 12:59:28', '0');
INSERT INTO `city_area` VALUES ('2691', '513326', '道孚县', '303', '513300', '甘孜藏族自治州', '101.123327', '30.978767', '2019-11-24 12:59:28', '0');
INSERT INTO `city_area` VALUES ('2692', '513327', '炉霍县', '303', '513300', '甘孜藏族自治州', '100.679495', '31.392674', '2019-11-24 12:59:28', '0');
INSERT INTO `city_area` VALUES ('2693', '513328', '甘孜县', '303', '513300', '甘孜藏族自治州', '99.991753', '31.61975', '2019-11-24 12:59:28', '0');
INSERT INTO `city_area` VALUES ('2694', '513329', '新龙县', '303', '513300', '甘孜藏族自治州', '100.312094', '30.93896', '2019-11-24 12:59:28', '0');
INSERT INTO `city_area` VALUES ('2695', '513330', '德格县', '303', '513300', '甘孜藏族自治州', '98.57999', '31.806729', '2019-11-24 12:59:28', '0');
INSERT INTO `city_area` VALUES ('2696', '513331', '白玉县', '303', '513300', '甘孜藏族自治州', '98.824343', '31.208805', '2019-11-24 12:59:28', '0');
INSERT INTO `city_area` VALUES ('2697', '513332', '石渠县', '303', '513300', '甘孜藏族自治州', '98.100887', '32.975302', '2019-11-24 12:59:28', '0');
INSERT INTO `city_area` VALUES ('2698', '513333', '色达县', '303', '513300', '甘孜藏族自治州', '100.331657', '32.268777', '2019-11-24 12:59:28', '0');
INSERT INTO `city_area` VALUES ('2699', '513334', '理塘县', '303', '513300', '甘孜藏族自治州', '100.269862', '29.991807', '2019-11-24 12:59:28', '0');
INSERT INTO `city_area` VALUES ('2700', '513335', '巴塘县', '303', '513300', '甘孜藏族自治州', '99.109037', '30.005723', '2019-11-24 12:59:28', '0');
INSERT INTO `city_area` VALUES ('2701', '513336', '乡城县', '303', '513300', '甘孜藏族自治州', '99.799943', '28.930855', '2019-11-24 12:59:28', '0');
INSERT INTO `city_area` VALUES ('2702', '513337', '稻城县', '303', '513300', '甘孜藏族自治州', '100.296689', '29.037544', '2019-11-24 12:59:28', '0');
INSERT INTO `city_area` VALUES ('2703', '513338', '得荣县', '303', '513300', '甘孜藏族自治州', '99.288036', '28.71134', '2019-11-24 12:59:28', '0');
INSERT INTO `city_area` VALUES ('290', '513400', '凉山彝族自治州', '202', '510000', '四川省', '102.258746', '27.886762', '2019-11-24 12:59:28', '0');
INSERT INTO `city_area` VALUES ('2704', '513401', '西昌市', '303', '513400', '凉山彝族自治州', '102.258758', '27.885786', '2019-11-24 12:59:28', '0');
INSERT INTO `city_area` VALUES ('2705', '513422', '木里藏族自治县', '303', '513400', '凉山彝族自治州', '101.280184', '27.926859', '2019-11-24 12:59:28', '0');
INSERT INTO `city_area` VALUES ('2706', '513423', '盐源县', '303', '513400', '凉山彝族自治州', '101.508909', '27.423415', '2019-11-24 12:59:28', '0');
INSERT INTO `city_area` VALUES ('2707', '513424', '德昌县', '303', '513400', '凉山彝族自治州', '102.178845', '27.403827', '2019-11-24 12:59:28', '0');
INSERT INTO `city_area` VALUES ('2708', '513425', '会理县', '303', '513400', '凉山彝族自治州', '102.249548', '26.658702', '2019-11-24 12:59:28', '0');
INSERT INTO `city_area` VALUES ('2709', '513426', '会东县', '303', '513400', '凉山彝族自治州', '102.578985', '26.630713', '2019-11-24 12:59:28', '0');
INSERT INTO `city_area` VALUES ('2710', '513427', '宁南县', '303', '513400', '凉山彝族自治州', '102.757374', '27.065205', '2019-11-24 12:59:28', '0');
INSERT INTO `city_area` VALUES ('2711', '513428', '普格县', '303', '513400', '凉山彝族自治州', '102.541082', '27.376828', '2019-11-24 12:59:28', '0');
INSERT INTO `city_area` VALUES ('2712', '513429', '布拖县', '303', '513400', '凉山彝族自治州', '102.808801', '27.709062', '2019-11-24 12:59:28', '0');
INSERT INTO `city_area` VALUES ('2713', '513430', '金阳县', '303', '513400', '凉山彝族自治州', '103.248704', '27.695916', '2019-11-24 12:59:28', '0');
INSERT INTO `city_area` VALUES ('2714', '513431', '昭觉县', '303', '513400', '凉山彝族自治州', '102.843991', '28.010554', '2019-11-24 12:59:28', '0');
INSERT INTO `city_area` VALUES ('2715', '513432', '喜德县', '303', '513400', '凉山彝族自治州', '102.412342', '28.305486', '2019-11-24 12:59:28', '0');
INSERT INTO `city_area` VALUES ('2716', '513433', '冕宁县', '303', '513400', '凉山彝族自治州', '102.170046', '28.550844', '2019-11-24 12:59:28', '0');
INSERT INTO `city_area` VALUES ('2717', '513434', '越西县', '303', '513400', '凉山彝族自治州', '102.508875', '28.639632', '2019-11-24 12:59:28', '0');
INSERT INTO `city_area` VALUES ('2718', '513435', '甘洛县', '303', '513400', '凉山彝族自治州', '102.775924', '28.977094', '2019-11-24 12:59:28', '0');
INSERT INTO `city_area` VALUES ('2719', '513436', '美姑县', '303', '513400', '凉山彝族自治州', '103.132007', '28.327946', '2019-11-24 12:59:28', '0');
INSERT INTO `city_area` VALUES ('2720', '513437', '雷波县', '303', '513400', '凉山彝族自治州', '103.571584', '28.262946', '2019-11-24 12:59:28', '0');
INSERT INTO `city_area` VALUES ('24', '520000', '贵州省', '101', '0', '中国', '106.713478', '26.578343', '2019-11-24 12:59:28', '0');
INSERT INTO `city_area` VALUES ('291', '520100', '贵阳市', '202', '520000', '贵州省', '106.713478', '26.578343', '2019-11-24 12:59:28', '0');
INSERT INTO `city_area` VALUES ('2721', '520102', '南明区', '303', '520100', '贵阳市', '106.715963', '26.573743', '2019-11-24 12:59:28', '0');
INSERT INTO `city_area` VALUES ('2722', '520103', '云岩区', '303', '520100', '贵阳市', '106.713397', '26.58301', '2019-11-24 12:59:28', '0');
INSERT INTO `city_area` VALUES ('2723', '520111', '花溪区', '303', '520100', '贵阳市', '106.670791', '26.410464', '2019-11-24 12:59:28', '0');
INSERT INTO `city_area` VALUES ('2724', '520112', '乌当区', '303', '520100', '贵阳市', '106.762123', '26.630928', '2019-11-24 12:59:28', '0');
INSERT INTO `city_area` VALUES ('2725', '520113', '白云区', '303', '520100', '贵阳市', '106.633037', '26.676849', '2019-11-24 12:59:28', '0');
INSERT INTO `city_area` VALUES ('2726', '520115', '观山湖区', '303', '520100', '贵阳市', '106.626323', '26.646358', '2019-11-24 12:59:28', '0');
INSERT INTO `city_area` VALUES ('2727', '520121', '开阳县', '303', '520100', '贵阳市', '106.969438', '27.056793', '2019-11-24 12:59:28', '0');
INSERT INTO `city_area` VALUES ('2728', '520122', '息烽县', '303', '520100', '贵阳市', '106.737693', '27.092665', '2019-11-24 12:59:28', '0');
INSERT INTO `city_area` VALUES ('2729', '520123', '修文县', '303', '520100', '贵阳市', '106.599218', '26.840672', '2019-11-24 12:59:28', '0');
INSERT INTO `city_area` VALUES ('2730', '520181', '清镇市', '303', '520100', '贵阳市', '106.470278', '26.551289', '2019-11-24 12:59:28', '0');
INSERT INTO `city_area` VALUES ('292', '520200', '六盘水市', '202', '520000', '贵州省', '104.846743', '26.584643', '2019-11-24 12:59:28', '0');
INSERT INTO `city_area` VALUES ('2731', '520201', '钟山区', '303', '520200', '六盘水市', '104.846244', '26.584805', '2019-11-24 12:59:28', '0');
INSERT INTO `city_area` VALUES ('2732', '520203', '六枝特区', '303', '520200', '六盘水市', '105.474235', '26.210662', '2019-11-24 12:59:28', '0');
INSERT INTO `city_area` VALUES ('2733', '520221', '水城县', '303', '520200', '六盘水市', '104.95685', '26.540478', '2019-11-24 12:59:28', '0');
INSERT INTO `city_area` VALUES ('2734', '520281', '盘州市', '303', '520200', '六盘水市', '104.468367', '25.706966', '2019-11-24 12:59:28', '0');
INSERT INTO `city_area` VALUES ('293', '520300', '遵义市', '202', '520000', '贵州省', '106.937265', '27.706626', '2019-11-24 12:59:28', '0');
INSERT INTO `city_area` VALUES ('2735', '520302', '红花岗区', '303', '520300', '遵义市', '106.943784', '27.694395', '2019-11-24 12:59:28', '0');
INSERT INTO `city_area` VALUES ('2736', '520303', '汇川区', '303', '520300', '遵义市', '106.937265', '27.706626', '2019-11-24 12:59:28', '0');
INSERT INTO `city_area` VALUES ('2737', '520304', '播州区', '303', '520300', '遵义市', '106.831668', '27.535288', '2019-11-24 12:59:28', '0');
INSERT INTO `city_area` VALUES ('2738', '520322', '桐梓县', '303', '520300', '遵义市', '106.826591', '28.131559', '2019-11-24 12:59:28', '0');
INSERT INTO `city_area` VALUES ('2739', '520323', '绥阳县', '303', '520300', '遵义市', '107.191024', '27.951342', '2019-11-24 12:59:28', '0');
INSERT INTO `city_area` VALUES ('2740', '520324', '正安县', '303', '520300', '遵义市', '107.441872', '28.550337', '2019-11-24 12:59:28', '0');
INSERT INTO `city_area` VALUES ('2741', '520325', '道真仡佬族苗族自治县', '303', '520300', '遵义市', '107.605342', '28.880088', '2019-11-24 12:59:28', '0');
INSERT INTO `city_area` VALUES ('2742', '520326', '务川仡佬族苗族自治县', '303', '520300', '遵义市', '107.887857', '28.521567', '2019-11-24 12:59:28', '0');
INSERT INTO `city_area` VALUES ('2743', '520327', '凤冈县', '303', '520300', '遵义市', '107.722021', '27.960858', '2019-11-24 12:59:28', '0');
INSERT INTO `city_area` VALUES ('2744', '520328', '湄潭县', '303', '520300', '遵义市', '107.485723', '27.765839', '2019-11-24 12:59:28', '0');
INSERT INTO `city_area` VALUES ('2745', '520329', '余庆县', '303', '520300', '遵义市', '107.892566', '27.221552', '2019-11-24 12:59:28', '0');
INSERT INTO `city_area` VALUES ('2746', '520330', '习水县', '303', '520300', '遵义市', '106.200954', '28.327826', '2019-11-24 12:59:28', '0');
INSERT INTO `city_area` VALUES ('2747', '520381', '赤水市', '303', '520300', '遵义市', '105.698116', '28.587057', '2019-11-24 12:59:28', '0');
INSERT INTO `city_area` VALUES ('2748', '520382', '仁怀市', '303', '520300', '遵义市', '106.412476', '27.803377', '2019-11-24 12:59:28', '0');
INSERT INTO `city_area` VALUES ('294', '520400', '安顺市', '202', '520000', '贵州省', '105.932188', '26.245544', '2019-11-24 12:59:28', '0');
INSERT INTO `city_area` VALUES ('2749', '520402', '西秀区', '303', '520400', '安顺市', '105.946169', '26.248323', '2019-11-24 12:59:28', '0');
INSERT INTO `city_area` VALUES ('2750', '520403', '平坝区', '303', '520400', '安顺市', '106.259942', '26.40608', '2019-11-24 12:59:28', '0');
INSERT INTO `city_area` VALUES ('2751', '520422', '普定县', '303', '520400', '安顺市', '105.745609', '26.305794', '2019-11-24 12:59:28', '0');
INSERT INTO `city_area` VALUES ('2752', '520423', '镇宁布依族苗族自治县', '303', '520400', '安顺市', '105.768656', '26.056096', '2019-11-24 12:59:28', '0');
INSERT INTO `city_area` VALUES ('2753', '520424', '关岭布依族苗族自治县', '303', '520400', '安顺市', '105.618454', '25.944248', '2019-11-24 12:59:28', '0');
INSERT INTO `city_area` VALUES ('2754', '520425', '紫云苗族布依族自治县', '303', '520400', '安顺市', '106.084515', '25.751567', '2019-11-24 12:59:28', '0');
INSERT INTO `city_area` VALUES ('295', '520500', '毕节市', '202', '520000', '贵州省', '105.28501', '27.301693', '2019-11-24 12:59:28', '0');
INSERT INTO `city_area` VALUES ('2755', '520502', '七星关区', '303', '520500', '毕节市', '105.284852', '27.302085', '2019-11-24 12:59:28', '0');
INSERT INTO `city_area` VALUES ('2756', '520521', '大方县', '303', '520500', '毕节市', '105.609254', '27.143521', '2019-11-24 12:59:28', '0');
INSERT INTO `city_area` VALUES ('2757', '520522', '黔西县', '303', '520500', '毕节市', '106.038299', '27.024923', '2019-11-24 12:59:28', '0');
INSERT INTO `city_area` VALUES ('2758', '520523', '金沙县', '303', '520500', '毕节市', '106.222103', '27.459693', '2019-11-24 12:59:28', '0');
INSERT INTO `city_area` VALUES ('2759', '520524', '织金县', '303', '520500', '毕节市', '105.768997', '26.668497', '2019-11-24 12:59:28', '0');
INSERT INTO `city_area` VALUES ('2760', '520525', '纳雍县', '303', '520500', '毕节市', '105.375322', '26.769875', '2019-11-24 12:59:28', '0');
INSERT INTO `city_area` VALUES ('2761', '520526', '威宁彝族回族苗族自治县', '303', '520500', '毕节市', '104.286523', '26.859099', '2019-11-24 12:59:28', '0');
INSERT INTO `city_area` VALUES ('2762', '520527', '赫章县', '303', '520500', '毕节市', '104.726438', '27.119243', '2019-11-24 12:59:28', '0');
INSERT INTO `city_area` VALUES ('296', '520600', '铜仁市', '202', '520000', '贵州省', '109.191555', '27.718346', '2019-11-24 12:59:28', '0');
INSERT INTO `city_area` VALUES ('2763', '520602', '碧江区', '303', '520600', '铜仁市', '109.192117', '27.718745', '2019-11-24 12:59:28', '0');
INSERT INTO `city_area` VALUES ('2764', '520603', '万山区', '303', '520600', '铜仁市', '109.21199', '27.51903', '2019-11-24 12:59:28', '0');
INSERT INTO `city_area` VALUES ('2765', '520621', '江口县', '303', '520600', '铜仁市', '108.848427', '27.691904', '2019-11-24 12:59:28', '0');
INSERT INTO `city_area` VALUES ('2766', '520622', '玉屏侗族自治县', '303', '520600', '铜仁市', '108.917882', '27.238024', '2019-11-24 12:59:28', '0');
INSERT INTO `city_area` VALUES ('2767', '520623', '石阡县', '303', '520600', '铜仁市', '108.229854', '27.519386', '2019-11-24 12:59:28', '0');
INSERT INTO `city_area` VALUES ('2768', '520624', '思南县', '303', '520600', '铜仁市', '108.255827', '27.941331', '2019-11-24 12:59:28', '0');
INSERT INTO `city_area` VALUES ('2769', '520625', '印江土家族苗族自治县', '303', '520600', '铜仁市', '108.405517', '27.997976', '2019-11-24 12:59:28', '0');
INSERT INTO `city_area` VALUES ('2770', '520626', '德江县', '303', '520600', '铜仁市', '108.117317', '28.26094', '2019-11-24 12:59:28', '0');
INSERT INTO `city_area` VALUES ('2771', '520627', '沿河土家族自治县', '303', '520600', '铜仁市', '108.495746', '28.560487', '2019-11-24 12:59:28', '0');
INSERT INTO `city_area` VALUES ('2772', '520628', '松桃苗族自治县', '303', '520600', '铜仁市', '109.202627', '28.165419', '2019-11-24 12:59:28', '0');
INSERT INTO `city_area` VALUES ('297', '522300', '黔西南布依族苗族自治州', '202', '520000', '贵州省', '104.897971', '25.08812', '2019-11-24 12:59:28', '0');
INSERT INTO `city_area` VALUES ('2773', '522301', '兴义市', '303', '522300', '黔西南布依族苗族自治州', '104.897982', '25.088599', '2019-11-24 12:59:28', '0');
INSERT INTO `city_area` VALUES ('2774', '522322', '兴仁县', '303', '522300', '黔西南布依族苗族自治州', '105.192778', '25.431378', '2019-11-24 12:59:28', '0');
INSERT INTO `city_area` VALUES ('2775', '522323', '普安县', '303', '522300', '黔西南布依族苗族自治州', '104.955347', '25.786404', '2019-11-24 12:59:28', '0');
INSERT INTO `city_area` VALUES ('2776', '522324', '晴隆县', '303', '522300', '黔西南布依族苗族自治州', '105.218773', '25.832881', '2019-11-24 12:59:28', '0');
INSERT INTO `city_area` VALUES ('2777', '522325', '贞丰县', '303', '522300', '黔西南布依族苗族自治州', '105.650133', '25.385752', '2019-11-24 12:59:28', '0');
INSERT INTO `city_area` VALUES ('2778', '522326', '望谟县', '303', '522300', '黔西南布依族苗族自治州', '106.091563', '25.166667', '2019-11-24 12:59:28', '0');
INSERT INTO `city_area` VALUES ('2779', '522327', '册亨县', '303', '522300', '黔西南布依族苗族自治州', '105.81241', '24.983338', '2019-11-24 12:59:28', '0');
INSERT INTO `city_area` VALUES ('2780', '522328', '安龙县', '303', '522300', '黔西南布依族苗族自治州', '105.471498', '25.108959', '2019-11-24 12:59:28', '0');
INSERT INTO `city_area` VALUES ('298', '522600', '黔东南苗族侗族自治州', '202', '520000', '贵州省', '107.977488', '26.583352', '2019-11-24 12:59:28', '0');
INSERT INTO `city_area` VALUES ('2781', '522601', '凯里市', '303', '522600', '黔东南苗族侗族自治州', '107.977541', '26.582964', '2019-11-24 12:59:28', '0');
INSERT INTO `city_area` VALUES ('2782', '522622', '黄平县', '303', '522600', '黔东南苗族侗族自治州', '107.901337', '26.896973', '2019-11-24 12:59:28', '0');
INSERT INTO `city_area` VALUES ('2783', '522623', '施秉县', '303', '522600', '黔东南苗族侗族自治州', '108.12678', '27.034657', '2019-11-24 12:59:28', '0');
INSERT INTO `city_area` VALUES ('2784', '522624', '三穗县', '303', '522600', '黔东南苗族侗族自治州', '108.681121', '26.959884', '2019-11-24 12:59:28', '0');
INSERT INTO `city_area` VALUES ('2785', '522625', '镇远县', '303', '522600', '黔东南苗族侗族自治州', '108.423656', '27.050233', '2019-11-24 12:59:28', '0');
INSERT INTO `city_area` VALUES ('2786', '522626', '岑巩县', '303', '522600', '黔东南苗族侗族自治州', '108.816459', '27.173244', '2019-11-24 12:59:28', '0');
INSERT INTO `city_area` VALUES ('2787', '522627', '天柱县', '303', '522600', '黔东南苗族侗族自治州', '109.212798', '26.909684', '2019-11-24 12:59:28', '0');
INSERT INTO `city_area` VALUES ('2788', '522628', '锦屏县', '303', '522600', '黔东南苗族侗族自治州', '109.20252', '26.680625', '2019-11-24 12:59:28', '0');
INSERT INTO `city_area` VALUES ('2789', '522629', '剑河县', '303', '522600', '黔东南苗族侗族自治州', '108.440499', '26.727349', '2019-11-24 12:59:28', '0');
INSERT INTO `city_area` VALUES ('2790', '522630', '台江县', '303', '522600', '黔东南苗族侗族自治州', '108.314637', '26.669138', '2019-11-24 12:59:28', '0');
INSERT INTO `city_area` VALUES ('2791', '522631', '黎平县', '303', '522600', '黔东南苗族侗族自治州', '109.136504', '26.230636', '2019-11-24 12:59:28', '0');
INSERT INTO `city_area` VALUES ('2792', '522632', '榕江县', '303', '522600', '黔东南苗族侗族自治州', '108.521026', '25.931085', '2019-11-24 12:59:28', '0');
INSERT INTO `city_area` VALUES ('2793', '522633', '从江县', '303', '522600', '黔东南苗族侗族自治州', '108.912648', '25.747058', '2019-11-24 12:59:28', '0');
INSERT INTO `city_area` VALUES ('2794', '522634', '雷山县', '303', '522600', '黔东南苗族侗族自治州', '108.079613', '26.381027', '2019-11-24 12:59:28', '0');
INSERT INTO `city_area` VALUES ('2795', '522635', '麻江县', '303', '522600', '黔东南苗族侗族自治州', '107.593172', '26.494803', '2019-11-24 12:59:28', '0');
INSERT INTO `city_area` VALUES ('2796', '522636', '丹寨县', '303', '522600', '黔东南苗族侗族自治州', '107.794808', '26.199497', '2019-11-24 12:59:28', '0');
INSERT INTO `city_area` VALUES ('299', '522700', '黔南布依族苗族自治州', '202', '520000', '贵州省', '107.517156', '26.258219', '2019-11-24 12:59:28', '0');
INSERT INTO `city_area` VALUES ('2797', '522701', '都匀市', '303', '522700', '黔南布依族苗族自治州', '107.517021', '26.258205', '2019-11-24 12:59:28', '0');
INSERT INTO `city_area` VALUES ('2798', '522702', '福泉市', '303', '522700', '黔南布依族苗族自治州', '107.513508', '26.702508', '2019-11-24 12:59:28', '0');
INSERT INTO `city_area` VALUES ('2799', '522722', '荔波县', '303', '522700', '黔南布依族苗族自治州', '107.8838', '25.412239', '2019-11-24 12:59:28', '0');
INSERT INTO `city_area` VALUES ('2800', '522723', '贵定县', '303', '522700', '黔南布依族苗族自治州', '107.233588', '26.580807', '2019-11-24 12:59:28', '0');
INSERT INTO `city_area` VALUES ('2801', '522725', '瓮安县', '303', '522700', '黔南布依族苗族自治州', '107.478417', '27.066339', '2019-11-24 12:59:28', '0');
INSERT INTO `city_area` VALUES ('2802', '522726', '独山县', '303', '522700', '黔南布依族苗族自治州', '107.542757', '25.826283', '2019-11-24 12:59:28', '0');
INSERT INTO `city_area` VALUES ('2803', '522727', '平塘县', '303', '522700', '黔南布依族苗族自治州', '107.32405', '25.831803', '2019-11-24 12:59:28', '0');
INSERT INTO `city_area` VALUES ('2804', '522728', '罗甸县', '303', '522700', '黔南布依族苗族自治州', '106.750006', '25.429894', '2019-11-24 12:59:28', '0');
INSERT INTO `city_area` VALUES ('2805', '522729', '长顺县', '303', '522700', '黔南布依族苗族自治州', '106.447376', '26.022116', '2019-11-24 12:59:28', '0');
INSERT INTO `city_area` VALUES ('2806', '522730', '龙里县', '303', '522700', '黔南布依族苗族自治州', '106.977733', '26.448809', '2019-11-24 12:59:28', '0');
INSERT INTO `city_area` VALUES ('2807', '522731', '惠水县', '303', '522700', '黔南布依族苗族自治州', '106.657848', '26.128637', '2019-11-24 12:59:28', '0');
INSERT INTO `city_area` VALUES ('2808', '522732', '三都水族自治县', '303', '522700', '黔南布依族苗族自治州', '107.87747', '25.985183', '2019-11-24 12:59:28', '0');
INSERT INTO `city_area` VALUES ('25', '530000', '云南省', '101', '0', '中国', '102.712251', '25.040609', '2019-11-24 12:59:28', '0');
INSERT INTO `city_area` VALUES ('300', '530100', '昆明市', '202', '530000', '云南省', '102.712251', '25.040609', '2019-11-24 12:59:28', '0');
INSERT INTO `city_area` VALUES ('2809', '530102', '五华区', '303', '530100', '昆明市', '102.704412', '25.042165', '2019-11-24 12:59:28', '0');
INSERT INTO `city_area` VALUES ('2810', '530103', '盘龙区', '303', '530100', '昆明市', '102.729044', '25.070239', '2019-11-24 12:59:28', '0');
INSERT INTO `city_area` VALUES ('2811', '530111', '官渡区', '303', '530100', '昆明市', '102.723437', '25.021211', '2019-11-24 12:59:28', '0');
INSERT INTO `city_area` VALUES ('2812', '530112', '西山区', '303', '530100', '昆明市', '102.705904', '25.02436', '2019-11-24 12:59:28', '0');
INSERT INTO `city_area` VALUES ('2813', '530113', '东川区', '303', '530100', '昆明市', '103.182', '26.08349', '2019-11-24 12:59:28', '0');
INSERT INTO `city_area` VALUES ('2814', '530114', '呈贡区', '303', '530100', '昆明市', '102.801382', '24.889275', '2019-11-24 12:59:28', '0');
INSERT INTO `city_area` VALUES ('2815', '530115', '晋宁区', '303', '530100', '昆明市', '102.594987', '24.666944', '2019-11-24 12:59:28', '0');
INSERT INTO `city_area` VALUES ('2816', '530124', '富民县', '303', '530100', '昆明市', '102.497888', '25.219667', '2019-11-24 12:59:28', '0');
INSERT INTO `city_area` VALUES ('2817', '530125', '宜良县', '303', '530100', '昆明市', '103.145989', '24.918215', '2019-11-24 12:59:28', '0');
INSERT INTO `city_area` VALUES ('2818', '530126', '石林彝族自治县', '303', '530100', '昆明市', '103.271962', '24.754545', '2019-11-24 12:59:28', '0');
INSERT INTO `city_area` VALUES ('2819', '530127', '嵩明县', '303', '530100', '昆明市', '103.038777', '25.335087', '2019-11-24 12:59:28', '0');
INSERT INTO `city_area` VALUES ('2820', '530128', '禄劝彝族苗族自治县', '303', '530100', '昆明市', '102.46905', '25.556533', '2019-11-24 12:59:28', '0');
INSERT INTO `city_area` VALUES ('2821', '530129', '寻甸回族彝族自治县', '303', '530100', '昆明市', '103.257588', '25.559474', '2019-11-24 12:59:28', '0');
INSERT INTO `city_area` VALUES ('2822', '530181', '安宁市', '303', '530100', '昆明市', '102.485544', '24.921785', '2019-11-24 12:59:28', '0');
INSERT INTO `city_area` VALUES ('301', '530300', '曲靖市', '202', '530000', '云南省', '103.797851', '25.501557', '2019-11-24 12:59:28', '0');
INSERT INTO `city_area` VALUES ('2823', '530302', '麒麟区', '303', '530300', '曲靖市', '103.798054', '25.501269', '2019-11-24 12:59:28', '0');
INSERT INTO `city_area` VALUES ('2824', '530303', '沾益区', '303', '530300', '曲靖市', '103.819262', '25.600878', '2019-11-24 12:59:28', '0');
INSERT INTO `city_area` VALUES ('2825', '530321', '马龙县', '303', '530300', '曲靖市', '103.578755', '25.429451', '2019-11-24 12:59:28', '0');
INSERT INTO `city_area` VALUES ('2826', '530322', '陆良县', '303', '530300', '曲靖市', '103.655233', '25.022878', '2019-11-24 12:59:28', '0');
INSERT INTO `city_area` VALUES ('2827', '530323', '师宗县', '303', '530300', '曲靖市', '103.993808', '24.825681', '2019-11-24 12:59:28', '0');
INSERT INTO `city_area` VALUES ('2828', '530324', '罗平县', '303', '530300', '曲靖市', '104.309263', '24.885708', '2019-11-24 12:59:28', '0');
INSERT INTO `city_area` VALUES ('2829', '530325', '富源县', '303', '530300', '曲靖市', '104.25692', '25.67064', '2019-11-24 12:59:28', '0');
INSERT INTO `city_area` VALUES ('2830', '530326', '会泽县', '303', '530300', '曲靖市', '103.300041', '26.412861', '2019-11-24 12:59:28', '0');
INSERT INTO `city_area` VALUES ('2831', '530381', '宣威市', '303', '530300', '曲靖市', '104.09554', '26.227777', '2019-11-24 12:59:28', '0');
INSERT INTO `city_area` VALUES ('302', '530400', '玉溪市', '202', '530000', '云南省', '102.543907', '24.350461', '2019-11-24 12:59:28', '0');
INSERT INTO `city_area` VALUES ('2832', '530402', '红塔区', '303', '530400', '玉溪市', '102.543468', '24.350753', '2019-11-24 12:59:28', '0');
INSERT INTO `city_area` VALUES ('2833', '530403', '江川区', '303', '530400', '玉溪市', '102.749839', '24.291006', '2019-11-24 12:59:28', '0');
INSERT INTO `city_area` VALUES ('2834', '530422', '澄江县', '303', '530400', '玉溪市', '102.916652', '24.669679', '2019-11-24 12:59:28', '0');
INSERT INTO `city_area` VALUES ('2835', '530423', '通海县', '303', '530400', '玉溪市', '102.760039', '24.112205', '2019-11-24 12:59:28', '0');
INSERT INTO `city_area` VALUES ('2836', '530424', '华宁县', '303', '530400', '玉溪市', '102.928982', '24.189807', '2019-11-24 12:59:28', '0');
INSERT INTO `city_area` VALUES ('2837', '530425', '易门县', '303', '530400', '玉溪市', '102.16211', '24.669598', '2019-11-24 12:59:28', '0');
INSERT INTO `city_area` VALUES ('2838', '530426', '峨山彝族自治县', '303', '530400', '玉溪市', '102.404358', '24.173256', '2019-11-24 12:59:28', '0');
INSERT INTO `city_area` VALUES ('2839', '530427', '新平彝族傣族自治县', '303', '530400', '玉溪市', '101.990903', '24.0664', '2019-11-24 12:59:28', '0');
INSERT INTO `city_area` VALUES ('2840', '530428', '元江哈尼族彝族傣族自治县', '303', '530400', '玉溪市', '101.999658', '23.597618', '2019-11-24 12:59:28', '0');
INSERT INTO `city_area` VALUES ('303', '530500', '保山市', '202', '530000', '云南省', '99.167133', '25.111802', '2019-11-24 12:59:28', '0');
INSERT INTO `city_area` VALUES ('2841', '530502', '隆阳区', '303', '530500', '保山市', '99.165825', '25.112144', '2019-11-24 12:59:28', '0');
INSERT INTO `city_area` VALUES ('2842', '530521', '施甸县', '303', '530500', '保山市', '99.183758', '24.730847', '2019-11-24 12:59:28', '0');
INSERT INTO `city_area` VALUES ('2843', '530523', '龙陵县', '303', '530500', '保山市', '98.693567', '24.591912', '2019-11-24 12:59:28', '0');
INSERT INTO `city_area` VALUES ('2844', '530524', '昌宁县', '303', '530500', '保山市', '99.612344', '24.823662', '2019-11-24 12:59:28', '0');
INSERT INTO `city_area` VALUES ('2845', '530581', '腾冲市', '303', '530500', '保山市', '98.497292', '25.01757', '2019-11-24 12:59:28', '0');
INSERT INTO `city_area` VALUES ('304', '530600', '昭通市', '202', '530000', '云南省', '103.717216', '27.336999', '2019-11-24 12:59:28', '0');
INSERT INTO `city_area` VALUES ('2846', '530602', '昭阳区', '303', '530600', '昭通市', '103.717267', '27.336636', '2019-11-24 12:59:28', '0');
INSERT INTO `city_area` VALUES ('2847', '530621', '鲁甸县', '303', '530600', '昭通市', '103.549333', '27.191637', '2019-11-24 12:59:28', '0');
INSERT INTO `city_area` VALUES ('2848', '530622', '巧家县', '303', '530600', '昭通市', '102.929284', '26.9117', '2019-11-24 12:59:28', '0');
INSERT INTO `city_area` VALUES ('2849', '530623', '盐津县', '303', '530600', '昭通市', '104.23506', '28.106923', '2019-11-24 12:59:28', '0');
INSERT INTO `city_area` VALUES ('2850', '530624', '大关县', '303', '530600', '昭通市', '103.891608', '27.747114', '2019-11-24 12:59:28', '0');
INSERT INTO `city_area` VALUES ('2851', '530625', '永善县', '303', '530600', '昭通市', '103.63732', '28.231526', '2019-11-24 12:59:28', '0');
INSERT INTO `city_area` VALUES ('2852', '530626', '绥江县', '303', '530600', '昭通市', '103.961095', '28.599953', '2019-11-24 12:59:28', '0');
INSERT INTO `city_area` VALUES ('2853', '530627', '镇雄县', '303', '530600', '昭通市', '104.873055', '27.436267', '2019-11-24 12:59:28', '0');
INSERT INTO `city_area` VALUES ('2854', '530628', '彝良县', '303', '530600', '昭通市', '104.048492', '27.627425', '2019-11-24 12:59:28', '0');
INSERT INTO `city_area` VALUES ('2855', '530629', '威信县', '303', '530600', '昭通市', '105.04869', '27.843381', '2019-11-24 12:59:28', '0');
INSERT INTO `city_area` VALUES ('2856', '530630', '水富县', '303', '530600', '昭通市', '104.415376', '28.629688', '2019-11-24 12:59:28', '0');
INSERT INTO `city_area` VALUES ('305', '530700', '丽江市', '202', '530000', '云南省', '100.233026', '26.872108', '2019-11-24 12:59:28', '0');
INSERT INTO `city_area` VALUES ('2857', '530702', '古城区', '303', '530700', '丽江市', '100.234412', '26.872229', '2019-11-24 12:59:28', '0');
INSERT INTO `city_area` VALUES ('2858', '530721', '玉龙纳西族自治县', '303', '530700', '丽江市', '100.238312', '26.830593', '2019-11-24 12:59:28', '0');
INSERT INTO `city_area` VALUES ('2859', '530722', '永胜县', '303', '530700', '丽江市', '100.750901', '26.685623', '2019-11-24 12:59:28', '0');
INSERT INTO `city_area` VALUES ('2860', '530723', '华坪县', '303', '530700', '丽江市', '101.267796', '26.628834', '2019-11-24 12:59:28', '0');
INSERT INTO `city_area` VALUES ('2861', '530724', '宁蒗彝族自治县', '303', '530700', '丽江市', '100.852427', '27.281109', '2019-11-24 12:59:28', '0');
INSERT INTO `city_area` VALUES ('306', '530800', '普洱市', '202', '530000', '云南省', '100.972344', '22.777321', '2019-11-24 12:59:28', '0');
INSERT INTO `city_area` VALUES ('2862', '530802', '思茅区', '303', '530800', '普洱市', '100.973227', '22.776595', '2019-11-24 12:59:28', '0');
INSERT INTO `city_area` VALUES ('2863', '530821', '宁洱哈尼族彝族自治县', '303', '530800', '普洱市', '101.04524', '23.062507', '2019-11-24 12:59:28', '0');
INSERT INTO `city_area` VALUES ('2864', '530822', '墨江哈尼族自治县', '303', '530800', '普洱市', '101.687606', '23.428165', '2019-11-24 12:59:28', '0');
INSERT INTO `city_area` VALUES ('2865', '530823', '景东彝族自治县', '303', '530800', '普洱市', '100.840011', '24.448523', '2019-11-24 12:59:28', '0');
INSERT INTO `city_area` VALUES ('2866', '530824', '景谷傣族彝族自治县', '303', '530800', '普洱市', '100.701425', '23.500278', '2019-11-24 12:59:28', '0');
INSERT INTO `city_area` VALUES ('2867', '530825', '镇沅彝族哈尼族拉祜族自治县', '303', '530800', '普洱市', '101.108512', '24.005712', '2019-11-24 12:59:28', '0');
INSERT INTO `city_area` VALUES ('2868', '530826', '江城哈尼族彝族自治县', '303', '530800', '普洱市', '101.859144', '22.58336', '2019-11-24 12:59:28', '0');
INSERT INTO `city_area` VALUES ('2869', '530827', '孟连傣族拉祜族佤族自治县', '303', '530800', '普洱市', '99.585406', '22.325924', '2019-11-24 12:59:28', '0');
INSERT INTO `city_area` VALUES ('2870', '530828', '澜沧拉祜族自治县', '303', '530800', '普洱市', '99.931201', '22.553083', '2019-11-24 12:59:28', '0');
INSERT INTO `city_area` VALUES ('2871', '530829', '西盟佤族自治县', '303', '530800', '普洱市', '99.594372', '22.644423', '2019-11-24 12:59:28', '0');
INSERT INTO `city_area` VALUES ('307', '530900', '临沧市', '202', '530000', '云南省', '100.08697', '23.886567', '2019-11-24 12:59:28', '0');
INSERT INTO `city_area` VALUES ('2872', '530902', '临翔区', '303', '530900', '临沧市', '100.086486', '23.886562', '2019-11-24 12:59:28', '0');
INSERT INTO `city_area` VALUES ('2873', '530921', '凤庆县', '303', '530900', '临沧市', '99.91871', '24.592738', '2019-11-24 12:59:28', '0');
INSERT INTO `city_area` VALUES ('2874', '530922', '云县', '303', '530900', '临沧市', '100.125637', '24.439026', '2019-11-24 12:59:28', '0');
INSERT INTO `city_area` VALUES ('2875', '530923', '永德县', '303', '530900', '临沧市', '99.253679', '24.028159', '2019-11-24 12:59:28', '0');
INSERT INTO `city_area` VALUES ('2876', '530924', '镇康县', '303', '530900', '临沧市', '98.82743', '23.761415', '2019-11-24 12:59:28', '0');
INSERT INTO `city_area` VALUES ('2877', '530925', '双江拉祜族佤族布朗族傣族自治县', '303', '530900', '临沧市', '99.824419', '23.477476', '2019-11-24 12:59:28', '0');
INSERT INTO `city_area` VALUES ('2878', '530926', '耿马傣族佤族自治县', '303', '530900', '临沧市', '99.402495', '23.534579', '2019-11-24 12:59:28', '0');
INSERT INTO `city_area` VALUES ('2879', '530927', '沧源佤族自治县', '303', '530900', '临沧市', '99.2474', '23.146887', '2019-11-24 12:59:28', '0');
INSERT INTO `city_area` VALUES ('308', '532300', '楚雄彝族自治州', '202', '530000', '云南省', '101.546046', '25.041988', '2019-11-24 12:59:28', '0');
INSERT INTO `city_area` VALUES ('2880', '532301', '楚雄市', '303', '532300', '楚雄彝族自治州', '101.546145', '25.040912', '2019-11-24 12:59:28', '0');
INSERT INTO `city_area` VALUES ('2881', '532322', '双柏县', '303', '532300', '楚雄彝族自治州', '101.63824', '24.685094', '2019-11-24 12:59:28', '0');
INSERT INTO `city_area` VALUES ('2882', '532323', '牟定县', '303', '532300', '楚雄彝族自治州', '101.543044', '25.312111', '2019-11-24 12:59:28', '0');
INSERT INTO `city_area` VALUES ('2883', '532324', '南华县', '303', '532300', '楚雄彝族自治州', '101.274991', '25.192408', '2019-11-24 12:59:28', '0');
INSERT INTO `city_area` VALUES ('2884', '532325', '姚安县', '303', '532300', '楚雄彝族自治州', '101.238399', '25.505403', '2019-11-24 12:59:28', '0');
INSERT INTO `city_area` VALUES ('2885', '532326', '大姚县', '303', '532300', '楚雄彝族自治州', '101.323602', '25.722348', '2019-11-24 12:59:28', '0');
INSERT INTO `city_area` VALUES ('2886', '532327', '永仁县', '303', '532300', '楚雄彝族自治州', '101.671175', '26.056316', '2019-11-24 12:59:28', '0');
INSERT INTO `city_area` VALUES ('2887', '532328', '元谋县', '303', '532300', '楚雄彝族自治州', '101.870837', '25.703313', '2019-11-24 12:59:28', '0');
INSERT INTO `city_area` VALUES ('2888', '532329', '武定县', '303', '532300', '楚雄彝族自治州', '102.406785', '25.5301', '2019-11-24 12:59:28', '0');
INSERT INTO `city_area` VALUES ('2889', '532331', '禄丰县', '303', '532300', '楚雄彝族自治州', '102.075694', '25.14327', '2019-11-24 12:59:28', '0');
INSERT INTO `city_area` VALUES ('309', '532500', '红河哈尼族彝族自治州', '202', '530000', '云南省', '103.384182', '23.366775', '2019-11-24 12:59:28', '0');
INSERT INTO `city_area` VALUES ('2890', '532501', '个旧市', '303', '532500', '红河哈尼族彝族自治州', '103.154752', '23.360383', '2019-11-24 12:59:28', '0');
INSERT INTO `city_area` VALUES ('2891', '532502', '开远市', '303', '532500', '红河哈尼族彝族自治州', '103.258679', '23.713832', '2019-11-24 12:59:28', '0');
INSERT INTO `city_area` VALUES ('2892', '532503', '蒙自市', '303', '532500', '红河哈尼族彝族自治州', '103.385005', '23.366843', '2019-11-24 12:59:28', '0');
INSERT INTO `city_area` VALUES ('2893', '532504', '弥勒市', '303', '532500', '红河哈尼族彝族自治州', '103.436988', '24.40837', '2019-11-24 12:59:28', '0');
INSERT INTO `city_area` VALUES ('2894', '532523', '屏边苗族自治县', '303', '532500', '红河哈尼族彝族自治州', '103.687229', '22.987013', '2019-11-24 12:59:28', '0');
INSERT INTO `city_area` VALUES ('2895', '532524', '建水县', '303', '532500', '红河哈尼族彝族自治州', '102.820493', '23.618387', '2019-11-24 12:59:28', '0');
INSERT INTO `city_area` VALUES ('2896', '532525', '石屏县', '303', '532500', '红河哈尼族彝族自治州', '102.484469', '23.712569', '2019-11-24 12:59:28', '0');
INSERT INTO `city_area` VALUES ('2897', '532527', '泸西县', '303', '532500', '红河哈尼族彝族自治州', '103.759622', '24.532368', '2019-11-24 12:59:28', '0');
INSERT INTO `city_area` VALUES ('2898', '532528', '元阳县', '303', '532500', '红河哈尼族彝族自治州', '102.837056', '23.219773', '2019-11-24 12:59:28', '0');
INSERT INTO `city_area` VALUES ('2899', '532529', '红河县', '303', '532500', '红河哈尼族彝族自治州', '102.42121', '23.369191', '2019-11-24 12:59:28', '0');
INSERT INTO `city_area` VALUES ('2900', '532530', '金平苗族瑶族傣族自治县', '303', '532500', '红河哈尼族彝族自治州', '103.228359', '22.779982', '2019-11-24 12:59:28', '0');
INSERT INTO `city_area` VALUES ('2901', '532531', '绿春县', '303', '532500', '红河哈尼族彝族自治州', '102.39286', '22.99352', '2019-11-24 12:59:28', '0');
INSERT INTO `city_area` VALUES ('2902', '532532', '河口瑶族自治县', '303', '532500', '红河哈尼族彝族自治州', '103.961593', '22.507563', '2019-11-24 12:59:28', '0');
INSERT INTO `city_area` VALUES ('310', '532600', '文山壮族苗族自治州', '202', '530000', '云南省', '104.24401', '23.36951', '2019-11-24 12:59:28', '0');
INSERT INTO `city_area` VALUES ('2903', '532601', '文山市', '303', '532600', '文山壮族苗族自治州', '104.244277', '23.369216', '2019-11-24 12:59:28', '0');
INSERT INTO `city_area` VALUES ('2904', '532622', '砚山县', '303', '532600', '文山壮族苗族自治州', '104.343989', '23.612301', '2019-11-24 12:59:28', '0');
INSERT INTO `city_area` VALUES ('2905', '532623', '西畴县', '303', '532600', '文山壮族苗族自治州', '104.675711', '23.437439', '2019-11-24 12:59:28', '0');
INSERT INTO `city_area` VALUES ('2906', '532624', '麻栗坡县', '303', '532600', '文山壮族苗族自治州', '104.701899', '23.124202', '2019-11-24 12:59:28', '0');
INSERT INTO `city_area` VALUES ('2907', '532625', '马关县', '303', '532600', '文山壮族苗族自治州', '104.398619', '23.011723', '2019-11-24 12:59:28', '0');
INSERT INTO `city_area` VALUES ('2908', '532626', '丘北县', '303', '532600', '文山壮族苗族自治州', '104.194366', '24.040982', '2019-11-24 12:59:28', '0');
INSERT INTO `city_area` VALUES ('2909', '532627', '广南县', '303', '532600', '文山壮族苗族自治州', '105.056684', '24.050272', '2019-11-24 12:59:28', '0');
INSERT INTO `city_area` VALUES ('2910', '532628', '富宁县', '303', '532600', '文山壮族苗族自治州', '105.62856', '23.626494', '2019-11-24 12:59:28', '0');
INSERT INTO `city_area` VALUES ('311', '532800', '西双版纳傣族自治州', '202', '530000', '云南省', '100.797941', '22.001724', '2019-11-24 12:59:28', '0');
INSERT INTO `city_area` VALUES ('2911', '532801', '景洪市', '303', '532800', '西双版纳傣族自治州', '100.797947', '22.002087', '2019-11-24 12:59:28', '0');
INSERT INTO `city_area` VALUES ('2912', '532822', '勐海县', '303', '532800', '西双版纳傣族自治州', '100.448288', '21.955866', '2019-11-24 12:59:28', '0');
INSERT INTO `city_area` VALUES ('2913', '532823', '勐腊县', '303', '532800', '西双版纳傣族自治州', '101.567051', '21.479449', '2019-11-24 12:59:28', '0');
INSERT INTO `city_area` VALUES ('312', '532900', '大理白族自治州', '202', '530000', '云南省', '100.225668', '25.589449', '2019-11-24 12:59:28', '0');
INSERT INTO `city_area` VALUES ('2914', '532901', '大理市', '303', '532900', '大理白族自治州', '100.241369', '25.593067', '2019-11-24 12:59:28', '0');
INSERT INTO `city_area` VALUES ('2915', '532922', '漾濞彝族自治县', '303', '532900', '大理白族自治州', '99.95797', '25.669543', '2019-11-24 12:59:28', '0');
INSERT INTO `city_area` VALUES ('2916', '532923', '祥云县', '303', '532900', '大理白族自治州', '100.554025', '25.477072', '2019-11-24 12:59:28', '0');
INSERT INTO `city_area` VALUES ('2917', '532924', '宾川县', '303', '532900', '大理白族自治州', '100.578957', '25.825904', '2019-11-24 12:59:28', '0');
INSERT INTO `city_area` VALUES ('2918', '532925', '弥渡县', '303', '532900', '大理白族自治州', '100.490669', '25.342594', '2019-11-24 12:59:28', '0');
INSERT INTO `city_area` VALUES ('2919', '532926', '南涧彝族自治县', '303', '532900', '大理白族自治州', '100.518683', '25.041279', '2019-11-24 12:59:28', '0');
INSERT INTO `city_area` VALUES ('2920', '532927', '巍山彝族回族自治县', '303', '532900', '大理白族自治州', '100.30793', '25.230909', '2019-11-24 12:59:28', '0');
INSERT INTO `city_area` VALUES ('2921', '532928', '永平县', '303', '532900', '大理白族自治州', '99.533536', '25.461281', '2019-11-24 12:59:28', '0');
INSERT INTO `city_area` VALUES ('2922', '532929', '云龙县', '303', '532900', '大理白族自治州', '99.369402', '25.884955', '2019-11-24 12:59:28', '0');
INSERT INTO `city_area` VALUES ('2923', '532930', '洱源县', '303', '532900', '大理白族自治州', '99.951708', '26.111184', '2019-11-24 12:59:28', '0');
INSERT INTO `city_area` VALUES ('2924', '532931', '剑川县', '303', '532900', '大理白族自治州', '99.905887', '26.530066', '2019-11-24 12:59:28', '0');
INSERT INTO `city_area` VALUES ('2925', '532932', '鹤庆县', '303', '532900', '大理白族自治州', '100.173375', '26.55839', '2019-11-24 12:59:28', '0');
INSERT INTO `city_area` VALUES ('313', '533100', '德宏傣族景颇族自治州', '202', '530000', '云南省', '98.578363', '24.436694', '2019-11-24 12:59:28', '0');
INSERT INTO `city_area` VALUES ('2926', '533102', '瑞丽市', '303', '533100', '德宏傣族景颇族自治州', '97.855883', '24.010734', '2019-11-24 12:59:28', '0');
INSERT INTO `city_area` VALUES ('2927', '533103', '芒市', '303', '533100', '德宏傣族景颇族自治州', '98.577608', '24.436699', '2019-11-24 12:59:28', '0');
INSERT INTO `city_area` VALUES ('2928', '533122', '梁河县', '303', '533100', '德宏傣族景颇族自治州', '98.298196', '24.80742', '2019-11-24 12:59:28', '0');
INSERT INTO `city_area` VALUES ('2929', '533123', '盈江县', '303', '533100', '德宏傣族景颇族自治州', '97.93393', '24.709541', '2019-11-24 12:59:28', '0');
INSERT INTO `city_area` VALUES ('2930', '533124', '陇川县', '303', '533100', '德宏傣族景颇族自治州', '97.794441', '24.184065', '2019-11-24 12:59:28', '0');
INSERT INTO `city_area` VALUES ('314', '533300', '怒江傈僳族自治州', '202', '530000', '云南省', '98.854304', '25.850949', '2019-11-24 12:59:28', '0');
INSERT INTO `city_area` VALUES ('2931', '533301', '泸水市', '303', '533300', '怒江傈僳族自治州', '98.854063', '25.851142', '2019-11-24 12:59:28', '0');
INSERT INTO `city_area` VALUES ('2932', '533323', '福贡县', '303', '533300', '怒江傈僳族自治州', '98.867413', '26.902738', '2019-11-24 12:59:28', '0');
INSERT INTO `city_area` VALUES ('2933', '533324', '贡山独龙族怒族自治县', '303', '533300', '怒江傈僳族自治州', '98.666141', '27.738054', '2019-11-24 12:59:28', '0');
INSERT INTO `city_area` VALUES ('2934', '533325', '兰坪白族普米族自治县', '303', '533300', '怒江傈僳族自治州', '99.421378', '26.453839', '2019-11-24 12:59:28', '0');
INSERT INTO `city_area` VALUES ('315', '533400', '迪庆藏族自治州', '202', '530000', '云南省', '99.706463', '27.826853', '2019-11-24 12:59:28', '0');
INSERT INTO `city_area` VALUES ('2935', '533401', '香格里拉市', '303', '533400', '迪庆藏族自治州', '99.708667', '27.825804', '2019-11-24 12:59:28', '0');
INSERT INTO `city_area` VALUES ('2936', '533422', '德钦县', '303', '533400', '迪庆藏族自治州', '98.91506', '28.483272', '2019-11-24 12:59:28', '0');
INSERT INTO `city_area` VALUES ('2937', '533423', '维西傈僳族自治县', '303', '533400', '迪庆藏族自治州', '99.286355', '27.180948', '2019-11-24 12:59:28', '0');
INSERT INTO `city_area` VALUES ('26', '540000', '西藏自治区', '101', '0', '中国', '91.132212', '29.660361', '2019-11-24 12:59:28', '0');
INSERT INTO `city_area` VALUES ('316', '540100', '拉萨市', '202', '540000', '西藏自治区', '91.132212', '29.660361', '2019-11-24 12:59:28', '0');
INSERT INTO `city_area` VALUES ('2938', '540102', '城关区', '303', '540100', '拉萨市', '91.132911', '29.659472', '2019-11-24 12:59:28', '0');
INSERT INTO `city_area` VALUES ('2939', '540103', '堆龙德庆区', '303', '540100', '拉萨市', '91.002823', '29.647347', '2019-11-24 12:59:28', '0');
INSERT INTO `city_area` VALUES ('2940', '540121', '林周县', '303', '540100', '拉萨市', '91.261842', '29.895754', '2019-11-24 12:59:28', '0');
INSERT INTO `city_area` VALUES ('2941', '540122', '当雄县', '303', '540100', '拉萨市', '91.103551', '30.474819', '2019-11-24 12:59:28', '0');
INSERT INTO `city_area` VALUES ('2942', '540123', '尼木县', '303', '540100', '拉萨市', '90.165545', '29.431346', '2019-11-24 12:59:28', '0');
INSERT INTO `city_area` VALUES ('2943', '540124', '曲水县', '303', '540100', '拉萨市', '90.738051', '29.349895', '2019-11-24 12:59:28', '0');
INSERT INTO `city_area` VALUES ('2944', '540126', '达孜县', '303', '540100', '拉萨市', '', '', '2019-11-24 12:59:28', '0');
INSERT INTO `city_area` VALUES ('2945', '540127', '墨竹工卡县', '303', '540100', '拉萨市', '91.731158', '29.834657', '2019-11-24 12:59:28', '0');
INSERT INTO `city_area` VALUES ('2946', '540171', '格尔木藏青工业园区', '303', '540100', '拉萨市', '', '', '2019-11-24 12:59:28', '0');
INSERT INTO `city_area` VALUES ('2947', '540172', '拉萨经济技术开发区', '303', '540100', '拉萨市', '', '', '2019-11-24 12:59:28', '0');
INSERT INTO `city_area` VALUES ('2948', '540173', '西藏文化旅游创意园区', '303', '540100', '拉萨市', '', '', '2019-11-24 12:59:28', '0');
INSERT INTO `city_area` VALUES ('2949', '540174', '达孜工业园区', '303', '540100', '拉萨市', '', '', '2019-11-24 12:59:28', '0');
INSERT INTO `city_area` VALUES ('317', '540200', '日喀则市', '202', '540000', '西藏自治区', '88.885148', '29.267519', '2019-11-24 12:59:28', '0');
INSERT INTO `city_area` VALUES ('2950', '540202', '桑珠孜区', '303', '540200', '日喀则市', '88.88667', '29.267003', '2019-11-24 12:59:28', '0');
INSERT INTO `city_area` VALUES ('2951', '540221', '南木林县', '303', '540200', '日喀则市', '89.099434', '29.680459', '2019-11-24 12:59:28', '0');
INSERT INTO `city_area` VALUES ('2952', '540222', '江孜县', '303', '540200', '日喀则市', '89.605044', '28.908845', '2019-11-24 12:59:28', '0');
INSERT INTO `city_area` VALUES ('2953', '540223', '定日县', '303', '540200', '日喀则市', '87.123887', '28.656667', '2019-11-24 12:59:28', '0');
INSERT INTO `city_area` VALUES ('2954', '540224', '萨迦县', '303', '540200', '日喀则市', '88.023007', '28.901077', '2019-11-24 12:59:28', '0');
INSERT INTO `city_area` VALUES ('2955', '540225', '拉孜县', '303', '540200', '日喀则市', '87.63743', '29.085136', '2019-11-24 12:59:28', '0');
INSERT INTO `city_area` VALUES ('2956', '540226', '昂仁县', '303', '540200', '日喀则市', '87.23578', '29.294758', '2019-11-24 12:59:28', '0');
INSERT INTO `city_area` VALUES ('2957', '540227', '谢通门县', '303', '540200', '日喀则市', '88.260517', '29.431597', '2019-11-24 12:59:28', '0');
INSERT INTO `city_area` VALUES ('2958', '540228', '白朗县', '303', '540200', '日喀则市', '89.263618', '29.106627', '2019-11-24 12:59:28', '0');
INSERT INTO `city_area` VALUES ('2959', '540229', '仁布县', '303', '540200', '日喀则市', '89.843207', '29.230299', '2019-11-24 12:59:28', '0');
INSERT INTO `city_area` VALUES ('2960', '540230', '康马县', '303', '540200', '日喀则市', '89.683406', '28.554719', '2019-11-24 12:59:28', '0');
INSERT INTO `city_area` VALUES ('2961', '540231', '定结县', '303', '540200', '日喀则市', '87.767723', '28.36409', '2019-11-24 12:59:28', '0');
INSERT INTO `city_area` VALUES ('2962', '540232', '仲巴县', '303', '540200', '日喀则市', '84.032826', '29.768336', '2019-11-24 12:59:28', '0');
INSERT INTO `city_area` VALUES ('2963', '540233', '亚东县', '303', '540200', '日喀则市', '88.906806', '27.482772', '2019-11-24 12:59:28', '0');
INSERT INTO `city_area` VALUES ('2964', '540234', '吉隆县', '303', '540200', '日喀则市', '85.298349', '28.852416', '2019-11-24 12:59:28', '0');
INSERT INTO `city_area` VALUES ('2965', '540235', '聂拉木县', '303', '540200', '日喀则市', '85.981953', '28.15595', '2019-11-24 12:59:28', '0');
INSERT INTO `city_area` VALUES ('2966', '540236', '萨嘎县', '303', '540200', '日喀则市', '85.234622', '29.328194', '2019-11-24 12:59:28', '0');
INSERT INTO `city_area` VALUES ('2967', '540237', '岗巴县', '303', '540200', '日喀则市', '88.518903', '28.274371', '2019-11-24 12:59:28', '0');
INSERT INTO `city_area` VALUES ('318', '540300', '昌都市', '202', '540000', '西藏自治区', '97.178452', '31.136875', '2019-11-24 12:59:28', '0');
INSERT INTO `city_area` VALUES ('2968', '540302', '卡若区', '303', '540300', '昌都市', '97.178255', '31.137035', '2019-11-24 12:59:28', '0');
INSERT INTO `city_area` VALUES ('2969', '540321', '江达县', '303', '540300', '昌都市', '98.218351', '31.499534', '2019-11-24 12:59:28', '0');
INSERT INTO `city_area` VALUES ('2970', '540322', '贡觉县', '303', '540300', '昌都市', '98.271191', '30.859206', '2019-11-24 12:59:28', '0');
INSERT INTO `city_area` VALUES ('2971', '540323', '类乌齐县', '303', '540300', '昌都市', '96.601259', '31.213048', '2019-11-24 12:59:28', '0');
INSERT INTO `city_area` VALUES ('2972', '540324', '丁青县', '303', '540300', '昌都市', '95.597748', '31.410681', '2019-11-24 12:59:28', '0');
INSERT INTO `city_area` VALUES ('2973', '540325', '察雅县', '303', '540300', '昌都市', '97.565701', '30.653038', '2019-11-24 12:59:28', '0');
INSERT INTO `city_area` VALUES ('2974', '540326', '八宿县', '303', '540300', '昌都市', '96.917893', '30.053408', '2019-11-24 12:59:28', '0');
INSERT INTO `city_area` VALUES ('2975', '540327', '左贡县', '303', '540300', '昌都市', '97.840532', '29.671335', '2019-11-24 12:59:28', '0');
INSERT INTO `city_area` VALUES ('2976', '540328', '芒康县', '303', '540300', '昌都市', '98.596444', '29.686615', '2019-11-24 12:59:28', '0');
INSERT INTO `city_area` VALUES ('2977', '540329', '洛隆县', '303', '540300', '昌都市', '95.823418', '30.741947', '2019-11-24 12:59:28', '0');
INSERT INTO `city_area` VALUES ('2978', '540330', '边坝县', '303', '540300', '昌都市', '94.707504', '30.933849', '2019-11-24 12:59:28', '0');
INSERT INTO `city_area` VALUES ('319', '540400', '林芝市', '202', '540000', '西藏自治区', '94.362348', '29.654693', '2019-11-24 12:59:28', '0');
INSERT INTO `city_area` VALUES ('2979', '540402', '巴宜区', '303', '540400', '林芝市', '94.360987', '29.653732', '2019-11-24 12:59:28', '0');
INSERT INTO `city_area` VALUES ('2980', '540421', '工布江达县', '303', '540400', '林芝市', '93.246515', '29.88447', '2019-11-24 12:59:28', '0');
INSERT INTO `city_area` VALUES ('2981', '540422', '米林县', '303', '540400', '林芝市', '94.213679', '29.213811', '2019-11-24 12:59:28', '0');
INSERT INTO `city_area` VALUES ('2982', '540423', '墨脱县', '303', '540400', '林芝市', '95.332245', '29.32573', '2019-11-24 12:59:28', '0');
INSERT INTO `city_area` VALUES ('2983', '540424', '波密县', '303', '540400', '林芝市', '95.768151', '29.858771', '2019-11-24 12:59:28', '0');
INSERT INTO `city_area` VALUES ('2984', '540425', '察隅县', '303', '540400', '林芝市', '97.465002', '28.660244', '2019-11-24 12:59:28', '0');
INSERT INTO `city_area` VALUES ('2985', '540426', '朗县', '303', '540400', '林芝市', '93.073429', '29.0446', '2019-11-24 12:59:28', '0');
INSERT INTO `city_area` VALUES ('320', '540500', '山南市', '202', '540000', '西藏自治区', '91.766529', '29.236023', '2019-11-24 12:59:28', '0');
INSERT INTO `city_area` VALUES ('2986', '540502', '乃东区', '303', '540500', '山南市', '91.76525', '29.236106', '2019-11-24 12:59:28', '0');
INSERT INTO `city_area` VALUES ('2987', '540521', '扎囊县', '303', '540500', '山南市', '91.338', '29.246476', '2019-11-24 12:59:28', '0');
INSERT INTO `city_area` VALUES ('2988', '540522', '贡嘎县', '303', '540500', '山南市', '90.985271', '29.289078', '2019-11-24 12:59:28', '0');
INSERT INTO `city_area` VALUES ('2989', '540523', '桑日县', '303', '540500', '山南市', '92.015732', '29.259774', '2019-11-24 12:59:28', '0');
INSERT INTO `city_area` VALUES ('2990', '540524', '琼结县', '303', '540500', '山南市', '91.683753', '29.025242', '2019-11-24 12:59:28', '0');
INSERT INTO `city_area` VALUES ('2991', '540525', '曲松县', '303', '540500', '山南市', '92.201066', '29.063656', '2019-11-24 12:59:28', '0');
INSERT INTO `city_area` VALUES ('2992', '540526', '措美县', '303', '540500', '山南市', '91.432347', '28.437353', '2019-11-24 12:59:28', '0');
INSERT INTO `city_area` VALUES ('2993', '540527', '洛扎县', '303', '540500', '山南市', '90.858243', '28.385765', '2019-11-24 12:59:28', '0');
INSERT INTO `city_area` VALUES ('2994', '540528', '加查县', '303', '540500', '山南市', '92.591043', '29.140921', '2019-11-24 12:59:28', '0');
INSERT INTO `city_area` VALUES ('2995', '540529', '隆子县', '303', '540500', '山南市', '92.463309', '28.408548', '2019-11-24 12:59:28', '0');
INSERT INTO `city_area` VALUES ('2996', '540530', '错那县', '303', '540500', '山南市', '91.960132', '27.991707', '2019-11-24 12:59:28', '0');
INSERT INTO `city_area` VALUES ('2997', '540531', '浪卡子县', '303', '540500', '山南市', '90.398747', '28.96836', '2019-11-24 12:59:28', '0');
INSERT INTO `city_area` VALUES ('321', '542400', '那曲地区', '202', '540000', '西藏自治区', '', '', '2019-11-24 12:59:28', '0');
INSERT INTO `city_area` VALUES ('2998', '542421', '那曲县', '303', '542400', '那曲地区', '', '', '2019-11-24 12:59:28', '0');
INSERT INTO `city_area` VALUES ('2999', '542422', '嘉黎县', '303', '542400', '那曲地区', '', '', '2019-11-24 12:59:28', '0');
INSERT INTO `city_area` VALUES ('3000', '542423', '比如县', '303', '542400', '那曲地区', '', '', '2019-11-24 12:59:28', '0');
INSERT INTO `city_area` VALUES ('3001', '542424', '聂荣县', '303', '542400', '那曲地区', '', '', '2019-11-24 12:59:28', '0');
INSERT INTO `city_area` VALUES ('3002', '542425', '安多县', '303', '542400', '那曲地区', '', '', '2019-11-24 12:59:28', '0');
INSERT INTO `city_area` VALUES ('3003', '542426', '申扎县', '303', '542400', '那曲地区', '', '', '2019-11-24 12:59:28', '0');
INSERT INTO `city_area` VALUES ('3004', '542427', '索县', '303', '542400', '那曲地区', '', '', '2019-11-24 12:59:28', '0');
INSERT INTO `city_area` VALUES ('3005', '542428', '班戈县', '303', '542400', '那曲地区', '', '', '2019-11-24 12:59:28', '0');
INSERT INTO `city_area` VALUES ('3006', '542429', '巴青县', '303', '542400', '那曲地区', '', '', '2019-11-24 12:59:28', '0');
INSERT INTO `city_area` VALUES ('3007', '542430', '尼玛县', '303', '542400', '那曲地区', '', '', '2019-11-24 12:59:28', '0');
INSERT INTO `city_area` VALUES ('3008', '542431', '双湖县', '303', '542400', '那曲地区', '', '', '2019-11-24 12:59:28', '0');
INSERT INTO `city_area` VALUES ('322', '542500', '阿里地区', '202', '540000', '西藏自治区', '80.105498', '32.503187', '2019-11-24 12:59:28', '0');
INSERT INTO `city_area` VALUES ('3009', '542521', '普兰县', '303', '542500', '阿里地区', '81.177588', '30.291896', '2019-11-24 12:59:28', '0');
INSERT INTO `city_area` VALUES ('3010', '542522', '札达县', '303', '542500', '阿里地区', '79.803191', '31.478587', '2019-11-24 12:59:28', '0');
INSERT INTO `city_area` VALUES ('3011', '542523', '噶尔县', '303', '542500', '阿里地区', '80.105005', '32.503373', '2019-11-24 12:59:28', '0');
INSERT INTO `city_area` VALUES ('3012', '542524', '日土县', '303', '542500', '阿里地区', '79.731937', '33.382454', '2019-11-24 12:59:28', '0');
INSERT INTO `city_area` VALUES ('3013', '542525', '革吉县', '303', '542500', '阿里地区', '81.142896', '32.389192', '2019-11-24 12:59:28', '0');
INSERT INTO `city_area` VALUES ('3014', '542526', '改则县', '303', '542500', '阿里地区', '84.062384', '32.302076', '2019-11-24 12:59:28', '0');
INSERT INTO `city_area` VALUES ('3015', '542527', '措勤县', '303', '542500', '阿里地区', '85.159254', '31.016774', '2019-11-24 12:59:28', '0');
INSERT INTO `city_area` VALUES ('27', '610000', '陕西省', '101', '0', '中国', '108.948024', '34.263161', '2019-11-24 12:59:28', '0');
INSERT INTO `city_area` VALUES ('323', '610100', '西安市', '202', '610000', '陕西省', '108.948024', '34.263161', '2019-11-24 12:59:28', '0');
INSERT INTO `city_area` VALUES ('3016', '610102', '新城区', '303', '610100', '西安市', '108.959903', '34.26927', '2019-11-24 12:59:28', '0');
INSERT INTO `city_area` VALUES ('3017', '610103', '碑林区', '303', '610100', '西安市', '108.946994', '34.251061', '2019-11-24 12:59:28', '0');
INSERT INTO `city_area` VALUES ('3018', '610104', '莲湖区', '303', '610100', '西安市', '108.933194', '34.2656', '2019-11-24 12:59:28', '0');
INSERT INTO `city_area` VALUES ('3019', '610111', '灞桥区', '303', '610100', '西安市', '109.067261', '34.267453', '2019-11-24 12:59:28', '0');
INSERT INTO `city_area` VALUES ('3020', '610112', '未央区', '303', '610100', '西安市', '108.946022', '34.30823', '2019-11-24 12:59:28', '0');
INSERT INTO `city_area` VALUES ('3021', '610113', '雁塔区', '303', '610100', '西安市', '108.926593', '34.213389', '2019-11-24 12:59:28', '0');
INSERT INTO `city_area` VALUES ('3022', '610114', '阎良区', '303', '610100', '西安市', '109.22802', '34.662141', '2019-11-24 12:59:28', '0');
INSERT INTO `city_area` VALUES ('3023', '610115', '临潼区', '303', '610100', '西安市', '109.213986', '34.372065', '2019-11-24 12:59:28', '0');
INSERT INTO `city_area` VALUES ('3024', '610116', '长安区', '303', '610100', '西安市', '108.941579', '34.157097', '2019-11-24 12:59:28', '0');
INSERT INTO `city_area` VALUES ('3025', '610117', '高陵区', '303', '610100', '西安市', '109.088896', '34.535065', '2019-11-24 12:59:28', '0');
INSERT INTO `city_area` VALUES ('3026', '610118', '鄠邑区', '303', '610100', '西安市', '108.607385', '34.108668', '2019-11-24 12:59:28', '0');
INSERT INTO `city_area` VALUES ('3027', '610122', '蓝田县', '303', '610100', '西安市', '109.317634', '34.156189', '2019-11-24 12:59:28', '0');
INSERT INTO `city_area` VALUES ('3028', '610124', '周至县', '303', '610100', '西安市', '108.216465', '34.161532', '2019-11-24 12:59:28', '0');
INSERT INTO `city_area` VALUES ('324', '610200', '铜川市', '202', '610000', '陕西省', '108.979608', '34.916582', '2019-11-24 12:59:28', '0');
INSERT INTO `city_area` VALUES ('3029', '610202', '王益区', '303', '610200', '铜川市', '109.075862', '35.069098', '2019-11-24 12:59:28', '0');
INSERT INTO `city_area` VALUES ('3030', '610203', '印台区', '303', '610200', '铜川市', '109.100814', '35.111927', '2019-11-24 12:59:28', '0');
INSERT INTO `city_area` VALUES ('3031', '610204', '耀州区', '303', '610200', '铜川市', '108.962538', '34.910206', '2019-11-24 12:59:28', '0');
INSERT INTO `city_area` VALUES ('3032', '610222', '宜君县', '303', '610200', '铜川市', '109.118278', '35.398766', '2019-11-24 12:59:28', '0');
INSERT INTO `city_area` VALUES ('325', '610300', '宝鸡市', '202', '610000', '陕西省', '107.14487', '34.369315', '2019-11-24 12:59:28', '0');
INSERT INTO `city_area` VALUES ('3033', '610302', '渭滨区', '303', '610300', '宝鸡市', '107.144467', '34.371008', '2019-11-24 12:59:28', '0');
INSERT INTO `city_area` VALUES ('3034', '610303', '金台区', '303', '610300', '宝鸡市', '107.149943', '34.375192', '2019-11-24 12:59:28', '0');
INSERT INTO `city_area` VALUES ('3035', '610304', '陈仓区', '303', '610300', '宝鸡市', '107.383645', '34.352747', '2019-11-24 12:59:28', '0');
INSERT INTO `city_area` VALUES ('3036', '610322', '凤翔县', '303', '610300', '宝鸡市', '107.400577', '34.521668', '2019-11-24 12:59:28', '0');
INSERT INTO `city_area` VALUES ('3037', '610323', '岐山县', '303', '610300', '宝鸡市', '107.624464', '34.44296', '2019-11-24 12:59:28', '0');
INSERT INTO `city_area` VALUES ('3038', '610324', '扶风县', '303', '610300', '宝鸡市', '107.891419', '34.375497', '2019-11-24 12:59:28', '0');
INSERT INTO `city_area` VALUES ('3039', '610326', '眉县', '303', '610300', '宝鸡市', '107.752371', '34.272137', '2019-11-24 12:59:28', '0');
INSERT INTO `city_area` VALUES ('3040', '610327', '陇县', '303', '610300', '宝鸡市', '106.857066', '34.893262', '2019-11-24 12:59:28', '0');
INSERT INTO `city_area` VALUES ('3041', '610328', '千阳县', '303', '610300', '宝鸡市', '107.132987', '34.642584', '2019-11-24 12:59:28', '0');
INSERT INTO `city_area` VALUES ('3042', '610329', '麟游县', '303', '610300', '宝鸡市', '107.796608', '34.677714', '2019-11-24 12:59:28', '0');
INSERT INTO `city_area` VALUES ('3043', '610330', '凤县', '303', '610300', '宝鸡市', '106.525212', '33.912464', '2019-11-24 12:59:28', '0');
INSERT INTO `city_area` VALUES ('3044', '610331', '太白县', '303', '610300', '宝鸡市', '107.316533', '34.059215', '2019-11-24 12:59:28', '0');
INSERT INTO `city_area` VALUES ('326', '610400', '咸阳市', '202', '610000', '陕西省', '108.705117', '34.333439', '2019-11-24 12:59:28', '0');
INSERT INTO `city_area` VALUES ('3045', '610402', '秦都区', '303', '610400', '咸阳市', '108.698636', '34.329801', '2019-11-24 12:59:28', '0');
INSERT INTO `city_area` VALUES ('3046', '610403', '杨陵区', '303', '610400', '咸阳市', '108.086348', '34.27135', '2019-11-24 12:59:28', '0');
INSERT INTO `city_area` VALUES ('3047', '610404', '渭城区', '303', '610400', '咸阳市', '108.730957', '34.336847', '2019-11-24 12:59:28', '0');
INSERT INTO `city_area` VALUES ('3048', '610422', '三原县', '303', '610400', '咸阳市', '108.943481', '34.613996', '2019-11-24 12:59:28', '0');
INSERT INTO `city_area` VALUES ('3049', '610423', '泾阳县', '303', '610400', '咸阳市', '108.83784', '34.528493', '2019-11-24 12:59:28', '0');
INSERT INTO `city_area` VALUES ('3050', '610424', '乾县', '303', '610400', '咸阳市', '108.247406', '34.527261', '2019-11-24 12:59:28', '0');
INSERT INTO `city_area` VALUES ('3051', '610425', '礼泉县', '303', '610400', '咸阳市', '108.428317', '34.482583', '2019-11-24 12:59:28', '0');
INSERT INTO `city_area` VALUES ('3052', '610426', '永寿县', '303', '610400', '咸阳市', '108.143129', '34.692619', '2019-11-24 12:59:28', '0');
INSERT INTO `city_area` VALUES ('3053', '610427', '彬县', '303', '610400', '咸阳市', '108.083674', '35.034233', '2019-11-24 12:59:28', '0');
INSERT INTO `city_area` VALUES ('3054', '610428', '长武县', '303', '610400', '咸阳市', '107.795835', '35.206122', '2019-11-24 12:59:28', '0');
INSERT INTO `city_area` VALUES ('3055', '610429', '旬邑县', '303', '610400', '咸阳市', '108.337231', '35.112234', '2019-11-24 12:59:28', '0');
INSERT INTO `city_area` VALUES ('3056', '610430', '淳化县', '303', '610400', '咸阳市', '108.581173', '34.79797', '2019-11-24 12:59:28', '0');
INSERT INTO `city_area` VALUES ('3057', '610431', '武功县', '303', '610400', '咸阳市', '108.212857', '34.259732', '2019-11-24 12:59:28', '0');
INSERT INTO `city_area` VALUES ('3058', '610481', '兴平市', '303', '610400', '咸阳市', '108.488493', '34.297134', '2019-11-24 12:59:28', '0');
INSERT INTO `city_area` VALUES ('327', '610500', '渭南市', '202', '610000', '陕西省', '109.502882', '34.499381', '2019-11-24 12:59:28', '0');
INSERT INTO `city_area` VALUES ('3059', '610502', '临渭区', '303', '610500', '渭南市', '109.503299', '34.501271', '2019-11-24 12:59:28', '0');
INSERT INTO `city_area` VALUES ('3060', '610503', '华州区', '303', '610500', '渭南市', '109.76141', '34.511958', '2019-11-24 12:59:28', '0');
INSERT INTO `city_area` VALUES ('3061', '610522', '潼关县', '303', '610500', '渭南市', '110.24726', '34.544515', '2019-11-24 12:59:28', '0');
INSERT INTO `city_area` VALUES ('3062', '610523', '大荔县', '303', '610500', '渭南市', '109.943123', '34.795011', '2019-11-24 12:59:28', '0');
INSERT INTO `city_area` VALUES ('3063', '610524', '合阳县', '303', '610500', '渭南市', '110.147979', '35.237098', '2019-11-24 12:59:28', '0');
INSERT INTO `city_area` VALUES ('3064', '610525', '澄城县', '303', '610500', '渭南市', '109.937609', '35.184', '2019-11-24 12:59:28', '0');
INSERT INTO `city_area` VALUES ('3065', '610526', '蒲城县', '303', '610500', '渭南市', '109.589653', '34.956034', '2019-11-24 12:59:28', '0');
INSERT INTO `city_area` VALUES ('3066', '610527', '白水县', '303', '610500', '渭南市', '109.594309', '35.177291', '2019-11-24 12:59:28', '0');
INSERT INTO `city_area` VALUES ('3067', '610528', '富平县', '303', '610500', '渭南市', '109.187174', '34.746679', '2019-11-24 12:59:28', '0');
INSERT INTO `city_area` VALUES ('3068', '610581', '韩城市', '303', '610500', '渭南市', '110.452391', '35.475238', '2019-11-24 12:59:28', '0');
INSERT INTO `city_area` VALUES ('3069', '610582', '华阴市', '303', '610500', '渭南市', '110.08952', '34.565359', '2019-11-24 12:59:28', '0');
INSERT INTO `city_area` VALUES ('328', '610600', '延安市', '202', '610000', '陕西省', '109.49081', '36.596537', '2019-11-24 12:59:28', '0');
INSERT INTO `city_area` VALUES ('3070', '610602', '宝塔区', '303', '610600', '延安市', '109.49069', '36.596291', '2019-11-24 12:59:28', '0');
INSERT INTO `city_area` VALUES ('3071', '610603', '安塞区', '303', '610600', '延安市', '109.325341', '36.86441', '2019-11-24 12:59:28', '0');
INSERT INTO `city_area` VALUES ('3072', '610621', '延长县', '303', '610600', '延安市', '110.012961', '36.578306', '2019-11-24 12:59:28', '0');
INSERT INTO `city_area` VALUES ('3073', '610622', '延川县', '303', '610600', '延安市', '110.190314', '36.882066', '2019-11-24 12:59:28', '0');
INSERT INTO `city_area` VALUES ('3074', '610623', '子长县', '303', '610600', '延安市', '109.675968', '37.14207', '2019-11-24 12:59:28', '0');
INSERT INTO `city_area` VALUES ('3075', '610625', '志丹县', '303', '610600', '延安市', '108.768898', '36.823031', '2019-11-24 12:59:28', '0');
INSERT INTO `city_area` VALUES ('3076', '610626', '吴起县', '303', '610600', '延安市', '108.176976', '36.924852', '2019-11-24 12:59:28', '0');
INSERT INTO `city_area` VALUES ('3077', '610627', '甘泉县', '303', '610600', '延安市', '109.34961', '36.277729', '2019-11-24 12:59:28', '0');
INSERT INTO `city_area` VALUES ('3078', '610628', '富县', '303', '610600', '延安市', '109.384136', '35.996495', '2019-11-24 12:59:28', '0');
INSERT INTO `city_area` VALUES ('3079', '610629', '洛川县', '303', '610600', '延安市', '109.435712', '35.762133', '2019-11-24 12:59:28', '0');
INSERT INTO `city_area` VALUES ('3080', '610630', '宜川县', '303', '610600', '延安市', '110.175537', '36.050391', '2019-11-24 12:59:28', '0');
INSERT INTO `city_area` VALUES ('3081', '610631', '黄龙县', '303', '610600', '延安市', '109.83502', '35.583276', '2019-11-24 12:59:28', '0');
INSERT INTO `city_area` VALUES ('3082', '610632', '黄陵县', '303', '610600', '延安市', '109.262469', '35.580165', '2019-11-24 12:59:28', '0');
INSERT INTO `city_area` VALUES ('329', '610700', '汉中市', '202', '610000', '陕西省', '107.028621', '33.077668', '2019-11-24 12:59:28', '0');
INSERT INTO `city_area` VALUES ('3083', '610702', '汉台区', '303', '610700', '汉中市', '107.028233', '33.077674', '2019-11-24 12:59:28', '0');
INSERT INTO `city_area` VALUES ('3084', '610703', '南郑区', '303', '610700', '汉中市', '106.942393', '33.003341', '2019-11-24 12:59:28', '0');
INSERT INTO `city_area` VALUES ('3085', '610722', '城固县', '303', '610700', '汉中市', '107.329887', '33.153098', '2019-11-24 12:59:28', '0');
INSERT INTO `city_area` VALUES ('3086', '610723', '洋县', '303', '610700', '汉中市', '107.549962', '33.223283', '2019-11-24 12:59:28', '0');
INSERT INTO `city_area` VALUES ('3087', '610724', '西乡县', '303', '610700', '汉中市', '107.765858', '32.987961', '2019-11-24 12:59:28', '0');
INSERT INTO `city_area` VALUES ('3088', '610725', '勉县', '303', '610700', '汉中市', '106.680175', '33.155618', '2019-11-24 12:59:28', '0');
INSERT INTO `city_area` VALUES ('3089', '610726', '宁强县', '303', '610700', '汉中市', '106.25739', '32.830806', '2019-11-24 12:59:28', '0');
INSERT INTO `city_area` VALUES ('3090', '610727', '略阳县', '303', '610700', '汉中市', '106.153899', '33.329638', '2019-11-24 12:59:28', '0');
INSERT INTO `city_area` VALUES ('3091', '610728', '镇巴县', '303', '610700', '汉中市', '107.89531', '32.535854', '2019-11-24 12:59:28', '0');
INSERT INTO `city_area` VALUES ('3092', '610729', '留坝县', '303', '610700', '汉中市', '106.924377', '33.61334', '2019-11-24 12:59:28', '0');
INSERT INTO `city_area` VALUES ('3093', '610730', '佛坪县', '303', '610700', '汉中市', '107.988582', '33.520745', '2019-11-24 12:59:28', '0');
INSERT INTO `city_area` VALUES ('330', '610800', '榆林市', '202', '610000', '陕西省', '109.741193', '38.290162', '2019-11-24 12:59:28', '0');
INSERT INTO `city_area` VALUES ('3094', '610802', '榆阳区', '303', '610800', '榆林市', '109.74791', '38.299267', '2019-11-24 12:59:28', '0');
INSERT INTO `city_area` VALUES ('3095', '610803', '横山区', '303', '610800', '榆林市', '109.292596', '37.964048', '2019-11-24 12:59:28', '0');
INSERT INTO `city_area` VALUES ('3096', '610822', '府谷县', '303', '610800', '榆林市', '111.069645', '39.029243', '2019-11-24 12:59:28', '0');
INSERT INTO `city_area` VALUES ('3097', '610824', '靖边县', '303', '610800', '榆林市', '108.80567', '37.596084', '2019-11-24 12:59:28', '0');
INSERT INTO `city_area` VALUES ('3098', '610825', '定边县', '303', '610800', '榆林市', '107.601284', '37.59523', '2019-11-24 12:59:28', '0');
INSERT INTO `city_area` VALUES ('3099', '610826', '绥德县', '303', '610800', '榆林市', '110.265377', '37.507701', '2019-11-24 12:59:28', '0');
INSERT INTO `city_area` VALUES ('3100', '610827', '米脂县', '303', '610800', '榆林市', '110.178683', '37.759081', '2019-11-24 12:59:28', '0');
INSERT INTO `city_area` VALUES ('3101', '610828', '佳县', '303', '610800', '榆林市', '110.493367', '38.021597', '2019-11-24 12:59:28', '0');
INSERT INTO `city_area` VALUES ('3102', '610829', '吴堡县', '303', '610800', '榆林市', '110.739315', '37.451925', '2019-11-24 12:59:28', '0');
INSERT INTO `city_area` VALUES ('3103', '610830', '清涧县', '303', '610800', '榆林市', '110.12146', '37.087702', '2019-11-24 12:59:28', '0');
INSERT INTO `city_area` VALUES ('3104', '610831', '子洲县', '303', '610800', '榆林市', '110.03457', '37.611573', '2019-11-24 12:59:28', '0');
INSERT INTO `city_area` VALUES ('3105', '610881', '神木市', '303', '610800', '榆林市', '110.497005', '38.835641', '2019-11-24 12:59:28', '0');
INSERT INTO `city_area` VALUES ('331', '610900', '安康市', '202', '610000', '陕西省', '109.029273', '32.6903', '2019-11-24 12:59:28', '0');
INSERT INTO `city_area` VALUES ('3106', '610902', '汉滨区', '303', '610900', '安康市', '109.029098', '32.690817', '2019-11-24 12:59:28', '0');
INSERT INTO `city_area` VALUES ('3107', '610921', '汉阴县', '303', '610900', '安康市', '108.510946', '32.891121', '2019-11-24 12:59:28', '0');
INSERT INTO `city_area` VALUES ('3108', '610922', '石泉县', '303', '610900', '安康市', '108.250512', '33.038512', '2019-11-24 12:59:28', '0');
INSERT INTO `city_area` VALUES ('3109', '610923', '宁陕县', '303', '610900', '安康市', '108.313714', '33.312184', '2019-11-24 12:59:28', '0');
INSERT INTO `city_area` VALUES ('3110', '610924', '紫阳县', '303', '610900', '安康市', '108.537788', '32.520176', '2019-11-24 12:59:28', '0');
INSERT INTO `city_area` VALUES ('3111', '610925', '岚皋县', '303', '610900', '安康市', '108.900663', '32.31069', '2019-11-24 12:59:28', '0');
INSERT INTO `city_area` VALUES ('3112', '610926', '平利县', '303', '610900', '安康市', '109.361865', '32.387933', '2019-11-24 12:59:28', '0');
INSERT INTO `city_area` VALUES ('3113', '610927', '镇坪县', '303', '610900', '安康市', '109.526437', '31.883395', '2019-11-24 12:59:28', '0');
INSERT INTO `city_area` VALUES ('3114', '610928', '旬阳县', '303', '610900', '安康市', '109.368149', '32.833567', '2019-11-24 12:59:28', '0');
INSERT INTO `city_area` VALUES ('3115', '610929', '白河县', '303', '610900', '安康市', '110.114186', '32.809484', '2019-11-24 12:59:28', '0');
INSERT INTO `city_area` VALUES ('332', '611000', '商洛市', '202', '610000', '陕西省', '109.939776', '33.868319', '2019-11-24 12:59:28', '0');
INSERT INTO `city_area` VALUES ('3116', '611002', '商州区', '303', '611000', '商洛市', '109.937685', '33.869208', '2019-11-24 12:59:28', '0');
INSERT INTO `city_area` VALUES ('3117', '611021', '洛南县', '303', '611000', '商洛市', '110.145716', '34.088502', '2019-11-24 12:59:28', '0');
INSERT INTO `city_area` VALUES ('3118', '611022', '丹凤县', '303', '611000', '商洛市', '110.33191', '33.694711', '2019-11-24 12:59:28', '0');
INSERT INTO `city_area` VALUES ('3119', '611023', '商南县', '303', '611000', '商洛市', '110.885437', '33.526367', '2019-11-24 12:59:28', '0');
INSERT INTO `city_area` VALUES ('3120', '611024', '山阳县', '303', '611000', '商洛市', '109.880435', '33.530411', '2019-11-24 12:59:28', '0');
INSERT INTO `city_area` VALUES ('3121', '611025', '镇安县', '303', '611000', '商洛市', '109.151075', '33.423981', '2019-11-24 12:59:28', '0');
INSERT INTO `city_area` VALUES ('3122', '611026', '柞水县', '303', '611000', '商洛市', '109.111249', '33.682773', '2019-11-24 12:59:28', '0');
INSERT INTO `city_area` VALUES ('28', '620000', '甘肃省', '101', '0', '中国', '103.823557', '36.058039', '2019-11-24 12:59:28', '0');
INSERT INTO `city_area` VALUES ('333', '620100', '兰州市', '202', '620000', '甘肃省', '103.823557', '36.058039', '2019-11-24 12:59:28', '0');
INSERT INTO `city_area` VALUES ('3123', '620102', '城关区', '303', '620100', '兰州市', '103.841032', '36.049115', '2019-11-24 12:59:28', '0');
INSERT INTO `city_area` VALUES ('3124', '620103', '七里河区', '303', '620100', '兰州市', '103.784326', '36.06673', '2019-11-24 12:59:28', '0');
INSERT INTO `city_area` VALUES ('3125', '620104', '西固区', '303', '620100', '兰州市', '103.622331', '36.100369', '2019-11-24 12:59:28', '0');
INSERT INTO `city_area` VALUES ('3126', '620105', '安宁区', '303', '620100', '兰州市', '103.724038', '36.10329', '2019-11-24 12:59:28', '0');
INSERT INTO `city_area` VALUES ('3127', '620111', '红古区', '303', '620100', '兰州市', '102.861814', '36.344177', '2019-11-24 12:59:28', '0');
INSERT INTO `city_area` VALUES ('3128', '620121', '永登县', '303', '620100', '兰州市', '103.262203', '36.734428', '2019-11-24 12:59:28', '0');
INSERT INTO `city_area` VALUES ('3129', '620122', '皋兰县', '303', '620100', '兰州市', '103.94933', '36.331254', '2019-11-24 12:59:28', '0');
INSERT INTO `city_area` VALUES ('3130', '620123', '榆中县', '303', '620100', '兰州市', '104.114975', '35.84443', '2019-11-24 12:59:28', '0');
INSERT INTO `city_area` VALUES ('3131', '620171', '兰州新区', '303', '620100', '兰州市', '', '', '2019-11-24 12:59:28', '0');
INSERT INTO `city_area` VALUES ('334', '620200', '嘉峪关市', '202', '620000', '甘肃省', '98.255', '39.8552', '2019-11-24 12:59:28', '0');
INSERT INTO `city_area` VALUES ('3132', '620201', '嘉峪关市', '303', '620200', '嘉峪关市', '', '', '2019-11-24 12:59:28', '0');
INSERT INTO `city_area` VALUES ('335', '620300', '金昌市', '202', '620000', '甘肃省', '102.187888', '38.514238', '2019-11-24 12:59:28', '0');
INSERT INTO `city_area` VALUES ('3133', '620302', '金川区', '303', '620300', '金昌市', '102.187683', '38.513793', '2019-11-24 12:59:28', '0');
INSERT INTO `city_area` VALUES ('3134', '620321', '永昌县', '303', '620300', '金昌市', '101.971957', '38.247354', '2019-11-24 12:59:28', '0');
INSERT INTO `city_area` VALUES ('336', '620400', '白银市', '202', '620000', '甘肃省', '104.173606', '36.54568', '2019-11-24 12:59:28', '0');
INSERT INTO `city_area` VALUES ('3135', '620402', '白银区', '303', '620400', '白银市', '104.17425', '36.545649', '2019-11-24 12:59:28', '0');
INSERT INTO `city_area` VALUES ('3136', '620403', '平川区', '303', '620400', '白银市', '104.819207', '36.72921', '2019-11-24 12:59:28', '0');
INSERT INTO `city_area` VALUES ('3137', '620421', '靖远县', '303', '620400', '白银市', '104.686972', '36.561424', '2019-11-24 12:59:28', '0');
INSERT INTO `city_area` VALUES ('3138', '620422', '会宁县', '303', '620400', '白银市', '105.054337', '35.692486', '2019-11-24 12:59:28', '0');
INSERT INTO `city_area` VALUES ('3139', '620423', '景泰县', '303', '620400', '白银市', '104.066394', '37.193519', '2019-11-24 12:59:28', '0');
INSERT INTO `city_area` VALUES ('337', '620500', '天水市', '202', '620000', '甘肃省', '105.724998', '34.578529', '2019-11-24 12:59:28', '0');
INSERT INTO `city_area` VALUES ('3140', '620502', '秦州区', '303', '620500', '天水市', '105.724477', '34.578645', '2019-11-24 12:59:28', '0');
INSERT INTO `city_area` VALUES ('3141', '620503', '麦积区', '303', '620500', '天水市', '105.897631', '34.563504', '2019-11-24 12:59:28', '0');
INSERT INTO `city_area` VALUES ('3142', '620521', '清水县', '303', '620500', '天水市', '106.139878', '34.75287', '2019-11-24 12:59:28', '0');
INSERT INTO `city_area` VALUES ('3143', '620522', '秦安县', '303', '620500', '天水市', '105.6733', '34.862354', '2019-11-24 12:59:28', '0');
INSERT INTO `city_area` VALUES ('3144', '620523', '甘谷县', '303', '620500', '天水市', '105.332347', '34.747327', '2019-11-24 12:59:28', '0');
INSERT INTO `city_area` VALUES ('3145', '620524', '武山县', '303', '620500', '天水市', '104.891696', '34.721955', '2019-11-24 12:59:28', '0');
INSERT INTO `city_area` VALUES ('3146', '620525', '张家川回族自治县', '303', '620500', '天水市', '106.212416', '34.993237', '2019-11-24 12:59:28', '0');
INSERT INTO `city_area` VALUES ('338', '620600', '武威市', '202', '620000', '甘肃省', '102.634697', '37.929996', '2019-11-24 12:59:28', '0');
INSERT INTO `city_area` VALUES ('3147', '620602', '凉州区', '303', '620600', '武威市', '102.634492', '37.93025', '2019-11-24 12:59:28', '0');
INSERT INTO `city_area` VALUES ('3148', '620621', '民勤县', '303', '620600', '武威市', '103.090654', '38.624621', '2019-11-24 12:59:28', '0');
INSERT INTO `city_area` VALUES ('3149', '620622', '古浪县', '303', '620600', '武威市', '102.898047', '37.470571', '2019-11-24 12:59:28', '0');
INSERT INTO `city_area` VALUES ('3150', '620623', '天祝藏族自治县', '303', '620600', '武威市', '103.142034', '36.971678', '2019-11-24 12:59:28', '0');
INSERT INTO `city_area` VALUES ('339', '620700', '张掖市', '202', '620000', '甘肃省', '100.455472', '38.932897', '2019-11-24 12:59:28', '0');
INSERT INTO `city_area` VALUES ('3151', '620702', '甘州区', '303', '620700', '张掖市', '100.454862', '38.931774', '2019-11-24 12:59:28', '0');
INSERT INTO `city_area` VALUES ('3152', '620721', '肃南裕固族自治县', '303', '620700', '张掖市', '99.617086', '38.837269', '2019-11-24 12:59:28', '0');
INSERT INTO `city_area` VALUES ('3153', '620722', '民乐县', '303', '620700', '张掖市', '100.816623', '38.434454', '2019-11-24 12:59:28', '0');
INSERT INTO `city_area` VALUES ('3154', '620723', '临泽县', '303', '620700', '张掖市', '100.166333', '39.152151', '2019-11-24 12:59:28', '0');
INSERT INTO `city_area` VALUES ('3155', '620724', '高台县', '303', '620700', '张掖市', '99.81665', '39.376308', '2019-11-24 12:59:28', '0');
INSERT INTO `city_area` VALUES ('3156', '620725', '山丹县', '303', '620700', '张掖市', '101.088442', '38.784839', '2019-11-24 12:59:28', '0');
INSERT INTO `city_area` VALUES ('340', '620800', '平凉市', '202', '620000', '甘肃省', '106.684691', '35.54279', '2019-11-24 12:59:28', '0');
INSERT INTO `city_area` VALUES ('3157', '620802', '崆峒区', '303', '620800', '平凉市', '106.684223', '35.54173', '2019-11-24 12:59:28', '0');
INSERT INTO `city_area` VALUES ('3158', '620821', '泾川县', '303', '620800', '平凉市', '107.365218', '35.335283', '2019-11-24 12:59:28', '0');
INSERT INTO `city_area` VALUES ('3159', '620822', '灵台县', '303', '620800', '平凉市', '107.620587', '35.064009', '2019-11-24 12:59:28', '0');
INSERT INTO `city_area` VALUES ('3160', '620823', '崇信县', '303', '620800', '平凉市', '107.031253', '35.304533', '2019-11-24 12:59:28', '0');
INSERT INTO `city_area` VALUES ('3161', '620824', '华亭县', '303', '620800', '平凉市', '106.649308', '35.215342', '2019-11-24 12:59:28', '0');
INSERT INTO `city_area` VALUES ('3162', '620825', '庄浪县', '303', '620800', '平凉市', '106.041979', '35.203428', '2019-11-24 12:59:28', '0');
INSERT INTO `city_area` VALUES ('3163', '620826', '静宁县', '303', '620800', '平凉市', '105.733489', '35.525243', '2019-11-24 12:59:28', '0');
INSERT INTO `city_area` VALUES ('3164', '620871', '平凉工业园区', '303', '620800', '平凉市', '', '', '2019-11-24 12:59:28', '0');
INSERT INTO `city_area` VALUES ('341', '620900', '酒泉市', '202', '620000', '甘肃省', '98.510795', '39.744023', '2019-11-24 12:59:28', '0');
INSERT INTO `city_area` VALUES ('3165', '620902', '肃州区', '303', '620900', '酒泉市', '98.511155', '39.743858', '2019-11-24 12:59:28', '0');
INSERT INTO `city_area` VALUES ('3166', '620921', '金塔县', '303', '620900', '酒泉市', '98.902959', '39.983036', '2019-11-24 12:59:28', '0');
INSERT INTO `city_area` VALUES ('3167', '620922', '瓜州县', '303', '620900', '酒泉市', '95.780591', '40.516525', '2019-11-24 12:59:28', '0');
INSERT INTO `city_area` VALUES ('3168', '620923', '肃北蒙古族自治县', '303', '620900', '酒泉市', '94.87728', '39.51224', '2019-11-24 12:59:28', '0');
INSERT INTO `city_area` VALUES ('3169', '620924', '阿克塞哈萨克族自治县', '303', '620900', '酒泉市', '94.337642', '39.631642', '2019-11-24 12:59:28', '0');
INSERT INTO `city_area` VALUES ('3170', '620981', '玉门市', '303', '620900', '酒泉市', '97.037206', '40.28682', '2019-11-24 12:59:28', '0');
INSERT INTO `city_area` VALUES ('3171', '620982', '敦煌市', '303', '620900', '酒泉市', '94.664279', '40.141119', '2019-11-24 12:59:28', '0');
INSERT INTO `city_area` VALUES ('342', '621000', '庆阳市', '202', '620000', '甘肃省', '107.638372', '35.734218', '2019-11-24 12:59:28', '0');
INSERT INTO `city_area` VALUES ('3172', '621002', '西峰区', '303', '621000', '庆阳市', '107.638824', '35.733713', '2019-11-24 12:59:28', '0');
INSERT INTO `city_area` VALUES ('3173', '621021', '庆城县', '303', '621000', '庆阳市', '107.885664', '36.013504', '2019-11-24 12:59:28', '0');
INSERT INTO `city_area` VALUES ('3174', '621022', '环县', '303', '621000', '庆阳市', '107.308754', '36.569322', '2019-11-24 12:59:28', '0');
INSERT INTO `city_area` VALUES ('3175', '621023', '华池县', '303', '621000', '庆阳市', '107.986288', '36.457304', '2019-11-24 12:59:28', '0');
INSERT INTO `city_area` VALUES ('3176', '621024', '合水县', '303', '621000', '庆阳市', '108.019865', '35.819005', '2019-11-24 12:59:28', '0');
INSERT INTO `city_area` VALUES ('3177', '621025', '正宁县', '303', '621000', '庆阳市', '108.361068', '35.490642', '2019-11-24 12:59:28', '0');
INSERT INTO `city_area` VALUES ('3178', '621026', '宁县', '303', '621000', '庆阳市', '107.921182', '35.50201', '2019-11-24 12:59:28', '0');
INSERT INTO `city_area` VALUES ('3179', '621027', '镇原县', '303', '621000', '庆阳市', '107.195706', '35.677806', '2019-11-24 12:59:28', '0');
INSERT INTO `city_area` VALUES ('343', '621100', '定西市', '202', '620000', '甘肃省', '104.626294', '35.579578', '2019-11-24 12:59:28', '0');
INSERT INTO `city_area` VALUES ('3180', '621102', '安定区', '303', '621100', '定西市', '104.62577', '35.579764', '2019-11-24 12:59:28', '0');
INSERT INTO `city_area` VALUES ('3181', '621121', '通渭县', '303', '621100', '定西市', '105.250102', '35.208922', '2019-11-24 12:59:28', '0');
INSERT INTO `city_area` VALUES ('3182', '621122', '陇西县', '303', '621100', '定西市', '104.637554', '35.003409', '2019-11-24 12:59:28', '0');
INSERT INTO `city_area` VALUES ('3183', '621123', '渭源县', '303', '621100', '定西市', '104.211742', '35.133023', '2019-11-24 12:59:28', '0');
INSERT INTO `city_area` VALUES ('3184', '621124', '临洮县', '303', '621100', '定西市', '103.862186', '35.376233', '2019-11-24 12:59:28', '0');
INSERT INTO `city_area` VALUES ('3185', '621125', '漳县', '303', '621100', '定西市', '104.466756', '34.848642', '2019-11-24 12:59:28', '0');
INSERT INTO `city_area` VALUES ('3186', '621126', '岷县', '303', '621100', '定西市', '104.039882', '34.439105', '2019-11-24 12:59:28', '0');
INSERT INTO `city_area` VALUES ('344', '621200', '陇南市', '202', '620000', '甘肃省', '104.929379', '33.388598', '2019-11-24 12:59:28', '0');
INSERT INTO `city_area` VALUES ('3187', '621202', '武都区', '303', '621200', '陇南市', '104.929866', '33.388155', '2019-11-24 12:59:28', '0');
INSERT INTO `city_area` VALUES ('3188', '621221', '成县', '303', '621200', '陇南市', '105.734434', '33.739863', '2019-11-24 12:59:28', '0');
INSERT INTO `city_area` VALUES ('3189', '621222', '文县', '303', '621200', '陇南市', '104.682448', '32.942171', '2019-11-24 12:59:28', '0');
INSERT INTO `city_area` VALUES ('3190', '621223', '宕昌县', '303', '621200', '陇南市', '104.394475', '34.042655', '2019-11-24 12:59:28', '0');
INSERT INTO `city_area` VALUES ('3191', '621224', '康县', '303', '621200', '陇南市', '105.609534', '33.328266', '2019-11-24 12:59:28', '0');
INSERT INTO `city_area` VALUES ('3192', '621225', '西和县', '303', '621200', '陇南市', '105.299737', '34.013718', '2019-11-24 12:59:28', '0');
INSERT INTO `city_area` VALUES ('3193', '621226', '礼县', '303', '621200', '陇南市', '105.181616', '34.189387', '2019-11-24 12:59:28', '0');
INSERT INTO `city_area` VALUES ('3194', '621227', '徽县', '303', '621200', '陇南市', '106.085632', '33.767785', '2019-11-24 12:59:28', '0');
INSERT INTO `city_area` VALUES ('3195', '621228', '两当县', '303', '621200', '陇南市', '106.306959', '33.910729', '2019-11-24 12:59:28', '0');
INSERT INTO `city_area` VALUES ('345', '622900', '临夏回族自治州', '202', '620000', '甘肃省', '103.212006', '35.599446', '2019-11-24 12:59:28', '0');
INSERT INTO `city_area` VALUES ('3196', '622901', '临夏市', '303', '622900', '临夏回族自治州', '103.211634', '35.59941', '2019-11-24 12:59:28', '0');
INSERT INTO `city_area` VALUES ('3197', '622921', '临夏县', '303', '622900', '临夏回族自治州', '102.993873', '35.49236', '2019-11-24 12:59:28', '0');
INSERT INTO `city_area` VALUES ('3198', '622922', '康乐县', '303', '622900', '临夏回族自治州', '103.709852', '35.371906', '2019-11-24 12:59:28', '0');
INSERT INTO `city_area` VALUES ('3199', '622923', '永靖县', '303', '622900', '临夏回族自治州', '103.319871', '35.938933', '2019-11-24 12:59:28', '0');
INSERT INTO `city_area` VALUES ('3200', '622924', '广河县', '303', '622900', '临夏回族自治州', '103.576188', '35.481688', '2019-11-24 12:59:28', '0');
INSERT INTO `city_area` VALUES ('3201', '622925', '和政县', '303', '622900', '临夏回族自治州', '103.350357', '35.425971', '2019-11-24 12:59:28', '0');
INSERT INTO `city_area` VALUES ('3202', '622926', '东乡族自治县', '303', '622900', '临夏回族自治州', '103.389568', '35.66383', '2019-11-24 12:59:28', '0');
INSERT INTO `city_area` VALUES ('3203', '622927', '积石山保安族东乡族撒拉族自治县', '303', '622900', '临夏回族自治州', '102.877473', '35.712906', '2019-11-24 12:59:28', '0');
INSERT INTO `city_area` VALUES ('346', '623000', '甘南藏族自治州', '202', '620000', '甘肃省', '102.911008', '34.986354', '2019-11-24 12:59:28', '0');
INSERT INTO `city_area` VALUES ('3204', '623001', '合作市', '303', '623000', '甘南藏族自治州', '102.91149', '34.985973', '2019-11-24 12:59:28', '0');
INSERT INTO `city_area` VALUES ('3205', '623021', '临潭县', '303', '623000', '甘南藏族自治州', '103.353054', '34.69164', '2019-11-24 12:59:28', '0');
INSERT INTO `city_area` VALUES ('3206', '623022', '卓尼县', '303', '623000', '甘南藏族自治州', '103.508508', '34.588165', '2019-11-24 12:59:28', '0');
INSERT INTO `city_area` VALUES ('3207', '623023', '舟曲县', '303', '623000', '甘南藏族自治州', '104.370271', '33.782964', '2019-11-24 12:59:28', '0');
INSERT INTO `city_area` VALUES ('3208', '623024', '迭部县', '303', '623000', '甘南藏族自治州', '103.221009', '34.055348', '2019-11-24 12:59:28', '0');
INSERT INTO `city_area` VALUES ('3209', '623025', '玛曲县', '303', '623000', '甘南藏族自治州', '102.075767', '33.998068', '2019-11-24 12:59:28', '0');
INSERT INTO `city_area` VALUES ('3210', '623026', '碌曲县', '303', '623000', '甘南藏族自治州', '102.488495', '34.589591', '2019-11-24 12:59:28', '0');
INSERT INTO `city_area` VALUES ('3211', '623027', '夏河县', '303', '623000', '甘南藏族自治州', '102.520743', '35.200853', '2019-11-24 12:59:28', '0');
INSERT INTO `city_area` VALUES ('29', '630000', '青海省', '101', '0', '中国', '101.778916', '36.623178', '2019-11-24 12:59:28', '0');
INSERT INTO `city_area` VALUES ('347', '630100', '西宁市', '202', '630000', '青海省', '101.778916', '36.623178', '2019-11-24 12:59:28', '0');
INSERT INTO `city_area` VALUES ('3212', '630102', '城东区', '303', '630100', '西宁市', '101.796095', '36.616043', '2019-11-24 12:59:28', '0');
INSERT INTO `city_area` VALUES ('3213', '630103', '城中区', '303', '630100', '西宁市', '101.784554', '36.621181', '2019-11-24 12:59:28', '0');
INSERT INTO `city_area` VALUES ('3214', '630104', '城西区', '303', '630100', '西宁市', '101.763649', '36.628323', '2019-11-24 12:59:28', '0');
INSERT INTO `city_area` VALUES ('3215', '630105', '城北区', '303', '630100', '西宁市', '101.761297', '36.648448', '2019-11-24 12:59:28', '0');
INSERT INTO `city_area` VALUES ('3216', '630121', '大通回族土族自治县', '303', '630100', '西宁市', '101.684183', '36.931343', '2019-11-24 12:59:28', '0');
INSERT INTO `city_area` VALUES ('3217', '630122', '湟中县', '303', '630100', '西宁市', '101.569475', '36.500419', '2019-11-24 12:59:28', '0');
INSERT INTO `city_area` VALUES ('3218', '630123', '湟源县', '303', '630100', '西宁市', '101.263435', '36.684818', '2019-11-24 12:59:28', '0');
INSERT INTO `city_area` VALUES ('348', '630200', '海东市', '202', '630000', '青海省', '102.10327', '36.502916', '2019-11-24 12:59:28', '0');
INSERT INTO `city_area` VALUES ('3219', '630202', '乐都区', '303', '630200', '海东市', '102.402431', '36.480291', '2019-11-24 12:59:28', '0');
INSERT INTO `city_area` VALUES ('3220', '630203', '平安区', '303', '630200', '海东市', '102.104295', '36.502714', '2019-11-24 12:59:28', '0');
INSERT INTO `city_area` VALUES ('3221', '630222', '民和回族土族自治县', '303', '630200', '海东市', '102.804209', '36.329451', '2019-11-24 12:59:28', '0');
INSERT INTO `city_area` VALUES ('3222', '630223', '互助土族自治县', '303', '630200', '海东市', '101.956734', '36.83994', '2019-11-24 12:59:28', '0');
INSERT INTO `city_area` VALUES ('3223', '630224', '化隆回族自治县', '303', '630200', '海东市', '102.262329', '36.098322', '2019-11-24 12:59:28', '0');
INSERT INTO `city_area` VALUES ('3224', '630225', '循化撒拉族自治县', '303', '630200', '海东市', '102.486534', '35.847247', '2019-11-24 12:59:28', '0');
INSERT INTO `city_area` VALUES ('349', '632200', '海北藏族自治州', '202', '630000', '青海省', '100.901059', '36.959435', '2019-11-24 12:59:28', '0');
INSERT INTO `city_area` VALUES ('3225', '632221', '门源回族自治县', '303', '632200', '海北藏族自治州', '101.618461', '37.376627', '2019-11-24 12:59:28', '0');
INSERT INTO `city_area` VALUES ('3226', '632222', '祁连县', '303', '632200', '海北藏族自治州', '100.249778', '38.175409', '2019-11-24 12:59:28', '0');
INSERT INTO `city_area` VALUES ('3227', '632223', '海晏县', '303', '632200', '海北藏族自治州', '100.90049', '36.959542', '2019-11-24 12:59:28', '0');
INSERT INTO `city_area` VALUES ('3228', '632224', '刚察县', '303', '632200', '海北藏族自治州', '100.138417', '37.326263', '2019-11-24 12:59:28', '0');
INSERT INTO `city_area` VALUES ('350', '632300', '黄南藏族自治州', '202', '630000', '青海省', '102.019988', '35.517744', '2019-11-24 12:59:28', '0');
INSERT INTO `city_area` VALUES ('3229', '632321', '同仁县', '303', '632300', '黄南藏族自治州', '102.017604', '35.516337', '2019-11-24 12:59:28', '0');
INSERT INTO `city_area` VALUES ('3230', '632322', '尖扎县', '303', '632300', '黄南藏族自治州', '102.031953', '35.938205', '2019-11-24 12:59:28', '0');
INSERT INTO `city_area` VALUES ('3231', '632323', '泽库县', '303', '632300', '黄南藏族自治州', '101.469343', '35.036842', '2019-11-24 12:59:28', '0');
INSERT INTO `city_area` VALUES ('3232', '632324', '河南蒙古族自治县', '303', '632300', '黄南藏族自治州', '101.611877', '34.734522', '2019-11-24 12:59:28', '0');
INSERT INTO `city_area` VALUES ('351', '632500', '海南藏族自治州', '202', '630000', '青海省', '100.619542', '36.280353', '2019-11-24 12:59:28', '0');
INSERT INTO `city_area` VALUES ('3233', '632521', '共和县', '303', '632500', '海南藏族自治州', '100.619597', '36.280286', '2019-11-24 12:59:28', '0');
INSERT INTO `city_area` VALUES ('3234', '632522', '同德县', '303', '632500', '海南藏族自治州', '100.579465', '35.254492', '2019-11-24 12:59:28', '0');
INSERT INTO `city_area` VALUES ('3235', '632523', '贵德县', '303', '632500', '海南藏族自治州', '101.431856', '36.040456', '2019-11-24 12:59:28', '0');
INSERT INTO `city_area` VALUES ('3236', '632524', '兴海县', '303', '632500', '海南藏族自治州', '99.986963', '35.58909', '2019-11-24 12:59:28', '0');
INSERT INTO `city_area` VALUES ('3237', '632525', '贵南县', '303', '632500', '海南藏族自治州', '100.74792', '35.587085', '2019-11-24 12:59:28', '0');
INSERT INTO `city_area` VALUES ('352', '632600', '果洛藏族自治州', '202', '630000', '青海省', '100.242143', '34.4736', '2019-11-24 12:59:28', '0');
INSERT INTO `city_area` VALUES ('3238', '632621', '玛沁县', '303', '632600', '果洛藏族自治州', '100.243531', '34.473386', '2019-11-24 12:59:28', '0');
INSERT INTO `city_area` VALUES ('3239', '632622', '班玛县', '303', '632600', '果洛藏族自治州', '100.737955', '32.931589', '2019-11-24 12:59:28', '0');
INSERT INTO `city_area` VALUES ('3240', '632623', '甘德县', '303', '632600', '果洛藏族自治州', '99.902589', '33.966987', '2019-11-24 12:59:28', '0');
INSERT INTO `city_area` VALUES ('3241', '632624', '达日县', '303', '632600', '果洛藏族自治州', '99.651715', '33.753259', '2019-11-24 12:59:28', '0');
INSERT INTO `city_area` VALUES ('3242', '632625', '久治县', '303', '632600', '果洛藏族自治州', '101.484884', '33.430217', '2019-11-24 12:59:28', '0');
INSERT INTO `city_area` VALUES ('3243', '632626', '玛多县', '303', '632600', '果洛藏族自治州', '98.211343', '34.91528', '2019-11-24 12:59:28', '0');
INSERT INTO `city_area` VALUES ('353', '632700', '玉树藏族自治州', '202', '630000', '青海省', '97.008522', '33.004049', '2019-11-24 12:59:28', '0');
INSERT INTO `city_area` VALUES ('3244', '632701', '玉树市', '303', '632700', '玉树藏族自治州', '97.008762', '33.00393', '2019-11-24 12:59:28', '0');
INSERT INTO `city_area` VALUES ('3245', '632722', '杂多县', '303', '632700', '玉树藏族自治州', '95.293423', '32.891886', '2019-11-24 12:59:28', '0');
INSERT INTO `city_area` VALUES ('3246', '632723', '称多县', '303', '632700', '玉树藏族自治州', '97.110893', '33.367884', '2019-11-24 12:59:28', '0');
INSERT INTO `city_area` VALUES ('3247', '632724', '治多县', '303', '632700', '玉树藏族自治州', '95.616843', '33.852322', '2019-11-24 12:59:28', '0');
INSERT INTO `city_area` VALUES ('3248', '632725', '囊谦县', '303', '632700', '玉树藏族自治州', '96.479797', '32.203206', '2019-11-24 12:59:28', '0');
INSERT INTO `city_area` VALUES ('3249', '632726', '曲麻莱县', '303', '632700', '玉树藏族自治州', '95.800674', '34.12654', '2019-11-24 12:59:28', '0');
INSERT INTO `city_area` VALUES ('354', '632800', '海西蒙古族藏族自治州', '202', '630000', '青海省', '97.370785', '37.374663', '2019-11-24 12:59:28', '0');
INSERT INTO `city_area` VALUES ('3250', '632801', '格尔木市', '303', '632800', '海西蒙古族藏族自治州', '94.905777', '36.401541', '2019-11-24 12:59:28', '0');
INSERT INTO `city_area` VALUES ('3251', '632802', '德令哈市', '303', '632800', '海西蒙古族藏族自治州', '97.370143', '37.374555', '2019-11-24 12:59:28', '0');
INSERT INTO `city_area` VALUES ('3252', '632821', '乌兰县', '303', '632800', '海西蒙古族藏族自治州', '98.479852', '36.930389', '2019-11-24 12:59:28', '0');
INSERT INTO `city_area` VALUES ('3253', '632822', '都兰县', '303', '632800', '海西蒙古族藏族自治州', '98.089161', '36.298553', '2019-11-24 12:59:28', '0');
INSERT INTO `city_area` VALUES ('3254', '632823', '天峻县', '303', '632800', '海西蒙古族藏族自治州', '99.02078', '37.29906', '2019-11-24 12:59:28', '0');
INSERT INTO `city_area` VALUES ('3255', '632857', '大柴旦行政委员会', '303', '632800', '海西蒙古族藏族自治州', '', '', '2019-11-24 12:59:28', '0');
INSERT INTO `city_area` VALUES ('3256', '632858', '冷湖行政委员会', '303', '632800', '海西蒙古族藏族自治州', '', '', '2019-11-24 12:59:28', '0');
INSERT INTO `city_area` VALUES ('3257', '632859', '茫崖行政委员会', '303', '632800', '海西蒙古族藏族自治州', '', '', '2019-11-24 12:59:28', '0');
INSERT INTO `city_area` VALUES ('30', '640000', '宁夏回族自治区', '101', '0', '中国', '106.278179', '38.46637', '2019-11-24 12:59:28', '0');
INSERT INTO `city_area` VALUES ('355', '640100', '银川市', '202', '640000', '宁夏回族自治区', '106.278179', '38.46637', '2019-11-24 12:59:28', '0');
INSERT INTO `city_area` VALUES ('3258', '640104', '兴庆区', '303', '640100', '银川市', '106.278393', '38.46747', '2019-11-24 12:59:28', '0');
INSERT INTO `city_area` VALUES ('3259', '640105', '西夏区', '303', '640100', '银川市', '106.132116', '38.492424', '2019-11-24 12:59:28', '0');
INSERT INTO `city_area` VALUES ('3260', '640106', '金凤区', '303', '640100', '银川市', '106.228486', '38.477353', '2019-11-24 12:59:28', '0');
INSERT INTO `city_area` VALUES ('3261', '640121', '永宁县', '303', '640100', '银川市', '106.253781', '38.28043', '2019-11-24 12:59:28', '0');
INSERT INTO `city_area` VALUES ('3262', '640122', '贺兰县', '303', '640100', '银川市', '106.345904', '38.554563', '2019-11-24 12:59:28', '0');
INSERT INTO `city_area` VALUES ('3263', '640181', '灵武市', '303', '640100', '银川市', '106.334701', '38.094058', '2019-11-24 12:59:28', '0');
INSERT INTO `city_area` VALUES ('356', '640200', '石嘴山市', '202', '640000', '宁夏回族自治区', '106.376173', '39.01333', '2019-11-24 12:59:28', '0');
INSERT INTO `city_area` VALUES ('3264', '640202', '大武口区', '303', '640200', '石嘴山市', '106.376651', '39.014158', '2019-11-24 12:59:28', '0');
INSERT INTO `city_area` VALUES ('3265', '640205', '惠农区', '303', '640200', '石嘴山市', '106.775513', '39.230094', '2019-11-24 12:59:28', '0');
INSERT INTO `city_area` VALUES ('3266', '640221', '平罗县', '303', '640200', '石嘴山市', '106.54489', '38.90674', '2019-11-24 12:59:28', '0');
INSERT INTO `city_area` VALUES ('357', '640300', '吴忠市', '202', '640000', '宁夏回族自治区', '106.199409', '37.986165', '2019-11-24 12:59:28', '0');
INSERT INTO `city_area` VALUES ('3267', '640302', '利通区', '303', '640300', '吴忠市', '106.199419', '37.985967', '2019-11-24 12:59:28', '0');
INSERT INTO `city_area` VALUES ('3268', '640303', '红寺堡区', '303', '640300', '吴忠市', '106.067315', '37.421616', '2019-11-24 12:59:28', '0');
INSERT INTO `city_area` VALUES ('3269', '640323', '盐池县', '303', '640300', '吴忠市', '107.40541', '37.784222', '2019-11-24 12:59:28', '0');
INSERT INTO `city_area` VALUES ('3270', '640324', '同心县', '303', '640300', '吴忠市', '105.914764', '36.9829', '2019-11-24 12:59:28', '0');
INSERT INTO `city_area` VALUES ('3271', '640381', '青铜峡市', '303', '640300', '吴忠市', '106.075395', '38.021509', '2019-11-24 12:59:28', '0');
INSERT INTO `city_area` VALUES ('358', '640400', '固原市', '202', '640000', '宁夏回族自治区', '106.285241', '36.004561', '2019-11-24 12:59:28', '0');
INSERT INTO `city_area` VALUES ('3272', '640402', '原州区', '303', '640400', '固原市', '106.28477', '36.005337', '2019-11-24 12:59:28', '0');
INSERT INTO `city_area` VALUES ('3273', '640422', '西吉县', '303', '640400', '固原市', '105.731801', '35.965384', '2019-11-24 12:59:28', '0');
INSERT INTO `city_area` VALUES ('3274', '640423', '隆德县', '303', '640400', '固原市', '106.12344', '35.618234', '2019-11-24 12:59:28', '0');
INSERT INTO `city_area` VALUES ('3275', '640424', '泾源县', '303', '640400', '固原市', '106.338674', '35.49344', '2019-11-24 12:59:28', '0');
INSERT INTO `city_area` VALUES ('3276', '640425', '彭阳县', '303', '640400', '固原市', '106.641512', '35.849975', '2019-11-24 12:59:28', '0');
INSERT INTO `city_area` VALUES ('359', '640500', '中卫市', '202', '640000', '宁夏回族自治区', '105.189568', '37.514951', '2019-11-24 12:59:28', '0');
INSERT INTO `city_area` VALUES ('3277', '640502', '沙坡头区', '303', '640500', '中卫市', '105.190536', '37.514564', '2019-11-24 12:59:28', '0');
INSERT INTO `city_area` VALUES ('3278', '640521', '中宁县', '303', '640500', '中卫市', '105.675784', '37.489736', '2019-11-24 12:59:28', '0');
INSERT INTO `city_area` VALUES ('3279', '640522', '海原县', '303', '640500', '中卫市', '105.647323', '36.562007', '2019-11-24 12:59:28', '0');
INSERT INTO `city_area` VALUES ('31', '650000', '新疆维吾尔自治区', '101', '0', '中国', '87.617733', '43.792818', '2019-11-24 12:59:28', '0');
INSERT INTO `city_area` VALUES ('360', '650100', '乌鲁木齐市', '202', '650000', '新疆维吾尔自治区', '87.617733', '43.792818', '2019-11-24 12:59:28', '0');
INSERT INTO `city_area` VALUES ('3280', '650102', '天山区', '303', '650100', '乌鲁木齐市', '87.620116', '43.796428', '2019-11-24 12:59:28', '0');
INSERT INTO `city_area` VALUES ('3281', '650103', '沙依巴克区', '303', '650100', '乌鲁木齐市', '87.596639', '43.788872', '2019-11-24 12:59:28', '0');
INSERT INTO `city_area` VALUES ('3282', '650104', '新市区', '303', '650100', '乌鲁木齐市', '87.560653', '43.870882', '2019-11-24 12:59:28', '0');
INSERT INTO `city_area` VALUES ('3283', '650105', '水磨沟区', '303', '650100', '乌鲁木齐市', '87.613093', '43.816747', '2019-11-24 12:59:28', '0');
INSERT INTO `city_area` VALUES ('3284', '650106', '头屯河区', '303', '650100', '乌鲁木齐市', '87.425823', '43.876053', '2019-11-24 12:59:28', '0');
INSERT INTO `city_area` VALUES ('3285', '650107', '达坂城区', '303', '650100', '乌鲁木齐市', '88.30994', '43.36181', '2019-11-24 12:59:28', '0');
INSERT INTO `city_area` VALUES ('3286', '650109', '米东区', '303', '650100', '乌鲁木齐市', '87.691801', '43.960982', '2019-11-24 12:59:28', '0');
INSERT INTO `city_area` VALUES ('3287', '650121', '乌鲁木齐县', '303', '650100', '乌鲁木齐市', '87.505603', '43.982546', '2019-11-24 12:59:28', '0');
INSERT INTO `city_area` VALUES ('3288', '650171', '乌鲁木齐经济技术开发区', '303', '650100', '乌鲁木齐市', '', '', '2019-11-24 12:59:28', '0');
INSERT INTO `city_area` VALUES ('3289', '650172', '乌鲁木齐高新技术产业开发区', '303', '650100', '乌鲁木齐市', '', '', '2019-11-24 12:59:28', '0');
INSERT INTO `city_area` VALUES ('361', '650200', '克拉玛依市', '202', '650000', '新疆维吾尔自治区', '84.873946', '45.595886', '2019-11-24 12:59:28', '0');
INSERT INTO `city_area` VALUES ('3290', '650202', '独山子区', '303', '650200', '克拉玛依市', '84.882267', '44.327207', '2019-11-24 12:59:28', '0');
INSERT INTO `city_area` VALUES ('3291', '650203', '克拉玛依区', '303', '650200', '克拉玛依市', '84.868918', '45.600477', '2019-11-24 12:59:28', '0');
INSERT INTO `city_area` VALUES ('3292', '650204', '白碱滩区', '303', '650200', '克拉玛依市', '85.129882', '45.689021', '2019-11-24 12:59:28', '0');
INSERT INTO `city_area` VALUES ('3293', '650205', '乌尔禾区', '303', '650200', '克拉玛依市', '85.697767', '46.08776', '2019-11-24 12:59:28', '0');
INSERT INTO `city_area` VALUES ('362', '650400', '吐鲁番市', '202', '650000', '新疆维吾尔自治区', '89.184078', '42.947613', '2019-11-24 12:59:28', '0');
INSERT INTO `city_area` VALUES ('3294', '650402', '高昌区', '303', '650400', '吐鲁番市', '89.182324', '42.947627', '2019-11-24 12:59:28', '0');
INSERT INTO `city_area` VALUES ('3295', '650421', '鄯善县', '303', '650400', '吐鲁番市', '90.212692', '42.865503', '2019-11-24 12:59:28', '0');
INSERT INTO `city_area` VALUES ('3296', '650422', '托克逊县', '303', '650400', '吐鲁番市', '88.655771', '42.793536', '2019-11-24 12:59:28', '0');
INSERT INTO `city_area` VALUES ('363', '650500', '哈密市', '202', '650000', '新疆维吾尔自治区', '93.51316', '42.833248', '2019-11-24 12:59:28', '0');
INSERT INTO `city_area` VALUES ('3297', '650502', '伊州区', '303', '650500', '哈密市', '93.509174', '42.833888', '2019-11-24 12:59:28', '0');
INSERT INTO `city_area` VALUES ('3298', '650521', '巴里坤哈萨克自治县', '303', '650500', '哈密市', '93.021795', '43.599032', '2019-11-24 12:59:28', '0');
INSERT INTO `city_area` VALUES ('3299', '650522', '伊吾县', '303', '650500', '哈密市', '94.692773', '43.252012', '2019-11-24 12:59:28', '0');
INSERT INTO `city_area` VALUES ('364', '652300', '昌吉回族自治州', '202', '650000', '新疆维吾尔自治区', '87.304012', '44.014577', '2019-11-24 12:59:28', '0');
INSERT INTO `city_area` VALUES ('3300', '652301', '昌吉市', '303', '652300', '昌吉回族自治州', '87.304112', '44.013183', '2019-11-24 12:59:28', '0');
INSERT INTO `city_area` VALUES ('3301', '652302', '阜康市', '303', '652300', '昌吉回族自治州', '87.98384', '44.152153', '2019-11-24 12:59:28', '0');
INSERT INTO `city_area` VALUES ('3302', '652323', '呼图壁县', '303', '652300', '昌吉回族自治州', '86.888613', '44.189342', '2019-11-24 12:59:28', '0');
INSERT INTO `city_area` VALUES ('3303', '652324', '玛纳斯县', '303', '652300', '昌吉回族自治州', '86.217687', '44.305625', '2019-11-24 12:59:28', '0');
INSERT INTO `city_area` VALUES ('3304', '652325', '奇台县', '303', '652300', '昌吉回族自治州', '89.591437', '44.021996', '2019-11-24 12:59:28', '0');
INSERT INTO `city_area` VALUES ('3305', '652327', '吉木萨尔县', '303', '652300', '昌吉回族自治州', '89.181288', '43.997162', '2019-11-24 12:59:28', '0');
INSERT INTO `city_area` VALUES ('3306', '652328', '木垒哈萨克自治县', '303', '652300', '昌吉回族自治州', '90.282833', '43.832442', '2019-11-24 12:59:28', '0');
INSERT INTO `city_area` VALUES ('365', '652700', '博尔塔拉蒙古自治州', '202', '650000', '新疆维吾尔自治区', '82.074778', '44.903258', '2019-11-24 12:59:28', '0');
INSERT INTO `city_area` VALUES ('3307', '652701', '博乐市', '303', '652700', '博尔塔拉蒙古自治州', '82.072237', '44.903087', '2019-11-24 12:59:28', '0');
INSERT INTO `city_area` VALUES ('3308', '652702', '阿拉山口市', '303', '652700', '博尔塔拉蒙古自治州', '82.569389', '45.16777', '2019-11-24 12:59:28', '0');
INSERT INTO `city_area` VALUES ('3309', '652722', '精河县', '303', '652700', '博尔塔拉蒙古自治州', '82.892938', '44.605645', '2019-11-24 12:59:28', '0');
INSERT INTO `city_area` VALUES ('3310', '652723', '温泉县', '303', '652700', '博尔塔拉蒙古自治州', '81.03099', '44.973751', '2019-11-24 12:59:28', '0');
INSERT INTO `city_area` VALUES ('366', '652800', '巴音郭楞蒙古自治州', '202', '650000', '新疆维吾尔自治区', '86.150969', '41.768552', '2019-11-24 12:59:28', '0');
INSERT INTO `city_area` VALUES ('3311', '652801', '库尔勒市', '303', '652800', '巴音郭楞蒙古自治州', '86.145948', '41.763122', '2019-11-24 12:59:28', '0');
INSERT INTO `city_area` VALUES ('3312', '652822', '轮台县', '303', '652800', '巴音郭楞蒙古自治州', '84.248542', '41.781266', '2019-11-24 12:59:28', '0');
INSERT INTO `city_area` VALUES ('3313', '652823', '尉犁县', '303', '652800', '巴音郭楞蒙古自治州', '86.263412', '41.337428', '2019-11-24 12:59:28', '0');
INSERT INTO `city_area` VALUES ('3314', '652824', '若羌县', '303', '652800', '巴音郭楞蒙古自治州', '88.168807', '39.023807', '2019-11-24 12:59:28', '0');
INSERT INTO `city_area` VALUES ('3315', '652825', '且末县', '303', '652800', '巴音郭楞蒙古自治州', '85.532629', '38.138562', '2019-11-24 12:59:28', '0');
INSERT INTO `city_area` VALUES ('3316', '652826', '焉耆回族自治县', '303', '652800', '巴音郭楞蒙古自治州', '86.5698', '42.064349', '2019-11-24 12:59:28', '0');
INSERT INTO `city_area` VALUES ('3317', '652827', '和静县', '303', '652800', '巴音郭楞蒙古自治州', '86.391067', '42.31716', '2019-11-24 12:59:28', '0');
INSERT INTO `city_area` VALUES ('3318', '652828', '和硕县', '303', '652800', '巴音郭楞蒙古自治州', '86.864947', '42.268863', '2019-11-24 12:59:28', '0');
INSERT INTO `city_area` VALUES ('3319', '652829', '博湖县', '303', '652800', '巴音郭楞蒙古自治州', '86.631576', '41.980166', '2019-11-24 12:59:28', '0');
INSERT INTO `city_area` VALUES ('3320', '652871', '库尔勒经济技术开发区', '303', '652800', '巴音郭楞蒙古自治州', '', '', '2019-11-24 12:59:28', '0');
INSERT INTO `city_area` VALUES ('367', '652900', '阿克苏地区', '202', '650000', '新疆维吾尔自治区', '80.265068', '41.170712', '2019-11-24 12:59:28', '0');
INSERT INTO `city_area` VALUES ('3321', '652901', '阿克苏市', '303', '652900', '阿克苏地区', '80.2629', '41.171272', '2019-11-24 12:59:28', '0');
INSERT INTO `city_area` VALUES ('3322', '652922', '温宿县', '303', '652900', '阿克苏地区', '80.243273', '41.272995', '2019-11-24 12:59:28', '0');
INSERT INTO `city_area` VALUES ('3323', '652923', '库车县', '303', '652900', '阿克苏地区', '82.96304', '41.717141', '2019-11-24 12:59:28', '0');
INSERT INTO `city_area` VALUES ('3324', '652924', '沙雅县', '303', '652900', '阿克苏地区', '82.78077', '41.226268', '2019-11-24 12:59:28', '0');
INSERT INTO `city_area` VALUES ('3325', '652925', '新和县', '303', '652900', '阿克苏地区', '82.610828', '41.551176', '2019-11-24 12:59:28', '0');
INSERT INTO `city_area` VALUES ('3326', '652926', '拜城县', '303', '652900', '阿克苏地区', '81.869881', '41.796101', '2019-11-24 12:59:28', '0');
INSERT INTO `city_area` VALUES ('3327', '652927', '乌什县', '303', '652900', '阿克苏地区', '79.230805', '41.21587', '2019-11-24 12:59:28', '0');
INSERT INTO `city_area` VALUES ('3328', '652928', '阿瓦提县', '303', '652900', '阿克苏地区', '80.378426', '40.638422', '2019-11-24 12:59:28', '0');
INSERT INTO `city_area` VALUES ('3329', '652929', '柯坪县', '303', '652900', '阿克苏地区', '79.04785', '40.50624', '2019-11-24 12:59:28', '0');
INSERT INTO `city_area` VALUES ('368', '653000', '克孜勒苏柯尔克孜自治州', '202', '650000', '新疆维吾尔自治区', '76.172825', '39.713431', '2019-11-24 12:59:28', '0');
INSERT INTO `city_area` VALUES ('3330', '653001', '阿图什市', '303', '653000', '克孜勒苏柯尔克孜自治州', '76.173939', '39.712898', '2019-11-24 12:59:28', '0');
INSERT INTO `city_area` VALUES ('3331', '653022', '阿克陶县', '303', '653000', '克孜勒苏柯尔克孜自治州', '75.945159', '39.147079', '2019-11-24 12:59:28', '0');
INSERT INTO `city_area` VALUES ('3332', '653023', '阿合奇县', '303', '653000', '克孜勒苏柯尔克孜自治州', '78.450164', '40.937567', '2019-11-24 12:59:28', '0');
INSERT INTO `city_area` VALUES ('3333', '653024', '乌恰县', '303', '653000', '克孜勒苏柯尔克孜自治州', '75.25969', '39.716633', '2019-11-24 12:59:28', '0');
INSERT INTO `city_area` VALUES ('369', '653100', '喀什地区', '202', '650000', '新疆维吾尔自治区', '75.989138', '39.467664', '2019-11-24 12:59:28', '0');
INSERT INTO `city_area` VALUES ('3334', '653101', '喀什市', '303', '653100', '喀什地区', '75.98838', '39.467861', '2019-11-24 12:59:28', '0');
INSERT INTO `city_area` VALUES ('3335', '653121', '疏附县', '303', '653100', '喀什地区', '75.863075', '39.378306', '2019-11-24 12:59:28', '0');
INSERT INTO `city_area` VALUES ('3336', '653122', '疏勒县', '303', '653100', '喀什地区', '76.053653', '39.399461', '2019-11-24 12:59:28', '0');
INSERT INTO `city_area` VALUES ('3337', '653123', '英吉沙县', '303', '653100', '喀什地区', '76.174292', '38.929839', '2019-11-24 12:59:28', '0');
INSERT INTO `city_area` VALUES ('3338', '653124', '泽普县', '303', '653100', '喀什地区', '77.273593', '38.191217', '2019-11-24 12:59:28', '0');
INSERT INTO `city_area` VALUES ('3339', '653125', '莎车县', '303', '653100', '喀什地区', '77.248884', '38.414499', '2019-11-24 12:59:28', '0');
INSERT INTO `city_area` VALUES ('3340', '653126', '叶城县', '303', '653100', '喀什地区', '77.420353', '37.884679', '2019-11-24 12:59:28', '0');
INSERT INTO `city_area` VALUES ('3341', '653127', '麦盖提县', '303', '653100', '喀什地区', '77.651538', '38.903384', '2019-11-24 12:59:28', '0');
INSERT INTO `city_area` VALUES ('3342', '653128', '岳普湖县', '303', '653100', '喀什地区', '76.7724', '39.235248', '2019-11-24 12:59:28', '0');
INSERT INTO `city_area` VALUES ('3343', '653129', '伽师县', '303', '653100', '喀什地区', '76.741982', '39.494325', '2019-11-24 12:59:28', '0');
INSERT INTO `city_area` VALUES ('3344', '653130', '巴楚县', '303', '653100', '喀什地区', '78.55041', '39.783479', '2019-11-24 12:59:28', '0');
INSERT INTO `city_area` VALUES ('3345', '653131', '塔什库尔干塔吉克自治县', '303', '653100', '喀什地区', '75.228068', '37.775437', '2019-11-24 12:59:28', '0');
INSERT INTO `city_area` VALUES ('370', '653200', '和田地区', '202', '650000', '新疆维吾尔自治区', '79.92533', '37.110687', '2019-11-24 12:59:28', '0');
INSERT INTO `city_area` VALUES ('3346', '653201', '和田市', '303', '653200', '和田地区', '79.927542', '37.108944', '2019-11-24 12:59:28', '0');
INSERT INTO `city_area` VALUES ('3347', '653221', '和田县', '303', '653200', '和田地区', '79.81907', '37.120031', '2019-11-24 12:59:28', '0');
INSERT INTO `city_area` VALUES ('3348', '653222', '墨玉县', '303', '653200', '和田地区', '79.736629', '37.271511', '2019-11-24 12:59:28', '0');
INSERT INTO `city_area` VALUES ('3349', '653223', '皮山县', '303', '653200', '和田地区', '78.282301', '37.616332', '2019-11-24 12:59:28', '0');
INSERT INTO `city_area` VALUES ('3350', '653224', '洛浦县', '303', '653200', '和田地区', '80.184038', '37.074377', '2019-11-24 12:59:28', '0');
INSERT INTO `city_area` VALUES ('3351', '653225', '策勒县', '303', '653200', '和田地区', '80.803572', '37.001672', '2019-11-24 12:59:28', '0');
INSERT INTO `city_area` VALUES ('3352', '653226', '于田县', '303', '653200', '和田地区', '81.667845', '36.854628', '2019-11-24 12:59:28', '0');
INSERT INTO `city_area` VALUES ('3353', '653227', '民丰县', '303', '653200', '和田地区', '82.692354', '37.064909', '2019-11-24 12:59:28', '0');
INSERT INTO `city_area` VALUES ('371', '654000', '伊犁哈萨克自治州', '202', '650000', '新疆维吾尔自治区', '81.317946', '43.92186', '2019-11-24 12:59:28', '0');
INSERT INTO `city_area` VALUES ('3354', '654002', '伊宁市', '303', '654000', '伊犁哈萨克自治州', '81.316343', '43.922209', '2019-11-24 12:59:28', '0');
INSERT INTO `city_area` VALUES ('3355', '654003', '奎屯市', '303', '654000', '伊犁哈萨克自治州', '84.901602', '44.423445', '2019-11-24 12:59:28', '0');
INSERT INTO `city_area` VALUES ('3356', '654004', '霍尔果斯市', '303', '654000', '伊犁哈萨克自治州', '80.420759', '44.201669', '2019-11-24 12:59:28', '0');
INSERT INTO `city_area` VALUES ('3357', '654021', '伊宁县', '303', '654000', '伊犁哈萨克自治州', '81.524671', '43.977876', '2019-11-24 12:59:28', '0');
INSERT INTO `city_area` VALUES ('3358', '654022', '察布查尔锡伯自治县', '303', '654000', '伊犁哈萨克自治州', '81.150874', '43.838883', '2019-11-24 12:59:28', '0');
INSERT INTO `city_area` VALUES ('3359', '654023', '霍城县', '303', '654000', '伊犁哈萨克自治州', '80.872508', '44.049912', '2019-11-24 12:59:28', '0');
INSERT INTO `city_area` VALUES ('3360', '654024', '巩留县', '303', '654000', '伊犁哈萨克自治州', '82.227044', '43.481618', '2019-11-24 12:59:28', '0');
INSERT INTO `city_area` VALUES ('3361', '654025', '新源县', '303', '654000', '伊犁哈萨克自治州', '83.258493', '43.434249', '2019-11-24 12:59:28', '0');
INSERT INTO `city_area` VALUES ('3362', '654026', '昭苏县', '303', '654000', '伊犁哈萨克自治州', '81.126029', '43.157765', '2019-11-24 12:59:28', '0');
INSERT INTO `city_area` VALUES ('3363', '654027', '特克斯县', '303', '654000', '伊犁哈萨克自治州', '81.840058', '43.214861', '2019-11-24 12:59:28', '0');
INSERT INTO `city_area` VALUES ('3364', '654028', '尼勒克县', '303', '654000', '伊犁哈萨克自治州', '82.504119', '43.789737', '2019-11-24 12:59:28', '0');
INSERT INTO `city_area` VALUES ('372', '654200', '塔城地区', '202', '650000', '新疆维吾尔自治区', '82.985732', '46.746301', '2019-11-24 12:59:28', '0');
INSERT INTO `city_area` VALUES ('3365', '654201', '塔城市', '303', '654200', '塔城地区', '82.983988', '46.746281', '2019-11-24 12:59:28', '0');
INSERT INTO `city_area` VALUES ('3366', '654202', '乌苏市', '303', '654200', '塔城地区', '84.677624', '44.430115', '2019-11-24 12:59:28', '0');
INSERT INTO `city_area` VALUES ('3367', '654221', '额敏县', '303', '654200', '塔城地区', '83.622118', '46.522555', '2019-11-24 12:59:28', '0');
INSERT INTO `city_area` VALUES ('3368', '654223', '沙湾县', '303', '654200', '塔城地区', '85.622508', '44.329544', '2019-11-24 12:59:28', '0');
INSERT INTO `city_area` VALUES ('3369', '654224', '托里县', '303', '654200', '塔城地区', '83.60469', '45.935863', '2019-11-24 12:59:28', '0');
INSERT INTO `city_area` VALUES ('3370', '654225', '裕民县', '303', '654200', '塔城地区', '82.982157', '46.202781', '2019-11-24 12:59:28', '0');
INSERT INTO `city_area` VALUES ('3371', '654226', '和布克赛尔蒙古自治县', '303', '654200', '塔城地区', '85.733551', '46.793001', '2019-11-24 12:59:28', '0');
INSERT INTO `city_area` VALUES ('373', '654300', '阿勒泰地区', '202', '650000', '新疆维吾尔自治区', '88.13963', '47.848393', '2019-11-24 12:59:28', '0');
INSERT INTO `city_area` VALUES ('3372', '654301', '阿勒泰市', '303', '654300', '阿勒泰地区', '88.138743', '47.848911', '2019-11-24 12:59:28', '0');
INSERT INTO `city_area` VALUES ('3373', '654321', '布尔津县', '303', '654300', '阿勒泰地区', '86.86186', '47.70453', '2019-11-24 12:59:28', '0');
INSERT INTO `city_area` VALUES ('3374', '654322', '富蕴县', '303', '654300', '阿勒泰地区', '89.524993', '46.993106', '2019-11-24 12:59:28', '0');
INSERT INTO `city_area` VALUES ('3375', '654323', '福海县', '303', '654300', '阿勒泰地区', '87.494569', '47.113128', '2019-11-24 12:59:28', '0');
INSERT INTO `city_area` VALUES ('3376', '654324', '哈巴河县', '303', '654300', '阿勒泰地区', '86.418964', '48.059284', '2019-11-24 12:59:28', '0');
INSERT INTO `city_area` VALUES ('3377', '654325', '青河县', '303', '654300', '阿勒泰地区', '90.381561', '46.672446', '2019-11-24 12:59:28', '0');
INSERT INTO `city_area` VALUES ('3378', '654326', '吉木乃县', '303', '654300', '阿勒泰地区', '85.876064', '47.434633', '2019-11-24 12:59:28', '0');
INSERT INTO `city_area` VALUES ('374', '659000', '自治区直辖县级行政区划', '202', '650000', '新疆维吾尔自治区', '', '', '2019-11-24 12:59:28', '0');
INSERT INTO `city_area` VALUES ('3379', '659001', '石河子市', '303', '659000', '自治区直辖县级行政区划', '85.9823', '44.2893', '2019-11-24 12:59:28', '0');
INSERT INTO `city_area` VALUES ('3380', '659002', '阿拉尔市', '303', '659000', '自治区直辖县级行政区划', '81.2988', '40.5154', '2019-11-24 12:59:28', '0');
INSERT INTO `city_area` VALUES ('3381', '659003', '图木舒克市', '303', '659000', '自治区直辖县级行政区划', '79.1926', '39.9168', '2019-11-24 12:59:28', '0');
INSERT INTO `city_area` VALUES ('3382', '659004', '五家渠市', '303', '659000', '自治区直辖县级行政区划', '87.5245', '44.1764', '2019-11-24 12:59:28', '0');
INSERT INTO `city_area` VALUES ('3383', '659006', '铁门关市', '303', '659000', '自治区直辖县级行政区划', '85.5849', '41.8825', '2019-11-24 12:59:28', '0');

-- ----------------------------
-- Table structure for coupon_key
-- ----------------------------
DROP TABLE IF EXISTS `coupon_key`;
CREATE TABLE `coupon_key` (
  `key_id` varchar(30) CHARACTER SET utf8mb4 COLLATE utf8mb4_0900_ai_ci NOT NULL COMMENT '编号',
  `bean_name` varchar(64) CHARACTER SET utf8mb4 COLLATE utf8mb4_0900_ai_ci NOT NULL COMMENT '优惠券模板',
  `name` varchar(64) CHARACTER SET utf8mb4 COLLATE utf8mb4_0900_ai_ci NOT NULL COMMENT '名称',
  `column_key` varchar(64) CHARACTER SET utf8mb4 COLLATE utf8mb4_0900_ai_ci NOT NULL COMMENT '设置key',
  `remark` varchar(512) CHARACTER SET utf8mb4 COLLATE utf8mb4_0900_ai_ci DEFAULT NULL COMMENT '备注信息',
  `create_time` timestamp NOT NULL DEFAULT CURRENT_TIMESTAMP COMMENT '创建时间',
  `status_cd` varchar(2) CHARACTER SET utf8mb4 COLLATE utf8mb4_0900_ai_ci NOT NULL DEFAULT '0' COMMENT '数据状态0正常1失效',
  PRIMARY KEY (`key_id`) USING BTREE
) ENGINE=InnoDB DEFAULT CHARSET=utf8mb4 COLLATE=utf8mb4_0900_ai_ci ROW_FORMAT=DYNAMIC;

-- ----------------------------
-- Records of coupon_key
-- ----------------------------

-- ----------------------------
-- Table structure for coupon_property_pool
-- ----------------------------
DROP TABLE IF EXISTS `coupon_property_pool`;
CREATE TABLE `coupon_property_pool` (
  `cpp_id` varchar(30) CHARACTER SET utf8mb4 COLLATE utf8mb4_0900_ai_ci NOT NULL COMMENT '主键ID',
  `coupon_name` varchar(64) CHARACTER SET utf8mb4 COLLATE utf8mb4_0900_ai_ci NOT NULL COMMENT '优惠券名称',
  `from_type` varchar(12) CHARACTER SET utf8mb4 COLLATE utf8mb4_0900_ai_ci NOT NULL COMMENT '来自方式：1001 优惠券市场购买 2002 自己制作',
  `from_id` varchar(30) CHARACTER SET utf8mb4 COLLATE utf8mb4_0900_ai_ci DEFAULT NULL COMMENT '来自对象ID',
  `community_id` varchar(30) CHARACTER SET utf8mb4 COLLATE utf8mb4_0900_ai_ci NOT NULL COMMENT '小区ID',
  `community_name` varchar(30) CHARACTER SET utf8mb4 COLLATE utf8mb4_0900_ai_ci NOT NULL COMMENT '小区名称',
  `to_type` varchar(12) CHARACTER SET utf8mb4 COLLATE utf8mb4_0900_ai_ci NOT NULL COMMENT '用途 1001 购物 1011 内部购买 2002 缴费 3003 维修劵 4004 停车劵',
  `stock` bigint NOT NULL COMMENT '库存',
  `validity_day` bigint NOT NULL COMMENT '有效期',
  `create_time` timestamp NOT NULL DEFAULT CURRENT_TIMESTAMP COMMENT '创建时间',
  `status_cd` varchar(2) CHARACTER SET utf8mb4 COLLATE utf8mb4_0900_ai_ci NOT NULL DEFAULT '0' COMMENT '数据状态，详细参考c_status表，S 保存，0, 在用 1失效',
  `state` varchar(12) CHARACTER SET utf8mb4 COLLATE utf8mb4_0900_ai_ci NOT NULL DEFAULT 'Y' COMMENT 'Y 启用 N 停用',
  `remark` varchar(512) CHARACTER SET utf8mb4 COLLATE utf8mb4_0900_ai_ci DEFAULT NULL COMMENT '使用说明',
  PRIMARY KEY (`cpp_id`) USING BTREE
) ENGINE=InnoDB DEFAULT CHARSET=utf8mb4 COLLATE=utf8mb4_0900_ai_ci ROW_FORMAT=DYNAMIC;

-- ----------------------------
-- Records of coupon_property_pool
-- ----------------------------

-- ----------------------------
-- Table structure for coupon_property_pool_config
-- ----------------------------
DROP TABLE IF EXISTS `coupon_property_pool_config`;
CREATE TABLE `coupon_property_pool_config` (
  `config_id` varchar(30) CHARACTER SET utf8mb4 COLLATE utf8mb4_0900_ai_ci NOT NULL COMMENT '编号',
  `coupon_id` varchar(30) CHARACTER SET utf8mb4 COLLATE utf8mb4_0900_ai_ci NOT NULL COMMENT '优惠券ID',
  `column_key` varchar(64) CHARACTER SET utf8mb4 COLLATE utf8mb4_0900_ai_ci NOT NULL COMMENT '设置key',
  `column_value` varchar(4000) CHARACTER SET utf8mb4 COLLATE utf8mb4_0900_ai_ci NOT NULL COMMENT '设置值',
  `create_time` timestamp NOT NULL DEFAULT CURRENT_TIMESTAMP COMMENT '创建时间',
  `status_cd` varchar(2) CHARACTER SET utf8mb4 COLLATE utf8mb4_0900_ai_ci NOT NULL DEFAULT '0' COMMENT '数据状态0正常1失效',
  PRIMARY KEY (`config_id`) USING BTREE
) ENGINE=InnoDB DEFAULT CHARSET=utf8mb4 COLLATE=utf8mb4_0900_ai_ci ROW_FORMAT=DYNAMIC;

-- ----------------------------
-- Records of coupon_property_pool_config
-- ----------------------------

-- ----------------------------
-- Table structure for coupon_property_user
-- ----------------------------
DROP TABLE IF EXISTS `coupon_property_user`;
CREATE TABLE `coupon_property_user` (
  `coupon_id` varchar(30) CHARACTER SET utf8mb4 COLLATE utf8mb4_0900_ai_ci NOT NULL COMMENT '用户优惠券ID',
  `cpp_id` varchar(30) CHARACTER SET utf8mb4 COLLATE utf8mb4_0900_ai_ci NOT NULL COMMENT '优惠券',
  `coupon_name` varchar(64) CHARACTER SET utf8mb4 COLLATE utf8mb4_0900_ai_ci NOT NULL COMMENT '优惠券名称',
  `value` varchar(64) CHARACTER SET utf8mb4 COLLATE utf8mb4_0900_ai_ci NOT NULL COMMENT '面值',
  `validity_day` bigint NOT NULL COMMENT '有效期',
  `user_id` varchar(30) CHARACTER SET utf8mb4 COLLATE utf8mb4_0900_ai_ci NOT NULL COMMENT '用户ID',
  `user_name` varchar(64) CHARACTER SET utf8mb4 COLLATE utf8mb4_0900_ai_ci NOT NULL COMMENT '用户名称',
  `tel` varchar(11) CHARACTER SET utf8mb4 COLLATE utf8mb4_0900_ai_ci NOT NULL COMMENT '手机号',
  `to_type` varchar(12) CHARACTER SET utf8mb4 COLLATE utf8mb4_0900_ai_ci NOT NULL COMMENT '用途 1001 购物 1011 内部购买 2002 缴费 3003 维修劵 4004 停车劵',
  `stock` bigint NOT NULL COMMENT '库存',
  `state` varchar(12) CHARACTER SET utf8mb4 COLLATE utf8mb4_0900_ai_ci NOT NULL COMMENT '状态 1001 在用 2002 已使用',
  `create_time` timestamp NOT NULL DEFAULT CURRENT_TIMESTAMP COMMENT '创建时间',
  `status_cd` varchar(2) CHARACTER SET utf8mb4 COLLATE utf8mb4_0900_ai_ci NOT NULL DEFAULT '0' COMMENT '数据状态，详细参考c_status表，S 保存，0, 在用 1失效',
  `community_id` varchar(30) CHARACTER SET utf8mb4 COLLATE utf8mb4_0900_ai_ci DEFAULT NULL COMMENT '小区ID，商铺ID',
  `start_time` datetime NOT NULL COMMENT '优惠券生效时间',
  PRIMARY KEY (`coupon_id`) USING BTREE
) ENGINE=InnoDB DEFAULT CHARSET=utf8mb4 COLLATE=utf8mb4_0900_ai_ci ROW_FORMAT=DYNAMIC;

-- ----------------------------
-- Records of coupon_property_user
-- ----------------------------

-- ----------------------------
-- Table structure for coupon_property_user_detail
-- ----------------------------
DROP TABLE IF EXISTS `coupon_property_user_detail`;
CREATE TABLE `coupon_property_user_detail` (
  `uo_id` varchar(30) CHARACTER SET utf8mb4 COLLATE utf8mb4_0900_ai_ci NOT NULL COMMENT '记录表',
  `coupon_id` varchar(30) CHARACTER SET utf8mb4 COLLATE utf8mb4_0900_ai_ci NOT NULL COMMENT '优惠券ID',
  `coupon_name` varchar(64) CHARACTER SET utf8mb4 COLLATE utf8mb4_0900_ai_ci NOT NULL COMMENT '优惠券名称',
  `detail_type` varchar(12) CHARACTER SET utf8mb4 COLLATE utf8mb4_0900_ai_ci NOT NULL COMMENT '优惠券使用类型：1001 购物',
  `business_key` varchar(30) CHARACTER SET utf8mb4 COLLATE utf8mb4_0900_ai_ci NOT NULL COMMENT '使用对象ID',
  `remark` varchar(512) CHARACTER SET utf8mb4 COLLATE utf8mb4_0900_ai_ci NOT NULL COMMENT '使用说明',
  `create_time` timestamp NOT NULL DEFAULT CURRENT_TIMESTAMP COMMENT '创建时间',
  `status_cd` varchar(2) CHARACTER SET utf8mb4 COLLATE utf8mb4_0900_ai_ci NOT NULL DEFAULT '0' COMMENT '数据状态，详细参考c_status表，S 保存，0, 在用 1失效',
  `community_id` varchar(30) CHARACTER SET utf8mb4 COLLATE utf8mb4_0900_ai_ci DEFAULT NULL COMMENT '小区ID，商铺ID',
  PRIMARY KEY (`uo_id`) USING BTREE
) ENGINE=InnoDB DEFAULT CHARSET=utf8mb4 COLLATE=utf8mb4_0900_ai_ci ROW_FORMAT=DYNAMIC;

-- ----------------------------
-- Records of coupon_property_user_detail
-- ----------------------------

-- ----------------------------
-- Table structure for dt_modal
-- ----------------------------
DROP TABLE IF EXISTS `dt_modal`;
CREATE TABLE `dt_modal` (
  `modal_id` varchar(30) NOT NULL COMMENT '模型ID',
  `modal_name` varchar(200) NOT NULL COMMENT '模型名称',
  `modal_type` varchar(30) NOT NULL COMMENT '模型类型 具体查看t_dict 表',
  `modal_code` varchar(64) NOT NULL COMMENT '模型实现，模型处理类',
  `path` varchar(512) NOT NULL COMMENT '模型存放地址',
  `create_time` timestamp NOT NULL DEFAULT CURRENT_TIMESTAMP COMMENT '创建时间',
  `status_cd` varchar(2) NOT NULL DEFAULT '0' COMMENT '数据状态，详细参考c_status表，S 保存，0, 在用 1失效',
  PRIMARY KEY (`modal_id`)
) ENGINE=InnoDB DEFAULT CHARSET=utf8mb4 COLLATE=utf8mb4_0900_ai_ci;

-- ----------------------------
-- Records of dt_modal
-- ----------------------------
INSERT INTO `dt_modal` VALUES ('102023112515510002', '楼栋1', 'floor', 'floor', 'https://java110.oss-cn-beijing.aliyuncs.com/hc/iot/img/20231208/11059f16-a143-48e5-9cbd-51014f14b890.glb', '2023-11-25 14:25:17', '0');
INSERT INTO `dt_modal` VALUES ('102023112809360015', '充电桩', 'charge_machine', 'sdfsdf', 'https://java110.oss-cn-beijing.aliyuncs.com/hc/iot/img/20231128/f82972d3-207d-4d05-b240-6adfc07fa767.obj', '2023-11-28 16:15:04', '0');
INSERT INTO `dt_modal` VALUES ('102023112826050002', '道闸', 'barrier', 'werwer', 'https://java110.oss-cn-beijing.aliyuncs.com/hc/iot/img/20231128/2afea646-c23f-4de1-8e5e-8b0c703b597f.obj', '2023-11-28 01:42:27', '0');
INSERT INTO `dt_modal` VALUES ('102023112842950023', '电梯', 'lift', 'sdfsd', 'https://java110.oss-cn-beijing.aliyuncs.com/hc/iot/img/20231128/d724e0e6-0094-4dca-b2f5-952d2538be49.obj', '2023-11-28 16:31:27', '0');
INSERT INTO `dt_modal` VALUES ('102023112846360038', '水泥地', 'template', 'sdf', 'https://java110.oss-cn-beijing.aliyuncs.com/hc/iot/img/20231128/9c67b689-e4ae-4ce0-9aff-22b6330130ee.obj', '2023-11-28 17:14:46', '0');
INSERT INTO `dt_modal` VALUES ('102023112853230029', '摄像头', 'monitor', 'sddff', 'https://java110.oss-cn-beijing.aliyuncs.com/hc/iot/img/20231128/16942793-cf70-4cc8-80da-bfac6c257654.obj', '2023-11-28 16:44:21', '0');
INSERT INTO `dt_modal` VALUES ('102023112876270032', '门锁', 'lock', 'sdfsdf', 'https://java110.oss-cn-beijing.aliyuncs.com/hc/iot/img/20231128/10a99fef-4576-4e75-8937-c94067a3a3b4.obj', '2023-11-28 16:48:26', '0');
INSERT INTO `dt_modal` VALUES ('102023112877310018', '水电表', 'meter', 'wewer', 'https://java110.oss-cn-beijing.aliyuncs.com/hc/iot/img/20231128/2946e947-a35c-40a4-9d66-8fc4e191bef6.obj', '2023-11-28 16:27:14', '0');
INSERT INTO `dt_modal` VALUES ('102023112882370012', '门禁', 'access_control', '234sdf', 'https://java110.oss-cn-beijing.aliyuncs.com/hc/iot/img/20231128/4db35b0d-5601-437a-b9c0-be5084b81196.obj', '2023-11-28 15:44:09', '0');
INSERT INTO `dt_modal` VALUES ('102023112883480035', '水压表', 'instrument', 'sddsf', 'https://java110.oss-cn-beijing.aliyuncs.com/hc/iot/img/20231128/b0791fe5-b077-4ba8-adb8-f09edef1b2c9.obj', '2023-11-28 16:56:04', '0');
INSERT INTO `dt_modal` VALUES ('102023112888640005', '车辆', 'car', '123123', 'https://java110.oss-cn-beijing.aliyuncs.com/hc/iot/img/20231129/3c83aca7-2735-40fd-a2f0-3cb5dc2be4be.glb', '2023-11-28 15:01:28', '0');
INSERT INTO `dt_modal` VALUES ('102023112890680002', '1', 'floor', '1', 'https://java110.oss-cn-beijing.aliyuncs.com/hc/iot/img/20231128/01936e6b-3a39-42cd-8c76-432b8f19f539.obj', '2023-11-28 14:44:13', '1');
INSERT INTO `dt_modal` VALUES ('102023112898570009', '人', 'person', '123', 'https://java110.oss-cn-beijing.aliyuncs.com/hc/iot/img/20231128/c60fa16f-dd50-4319-9109-5a928ab146ff.obj', '2023-11-28 15:38:07', '0');
INSERT INTO `dt_modal` VALUES ('102023112898810026', '路灯', 'lamp', '路灯', 'https://java110.oss-cn-beijing.aliyuncs.com/hc/iot/img/20231128/4289685e-12a6-4562-bbb5-a0a33aae140d.obj', '2023-11-28 16:41:32', '0');
INSERT INTO `dt_modal` VALUES ('102023113052280024', '演示', 'template', '233', 'https://java110.oss-cn-beijing.aliyuncs.com/hc/iot/img/20231201/928ddf44-1ab7-44c3-9edb-267608e7c666.glb', '2023-11-30 23:41:57', '0');
INSERT INTO `dt_modal` VALUES ('102023113068160012', '环境贴图', 'template', 'ss', 'https://java110.oss-cn-beijing.aliyuncs.com/hc/iot/img/20231130/73500688-bf78-49db-92eb-dac0a5897db9.hdr', '2023-11-30 10:34:35', '0');
INSERT INTO `dt_modal` VALUES ('102023113073700015', '草地', 'template', '111', 'https://java110.oss-cn-beijing.aliyuncs.com/hc/iot/img/20231130/a6afe90b-afd7-45fa-9c3b-d6758470aff3.hdr', '2023-11-30 10:57:23', '0');
INSERT INTO `dt_modal` VALUES ('102023113084420020', '天空', 'template', '123', 'https://java110.oss-cn-beijing.aliyuncs.com/hc/iot/img/20231130/d80fb4ac-fe96-41c3-8c77-91d04bcf01ce.jpg', '2023-11-30 11:59:34', '0');
INSERT INTO `dt_modal` VALUES ('102023121286460004', '楼层(4房)', 'floor', 'layer_4', 'https://java110.oss-cn-beijing.aliyuncs.com/hc/iot/img/20231212/a14d6cea-2ebc-4a89-b1e4-0110a419ae58.glb', '2023-12-12 13:23:56', '0');

-- ----------------------------
-- Table structure for dt_modal_param
-- ----------------------------
DROP TABLE IF EXISTS `dt_modal_param`;
CREATE TABLE `dt_modal_param` (
  `param_id` varchar(30) NOT NULL COMMENT '参数ID',
  `modal_id` varchar(30) NOT NULL COMMENT '模型ID',
  `spec_cd` varchar(12) NOT NULL COMMENT '参数规格',
  `spec_name` varchar(64) NOT NULL COMMENT '参数名称',
  `require_value` varchar(12) NOT NULL DEFAULT 'N' COMMENT '必填，参数是否必填 Y 必填 N 非必填',
  `create_time` timestamp NOT NULL DEFAULT CURRENT_TIMESTAMP COMMENT '创建时间',
  `status_cd` varchar(2) NOT NULL DEFAULT '0' COMMENT '数据状态，详细参考c_status表，S 保存，0, 在用 1失效',
  PRIMARY KEY (`param_id`)
) ENGINE=InnoDB DEFAULT CHARSET=utf8mb4 COLLATE=utf8mb4_0900_ai_ci;

-- ----------------------------
-- Records of dt_modal_param
-- ----------------------------

-- ----------------------------
-- Table structure for dt_scene
-- ----------------------------
DROP TABLE IF EXISTS `dt_scene`;
CREATE TABLE `dt_scene` (
  `scene_id` varchar(30) NOT NULL COMMENT '场景ID',
  `scene_name` varchar(64) NOT NULL COMMENT '场景名称',
  `community_id` varchar(30) DEFAULT NULL COMMENT '小区ID',
  `modal_json` longtext COMMENT '场景模型',
  `state` varchar(12) NOT NULL DEFAULT 'Y' COMMENT '状态 Y 启用 N 停用',
  `seq` int NOT NULL DEFAULT '1' COMMENT '场景顺序',
  `create_time` timestamp NOT NULL DEFAULT CURRENT_TIMESTAMP COMMENT '创建时间',
  `status_cd` varchar(2) NOT NULL DEFAULT '0' COMMENT '数据状态，详细参考c_status表，S 保存，0, 在用 1失效',
  PRIMARY KEY (`scene_id`)
) ENGINE=InnoDB DEFAULT CHARSET=utf8mb4 COLLATE=utf8mb4_0900_ai_ci;

-- ----------------------------
-- Records of dt_scene
-- ----------------------------
INSERT INTO `dt_scene` VALUES ('102023112489730011', '综合平台', '-1', 'https://java110.oss-cn-beijing.aliyuncs.com/hc/iot/img/20231202/c40ffab5-cc6d-49a4-b90a-992219891347.blob', 'Y', '1', '2023-11-24 18:24:25', '0');
INSERT INTO `dt_scene` VALUES ('102023112491440003', 'xx2', '102023021386560001', null, 'Y', '1', '2023-11-24 18:06:58', '1');
INSERT INTO `dt_scene` VALUES ('102023112521950019', '2', '102023021386560001', null, 'Y', '2', '2023-11-25 04:40:59', '0');
INSERT INTO `dt_scene` VALUES ('102024012327530066', '演示小区场景', '2024012252790005', 'https://java110.oss-cn-beijing.aliyuncs.com/hc/iot/img/20240226/36fdafe2-6586-4496-b24f-64f78ea7b8df.blob', 'Y', '1', '2024-01-23 13:31:17', '0');

-- ----------------------------
-- Table structure for dt_scene_obj_script
-- ----------------------------
DROP TABLE IF EXISTS `dt_scene_obj_script`;
CREATE TABLE `dt_scene_obj_script` (
  `dsms_id` varchar(30) NOT NULL COMMENT '主键ID',
  `scene_id` varchar(30) NOT NULL COMMENT '场景ID',
  `script_id` varchar(30) NOT NULL COMMENT '脚本ID',
  `obj_name` varchar(64) NOT NULL COMMENT '对象名称',
  `obj_id` varchar(30) NOT NULL COMMENT '对象ID',
  `obj_type` varchar(12) NOT NULL COMMENT '对象类型 具体查看t_dict 表',
  `community_id` varchar(30) DEFAULT NULL COMMENT '小区ID',
  `create_time` timestamp NOT NULL DEFAULT CURRENT_TIMESTAMP COMMENT '创建时间',
  `status_cd` varchar(2) NOT NULL DEFAULT '0' COMMENT '数据状态，详细参考c_status表，S 保存，0, 在用 1失效',
  PRIMARY KEY (`dsms_id`)
) ENGINE=InnoDB DEFAULT CHARSET=utf8mb4 COLLATE=utf8mb4_0900_ai_ci;

-- ----------------------------
-- Records of dt_scene_obj_script
-- ----------------------------
INSERT INTO `dt_scene_obj_script` VALUES ('102023120729740013', '102023112489730011', '102023120568020002', 'new_scene_0_160', '732023080900970002', 'floor', '102023021386560001', '2023-12-07 16:25:18', '0');
INSERT INTO `dt_scene_obj_script` VALUES ('102023120761650016', '102023112489730011', '102023120568020002', 'new_scene_0_64', '732023080900970002', 'floor', '102023021386560001', '2023-12-07 16:57:51', '1');
INSERT INTO `dt_scene_obj_script` VALUES ('102023120781260004', '102023112489730011', '102023120568020002', 'new_scene_0_1', '732023080900970002', 'floor', '102023021386560001', '2023-12-07 17:22:19', '1');
INSERT INTO `dt_scene_obj_script` VALUES ('102023120782240009', '102023112489730011', '102023120568020002', 'new_scene_0_26', '732023080900970002', 'floor', '102023021386560001', '2023-12-07 17:24:27', '1');
INSERT INTO `dt_scene_obj_script` VALUES ('102023120807760008', '102023112489730011', '102023120568020002', 'new_scene_0_33', '732023112595880006', 'floor', '102023021386560001', '2023-12-08 03:10:04', '0');

-- ----------------------------
-- Table structure for dt_script
-- ----------------------------
DROP TABLE IF EXISTS `dt_script`;
CREATE TABLE `dt_script` (
  `script_id` varchar(30) NOT NULL COMMENT '脚本ID',
  `script_name` varchar(200) NOT NULL COMMENT '教程名称',
  `script_type` varchar(30) NOT NULL COMMENT '脚本类型 具体查看t_dict 表',
  `js_content` longtext NOT NULL COMMENT 'js 脚本内容',
  `create_time` timestamp NOT NULL DEFAULT CURRENT_TIMESTAMP COMMENT '创建时间',
  `status_cd` varchar(2) NOT NULL DEFAULT '0' COMMENT '数据状态，详细参考c_status表，S 保存，0, 在用 1失效',
  PRIMARY KEY (`script_id`)
) ENGINE=InnoDB DEFAULT CHARSET=utf8mb4 COLLATE=utf8mb4_0900_ai_ci;

-- ----------------------------
-- Records of dt_script
-- ----------------------------
INSERT INTO `dt_script` VALUES ('102023120560830002', 'x', 'template', 'xx', '2023-12-05 16:21:28', '1');
INSERT INTO `dt_script` VALUES ('102023120568020002', '楼栋信息', 'floor', 'console.log(\'楼栋信息！\')', '2023-12-05 16:04:36', '0');

-- ----------------------------
-- Table structure for event_object
-- ----------------------------
DROP TABLE IF EXISTS `event_object`;
CREATE TABLE `event_object` (
  `eo_id` varchar(30) NOT NULL COMMENT '规则ID',
  `rule_id` varchar(30) NOT NULL COMMENT '规则ID',
  `obj_type` varchar(12) NOT NULL COMMENT '对象类型 1001 门禁 2002 道闸 3003 充电桩 4004 智能电表',
  `object_id` varchar(30) NOT NULL COMMENT '对象ID',
  `object_name` varchar(30) NOT NULL COMMENT '对象名称',
  `community_id` varchar(30) NOT NULL COMMENT '小区ID',
  `state` varchar(12) NOT NULL DEFAULT 'ON' COMMENT '状态 ON 生效 OFF 失效',
  `remark` varchar(512) DEFAULT NULL COMMENT '备注',
  `create_time` timestamp NOT NULL DEFAULT CURRENT_TIMESTAMP COMMENT '创建时间',
  `status_cd` varchar(2) NOT NULL DEFAULT '0' COMMENT '数据状态',
  PRIMARY KEY (`eo_id`)
) ENGINE=InnoDB DEFAULT CHARSET=utf8mb4 COLLATE=utf8mb4_0900_ai_ci COMMENT='事件对象';

-- ----------------------------
-- Records of event_object
-- ----------------------------
INSERT INTO `event_object` VALUES ('1', '102023092818690002', '6006', '123', 'qqq1', '102023021386560001', 'ON', '123', '2023-09-28 10:08:09', '0');
INSERT INTO `event_object` VALUES ('102023100705800009', '102023092818690002', '6006', '130', 'qqq8', '102023021386560001', 'ON', '333', '2023-10-07 14:06:11', '0');
INSERT INTO `event_object` VALUES ('102023100718850004', '102023092818690002', '6006', '134', 'qqq12', '102023021386560001', 'OFF', '', '2023-10-07 14:59:49', '0');
INSERT INTO `event_object` VALUES ('102023100720270016', '1', '6006', '136', 'qqq14', '102023021386560001', 'OFF', '123', '2023-10-07 14:34:37', '0');
INSERT INTO `event_object` VALUES ('102023100734970002', '102023092818690002', '6006', '124', 'qqq2', '102023021386560001', 'ON', '111', '2023-10-07 12:32:53', '0');
INSERT INTO `event_object` VALUES ('102023100744330006', '102023092818690002', '6006', '128', 'qqq6', '102023021386560001', 'ON', '222', '2023-10-07 13:31:57', '0');
INSERT INTO `event_object` VALUES ('102023100757030012', '102023092818690002', '1001', '102023082229520005', '123123', '102023021386560001', 'ON', '门禁道闸', '2023-10-07 14:10:24', '1');
INSERT INTO `event_object` VALUES ('102023100779660003', '102023092818690002', '6006', '126', 'qqq4', '102023021386560001', 'ON', '111', '2023-10-07 12:32:53', '0');
INSERT INTO `event_object` VALUES ('102023100781640015', '1', '6006', '137', 'qqq15', '102023021386560001', 'ON', '123', '2023-10-07 14:34:37', '0');
INSERT INTO `event_object` VALUES ('102023100819510005', '102023092818690002', '1001', '102023082229520005', '123123', '102023021386560001', 'ON', '', '2023-10-08 15:21:43', '0');
INSERT INTO `event_object` VALUES ('102023100901020022', '102023100952560017', '6006', '137', 'qqq15', '102023021386560001', 'OFF', '222222222222222222222222222222222222222222222222222222222222222222222222222222222222222222222222222222222222222222222222222', '2023-10-09 14:21:01', '0');
INSERT INTO `event_object` VALUES ('102023101080590003', '102023092818690002', '2002', '102023092152400003', '1019', '102023021386560001', 'ON', '', '2023-10-10 16:05:14', '0');
INSERT INTO `event_object` VALUES ('102023112844210055', '102023101319140007', '1001', '102023110901760078', '大门门禁', '102023021386560001', 'ON', '', '2023-11-28 23:25:54', '0');

-- ----------------------------
-- Table structure for event_pool
-- ----------------------------
DROP TABLE IF EXISTS `event_pool`;
CREATE TABLE `event_pool` (
  `event_id` varchar(30) NOT NULL COMMENT '事件ID',
  `rule_id` varchar(30) NOT NULL COMMENT '规则ID',
  `event_type` varchar(12) NOT NULL COMMENT '事件类型，1001 设备离线 2002 温度过高 3003 未知异常',
  `event_msg` varchar(512) NOT NULL COMMENT '事件描述',
  `obj_type` varchar(12) NOT NULL COMMENT '对象类型 1001 门禁 2002 道闸 3003 充电桩 4004 智能电表',
  `object_id` varchar(30) NOT NULL COMMENT '对象ID',
  `object_name` varchar(30) NOT NULL COMMENT '对象名称',
  `from_type` varchar(12) NOT NULL COMMENT '来自 PERSON 人员创建 SYSTEM 平台创建',
  `from_name` varchar(64) NOT NULL COMMENT '来自说明 PERSON 是人员名称 SYSTEM时平台名称',
  `community_id` varchar(30) NOT NULL COMMENT '小区ID',
  `state` varchar(12) CHARACTER SET utf8mb4 COLLATE utf8mb4_0900_ai_ci NOT NULL DEFAULT 'W' COMMENT '状态 W 待处理 NC 正常处理完成 TC 超时处理完成 D 处理中',
  `remark` varchar(512) DEFAULT NULL COMMENT '备注',
  `create_time` timestamp NOT NULL DEFAULT CURRENT_TIMESTAMP COMMENT '创建时间',
  `status_cd` varchar(2) NOT NULL DEFAULT '0' COMMENT '数据状态',
  PRIMARY KEY (`event_id`)
) ENGINE=InnoDB DEFAULT CHARSET=utf8mb4 COLLATE=utf8mb4_0900_ai_ci COMMENT='事件';

-- ----------------------------
-- Records of event_pool
-- ----------------------------
INSERT INTO `event_pool` VALUES ('1', '102023092818690002', '1001', '离线', '6006', '123', 'qqq1', 'PERSON', '演示物业', '102023021386560001', 'TC', '111', '2023-10-08 09:11:17', '0');
INSERT INTO `event_pool` VALUES ('102023100814340006', '102023092818690002', '1001', '设备离线啦设备离线啦设备离线啦设备离线啦设备离线啦设备离线啦设备离线啦设备离线啦设备离线啦设备离线啦设备离线啦设备离线啦设备离线啦设备离线啦设备离线啦设备离线啦设备离线啦设备离线啦设备离线啦设备离线啦', '6006', '130', 'qqq8', 'PERSON', '演示物业', '102023021386560001', 'D', '22222222222222222211111111111111111111111111133333333333333333333333333335555555555555555555555', '2023-10-08 16:04:28', '0');
INSERT INTO `event_pool` VALUES ('102023101360000008', '102023101319140007', '2002', '<div class=\"btn-group\" v-if=\"eventPool.state === \'W\'\">\n                                                <button class=\"btn-white btn btn-xs\" v-on:click=\"_openAddEventPoolStaffModal(eventPool)\">\n                                                    <vc:i18n name=\'分配\'></vc:i18n>\n                                                </button>\n                                            </div>', '1001', '102023082229520005', '123123', 'PERSON', '演示物业', '102023021386560001', 'TC', '<div class=\"btn-group\" v-if=\"eventPool.state === \'W\'\">\n                                                <button class=\"btn-white btn btn-xs\" v-on:click=\"_openAddEventPoolStaffModal(eventPool)\">\n                                                    <vc:i18n name=\'分配\'></vc:i18n>\n                                                </button>\n                                            </div>', '2023-10-13 15:55:27', '0');
INSERT INTO `event_pool` VALUES ('102023101652560002', '102023101319140007', '3003', '看到过v不是你v类似绝inn VS;搜集到Voss v u哦i解耦', '3003', '102023082234970002', 'new充电桩', 'PERSON', '演示物业', '102023021386560001', 'D', '看不出蓝绿i黑红还是v懒懒的可能', '2023-10-16 11:02:29', '0');
INSERT INTO `event_pool` VALUES ('102023102310670005', '102023101319140007', '1001', 'wwwwwwwwwwwwwwwwwwwwwwwwwwwwwwwwwwwwwwwwwwww', '2002', '102023092152400003', '1019', 'PERSON', '演示物业', '102023021386560001', 'D', 'wwwwwwwwwwwwwwwwwwwwwwwwwwwwwwwwwwwwwwwwwwwww', '2023-10-23 15:14:06', '0');
INSERT INTO `event_pool` VALUES ('102023120681520012', '102023101319140007', '1001', 'qwdqagigiawugeoqfgougfiuevflwyaaaaaaaaaaaa', '6006', '137', 'qqq15', 'PERSON', '演示物业', '102023021386560001', 'W', '', '2023-12-06 15:15:20', '1');
INSERT INTO `event_pool` VALUES ('102023120826000011', '102023092818690002', '1001', 'gvugofviowihvgouwebvluihHEULGUEVBkEuigVSUGvloruvdkSJvbhlur', '7007', '102023101931410009', '1-1-01', 'PERSON', '演示物业', '102023021386560001', 'W', 'wrbanthegfuilawgiulhiehfuewhuoihel', '2023-12-08 15:33:02', '0');

-- ----------------------------
-- Table structure for event_pool_staff
-- ----------------------------
DROP TABLE IF EXISTS `event_pool_staff`;
CREATE TABLE `event_pool_staff` (
  `eps_id` varchar(30) NOT NULL COMMENT '主键ID',
  `event_id` varchar(30) NOT NULL COMMENT '事件ID',
  `staff_id` varchar(30) CHARACTER SET utf8mb4 COLLATE utf8mb4_0900_ai_ci NOT NULL COMMENT '处理员工',
  `staff_name` varchar(64) NOT NULL COMMENT '处理员工',
  `event_reason` varchar(512) DEFAULT NULL COMMENT '事故原因',
  `event_result` varchar(512) DEFAULT NULL COMMENT '处理方案',
  `event_hours` int DEFAULT '0' COMMENT '处理时长',
  `community_id` varchar(30) NOT NULL COMMENT '小区ID',
  `state` varchar(12) CHARACTER SET utf8mb4 COLLATE utf8mb4_0900_ai_ci NOT NULL DEFAULT 'W' COMMENT '状态 W 待处理 NC 正常处理完成 TC 超时处理完成 D 处理中',
  `create_time` timestamp NOT NULL DEFAULT CURRENT_TIMESTAMP COMMENT '创建时间',
  `status_cd` varchar(2) NOT NULL DEFAULT '0' COMMENT '数据状态',
  PRIMARY KEY (`eps_id`)
) ENGINE=InnoDB DEFAULT CHARSET=utf8mb4 COLLATE=utf8mb4_0900_ai_ci COMMENT='事件处理';

-- ----------------------------
-- Records of event_pool_staff
-- ----------------------------
INSERT INTO `event_pool_staff` VALUES ('102023101369180010', '1', '302023021495090004', '演示物业', '苹果包揽了前四名，分别是iPhone14、14 Pro Max、14 Pro和iPhone 13。\n\n三星则占了后六名，分别是Galaxy A14、A54、A14 5G、S23 Ultra、A04e和A34。\n\niPhone 14系列有着不错的表现，当然14 Plus依然是销量表现最差的那款。十三香虽然时隔两年，但销量十分亮眼。根据之前的数据，苹果在Q2全球智能手机营收中获得了45%的份额，比去年同期还增长了近3%，这个营收数据可以说相当夸张了。', '苹果包揽了前四名，分别是iPhone14、14 Pro Max、14 Pro和iPhone 13。\n\n三星则占了后六名，分别是Galaxy A14、A54、A14 5G、S23 Ultra、A04e和A34。\n\niPhone 14系列有着不错的表现，当然14 Plus依然是销量表现最差的那款。十三香虽然时隔两年，但销量十分亮眼。根据之前的数据，苹果在Q2全球智能手机营收中获得了45%的份额，比去年同期还增长了近3%，这个营收数据可以说相当夸张了。', '4479', '102023021386560001', 'TC', '2023-10-13 14:55:56', '0');
INSERT INTO `event_pool_staff` VALUES ('102023101618340011', '102023101652560002', '302023021495090004', '演示物业', null, null, null, '102023021386560001', 'W', '2023-10-16 11:04:12', '1');
INSERT INTO `event_pool_staff` VALUES ('102023101633870008', '102023101652560002', '302023021495090004', '演示物业', null, null, null, '102023021386560001', 'W', '2023-10-16 17:07:30', '0');
INSERT INTO `event_pool_staff` VALUES ('102023101695790002', '102023101360000008', '302023021495090004', '演示物业', '123', '123', '38', '102023021386560001', 'NC', '2023-10-16 10:17:02', '0');
INSERT INTO `event_pool_staff` VALUES ('102023112817570058', '102023102310670005', '302023021495090004', '演示物业', null, null, null, '102023021386560001', 'W', '2023-11-28 23:26:18', '0');
INSERT INTO `event_pool_staff` VALUES ('102023120644830002', '102023100814340006', '302023021495090004', '演示物业', null, null, null, '102023021386560001', 'W', '2023-12-06 16:43:51', '0');

-- ----------------------------
-- Table structure for event_rule
-- ----------------------------
DROP TABLE IF EXISTS `event_rule`;
CREATE TABLE `event_rule` (
  `rule_id` varchar(30) NOT NULL COMMENT '规则ID',
  `rule_name` varchar(64) NOT NULL COMMENT '规则名称',
  `limit_time` int NOT NULL COMMENT '超时时间(min)',
  `template_id` varchar(30) NOT NULL COMMENT '模板ID',
  `community_id` varchar(30) NOT NULL COMMENT '小区ID',
  `remark` varchar(512) DEFAULT NULL COMMENT '备注',
  `create_time` timestamp NOT NULL DEFAULT CURRENT_TIMESTAMP COMMENT '创建时间',
  `status_cd` varchar(2) NOT NULL DEFAULT '0' COMMENT '数据状态',
  PRIMARY KEY (`rule_id`) USING BTREE
) ENGINE=InnoDB DEFAULT CHARSET=utf8mb4 COLLATE=utf8mb4_0900_ai_ci COMMENT='事件规则';

-- ----------------------------
-- Records of event_rule
-- ----------------------------
INSERT INTO `event_rule` VALUES ('1', '充电桩', '0', '102023101292680002', '102023021386560001', '123', '2023-09-28 09:05:28', '0');
INSERT INTO `event_rule` VALUES ('102023092818690002', '充电桩通知规则1', '600', '102023101292680002', '102023021386560001', '123', '2023-09-28 09:24:41', '0');
INSERT INTO `event_rule` VALUES ('102023092823620009', '1112', '0', '102023101292680002', '102023021386560001', '2223', '2023-09-28 09:39:14', '1');
INSERT INTO `event_rule` VALUES ('102023100952560017', '1', '0', '102023101292680002', '102023021386560001', 'asdasdaaaaaaaaaaaaaaaaaaaaaaaaaaaaaaaaaaaaaaaaaaaaaa', '2023-10-09 14:17:24', '0');
INSERT INTO `event_rule` VALUES ('102023101319140007', 'test', '600', '102023101292680002', '102023021386560001', 'qwe', '2023-10-13 13:52:46', '0');
INSERT INTO `event_rule` VALUES ('102023101348930016', '1', '1', '102023101258950007', '102023021386560001', '1', '2023-10-13 13:54:35', '1');

-- ----------------------------
-- Table structure for event_staff
-- ----------------------------
DROP TABLE IF EXISTS `event_staff`;
CREATE TABLE `event_staff` (
  `es_id` varchar(30) NOT NULL COMMENT '主键ID',
  `rule_id` varchar(30) NOT NULL COMMENT '规则ID',
  `staff_id` varchar(30) NOT NULL COMMENT '员工ID',
  `staff_name` varchar(64) NOT NULL COMMENT '员工名称',
  `community_id` varchar(30) NOT NULL COMMENT '小区ID',
  `state` varchar(12) NOT NULL DEFAULT 'ON' COMMENT '状态 ON 生效 OFF 失效',
  `remark` varchar(512) DEFAULT NULL COMMENT '备注',
  `create_time` timestamp NOT NULL DEFAULT CURRENT_TIMESTAMP COMMENT '创建时间',
  `status_cd` varchar(2) NOT NULL DEFAULT '0' COMMENT '数据状态',
  PRIMARY KEY (`es_id`)
) ENGINE=InnoDB DEFAULT CHARSET=utf8mb4 COLLATE=utf8mb4_0900_ai_ci COMMENT='事件通知员工';

-- ----------------------------
-- Records of event_staff
-- ----------------------------
INSERT INTO `event_staff` VALUES ('1', '102023092818690002', '302023021495090004', '演示物业', '102023021386560001', 'ON', '000', '2023-10-07 15:32:49', '1');
INSERT INTO `event_staff` VALUES ('102023100772770004', '102023092818690002', '302023021479540001', '张三三', '102023021386560001', 'OFF', '321', '2023-10-07 17:06:22', '0');
INSERT INTO `event_staff` VALUES ('102023100781540005', '102023092818690002', '302023021495090004', '演示物业', '102023021386560001', 'ON', '321', '2023-10-07 17:06:22', '0');
INSERT INTO `event_staff` VALUES ('102023100954400025', '102023100952560017', '302023021495090004', '演示物业', '102023021386560001', 'ON', '222222222222222222222222222222222222222222222222222222222222222222222222222222222222222222222222222222222222222222222222222222222222222222222222222223', '2023-10-09 14:21:31', '0');

-- ----------------------------
-- Table structure for event_template
-- ----------------------------
DROP TABLE IF EXISTS `event_template`;
CREATE TABLE `event_template` (
  `template_id` varchar(30) NOT NULL COMMENT '模板ID',
  `template_name` varchar(64) NOT NULL COMMENT '模板名称',
  `event_way` varchar(512) NOT NULL COMMENT '通知方式，SMS-ALI 阿里云短信 DINGDING 钉钉群通知 WECHAT 企业微信群通知',
  `community_id` varchar(30) NOT NULL COMMENT '小区ID',
  `remark` varchar(512) DEFAULT NULL COMMENT '备注',
  `create_time` timestamp NOT NULL DEFAULT CURRENT_TIMESTAMP COMMENT '创建时间',
  `status_cd` varchar(2) NOT NULL DEFAULT '0' COMMENT '数据状态',
  PRIMARY KEY (`template_id`) USING BTREE
) ENGINE=InnoDB DEFAULT CHARSET=utf8mb4 COLLATE=utf8mb4_0900_ai_ci COMMENT='事件模板';

-- ----------------------------
-- Records of event_template
-- ----------------------------
INSERT INTO `event_template` VALUES ('102023101258950007', '1', 'SMS-ALI', '102023021386560001', '', '2023-10-12 14:25:55', '0');
INSERT INTO `event_template` VALUES ('102023101292680002', '钉钉设备通知', 'DINGDING', '102023021386560001', 'alwurlvhsldughsvlsss xsbftntj', '2023-10-12 17:48:31', '0');
INSERT INTO `event_template` VALUES ('102023101318090003', 'test', 'WECHAT', '102023021386560001', 'rrrrrrrrrrrrrrrrrrrrrrrrrrrrrrrrrrrrrrrrrrrrrrrrrrrrrrrrrrrrrrrrrrrrrrrrrrrrrrrrrrrrrrrrrrrrrrrrrrrrrrrrrrrrrrrr', '2023-10-13 09:56:57', '0');
INSERT INTO `event_template` VALUES ('102023101344280013', '123', 'DINGDING', '102023021386560001', '', '2023-10-13 09:57:29', '1');
INSERT INTO `event_template` VALUES ('102023101366210010', 'zzzzz', 'DINGDING', '102023021386560001', 'bbbbbbbbbbbb', '2023-10-13 11:37:55', '1');
INSERT INTO `event_template` VALUES ('102023120616260004', '2', 'SMS-ALI', '102023021386560001', '1', '2023-12-06 15:14:34', '0');

-- ----------------------------
-- Table structure for event_template_param
-- ----------------------------
DROP TABLE IF EXISTS `event_template_param`;
CREATE TABLE `event_template_param` (
  `param_id` varchar(30) NOT NULL COMMENT '参数ID',
  `template_id` varchar(30) NOT NULL COMMENT '模板ID',
  `spec_cd` varchar(12) NOT NULL COMMENT '参数规格',
  `param_value` varchar(512) NOT NULL COMMENT '参数值',
  `community_id` varchar(30) NOT NULL COMMENT '小区ID',
  `create_time` timestamp NOT NULL DEFAULT CURRENT_TIMESTAMP COMMENT '创建时间',
  `status_cd` varchar(2) NOT NULL DEFAULT '0' COMMENT '数据状态',
  PRIMARY KEY (`param_id`) USING BTREE
) ENGINE=InnoDB DEFAULT CHARSET=utf8mb4 COLLATE=utf8mb4_0900_ai_ci COMMENT='通知模板参数';

-- ----------------------------
-- Records of event_template_param
-- ----------------------------
INSERT INTO `event_template_param` VALUES ('102023101205920010', '102023101258950007', 'AppKey', '1', '102023021386560001', '2023-10-12 14:25:56', '0');
INSERT INTO `event_template_param` VALUES ('102023101213520012', '102023101258950007', 'template', '1', '102023021386560001', '2023-10-12 14:25:56', '0');
INSERT INTO `event_template_param` VALUES ('102023101223450011', '102023101258950007', 'signName', '1', '102023021386560001', '2023-10-12 14:25:56', '0');
INSERT INTO `event_template_param` VALUES ('102023101236170005', '102023101292680002', 'AppKey', '123321', '102023021386560001', '2023-10-12 17:48:32', '0');
INSERT INTO `event_template_param` VALUES ('102023101269870006', '102023101292680002', 'template', '阿斯顿对此非常非常非常非常非常非常非常aegsffhsdjgffffffffffffffffjareeeeeehhhhhhjsAhrrrrrrrrrrrrrrrrrrrrrrr', '102023021386560001', '2023-10-12 17:48:32', '0');
INSERT INTO `event_template_param` VALUES ('102023101271810009', '102023101258950007', 'AppId', '1', '102023021386560001', '2023-10-12 14:25:56', '0');
INSERT INTO `event_template_param` VALUES ('102023101292820004', '102023101292680002', 'AppId', '123321', '102023021386560001', '2023-10-12 17:48:32', '0');
INSERT INTO `event_template_param` VALUES ('102023101330200015', '102023101344280013', 'AppId', '321', '102023021386560001', '2023-10-13 09:57:30', '0');
INSERT INTO `event_template_param` VALUES ('102023101344010016', '102023101344280013', 'AppKey', '543', '102023021386560001', '2023-10-13 09:57:30', '0');
INSERT INTO `event_template_param` VALUES ('102023101345840006', '102023101318090003', 'AppKey', 'wwwwww', '102023021386560001', '2023-10-13 09:56:59', '0');
INSERT INTO `event_template_param` VALUES ('102023101355360017', '102023101344280013', 'template', '654', '102023021386560001', '2023-10-13 09:57:30', '0');
INSERT INTO `event_template_param` VALUES ('102023101358410013', '102023101366210010', 'AppKey', 'cccccc', '102023021386560001', '2023-10-13 11:37:56', '0');
INSERT INTO `event_template_param` VALUES ('102023101370800005', '102023101318090003', 'AppId', 'qqqqqq', '102023021386560001', '2023-10-13 09:56:59', '0');
INSERT INTO `event_template_param` VALUES ('102023101384410014', '102023101366210010', 'template', 'vvvvvvvvvvvvvvv', '102023021386560001', '2023-10-13 11:37:56', '0');
INSERT INTO `event_template_param` VALUES ('102023101390740007', '102023101318090003', 'template', 'eeeeeeeeeeeeeeeeeeeeeeeeeeeeeeeeeeeeeeeeeeeeeeeeeeeeeeeeeeeeeeeeeeeeeeeeeeeeeeeeeeeeeeeeee', '102023021386560001', '2023-10-13 09:56:59', '0');
INSERT INTO `event_template_param` VALUES ('102023101396650012', '102023101366210010', 'AppId', 'xxxxxx', '102023021386560001', '2023-10-13 11:37:56', '0');
INSERT INTO `event_template_param` VALUES ('102023120623560008', '102023120616260004', 'signName', '1', '102023021386560001', '2023-12-06 15:14:35', '0');
INSERT INTO `event_template_param` VALUES ('102023120652940009', '102023120616260004', 'template', '1', '102023021386560001', '2023-12-06 15:14:35', '0');
INSERT INTO `event_template_param` VALUES ('102023120676520006', '102023120616260004', 'AppId', '1', '102023021386560001', '2023-12-06 15:14:35', '0');
INSERT INTO `event_template_param` VALUES ('102023120696710007', '102023120616260004', 'AppKey', '1', '102023021386560001', '2023-12-06 15:14:35', '0');

-- ----------------------------
-- Table structure for event_template_param_key
-- ----------------------------
DROP TABLE IF EXISTS `event_template_param_key`;
CREATE TABLE `event_template_param_key` (
  `key_id` varchar(30) NOT NULL COMMENT '编号',
  `event_way` varchar(30) NOT NULL COMMENT '通知方式，SMS-ALI 阿里云短信 DINGDING 钉钉群通知 WECHAT 企业微信群通知',
  `spec_name` varchar(30) NOT NULL COMMENT '参数规格名称',
  `spec_cd` varchar(12) NOT NULL COMMENT '参数规格',
  `remark` varchar(512) DEFAULT NULL COMMENT '备注',
  `create_time` timestamp NOT NULL DEFAULT CURRENT_TIMESTAMP COMMENT '创建时间',
  `status_cd` varchar(2) NOT NULL DEFAULT '0' COMMENT '数据状态',
  PRIMARY KEY (`key_id`) USING BTREE
) ENGINE=InnoDB DEFAULT CHARSET=utf8mb4 COLLATE=utf8mb4_0900_ai_ci COMMENT='通知模板参数规格';

-- ----------------------------
-- Records of event_template_param_key
-- ----------------------------
INSERT INTO `event_template_param_key` VALUES ('11', 'SMS-ALI', 'AppId', 'AppId', '必填，请输入AppId', '2023-10-12 11:33:10', '0');
INSERT INTO `event_template_param_key` VALUES ('12', 'SMS-ALI', 'AppKey', 'AppKey', '必填，请输入AppKey', '2023-10-12 11:33:10', '0');
INSERT INTO `event_template_param_key` VALUES ('13', 'SMS-ALI', '短信签名', 'signName', '必填，请输入短信签名', '2023-10-12 11:33:10', '0');
INSERT INTO `event_template_param_key` VALUES ('14', 'SMS-ALI', '短信模板', 'template', '必填，请输入短信模板', '2023-10-12 11:33:10', '0');
INSERT INTO `event_template_param_key` VALUES ('21', 'DINGDING', 'AppId', 'AppId', '必填，请输入AppId', '2023-10-12 11:33:10', '0');
INSERT INTO `event_template_param_key` VALUES ('22', 'DINGDING', 'AppKey', 'AppKey', '必填，请输入AppKey', '2023-10-12 11:33:10', '0');
INSERT INTO `event_template_param_key` VALUES ('23', 'DINGDING', '通知模板', 'template', '必填，请输入通知模板', '2023-10-12 11:33:10', '0');
INSERT INTO `event_template_param_key` VALUES ('31', 'WECHAT', 'AppId', 'AppId', '必填，请输入AppId', '2023-10-12 11:33:10', '0');
INSERT INTO `event_template_param_key` VALUES ('32', 'WECHAT', 'AppKey', 'AppKey', '必填，请输入AppKey', '2023-10-12 11:33:10', '0');
INSERT INTO `event_template_param_key` VALUES ('33', 'WECHAT', '通知模板', 'template', '必填，请输入通知模板', '2023-10-12 11:33:10', '0');

-- ----------------------------
-- Table structure for f_floor
-- ----------------------------
DROP TABLE IF EXISTS `f_floor`;
CREATE TABLE `f_floor` (
  `floor_id` varchar(30) NOT NULL COMMENT '楼ID',
  `b_id` varchar(30) DEFAULT NULL COMMENT '业务ID',
  `floor_num` varchar(64) NOT NULL COMMENT '楼编号',
  `name` varchar(100) NOT NULL COMMENT '小区楼名称',
  `user_id` varchar(30) NOT NULL COMMENT '用户ID',
  `remark` varchar(200) DEFAULT NULL COMMENT '备注',
  `create_time` timestamp NOT NULL DEFAULT CURRENT_TIMESTAMP COMMENT '创建时间',
  `status_cd` varchar(2) NOT NULL DEFAULT '0' COMMENT '数据状态，详细参考c_status表，S 保存，0, 在用 1失效',
  `community_id` varchar(30) NOT NULL DEFAULT '-1' COMMENT '小区ID',
  `floor_area` decimal(10,2) NOT NULL COMMENT '建筑面积',
  `seq` int NOT NULL DEFAULT '1' COMMENT '楼栋加入排序',
  `lat` varchar(32) DEFAULT NULL COMMENT '精度',
  `lng` varchar(32) DEFAULT NULL COMMENT '维度',
  UNIQUE KEY `floor_id` (`floor_id`) USING BTREE,
  UNIQUE KEY `idx_floor_id` (`floor_id`) USING BTREE,
  KEY `idx_floor_b_id` (`b_id`) USING BTREE
) ENGINE=InnoDB DEFAULT CHARSET=utf8;

-- ----------------------------
-- Records of f_floor
-- ----------------------------
INSERT INTO `f_floor` VALUES ('732023080900970002', null, '1', '1栋', '302023021495090004', '房产导入', '2023-08-09 11:06:55', '0', '102023021386560001', '100.00', '2', null, null);
INSERT INTO `f_floor` VALUES ('732023080959870004', null, '88', '88号楼', '302023021495090004', '', '2023-08-09 11:24:06', '1', '102023021386560001', '200.00', '3', null, null);
INSERT INTO `f_floor` VALUES ('732023112595880006', null, '2', '2号楼', '302023021495090004', '', '2023-11-25 16:59:27', '0', '102023021386560001', '222.00', '2', null, null);
INSERT INTO `f_floor` VALUES ('732023120568080332', '-1', '1', '1栋', '302023021495090004', '房产导入', '2024-01-22 14:28:25', '0', '2023052267100146', '1.00', '1', '36.555503507089135', '101.72927460947176');
INSERT INTO `f_floor` VALUES ('732024012265490076', '-1', '22', '22栋', '30518939884421922816', '房产导入', '2024-01-22 15:12:10', '0', '2024012252790005', '1.00', '1', null, null);
INSERT INTO `f_floor` VALUES ('732024021518860179', '-1', '2', '2栋', '302023021495090004', '房产导入', '2024-02-19 10:58:35', '0', '2023052267100146', '1.00', '1', '36.555852797432564', '101.72916251048696');
INSERT INTO `f_floor` VALUES ('732024021923900436', null, '22', '22号楼', '302023021495090004', '55', '2024-02-19 18:29:56', '0', '102023021386560001', '33.00', '44', null, null);
INSERT INTO `f_floor` VALUES ('732024021926182608', '-1', '24', '24栋', '30518939884421922816', '房产导入', '2024-02-20 09:38:35', '0', '2024021911282483', '1.00', '1', null, null);
INSERT INTO `f_floor` VALUES ('732024022253631136', null, '1', '1号楼', '302024012273480017', '', '2024-02-22 17:38:26', '0', '2023062100700008', '300.00', '1', null, null);
INSERT INTO `f_floor` VALUES ('732024022269670256', '-1', '4', '4栋', '302023021495090004', '房产导入', '2024-02-23 17:18:22', '0', '2023052267100146', '1.00', '1', '36.55637988685319', '101.72862267278413');
INSERT INTO `f_floor` VALUES ('732024022666652478', null, '1', '1号楼', '302024022622672433', '', '2024-02-26 14:00:11', '1', '102024022629692424', '1000.00', '1', null, null);
INSERT INTO `f_floor` VALUES ('732024022672450192', '-1', '1', '1栋', '30518939884421922816', '房产导入', '2024-02-26 14:35:17', '0', '2024022643710121', '1.00', '1', null, null);
INSERT INTO `f_floor` VALUES ('732024022673032524', '-1', '1', '1栋', '302024022622672433', '房产导入', '2024-02-26 14:08:55', '0', '102024022629692424', '1.00', '1', null, null);
INSERT INTO `f_floor` VALUES ('732024031108360007', null, '3', '3号楼', '302023021495090004', '22', '2024-03-11 18:14:25', '0', '2023052267100146', '100.00', '4', '36.55611918441651', '101.72887797073201');

-- ----------------------------
-- Table structure for f_floor_attr
-- ----------------------------
DROP TABLE IF EXISTS `f_floor_attr`;
CREATE TABLE `f_floor_attr` (
  `b_id` varchar(30) NOT NULL COMMENT '订单ID',
  `attr_id` varchar(30) NOT NULL COMMENT '属性id',
  `floor_id` varchar(30) NOT NULL COMMENT '房屋ID',
  `community_id` varchar(30) NOT NULL COMMENT '小区ID',
  `spec_cd` varchar(12) NOT NULL COMMENT '规格id,参考spec表',
  `value` varchar(50) NOT NULL COMMENT '属性值',
  `create_time` timestamp NOT NULL DEFAULT CURRENT_TIMESTAMP COMMENT '创建时间',
  `status_cd` varchar(2) NOT NULL DEFAULT '0' COMMENT '数据状态，详细参考c_status表，S 保存，0, 在用 1失效',
  UNIQUE KEY `attr_id` (`attr_id`) USING BTREE,
  KEY `idx_b_attr_b_id` (`b_id`) USING BTREE,
  KEY `idx_attr_floor_id` (`floor_id`) USING BTREE
) ENGINE=InnoDB DEFAULT CHARSET=utf8;

-- ----------------------------
-- Records of f_floor_attr
-- ----------------------------

-- ----------------------------
-- Table structure for file_rel
-- ----------------------------
DROP TABLE IF EXISTS `file_rel`;
CREATE TABLE `file_rel` (
  `file_rel_id` varchar(30) NOT NULL COMMENT '文件关系ID，主键',
  `b_id` varchar(30) NOT NULL COMMENT '业务Id',
  `rel_type_cd` varchar(30) NOT NULL COMMENT '文件类型,用来做分区,业主照片，商户照片，具体查看t_dict表',
  `save_way` varchar(12) NOT NULL COMMENT '存放方式，ftp table,fastdfs 具体查看t_dict表',
  `obj_id` varchar(30) NOT NULL COMMENT '对象ID，及说明这个文件归宿于谁，业主则填写业主ID',
  `file_real_name` varchar(200) NOT NULL COMMENT '文件真实名称',
  `file_save_name` varchar(200) NOT NULL COMMENT '文件存储名称',
  `create_time` timestamp NOT NULL DEFAULT CURRENT_TIMESTAMP COMMENT '创建时间',
  `status_cd` varchar(2) NOT NULL DEFAULT '0' COMMENT '数据状态，详细参考t_dict表，0, 在用 1失效',
  KEY `idx_file_rel_id` (`file_rel_id`) USING BTREE
) ENGINE=InnoDB DEFAULT CHARSET=utf8;

-- ----------------------------
-- Records of file_rel
-- ----------------------------
INSERT INTO `file_rel` VALUES ('912023082265720004', '-1', '10000', 'table', '772023082271670002', 'img/20230822/99d27151-7b69-4d79-bfaa-ec5210e95856.jpg', 'img/20230822/99d27151-7b69-4d79-bfaa-ec5210e95856.jpg', '2023-08-22 18:26:59', '0');
INSERT INTO `file_rel` VALUES ('912023111028740014', '-1', '10000', 'table', '772023111006680012', 'img/20231110/feac4222-f417-4c4e-829e-b29191adb4c6.jpg', 'img/20231110/feac4222-f417-4c4e-829e-b29191adb4c6.jpg', '2023-11-10 12:52:33', '0');
INSERT INTO `file_rel` VALUES ('912023111047690019', '-1', '10000', 'table', '772023111038450017', 'https://java110.oss-cn-beijing.aliyuncs.com/hc/iot/img/20231110/4d26af4d-e232-4958-961a-e02ff113f450.jpg', 'https://java110.oss-cn-beijing.aliyuncs.com/hc/iot/img/20231110/4d26af4d-e232-4958-961a-e02ff113f450.jpg', '2023-11-10 12:54:30', '0');
INSERT INTO `file_rel` VALUES ('912023121972180003', '-1', '10000', 'table', '772023110609760004', 'https://java110.oss-cn-beijing.aliyuncs.com/hc/iot/img/20231219/839424af-c8ae-4779-b3b5-cce386475162.jpg', 'https://java110.oss-cn-beijing.aliyuncs.com/hc/iot/img/20231219/839424af-c8ae-4779-b3b5-cce386475162.jpg', '2023-12-19 22:53:40', '0');
INSERT INTO `file_rel` VALUES ('912024020525880002', '-1', '10000', 'table', '772024012296540095', 'img/20240223/0cc61621-0a3b-4d23-9599-d9ad7330b7ee.jpg', 'img/20240223/0cc61621-0a3b-4d23-9599-d9ad7330b7ee.jpg', '2024-02-05 16:05:22', '0');
INSERT INTO `file_rel` VALUES ('912024020500380007', '-1', '10000', 'table', '772024012299410005', 'img/20240223/a566e0be-abae-459d-a593-6284146242d9.jpg', 'img/20240223/a566e0be-abae-459d-a593-6284146242d9.jpg', '2024-02-05 22:06:56', '0');
INSERT INTO `file_rel` VALUES ('912024020518150006', '-1', '10000', 'table', '772024020516840034', 'img/20240223/8b14daf2-0de7-41ab-b4e6-53fab07c18e6.jpg', 'img/20240223/8b14daf2-0de7-41ab-b4e6-53fab07c18e6.jpg', '2024-02-05 23:36:52', '0');
INSERT INTO `file_rel` VALUES ('912024020670930003', '-1', '10000', 'table', '772024012292610085', 'img/20240223/2da5e227-7fdf-4445-ab02-2226b1295dfb.jpg', 'img/20240223/2da5e227-7fdf-4445-ab02-2226b1295dfb.jpg', '2024-02-06 02:22:57', '0');
INSERT INTO `file_rel` VALUES ('912024021976240009', '-1', '10000', 'upload', '772024021916390005', 'img/20240219/184eab8f-dfdb-44e8-9aa1-4886bf26ad05.jpg', 'img/20240219/184eab8f-dfdb-44e8-9aa1-4886bf26ad05.jpg', '2024-02-19 09:02:17', '0');
INSERT INTO `file_rel` VALUES ('912024021956740012', '-1', '10000', 'upload', '772024021911550008', 'img/20240219/500d3736-e329-4dd2-9b19-a1a4bbc3de65.jpg', 'img/20240219/500d3736-e329-4dd2-9b19-a1a4bbc3de65.jpg', '2024-02-19 09:14:09', '0');

-- ----------------------------
-- Table structure for hardware_manufacturer
-- ----------------------------
DROP TABLE IF EXISTS `hardware_manufacturer`;
CREATE TABLE `hardware_manufacturer` (
  `hm_id` varchar(64) NOT NULL COMMENT '厂商ID',
  `hm_name` varchar(200) NOT NULL COMMENT '厂商名称',
  `version` varchar(12) NOT NULL COMMENT '厂商协议版本号',
  `protocol_impl` varchar(200) NOT NULL COMMENT '协议实现 一般 为spring bean名称',
  `create_time` timestamp NOT NULL DEFAULT CURRENT_TIMESTAMP COMMENT '创建时间',
  `status_cd` varchar(2) NOT NULL DEFAULT '0' COMMENT '数据状态，详细参考c_status表，0在用，1失效',
  `hm_type` varchar(12) NOT NULL COMMENT '商户类型，详情请查看 t_dict',
  `author` varchar(64) NOT NULL COMMENT '该协议开发者',
  `link` varchar(11) NOT NULL COMMENT '开发者联系方式',
  `license` longtext NOT NULL COMMENT '该协议许可',
  `prod_url` varchar(500) NOT NULL COMMENT '产品官网',
  `default_protocol` varchar(12) NOT NULL DEFAULT 'F' COMMENT '是否启用该协议，T是，F否',
  PRIMARY KEY (`hm_id`)
) ENGINE=InnoDB DEFAULT CHARSET=utf8;

-- ----------------------------
-- Records of hardware_manufacturer
-- ----------------------------
INSERT INTO `hardware_manufacturer` VALUES ('1', '官方门禁协议(需要厂家支持)', 'v0.1', 'hcAssessControlProcessAdapt', '2020-05-19 01:19:03', '0', '1001', '吴学文', '17797173942', 'MIT协议：Permission is hereby granted, free of charge, to any person obtaining a copy of this software and associated documentation files (the \"Software\"), to deal in the Software without restriction, including without limitation the rights to use, copy, modify, merge, publish, distribute, sublicense, and/or sell copies of the Software, and to permit persons to whom the Software is furnished to do so, subject to the following conditions:\r\n\r\nThe above copyright notice and this permission notice shall be included in all copies or substantial portions of the Software.\r\n\r\nTHE SOFTWARE IS PROVIDED \"AS IS\", WITHOUT WARRANTY OF ANY KIND, EXPRESS OR IMPLIED, INCLUDING BUT NOT LIMITED TO THE WARRANTIES OF MERCHANTABILITY, FITNESS FOR A PARTICULAR PURPOSE AND NONINFRINGEMENT. IN NO EVENT SHALL THE AUTHORS OR COPYRIGHT HOLDERS BE LIABLE FOR ANY CLAIM, DAMAGES OR OTHER LIABILITY, WHETHER IN AN ACTION OF CONTRACT, TORT OR OTHERWISE, ARISING FROM, OUT OF OR IN CONNECTION WITH THE SOFTWARE OR THE USE OR OTHER DEALINGS IN THE SOFTWARE.', 'http://www.homecommunity.cn', 'F');
INSERT INTO `hardware_manufacturer` VALUES ('102023112242490002', '仪表测试协议', 'v0.1', 'commonInstrumentFactoryAdapt', '2023-11-27 16:49:49', '0', '5005', '1', '1', '1', '1', 'T');
INSERT INTO `hardware_manufacturer` VALUES ('15', '官方道闸协议(需要厂家支持)', 'v1.0', 'hcCarMachineAdapt', '2020-12-20 17:36:28', '0', '2002', '吴学文', '17797173942', '官方暂无说明', 'http://www.homecommunity.cn', 'F');
INSERT INTO `hardware_manufacturer` VALUES ('17', '臻识道闸mqtt协议', 'v1.0', 'zhenshiMqttCarMachineAdapt', '2020-12-20 17:36:28', '0', '2002', '吴学文', '17797173942', '官方暂无说明', 'http://vzenith.com/case/ivs-fc-productpage/', 'F');
INSERT INTO `hardware_manufacturer` VALUES ('20', '官方考勤协议(需要厂家支持)', 'v1.0', 'hcAttendanceProcessAdapt', '2020-12-20 17:36:28', '0', '4004', '吴学文', '17797173942', '官方暂无说明', 'http://www.homecommunity.cn', 'F');
INSERT INTO `hardware_manufacturer` VALUES ('21', '厂拍考勤机', 'v1.0', 'changePaiAttendanceProcessAdapt', '2020-12-20 17:36:28', '0', '4004', '吴学文', '17797173942', '请到京东购买', 'http://homecommunity.cn', 'T');
INSERT INTO `hardware_manufacturer` VALUES ('22', '厂拍门禁', 'v1.0', 'changpaiMqttAssessControlProcessAdapt', '2020-12-20 17:36:28', '0', '1001', '吴学文', '17797173942', '请到京东购买', 'http://homecommunity.cn', 'T');
INSERT INTO `hardware_manufacturer` VALUES ('4', '宇泛协议', 'v1.0', 'cjHttpAssessControlProcessAdapt', '2020-12-20 17:36:28', '0', '1001', '吴学文', '17797173942', '官方暂无说明', 'http://www.baidu.com', 'F');

-- ----------------------------
-- Table structure for hardware_manufacturer_attr
-- ----------------------------
DROP TABLE IF EXISTS `hardware_manufacturer_attr`;
CREATE TABLE `hardware_manufacturer_attr` (
  `attr_id` varchar(64) NOT NULL COMMENT '主键',
  `hm_id` varchar(64) NOT NULL COMMENT '厂商ID',
  `spec_cd` varchar(12) NOT NULL COMMENT '规格 95001 是topic',
  `value` varchar(200) NOT NULL COMMENT '规格值',
  `create_time` timestamp NOT NULL DEFAULT CURRENT_TIMESTAMP COMMENT '创建时间',
  `status_cd` varchar(2) NOT NULL DEFAULT '0' COMMENT '数据状态，详细参考c_status表，0在用，1失效',
  PRIMARY KEY (`attr_id`)
) ENGINE=InnoDB DEFAULT CHARSET=utf8;

-- ----------------------------
-- Records of hardware_manufacturer_attr
-- ----------------------------
INSERT INTO `hardware_manufacturer_attr` VALUES ('1', '18', '95001', '/hiot/people_send_reply', '2022-08-03 05:09:50', '0');
INSERT INTO `hardware_manufacturer_attr` VALUES ('10', '102023112242490002', '95001', 'instrument/topic/report/response/SN', '2023-11-27 16:55:17', '0');
INSERT INTO `hardware_manufacturer_attr` VALUES ('11', '1', '95001', 'hc/ac/response', '2024-01-16 03:22:34', '0');
INSERT INTO `hardware_manufacturer_attr` VALUES ('12', '15', '95001', 'hc/barrier/response', '2024-01-16 03:22:54', '0');
INSERT INTO `hardware_manufacturer_attr` VALUES ('13', '21', '95001', 'changpai/topic/face/capture/request/SN', '2023-11-09 17:17:16', '0');
INSERT INTO `hardware_manufacturer_attr` VALUES ('14', '21', '95001', 'changpai/topic/face/manage/response/SN', '2023-11-09 17:17:34', '0');
INSERT INTO `hardware_manufacturer_attr` VALUES ('15', '21', '95001', 'changpai/topic/face/heart/request/SN', '2023-11-09 17:17:51', '0');
INSERT INTO `hardware_manufacturer_attr` VALUES ('16', '20', '95001', 'hc/attendance/response', '2024-01-16 03:22:34', '0');
INSERT INTO `hardware_manufacturer_attr` VALUES ('17', '4', '95001', 'device/uface/SN/response', '2024-01-16 03:22:34', '0');
INSERT INTO `hardware_manufacturer_attr` VALUES ('18', '4', '95001', 'device/uface/SN/event', '2024-01-16 03:22:34', '0');
INSERT INTO `hardware_manufacturer_attr` VALUES ('19', '4', '95001', 'device/uface/SN/upload', '2024-01-16 03:22:34', '0');
INSERT INTO `hardware_manufacturer_attr` VALUES ('2', '18', '95001', '/hiot/record_message', '2022-08-03 05:11:06', '0');
INSERT INTO `hardware_manufacturer_attr` VALUES ('3', '18', '95001', '/hio/device_cmd_reply', '2022-08-03 05:11:49', '0');
INSERT INTO `hardware_manufacturer_attr` VALUES ('4', '3', '95001', 'online.response', '2022-08-09 09:36:39', '0');
INSERT INTO `hardware_manufacturer_attr` VALUES ('5', '3', '95001', 'face.response', '2022-08-09 09:36:56', '0');
INSERT INTO `hardware_manufacturer_attr` VALUES ('6', '17', '95001', '/device/push/result', '2022-08-09 09:36:56', '0');
INSERT INTO `hardware_manufacturer_attr` VALUES ('7', '22', '95001', 'changpaimenjin/topic/face/capture/request/SN', '2023-11-09 17:17:16', '0');
INSERT INTO `hardware_manufacturer_attr` VALUES ('8', '22', '95001', 'changpaimenjin/topic/face/manage/response/SN', '2023-11-09 17:17:34', '0');
INSERT INTO `hardware_manufacturer_attr` VALUES ('9', '22', '95001', 'changpaimenjin/topic/face/heart/request/SN', '2023-11-09 17:17:51', '0');

-- ----------------------------
-- Table structure for instrument
-- ----------------------------
DROP TABLE IF EXISTS `instrument`;
CREATE TABLE `instrument` (
  `machine_id` varchar(30) NOT NULL COMMENT '设备ID',
  `machine_code` varchar(64) NOT NULL COMMENT '设备编码',
  `machine_name` varchar(200) NOT NULL COMMENT '设备名称',
  `community_id` varchar(30) NOT NULL COMMENT '小区ID',
  `type_id` varchar(30) NOT NULL COMMENT '仪表类型',
  `charge` decimal(10,2) NOT NULL DEFAULT '0.00' COMMENT '剩余电量，百分比',
  `sign` decimal(10,2) NOT NULL DEFAULT '0.00' COMMENT '信号强度',
  `up_min` int NOT NULL DEFAULT '60' COMMENT '上报时间',
  `check_sec` int NOT NULL DEFAULT '60' COMMENT '采样时间',
  `impl_bean` varchar(30) NOT NULL COMMENT '仪表厂家',
  `create_time` timestamp NOT NULL DEFAULT CURRENT_TIMESTAMP COMMENT '创建时间',
  `status_cd` varchar(2) NOT NULL DEFAULT '0' COMMENT '数据状态，详细参考c_status表，S 保存，0, 在用 1失效',
  PRIMARY KEY (`machine_id`),
  KEY `i_m_community_id` (`community_id`)
) ENGINE=InnoDB DEFAULT CHARSET=utf8;

-- ----------------------------
-- Records of instrument
-- ----------------------------
INSERT INTO `instrument` VALUES ('102023112470370040', 'code', 'name', '102023021386560001', '102023112330650011', '90.00', '21.00', '10', '20', '102023112242490002', '2023-11-24 10:49:21', '0');
INSERT INTO `instrument` VALUES ('102023120530810002', '123', '123', '102023021386560001', '102023112330650011', '0.00', '0.00', '123', '123', '102023112242490002', '2023-12-05 17:15:47', '0');

-- ----------------------------
-- Table structure for instrument_factory
-- ----------------------------
DROP TABLE IF EXISTS `instrument_factory`;
CREATE TABLE `instrument_factory` (
  `factory_id` varchar(30) NOT NULL COMMENT '厂家ID',
  `factory_name` varchar(64) NOT NULL COMMENT '厂家名称',
  `bean_impl` varchar(512) NOT NULL COMMENT '厂家处理类',
  `remark` varchar(512) DEFAULT NULL COMMENT '备注',
  `create_time` timestamp NOT NULL DEFAULT CURRENT_TIMESTAMP COMMENT '创建时间',
  `status_cd` varchar(2) NOT NULL DEFAULT '0' COMMENT '数据状态',
  PRIMARY KEY (`factory_id`) USING BTREE
) ENGINE=InnoDB DEFAULT CHARSET=utf8mb4 COLLATE=utf8mb4_0900_ai_ci;

-- ----------------------------
-- Records of instrument_factory
-- ----------------------------
INSERT INTO `instrument_factory` VALUES ('102023112242490002', '通用仪表厂家', 'commonInstrumentFactoryAdaptImpl', '通用仪表厂家', '2023-11-22 14:10:05', '0');
INSERT INTO `instrument_factory` VALUES ('102023112394000018', '111', '111', '', '2023-11-23 15:13:59', '0');

-- ----------------------------
-- Table structure for instrument_factory_spec
-- ----------------------------
DROP TABLE IF EXISTS `instrument_factory_spec`;
CREATE TABLE `instrument_factory_spec` (
  `spec_id` varchar(30) NOT NULL COMMENT '规格ID',
  `factory_id` varchar(64) NOT NULL COMMENT '厂家名称',
  `spec_name` varchar(64) NOT NULL COMMENT '规格名称',
  `spec_cd` varchar(12) CHARACTER SET utf8mb4 COLLATE utf8mb4_0900_ai_ci NOT NULL COMMENT '规格编号',
  `create_time` timestamp NOT NULL DEFAULT CURRENT_TIMESTAMP COMMENT '创建时间',
  `status_cd` varchar(2) NOT NULL DEFAULT '0' COMMENT '数据状态',
  `remark` varchar(256) DEFAULT NULL COMMENT '描述',
  PRIMARY KEY (`spec_id`) USING BTREE
) ENGINE=InnoDB DEFAULT CHARSET=utf8mb4 COLLATE=utf8mb4_0900_ai_ci;

-- ----------------------------
-- Records of instrument_factory_spec
-- ----------------------------
INSERT INTO `instrument_factory_spec` VALUES ('102023112336010012', '102023112242490002', 'clientId', '1001', '2023-11-23 15:07:39', '0', '必填，请填写clientId');
INSERT INTO `instrument_factory_spec` VALUES ('102023112398340015', '102023112242490002', 'clientSecret', '1002', '2023-11-23 15:12:56', '0', '必填，请填写clientSecret');

-- ----------------------------
-- Table structure for instrument_log
-- ----------------------------
DROP TABLE IF EXISTS `instrument_log`;
CREATE TABLE `instrument_log` (
  `log_id` varchar(30) NOT NULL COMMENT '日志ID',
  `action` varchar(12) NOT NULL COMMENT '上报级别，实时数据 1001，事件数据2002',
  `machine_id` varchar(30) NOT NULL COMMENT '设备ID',
  `machine_code` varchar(30) NOT NULL COMMENT '设备编码',
  `machine_name` varchar(200) NOT NULL COMMENT '设备名称',
  `community_id` varchar(30) NOT NULL COMMENT '小区ID',
  `create_time` timestamp NOT NULL DEFAULT CURRENT_TIMESTAMP COMMENT '创建时间',
  `status_cd` varchar(2) NOT NULL DEFAULT '0' COMMENT '数据状态，详细参考c_status表，S 保存，0, 在用 1失效',
  PRIMARY KEY (`log_id`),
  KEY `i_m_community_id` (`community_id`)
) ENGINE=InnoDB DEFAULT CHARSET=utf8;

-- ----------------------------
-- Records of instrument_log
-- ----------------------------
INSERT INTO `instrument_log` VALUES ('102023120118260003', '1001', '102023112470370040', 'code1', 'name1', '102023021386560001', '2023-12-01 09:41:42', '0');
INSERT INTO `instrument_log` VALUES ('102023120126530003', '2002', '102023112470370040', 'code1', 'name1', '102023021386560001', '2023-12-01 09:05:50', '0');
INSERT INTO `instrument_log` VALUES ('102023120165230001', '1001', '102023112470370040', 'code1', 'name1', '102023021386560001', '2023-12-01 10:27:42', '0');
INSERT INTO `instrument_log` VALUES ('102023120178560001', '1001', '102023112470370040', 'code1', 'name1', '102023021386560001', '2023-12-01 09:36:14', '0');
INSERT INTO `instrument_log` VALUES ('102023120190200001', '2002', '102023112470370040', 'code1', 'name1', '102023021386560001', '2023-12-01 09:04:15', '0');

-- ----------------------------
-- Table structure for instrument_log_sensor
-- ----------------------------
DROP TABLE IF EXISTS `instrument_log_sensor`;
CREATE TABLE `instrument_log_sensor` (
  `ls_id` varchar(30) NOT NULL COMMENT '主键ID',
  `log_id` varchar(30) NOT NULL COMMENT '日志ID',
  `machine_id` varchar(30) NOT NULL COMMENT '设备ID',
  `sensor_id` varchar(30) NOT NULL COMMENT '传感器ID',
  `sensor_value` varchar(200) NOT NULL COMMENT '传感器值',
  `community_id` varchar(30) NOT NULL COMMENT '小区ID',
  `create_time` timestamp NOT NULL DEFAULT CURRENT_TIMESTAMP COMMENT '创建时间',
  `status_cd` varchar(2) NOT NULL DEFAULT '0' COMMENT '数据状态，详细参考c_status表，S 保存，0, 在用 1失效',
  PRIMARY KEY (`ls_id`),
  KEY `i_m_community_id` (`community_id`)
) ENGINE=InnoDB DEFAULT CHARSET=utf8;

-- ----------------------------
-- Records of instrument_log_sensor
-- ----------------------------
INSERT INTO `instrument_log_sensor` VALUES ('102023120104300002', '102023120165230001', '102023112470370040', '102023113070310008', '0.0ppm/0.0℃', '102023021386560001', '2023-12-01 10:27:42', '0');
INSERT INTO `instrument_log_sensor` VALUES ('102023120111910002', '102023120190200001', '102023112470370040', '102023113073070009', '0.0℃', '102023021386560001', '2023-12-01 09:04:15', '0');
INSERT INTO `instrument_log_sensor` VALUES ('102023120120220004', '102023120118260003', '102023112470370040', '102023113070310008', '0.0ppm/0.0℃', '102023021386560001', '2023-12-01 09:41:42', '0');
INSERT INTO `instrument_log_sensor` VALUES ('102023120130180004', '102023120126530003', '102023112470370040', '102023113070310008', '0.0ppm/0.0℃', '102023021386560001', '2023-12-01 09:05:50', '0');
INSERT INTO `instrument_log_sensor` VALUES ('102023120163800002', '102023120178560001', '102023112470370040', '102023113070310008', '0.0ppm/0.0℃', '102023021386560001', '2023-12-01 09:36:14', '0');

-- ----------------------------
-- Table structure for instrument_param
-- ----------------------------
DROP TABLE IF EXISTS `instrument_param`;
CREATE TABLE `instrument_param` (
  `param_id` varchar(30) NOT NULL COMMENT '参数ID',
  `machine_id` varchar(30) NOT NULL COMMENT '设备ID',
  `community_id` varchar(30) NOT NULL COMMENT '小区ID',
  `spec_cd` varchar(12) NOT NULL COMMENT '规格id,参考spec表',
  `value` varchar(50) NOT NULL COMMENT '属性值',
  `create_time` timestamp NOT NULL DEFAULT CURRENT_TIMESTAMP COMMENT '创建时间',
  `status_cd` varchar(2) NOT NULL DEFAULT '0' COMMENT '数据状态，详细参考c_status表，S 保存，0, 在用 1失效',
  PRIMARY KEY (`param_id`)
) ENGINE=InnoDB DEFAULT CHARSET=utf8;

-- ----------------------------
-- Records of instrument_param
-- ----------------------------
INSERT INTO `instrument_param` VALUES ('102023112425610004', '102023120506320004', '102023021386560001', '1002', '100', '2023-11-24 17:11:26', '1');
INSERT INTO `instrument_param` VALUES ('102023112428320014', '102023120506320004', '102023021386560001', '1002', '1', '2023-11-24 17:12:45', '1');
INSERT INTO `instrument_param` VALUES ('102023112452760042', '102023120506320004', '102023021386560001', '1002', '100', '2023-11-24 10:49:22', '1');
INSERT INTO `instrument_param` VALUES ('102023112471470015', '102023120506320004', '102023021386560001', '1001', '1', '2023-11-24 17:12:45', '1');
INSERT INTO `instrument_param` VALUES ('102023112472030005', '102023120506320004', '102023021386560001', '1001', '200', '2023-11-24 17:11:26', '1');
INSERT INTO `instrument_param` VALUES ('102023112479110043', '102023120506320004', '102023021386560001', '1001', '200', '2023-11-24 10:49:22', '1');
INSERT INTO `instrument_param` VALUES ('102023113012290005', '102023120506320004', '102023021386560001', '1002', '1', '2023-11-30 17:50:06', '1');
INSERT INTO `instrument_param` VALUES ('102023113080930004', '102023120506320004', '102023021386560001', '1001', '1', '2023-11-30 17:50:06', '1');
INSERT INTO `instrument_param` VALUES ('102023120106020007', '102023112470370040', '102023021386560001', '1002', '1', '2023-12-01 10:39:24', '0');
INSERT INTO `instrument_param` VALUES ('102023120166490006', '102023112470370040', '102023021386560001', '1001', '1', '2023-12-01 10:39:24', '0');
INSERT INTO `instrument_param` VALUES ('102023120509680012', '102023120530810002', '102023021386560001', '1001', '1', '2023-12-05 17:15:58', '1');
INSERT INTO `instrument_param` VALUES ('102023120521060022', '102023120530810002', '102023021386560001', '1001', '4', '2023-12-05 17:16:35', '0');
INSERT INTO `instrument_param` VALUES ('102023120556370004', '102023120530810002', '102023021386560001', '1002', '1', '2023-12-05 17:15:48', '1');
INSERT INTO `instrument_param` VALUES ('102023120569540021', '102023120530810002', '102023021386560001', '1002', '3', '2023-12-05 17:16:35', '0');
INSERT INTO `instrument_param` VALUES ('102023120574860005', '102023120530810002', '102023021386560001', '1001', '1', '2023-12-05 17:15:48', '1');
INSERT INTO `instrument_param` VALUES ('102023120593880013', '102023120530810002', '102023021386560001', '1002', '1', '2023-12-05 17:15:58', '1');

-- ----------------------------
-- Table structure for instrument_sensor
-- ----------------------------
DROP TABLE IF EXISTS `instrument_sensor`;
CREATE TABLE `instrument_sensor` (
  `sensor_id` varchar(30) NOT NULL COMMENT '传感器ID',
  `machine_id` varchar(30) NOT NULL COMMENT '设备ID',
  `sensor_type` varchar(12) NOT NULL COMMENT '传感器类型：1001 压力传感器 2002 液位传感器 3003 温湿度传感器 4004 温度传感器 5005 水质传感器 6006 可燃气体 7007 水浸传感器',
  `community_id` varchar(30) NOT NULL COMMENT '小区ID',
  `min_value` decimal(10,2) DEFAULT NULL COMMENT '最小值',
  `max_value` decimal(10,2) DEFAULT NULL COMMENT '最大值',
  `units` varchar(12) CHARACTER SET utf8 COLLATE utf8_general_ci DEFAULT NULL COMMENT '单位',
  `create_time` timestamp NOT NULL DEFAULT CURRENT_TIMESTAMP COMMENT '创建时间',
  `status_cd` varchar(2) NOT NULL DEFAULT '0' COMMENT '数据状态，详细参考c_status表，S 保存，0, 在用 1失效',
  PRIMARY KEY (`sensor_id`),
  KEY `i_m_community_id` (`community_id`)
) ENGINE=InnoDB DEFAULT CHARSET=utf8;

-- ----------------------------
-- Records of instrument_sensor
-- ----------------------------
INSERT INTO `instrument_sensor` VALUES ('102023112400740009', '102023120544880030', '7007', '102023021386560001', null, null, null, '2023-11-24 17:11:29', '1');
INSERT INTO `instrument_sensor` VALUES ('102023112401050005', '102023120544880030', '7007', '102023021386560001', null, null, null, '2023-11-24 16:57:43', '1');
INSERT INTO `instrument_sensor` VALUES ('102023112408060006', '102023120544880030', '1001', '102023021386560001', '0.00', '20.00', 'n/m', '2023-11-24 16:57:43', '1');
INSERT INTO `instrument_sensor` VALUES ('102023112419670008', '102023120544880030', '1001', '102023021386560001', '0.00', '20.00', 'n/m', '2023-11-24 17:11:29', '1');
INSERT INTO `instrument_sensor` VALUES ('102023112435970019', '102023120544880030', '5005', '102023021386560001', '1.00', '1.00', 'c', '2023-11-24 17:12:48', '1');
INSERT INTO `instrument_sensor` VALUES ('102023112476800018', '102023120544880030', '5005', '102023021386560001', null, null, null, '2023-11-24 17:12:48', '1');
INSERT INTO `instrument_sensor` VALUES ('102023113070310008', '102023112470370040', '5005', '102023021386560001', null, null, null, '2023-11-30 17:50:09', '0');
INSERT INTO `instrument_sensor` VALUES ('102023113073070009', '102023112470370040', '4004', '102023021386560001', '1.00', '50.00', 'c', '2023-11-30 17:50:09', '0');
INSERT INTO `instrument_sensor` VALUES ('102023120537170025', '102023120530810002', '2002', '102023021386560001', null, null, null, '2023-12-05 17:16:37', '0');
INSERT INTO `instrument_sensor` VALUES ('102023120581470016', '102023120530810002', '2002', '102023021386560001', null, null, null, '2023-12-05 17:16:00', '1');
INSERT INTO `instrument_sensor` VALUES ('102023120594920007', '102023120530810002', '2002', '102023021386560001', null, null, null, '2023-12-05 17:15:49', '1');

-- ----------------------------
-- Table structure for instrument_type
-- ----------------------------
DROP TABLE IF EXISTS `instrument_type`;
CREATE TABLE `instrument_type` (
  `type_id` varchar(30) NOT NULL COMMENT '仪表类型',
  `name` varchar(30) NOT NULL COMMENT '类型名称',
  `community_id` varchar(30) NOT NULL COMMENT '小区ID',
  `create_time` timestamp NOT NULL DEFAULT CURRENT_TIMESTAMP COMMENT '创建时间',
  `status_cd` varchar(2) NOT NULL DEFAULT '0' COMMENT '数据状态，详细参考c_status表，S 保存，0, 在用 1失效',
  `remark` varchar(256) DEFAULT NULL COMMENT '备注',
  PRIMARY KEY (`type_id`),
  KEY `i_m_community_id` (`community_id`)
) ENGINE=InnoDB DEFAULT CHARSET=utf8;

-- ----------------------------
-- Records of instrument_type
-- ----------------------------
INSERT INTO `instrument_type` VALUES ('102023112330650011', '测试类型1', '102023021386560001', '2023-11-23 09:57:11', '0', '测试类型1');
INSERT INTO `instrument_type` VALUES ('102023112467040009', '测试类型2', '102023021386560001', '2023-11-24 16:44:25', '0', '');
INSERT INTO `instrument_type` VALUES ('102024021932620135', '1111', '2023052267100146', '2024-02-19 10:07:11', '0', '');

-- ----------------------------
-- Table structure for lamp_machine
-- ----------------------------
DROP TABLE IF EXISTS `lamp_machine`;
CREATE TABLE `lamp_machine` (
  `machine_id` varchar(30) NOT NULL COMMENT '设备ID',
  `machine_name` varchar(200) NOT NULL COMMENT '名称',
  `machine_code` varchar(30) NOT NULL COMMENT '设备编号',
  `location_name` varchar(64) NOT NULL COMMENT '位置',
  `factory_id` varchar(30) NOT NULL COMMENT '厂家',
  `community_id` varchar(30) NOT NULL COMMENT '小区ID',
  `heartbeat_time` datetime NOT NULL COMMENT '设备心跳时间',
  `state` varchar(12) NOT NULL COMMENT '状态，1001 打开中，1002 关闭中',
  `create_time` timestamp NOT NULL DEFAULT CURRENT_TIMESTAMP COMMENT '创建时间',
  `status_cd` varchar(2) NOT NULL DEFAULT '0' COMMENT '数据状态，详细参考c_status表，S 保存，0, 在用 1失效',
  PRIMARY KEY (`machine_id`) USING BTREE
) ENGINE=InnoDB DEFAULT CHARSET=utf8mb4 COLLATE=utf8mb4_0900_ai_ci ROW_FORMAT=DYNAMIC COMMENT='路灯管理';

-- ----------------------------
-- Records of lamp_machine
-- ----------------------------
INSERT INTO `lamp_machine` VALUES ('102023092560510002', '1', '1', '1', '102023092199890002', '102023021386560001', '2023-09-25 11:49:52', '1002', '2023-09-25 11:49:54', '0');
INSERT INTO `lamp_machine` VALUES ('102023092592280005', '21', '21', '21', '102023092167800040', '102023021386560001', '2023-09-25 11:50:36', '1002', '2023-09-25 11:50:37', '1');
INSERT INTO `lamp_machine` VALUES ('123', 'qqq1', '1231', '1231', '102023092199890002', '102023021386560001', '2023-09-22 11:15:09', '1002', '2023-09-22 11:14:24', '0');
INSERT INTO `lamp_machine` VALUES ('124', 'qqq2', '1232', '1232', '102023092199890002', '102023021386560001', '2023-09-22 11:15:09', '1002', '2023-09-22 11:14:25', '0');
INSERT INTO `lamp_machine` VALUES ('125', 'qqq3', '1233', '1233', '102023092199890002', '102023021386560001', '2023-09-22 11:15:09', '1002', '2023-09-22 11:14:26', '0');
INSERT INTO `lamp_machine` VALUES ('126', 'qqq4', '1234', '1234', '102023092199890002', '102023021386560001', '2023-09-22 11:15:09', '1002', '2023-09-22 11:14:27', '0');
INSERT INTO `lamp_machine` VALUES ('127', 'qqq5', '1235', '1235', '102023092199890002', '102023021386560001', '2023-09-22 11:15:09', '1002', '2023-09-22 11:14:28', '0');
INSERT INTO `lamp_machine` VALUES ('128', 'qqq6', '1236', '1236', '102023092199890002', '102023021386560001', '2023-09-22 11:15:09', '1002', '2023-09-22 11:14:29', '0');
INSERT INTO `lamp_machine` VALUES ('129', 'qqq7', '1237', '1237', '102023092199890002', '102023021386560001', '2023-09-22 11:15:09', '1002', '2023-09-22 11:14:30', '0');
INSERT INTO `lamp_machine` VALUES ('130', 'qqq8', '1238', '1238', '102023092199890002', '102023021386560001', '2023-09-22 11:15:09', '1002', '2023-09-22 11:14:31', '0');
INSERT INTO `lamp_machine` VALUES ('131', 'qqq9', '1239', '1239', '102023092199890002', '102023021386560001', '2023-09-22 11:15:09', '1002', '2023-09-22 11:14:32', '0');
INSERT INTO `lamp_machine` VALUES ('132', 'qqq10', '12310', '12310', '102023092199890002', '102023021386560001', '2023-09-22 11:15:09', '1002', '2023-09-22 11:14:33', '0');
INSERT INTO `lamp_machine` VALUES ('133', 'qqq11', '12311', '12311', '102023092199890002', '102023021386560001', '2023-09-22 11:15:09', '1002', '2023-09-22 11:14:34', '0');
INSERT INTO `lamp_machine` VALUES ('134', 'qqq12', '12312', '12312', '102023092199890002', '102023021386560001', '2023-09-22 11:15:09', '1002', '2023-09-22 11:14:35', '0');
INSERT INTO `lamp_machine` VALUES ('135', 'qqq13', '12313', '12313', '102023092199890002', '102023021386560001', '2023-09-22 11:15:09', '1002', '2023-09-22 11:14:36', '0');
INSERT INTO `lamp_machine` VALUES ('136', 'qqq14', '12314', '12314', '102023092199890002', '102023021386560001', '2023-09-22 11:15:09', '1002', '2023-09-22 11:14:37', '0');
INSERT INTO `lamp_machine` VALUES ('137', 'qqq15', '12315', '12315', '102023092199890002', '102023021386560001', '2023-10-23 17:13:09', '1002', '2023-09-22 11:14:38', '0');

-- ----------------------------
-- Table structure for lamp_machine_factory
-- ----------------------------
DROP TABLE IF EXISTS `lamp_machine_factory`;
CREATE TABLE `lamp_machine_factory` (
  `factory_id` varchar(30) CHARACTER SET utf8mb4 COLLATE utf8mb4_0900_ai_ci NOT NULL COMMENT '厂家ID',
  `factory_name` varchar(64) CHARACTER SET utf8mb4 COLLATE utf8mb4_0900_ai_ci NOT NULL COMMENT '厂家名称',
  `bean_impl` varchar(512) CHARACTER SET utf8mb4 COLLATE utf8mb4_0900_ai_ci NOT NULL COMMENT '厂家处理类',
  `remark` varchar(512) CHARACTER SET utf8mb4 COLLATE utf8mb4_0900_ai_ci DEFAULT NULL COMMENT '备注',
  `create_time` timestamp NOT NULL DEFAULT CURRENT_TIMESTAMP COMMENT '创建时间',
  `status_cd` varchar(2) CHARACTER SET utf8mb4 COLLATE utf8mb4_0900_ai_ci NOT NULL DEFAULT '0' COMMENT '数据状态',
  PRIMARY KEY (`factory_id`) USING BTREE
) ENGINE=InnoDB DEFAULT CHARSET=utf8mb4 COLLATE=utf8mb4_0900_ai_ci ROW_FORMAT=DYNAMIC COMMENT='路灯厂家';

-- ----------------------------
-- Records of lamp_machine_factory
-- ----------------------------
INSERT INTO `lamp_machine_factory` VALUES ('102023092167800040', '111', '111', '', '2023-09-21 16:40:11', '0');
INSERT INTO `lamp_machine_factory` VALUES ('102023092199890002', '通用路灯', 'commonLampFactoryAdaptImpl', '', '2023-09-21 15:38:46', '0');
INSERT INTO `lamp_machine_factory` VALUES ('102023103087700005', '111', '111', '', '2023-10-30 10:59:51', '1');

-- ----------------------------
-- Table structure for lamp_machine_factory_spec
-- ----------------------------
DROP TABLE IF EXISTS `lamp_machine_factory_spec`;
CREATE TABLE `lamp_machine_factory_spec` (
  `spec_id` varchar(30) CHARACTER SET utf8mb4 COLLATE utf8mb4_0900_ai_ci NOT NULL COMMENT '规格ID',
  `factory_id` varchar(64) CHARACTER SET utf8mb4 COLLATE utf8mb4_0900_ai_ci NOT NULL COMMENT '厂家ID',
  `spec_name` varchar(64) CHARACTER SET utf8mb4 COLLATE utf8mb4_0900_ai_ci NOT NULL COMMENT '规格名称',
  `create_time` timestamp NOT NULL DEFAULT CURRENT_TIMESTAMP COMMENT '创建时间',
  `status_cd` varchar(2) CHARACTER SET utf8mb4 COLLATE utf8mb4_0900_ai_ci NOT NULL DEFAULT '0' COMMENT '数据状态',
  `remark` varchar(256) CHARACTER SET utf8mb4 COLLATE utf8mb4_0900_ai_ci DEFAULT NULL COMMENT '描述',
  PRIMARY KEY (`spec_id`) USING BTREE
) ENGINE=InnoDB DEFAULT CHARSET=utf8mb4 COLLATE=utf8mb4_0900_ai_ci ROW_FORMAT=DYNAMIC COMMENT='路灯厂家参数';

-- ----------------------------
-- Records of lamp_machine_factory_spec
-- ----------------------------
INSERT INTO `lamp_machine_factory_spec` VALUES ('102023092118340016', '102023092199890002', 'qqq', '2023-09-21 16:29:26', '0', '111');
INSERT INTO `lamp_machine_factory_spec` VALUES ('102023092162490043', '102023092167800040', '111', '2023-09-21 16:40:21', '0', '');
INSERT INTO `lamp_machine_factory_spec` VALUES ('102023092182180019', '102023092199890002', 'www', '2023-09-21 16:29:38', '0', '');

-- ----------------------------
-- Table structure for lamp_machine_log
-- ----------------------------
DROP TABLE IF EXISTS `lamp_machine_log`;
CREATE TABLE `lamp_machine_log` (
  `log_id` varchar(64) NOT NULL COMMENT '日志ID',
  `machine_id` varchar(64) NOT NULL COMMENT '设备ID',
  `community_id` varchar(30) NOT NULL COMMENT '小区ID',
  `log_action` varchar(256) NOT NULL COMMENT '日志动作',
  `person_id` varchar(64) DEFAULT NULL COMMENT 'user_id',
  `person_name` varchar(200) DEFAULT NULL COMMENT '用户名称',
  `req_param` longtext COMMENT '请求报文',
  `res_param` longtext COMMENT '返回报文',
  `state` varchar(12) NOT NULL COMMENT '状态，请求成功 10001,返回成功10002,操作失败 10003',
  `create_time` timestamp NOT NULL DEFAULT CURRENT_TIMESTAMP COMMENT '创建时间',
  PRIMARY KEY (`log_id`) USING BTREE
) ENGINE=InnoDB DEFAULT CHARSET=utf8mb4 COLLATE=utf8mb4_0900_ai_ci ROW_FORMAT=DYNAMIC COMMENT='下发设备日志';

-- ----------------------------
-- Records of lamp_machine_log
-- ----------------------------
INSERT INTO `lamp_machine_log` VALUES ('1', '123', '102023021386560001', 'open', '302023021495090004', '演示物业', '{\r\n  \"param\": {\r\n    \"personName\": \"person_name\",\r\n    \"machineId\": \"machine_id\",\r\n    \"personId\": \"person_id\",\r\n    \"statusCd\": \"status_cd\",\r\n    \"lmoId\": \"lmo_id\",\r\n    \"type\": \"type\",\r\n    \"operationTime\": \"operation_time\"\r\n  },\r\n  \"name\": \"lampMachineOperation\",\r\n  \"shareColumn\": \"lmoId\",\r\n  \"position\": \"/Users/wuxuewen/project/hc/MicroCommunity\",\r\n  \"id\": \"lmoId\",\r\n  \"shareName\": \"lamp\",\r\n  \"projectName\": \"service-\",\r\n  \"autoMove\": true,\r\n  \"required\": [\r\n    {\r\n      \"msg\": \"ID不能为空\",\r\n      \"code\": \"lmoId\"\r\n    },\r\n    {\r\n      \"msg\": \"设备ID不能为空\",\r\n      \"code\": \"machineId\"\r\n    },\r\n    {\r\n      \"msg\": \"类型不能为空\",\r\n      \"code\": \"type\"\r\n    },\r\n    {\r\n      \"msg\": \"操作时间不能为空\",\r\n      \"code\": \"operationTime\"\r\n    },\r\n    {\r\n      \"msg\": \"数据状态不能为空\",\r\n      \"code\": \"statusCd\"\r\n    }\r\n  ],\r\n  \"desc\": \"操作日志\",\r\n  \"shareParam\": \"lmoId\",\r\n  \"tableName\": \"lamp_machine_operation\"\r\n}', '{\r\n  \"param\": {\r\n    \"personName\": \"person_name\",\r\n    \"machineId\": \"machine_id\",\r\n    \"personId\": \"person_id\",\r\n    \"statusCd\": \"status_cd\",\r\n    \"lmoId\": \"lmo_id\",\r\n    \"type\": \"type\",\r\n    \"operationTime\": \"operation_time\"\r\n  },\r\n  \"name\": \"lampMachineOperation\",\r\n  \"shareColumn\": \"lmoId\",\r\n  \"position\": \"/Users/wuxuewen/project/hc/MicroCommunity\",\r\n  \"id\": \"lmoId\",\r\n  \"shareName\": \"lamp\",\r\n  \"projectName\": \"service-\",\r\n  \"autoMove\": true,\r\n  \"required\": [\r\n    {\r\n      \"msg\": \"ID不能为空\",\r\n      \"code\": \"lmoId\"\r\n    },\r\n    {\r\n      \"msg\": \"设备ID不能为空\",\r\n      \"code\": \"machineId\"\r\n    },\r\n    {\r\n      \"msg\": \"类型不能为空\",\r\n      \"code\": \"type\"\r\n    },\r\n    {\r\n      \"msg\": \"操作时间不能为空\",\r\n      \"code\": \"operationTime\"\r\n    },\r\n    {\r\n      \"msg\": \"数据状态不能为空\",\r\n      \"code\": \"statusCd\"\r\n    }\r\n  ],\r\n  \"desc\": \"操作日志\",\r\n  \"shareParam\": \"lmoId\",\r\n  \"tableName\": \"lamp_machine_operation\"\r\n}', '10001', '2023-09-22 16:28:01');
INSERT INTO `lamp_machine_log` VALUES ('102023092567830011', '102023092560510002', '102023021386560001', 'open', '302023021495090004', '演示物业', '', null, '10001', '2023-09-25 16:57:13');
INSERT INTO `lamp_machine_log` VALUES ('102023092726870002', '102023092560510002', '102023021386560001', 'open', '302023021495090004', '演示物业', '', null, '10001', '2023-09-27 12:25:00');
INSERT INTO `lamp_machine_log` VALUES ('102024021817980012', '137', '102023021386560001', 'open', '302023021495090004', '演示物业', '', null, '10001', '2024-02-18 12:08:35');
INSERT INTO `lamp_machine_log` VALUES ('102024021818130007', '102023092560510002', '102023021386560001', 'open', '302023021495090004', '演示物业', '', null, '10001', '2024-02-18 12:08:32');
INSERT INTO `lamp_machine_log` VALUES ('102024021836060018', '102023092560510002', '102023021386560001', 'open', '302023021495090004', '演示物业', '', null, '10001', '2024-02-18 14:32:18');
INSERT INTO `lamp_machine_log` VALUES ('102024021841050065', '136', '102023021386560001', 'open', '302023021495090004', '演示物业', '', null, '10001', '2024-02-18 22:27:15');
INSERT INTO `lamp_machine_log` VALUES ('102024021878570046', '136', '102023021386560001', 'open', '302023021495090004', '演示物业', '', null, '10001', '2024-02-18 17:18:46');
INSERT INTO `lamp_machine_log` VALUES ('102024021907610103', '137', '102023021386560001', 'open', '302023021495090004', '演示物业', '', null, '10001', '2024-02-19 09:41:19');
INSERT INTO `lamp_machine_log` VALUES ('102024021908980237', '102023092560510002', '102023021386560001', 'open', '302023021495090004', '演示物业', '', null, '10001', '2024-02-19 11:52:50');
INSERT INTO `lamp_machine_log` VALUES ('102024021917460374', '102023092560510002', '102023021386560001', 'open', '302023021495090004', '演示物业', '', null, '10001', '2024-02-19 15:06:18');
INSERT INTO `lamp_machine_log` VALUES ('102024021918760146', '102023092560510002', '102023021386560001', 'open', '302023021495090004', '演示物业', '', null, '10001', '2024-02-19 10:20:38');
INSERT INTO `lamp_machine_log` VALUES ('102024021919720361', '102023092560510002', '102023021386560001', 'open', '302023021495090004', '演示物业', '', null, '10001', '2024-02-19 14:37:44');
INSERT INTO `lamp_machine_log` VALUES ('102024021925670391', '102023092560510002', '102023021386560001', 'open', '302023021495090004', '演示物业', '', null, '10001', '2024-02-19 15:47:21');
INSERT INTO `lamp_machine_log` VALUES ('102024021928310213', '136', '102023021386560001', 'open', '302023021495090004', '演示物业', '', null, '10001', '2024-02-19 10:56:21');
INSERT INTO `lamp_machine_log` VALUES ('102024021933080300', '102023092560510002', '102023021386560001', 'open', '302023021495090004', '演示物业', '', null, '10001', '2024-02-19 12:18:05');
INSERT INTO `lamp_machine_log` VALUES ('102024021946180431', '102023092560510002', '102023021386560001', 'open', '302023021495090004', '演示物业', '', null, '10001', '2024-02-19 18:04:36');
INSERT INTO `lamp_machine_log` VALUES ('102024021962940264', '102023092560510002', '102023021386560001', 'open', '302023021495090004', '演示物业', '', null, '10001', '2024-02-19 12:01:32');
INSERT INTO `lamp_machine_log` VALUES ('102024021966930328', '102023092560510002', '102023021386560001', 'open', '302023021495090004', '演示物业', '', null, '10001', '2024-02-19 12:51:46');
INSERT INTO `lamp_machine_log` VALUES ('102024021971080098', '102023092560510002', '102023021386560001', 'open', '302023021495090004', '演示物业', '', null, '10001', '2024-02-19 09:41:14');
INSERT INTO `lamp_machine_log` VALUES ('102024021985920402', '102023092560510002', '102023021386560001', 'open', '302023021495090004', '演示物业', '', null, '10001', '2024-02-19 15:58:43');
INSERT INTO `lamp_machine_log` VALUES ('102024021989880307', '102023092560510002', '102023021386560001', 'open', '302023021495090004', '演示物业', '', null, '10001', '2024-02-19 12:19:01');
INSERT INTO `lamp_machine_log` VALUES ('102024021993130108', '133', '102023021386560001', 'open', '302023021495090004', '演示物业', '', null, '10001', '2024-02-19 09:41:25');
INSERT INTO `lamp_machine_log` VALUES ('102024022001430735', '102023092560510002', '102023021386560001', 'open', '302023021495090004', '演示物业', '', null, '10001', '2024-02-20 17:47:05');
INSERT INTO `lamp_machine_log` VALUES ('102024022019130757', '137', '102023021386560001', 'open', '302023021495090004', '演示物业', '', null, '10001', '2024-02-20 18:41:53');
INSERT INTO `lamp_machine_log` VALUES ('102024022050110762', '136', '102023021386560001', 'open', '302023021495090004', '演示物业', '', null, '10001', '2024-02-20 18:41:55');
INSERT INTO `lamp_machine_log` VALUES ('102024022061110752', '102023092560510002', '102023021386560001', 'open', '302023021495090004', '演示物业', '', null, '10001', '2024-02-20 18:41:50');
INSERT INTO `lamp_machine_log` VALUES ('102024022083870710', '102023092560510002', '102023021386560001', 'open', '302023021495090004', '演示物业', '', null, '10001', '2024-02-20 15:43:14');
INSERT INTO `lamp_machine_log` VALUES ('102024022083970569', '137', '102023021386560001', 'open', '302023021495090004', '演示物业', '', null, '10001', '2024-02-20 11:07:02');
INSERT INTO `lamp_machine_log` VALUES ('102024022089120715', '136', '102023021386560001', 'open', '302023021495090004', '演示物业', '', null, '10001', '2024-02-20 15:43:18');
INSERT INTO `lamp_machine_log` VALUES ('102024022110810877', '102023092560510002', '102023021386560001', 'open', '302023021495090004', '演示物业', '', null, '10001', '2024-02-21 16:52:31');
INSERT INTO `lamp_machine_log` VALUES ('102024022177080838', '137', '102023021386560001', 'open', '302023021495090004', '演示物业', '', null, '10001', '2024-02-21 15:27:43');
INSERT INTO `lamp_machine_log` VALUES ('102024022219141185', '102023092560510002', '102023021386560001', 'open', '302023021495090004', '演示物业', '', null, '10001', '2024-02-22 21:19:36');
INSERT INTO `lamp_machine_log` VALUES ('102024022225430945', '102023092560510002', '102023021386560001', 'open', '302023021495090004', '演示物业', '', null, '10001', '2024-02-22 10:37:06');
INSERT INTO `lamp_machine_log` VALUES ('102024022236610962', '102023092560510002', '102023021386560001', 'open', '302023021495090004', '演示物业', '', null, '10001', '2024-02-22 11:35:34');
INSERT INTO `lamp_machine_log` VALUES ('102024022262980957', '102023092560510002', '102023021386560001', 'open', '302023021495090004', '演示物业', '', null, '10001', '2024-02-22 11:35:30');
INSERT INTO `lamp_machine_log` VALUES ('102024022293860931', '102023092560510002', '102023021386560001', 'open', '302023021495090004', '演示物业', '', null, '10001', '2024-02-22 09:54:06');
INSERT INTO `lamp_machine_log` VALUES ('102024022295601190', '133', '102023021386560001', 'open', '302023021495090004', '演示物业', '', null, '10001', '2024-02-22 21:19:43');
INSERT INTO `lamp_machine_log` VALUES ('102024022298620926', '102023092560510002', '102023021386560001', 'open', '302023021495090004', '演示物业', '', null, '10001', '2024-02-22 09:54:02');
INSERT INTO `lamp_machine_log` VALUES ('102024022300331466', '136', '102023021386560001', 'open', '302023021495090004', '演示物业', '', null, '10001', '2024-02-23 11:06:30');
INSERT INTO `lamp_machine_log` VALUES ('102024022302111226', '132', '102023021386560001', 'open', '302023021495090004', '演示物业', '', null, '10001', '2024-02-23 08:47:48');
INSERT INTO `lamp_machine_log` VALUES ('102024022307331503', '102023092560510002', '102023021386560001', 'open', '302023021495090004', '演示物业', '', null, '10001', '2024-02-23 13:40:30');
INSERT INTO `lamp_machine_log` VALUES ('102024022316271211', '129', '102023021386560001', 'open', '302023021495090004', '演示物业', '', null, '10001', '2024-02-23 08:47:44');
INSERT INTO `lamp_machine_log` VALUES ('102024022323741538', '102023092560510002', '102023021386560001', 'open', '302023021495090004', '演示物业', '', null, '10001', '2024-02-23 15:38:17');
INSERT INTO `lamp_machine_log` VALUES ('102024022326981879', '137', '102023021386560001', 'open', '302023021495090004', '演示物业', '', null, '10001', '2024-02-23 18:30:42');
INSERT INTO `lamp_machine_log` VALUES ('102024022329551216', '130', '102023021386560001', 'open', '302023021495090004', '演示物业', '', null, '10001', '2024-02-23 08:47:46');
INSERT INTO `lamp_machine_log` VALUES ('102024022345821221', '131', '102023021386560001', 'open', '302023021495090004', '演示物业', '', null, '10001', '2024-02-23 08:47:47');
INSERT INTO `lamp_machine_log` VALUES ('102024022355861909', '102023092560510002', '102023021386560001', 'open', '302023021495090004', '演示物业', '', null, '10001', '2024-02-23 20:44:27');
INSERT INTO `lamp_machine_log` VALUES ('102024022363401874', '136', '102023021386560001', 'open', '302023021495090004', '演示物业', '', null, '10001', '2024-02-23 18:30:39');
INSERT INTO `lamp_machine_log` VALUES ('102024022368841584', '102023092560510002', '102023021386560001', 'open', '302023021495090004', '演示物业', '', null, '10001', '2024-02-23 16:59:34');
INSERT INTO `lamp_machine_log` VALUES ('102024022374381884', '102023092560510002', '102023021386560001', 'open', '302023021495090004', '演示物业', '', null, '10001', '2024-02-23 18:30:43');
INSERT INTO `lamp_machine_log` VALUES ('102024022381831889', '129', '102023021386560001', 'open', '302023021495090004', '演示物业', '', null, '10001', '2024-02-23 18:30:46');
INSERT INTO `lamp_machine_log` VALUES ('102024022393631869', '136', '102023021386560001', 'open', '302023021495090004', '演示物业', '', null, '10001', '2024-02-23 18:30:37');
INSERT INTO `lamp_machine_log` VALUES ('102024022394101579', '102023092560510002', '102023021386560001', 'open', '302023021495090004', '演示物业', '', null, '10001', '2024-02-23 16:59:26');
INSERT INTO `lamp_machine_log` VALUES ('102024022424671953', '137', '102023021386560001', 'open', '302023021495090004', '演示物业', '', null, '10001', '2024-02-24 14:34:01');
INSERT INTO `lamp_machine_log` VALUES ('102024022504192006', '136', '102023021386560001', 'open', '302023021495090004', '演示物业', '', null, '10001', '2024-02-25 01:25:03');
INSERT INTO `lamp_machine_log` VALUES ('102024022516962001', '102023092560510002', '102023021386560001', 'open', '302023021495090004', '演示物业', '', null, '10001', '2024-02-25 01:25:02');
INSERT INTO `lamp_machine_log` VALUES ('102024022519912038', '136', '102023021386560001', 'open', '302023021495090004', '演示物业', '', null, '10001', '2024-02-25 23:58:33');
INSERT INTO `lamp_machine_log` VALUES ('102024022595861996', '137', '102023021386560001', 'open', '302023021495090004', '演示物业', '', null, '10001', '2024-02-25 01:24:59');
INSERT INTO `lamp_machine_log` VALUES ('102024022679372045', '102023092560510002', '102023021386560001', 'open', '302023021495090004', '演示物业', '', null, '10001', '2024-02-26 08:41:04');
INSERT INTO `lamp_machine_log` VALUES ('102024022687622326', '102023092560510002', '102023021386560001', 'open', '302023021495090004', '演示物业', '', null, '10001', '2024-02-26 13:05:20');

-- ----------------------------
-- Table structure for lamp_machine_open_close
-- ----------------------------
DROP TABLE IF EXISTS `lamp_machine_open_close`;
CREATE TABLE `lamp_machine_open_close` (
  `lmo_id` varchar(30) NOT NULL COMMENT '主键ID',
  `machine_id` varchar(30) NOT NULL COMMENT '设备ID',
  `type` varchar(12) NOT NULL DEFAULT 'open' COMMENT '类型 open 打开 close 关闭',
  `hours` int NOT NULL DEFAULT '20' COMMENT '小时，打开或者关闭小时',
  `min` int NOT NULL DEFAULT '1' COMMENT '分钟，打开或者关闭分钟',
  `create_time` timestamp NOT NULL DEFAULT CURRENT_TIMESTAMP COMMENT '创建时间',
  `status_cd` varchar(2) NOT NULL DEFAULT '0' COMMENT '数据状态，详细参考c_status表，S 保存，0, 在用 1失效',
  PRIMARY KEY (`lmo_id`) USING BTREE
) ENGINE=InnoDB DEFAULT CHARSET=utf8mb4 COLLATE=utf8mb4_0900_ai_ci ROW_FORMAT=DYNAMIC COMMENT='路灯控制';

-- ----------------------------
-- Records of lamp_machine_open_close
-- ----------------------------
INSERT INTO `lamp_machine_open_close` VALUES ('102023092600030033', '135', 'open', '18', '30', '2023-09-26 11:41:57', '1');
INSERT INTO `lamp_machine_open_close` VALUES ('102023092606820015', '126', 'open', '18', '30', '2023-09-26 11:41:44', '0');
INSERT INTO `lamp_machine_open_close` VALUES ('102023092607040010', '129', 'close', '6', '20', '2023-09-26 12:05:56', '0');
INSERT INTO `lamp_machine_open_close` VALUES ('102023092608940037', '137', 'open', '18', '30', '2023-09-26 11:41:59', '1');
INSERT INTO `lamp_machine_open_close` VALUES ('102023092609010009', '128', 'close', '6', '20', '2023-09-26 12:05:56', '0');
INSERT INTO `lamp_machine_open_close` VALUES ('102023092610320003', '102023092560510002', 'close', '7', '0', '2023-09-26 11:40:51', '1');
INSERT INTO `lamp_machine_open_close` VALUES ('102023092610870011', '124', 'open', '18', '30', '2023-09-26 11:41:39', '0');
INSERT INTO `lamp_machine_open_close` VALUES ('102023092613860028', '135', 'open', '19', '0', '2023-09-26 11:03:33', '1');
INSERT INTO `lamp_machine_open_close` VALUES ('102023092618350016', '135', 'close', '6', '20', '2023-09-26 12:05:56', '0');
INSERT INTO `lamp_machine_open_close` VALUES ('102023092623010014', '133', 'close', '6', '20', '2023-09-26 12:05:56', '0');
INSERT INTO `lamp_machine_open_close` VALUES ('102023092623310007', '102023092560510002', 'open', '18', '30', '2023-09-26 11:41:36', '0');
INSERT INTO `lamp_machine_open_close` VALUES ('102023092624850015', '134', 'close', '6', '20', '2023-09-26 12:05:56', '0');
INSERT INTO `lamp_machine_open_close` VALUES ('102023092624950032', '137', 'open', '19', '0', '2023-09-26 11:03:35', '1');
INSERT INTO `lamp_machine_open_close` VALUES ('102023092625680017', '136', 'close', '6', '20', '2023-09-26 12:05:56', '0');
INSERT INTO `lamp_machine_open_close` VALUES ('102023092626900020', '131', 'open', '19', '0', '2023-09-26 11:03:28', '1');
INSERT INTO `lamp_machine_open_close` VALUES ('102023092627860019', '128', 'open', '18', '30', '2023-09-26 11:41:47', '0');
INSERT INTO `lamp_machine_open_close` VALUES ('102023092631040026', '134', 'open', '19', '0', '2023-09-26 11:03:32', '1');
INSERT INTO `lamp_machine_open_close` VALUES ('102023092634610021', '129', 'open', '18', '30', '2023-09-26 11:41:48', '0');
INSERT INTO `lamp_machine_open_close` VALUES ('102023092635200025', '131', 'open', '18', '30', '2023-09-26 11:41:50', '0');
INSERT INTO `lamp_machine_open_close` VALUES ('102023092635560018', '130', 'open', '19', '0', '2023-09-26 11:03:27', '1');
INSERT INTO `lamp_machine_open_close` VALUES ('102023092637780005', '124', 'close', '6', '20', '2023-09-26 12:05:56', '0');
INSERT INTO `lamp_machine_open_close` VALUES ('102023092642860006', '125', 'close', '6', '20', '2023-09-26 12:05:56', '0');
INSERT INTO `lamp_machine_open_close` VALUES ('102023092645180017', '127', 'open', '18', '30', '2023-09-26 11:41:45', '0');
INSERT INTO `lamp_machine_open_close` VALUES ('102023092646510007', '126', 'close', '6', '20', '2023-09-26 12:05:56', '0');
INSERT INTO `lamp_machine_open_close` VALUES ('102023092657160029', '133', 'open', '18', '30', '2023-09-26 11:41:53', '0');
INSERT INTO `lamp_machine_open_close` VALUES ('102023092657270004', '123', 'close', '6', '20', '2023-09-26 12:05:56', '0');
INSERT INTO `lamp_machine_open_close` VALUES ('102023092658390002', '102023092560510002', 'open', '19', '0', '2023-09-26 11:03:18', '1');
INSERT INTO `lamp_machine_open_close` VALUES ('102023092660190013', '125', 'open', '18', '30', '2023-09-26 11:41:42', '0');
INSERT INTO `lamp_machine_open_close` VALUES ('102023092664880022', '132', 'open', '19', '0', '2023-09-26 11:03:29', '1');
INSERT INTO `lamp_machine_open_close` VALUES ('102023092665290006', '124', 'open', '19', '0', '2023-09-26 11:03:20', '1');
INSERT INTO `lamp_machine_open_close` VALUES ('102023092667650003', '102023092560510002', 'close', '6', '0', '2023-09-26 11:36:23', '1');
INSERT INTO `lamp_machine_open_close` VALUES ('102023092668940030', '136', 'open', '19', '0', '2023-09-26 11:03:34', '1');
INSERT INTO `lamp_machine_open_close` VALUES ('102023092669810012', '127', 'open', '19', '0', '2023-09-26 11:03:24', '1');
INSERT INTO `lamp_machine_open_close` VALUES ('102023092672570031', '134', 'open', '18', '30', '2023-09-26 11:41:55', '0');
INSERT INTO `lamp_machine_open_close` VALUES ('102023092672950023', '130', 'open', '18', '30', '2023-09-26 11:41:49', '0');
INSERT INTO `lamp_machine_open_close` VALUES ('102023092674520018', '137', 'close', '6', '20', '2023-09-26 12:05:56', '0');
INSERT INTO `lamp_machine_open_close` VALUES ('102023092674880008', '127', 'close', '6', '20', '2023-09-26 12:05:56', '0');
INSERT INTO `lamp_machine_open_close` VALUES ('102023092676160012', '131', 'close', '6', '20', '2023-09-26 12:05:56', '0');
INSERT INTO `lamp_machine_open_close` VALUES ('102023092677160016', '129', 'open', '19', '0', '2023-09-26 11:03:26', '1');
INSERT INTO `lamp_machine_open_close` VALUES ('102023092680320027', '132', 'open', '18', '30', '2023-09-26 11:41:52', '0');
INSERT INTO `lamp_machine_open_close` VALUES ('102023092683930035', '136', 'open', '18', '30', '2023-09-26 11:41:58', '1');
INSERT INTO `lamp_machine_open_close` VALUES ('102023092685880004', '123', 'open', '19', '0', '2023-09-26 11:03:19', '1');
INSERT INTO `lamp_machine_open_close` VALUES ('102023092689410003', '102023092560510002', 'close', '6', '20', '2023-09-26 12:05:56', '0');
INSERT INTO `lamp_machine_open_close` VALUES ('102023092691490010', '126', 'open', '19', '0', '2023-09-26 11:03:22', '1');
INSERT INTO `lamp_machine_open_close` VALUES ('102023092694080013', '132', 'close', '6', '20', '2023-09-26 12:05:56', '0');
INSERT INTO `lamp_machine_open_close` VALUES ('102023092695610008', '125', 'open', '19', '0', '2023-09-26 11:03:21', '1');
INSERT INTO `lamp_machine_open_close` VALUES ('102023092696810009', '123', 'open', '18', '30', '2023-09-26 11:41:37', '0');
INSERT INTO `lamp_machine_open_close` VALUES ('102023092697520014', '128', 'open', '19', '0', '2023-09-26 11:03:25', '1');
INSERT INTO `lamp_machine_open_close` VALUES ('102023092698020011', '130', 'close', '6', '20', '2023-09-26 12:05:56', '0');
INSERT INTO `lamp_machine_open_close` VALUES ('102023092699590024', '133', 'open', '19', '0', '2023-09-26 11:03:30', '1');
INSERT INTO `lamp_machine_open_close` VALUES ('102023100904120027', '137', 'open', '1', '1', '2023-10-09 16:53:23', '1');
INSERT INTO `lamp_machine_open_close` VALUES ('102023100904670031', '137', 'open', '1', '1', '2023-10-09 17:09:17', '1');
INSERT INTO `lamp_machine_open_close` VALUES ('102023100905370003', '137', 'open', '1', '1', '2023-10-09 16:35:38', '1');
INSERT INTO `lamp_machine_open_close` VALUES ('102023100905900011', '137', 'open', '3', '3', '2023-10-09 16:37:06', '1');
INSERT INTO `lamp_machine_open_close` VALUES ('102023100909800032', '135', 'open', '1', '1', '2023-10-09 17:09:17', '1');
INSERT INTO `lamp_machine_open_close` VALUES ('102023100910760015', '137', 'open', '1', '1', '2023-10-09 16:51:51', '1');
INSERT INTO `lamp_machine_open_close` VALUES ('102023100916650022', '136', 'open', '2', '2', '2023-10-09 16:52:18', '1');
INSERT INTO `lamp_machine_open_close` VALUES ('102023100918330015', '137', 'open', '5', '5', '2023-10-09 17:06:33', '1');
INSERT INTO `lamp_machine_open_close` VALUES ('102023100919520026', '137', 'open', '1', '1', '2023-10-09 17:08:49', '1');
INSERT INTO `lamp_machine_open_close` VALUES ('102023100919680011', '135', 'open', '7', '7', '2023-10-09 17:05:42', '1');
INSERT INTO `lamp_machine_open_close` VALUES ('102023100921290024', '136', 'open', '1', '1', '2023-10-09 17:08:49', '1');
INSERT INTO `lamp_machine_open_close` VALUES ('102023100924780016', '136', 'open', '5', '5', '2023-10-09 17:06:33', '1');
INSERT INTO `lamp_machine_open_close` VALUES ('102023100928030021', '137', 'open', '2', '2', '2023-10-09 16:52:18', '1');
INSERT INTO `lamp_machine_open_close` VALUES ('102023100933740023', '135', 'open', '2', '2', '2023-10-09 16:52:18', '1');
INSERT INTO `lamp_machine_open_close` VALUES ('102023100934110023', '137', 'open', '1', '1', '2023-10-09 17:08:49', '1');
INSERT INTO `lamp_machine_open_close` VALUES ('102023100936860037', '136', 'open', '1', '1', '2023-10-09 17:09:58', '0');
INSERT INTO `lamp_machine_open_close` VALUES ('102023100936960007', '137', 'open', '7', '7', '2023-10-09 17:05:42', '1');
INSERT INTO `lamp_machine_open_close` VALUES ('102023100941160031', '137', 'open', '4', '0', '2023-10-09 16:59:10', '1');
INSERT INTO `lamp_machine_open_close` VALUES ('102023100941920017', '135', 'open', '5', '5', '2023-10-09 17:06:33', '1');
INSERT INTO `lamp_machine_open_close` VALUES ('102023100943280009', '135', 'open', '7', '7', '2023-10-09 17:05:42', '1');
INSERT INTO `lamp_machine_open_close` VALUES ('102023100948720038', '135', 'open', '1', '1', '2023-10-09 17:09:58', '0');
INSERT INTO `lamp_machine_open_close` VALUES ('102023100954950020', '136', 'open', '2', '2', '2023-10-09 16:52:18', '1');
INSERT INTO `lamp_machine_open_close` VALUES ('102023100956650019', '135', 'open', '5', '5', '2023-10-09 17:06:33', '1');
INSERT INTO `lamp_machine_open_close` VALUES ('102023100957610003', '137', 'open', '6', '6', '2023-10-09 17:05:01', '1');
INSERT INTO `lamp_machine_open_close` VALUES ('102023100966250010', '137', 'open', '7', '7', '2023-10-09 17:05:42', '1');
INSERT INTO `lamp_machine_open_close` VALUES ('102023100966890019', '137', 'open', '2', '2', '2023-10-09 16:52:18', '1');
INSERT INTO `lamp_machine_open_close` VALUES ('102023100972170007', '137', 'open', '2', '2', '2023-10-09 16:36:48', '1');
INSERT INTO `lamp_machine_open_close` VALUES ('102023100977110036', '137', 'open', '1', '1', '2023-10-09 17:09:58', '0');
INSERT INTO `lamp_machine_open_close` VALUES ('102023100983320032', '136', 'open', '4', '0', '2023-10-09 16:59:10', '1');
INSERT INTO `lamp_machine_open_close` VALUES ('102023100983590018', '136', 'open', '5', '5', '2023-10-09 17:06:33', '1');
INSERT INTO `lamp_machine_open_close` VALUES ('102023100985370025', '135', 'open', '1', '1', '2023-10-09 17:08:49', '1');
INSERT INTO `lamp_machine_open_close` VALUES ('102023100985520008', '136', 'open', '7', '7', '2023-10-09 17:05:42', '1');
INSERT INTO `lamp_machine_open_close` VALUES ('102023100993140027', '136', 'open', '1', '1', '2023-10-09 17:08:49', '1');

-- ----------------------------
-- Table structure for lamp_machine_operation
-- ----------------------------
DROP TABLE IF EXISTS `lamp_machine_operation`;
CREATE TABLE `lamp_machine_operation` (
  `lmo_id` varchar(30) NOT NULL COMMENT 'ID',
  `machine_id` varchar(30) NOT NULL COMMENT '设备ID',
  `person_id` varchar(30) DEFAULT NULL COMMENT '人员ID',
  `person_name` varchar(64) DEFAULT NULL COMMENT '人员',
  `type` varchar(12) NOT NULL DEFAULT 'open' COMMENT '类型 open 打开 close 关闭',
  `operation_time` datetime NOT NULL COMMENT '操作时间',
  `create_time` timestamp NOT NULL DEFAULT CURRENT_TIMESTAMP COMMENT '创建时间',
  `status_cd` varchar(2) NOT NULL DEFAULT '0' COMMENT '数据状态，详细参考c_status表，S 保存，0, 在用 1失效',
  PRIMARY KEY (`lmo_id`) USING BTREE
) ENGINE=InnoDB DEFAULT CHARSET=utf8mb4 COLLATE=utf8mb4_0900_ai_ci ROW_FORMAT=DYNAMIC COMMENT='操作日志';

-- ----------------------------
-- Records of lamp_machine_operation
-- ----------------------------
INSERT INTO `lamp_machine_operation` VALUES ('1', '123', '302023021495090004', '演示物业', 'open', '2023-09-22 11:13:40', '2023-09-22 11:13:44', '0');
INSERT INTO `lamp_machine_operation` VALUES ('102023092585470013', '102023092560510002', '302023021495090004', '演示物业', 'open', '2023-09-25 16:57:12', '2023-09-25 16:57:14', '0');
INSERT INTO `lamp_machine_operation` VALUES ('102023092743890004', '102023092560510002', '302023021495090004', '演示物业', 'open', '2023-09-27 12:25:00', '2023-09-27 12:25:00', '0');
INSERT INTO `lamp_machine_operation` VALUES ('102024021814300014', '137', '302023021495090004', '演示物业', 'open', '2024-02-18 12:08:35', '2024-02-18 12:08:35', '0');
INSERT INTO `lamp_machine_operation` VALUES ('102024021820060048', '136', '302023021495090004', '演示物业', 'open', '2024-02-18 17:18:47', '2024-02-18 17:18:46', '0');
INSERT INTO `lamp_machine_operation` VALUES ('102024021857830009', '102023092560510002', '302023021495090004', '演示物业', 'open', '2024-02-18 12:08:33', '2024-02-18 12:08:32', '0');
INSERT INTO `lamp_machine_operation` VALUES ('102024021859940020', '102023092560510002', '302023021495090004', '演示物业', 'open', '2024-02-18 14:32:18', '2024-02-18 14:32:18', '0');
INSERT INTO `lamp_machine_operation` VALUES ('102024021874090067', '136', '302023021495090004', '演示物业', 'open', '2024-02-18 22:27:16', '2024-02-18 22:27:15', '0');
INSERT INTO `lamp_machine_operation` VALUES ('102024021908530239', '102023092560510002', '302023021495090004', '演示物业', 'open', '2024-02-19 11:52:51', '2024-02-19 11:52:50', '0');
INSERT INTO `lamp_machine_operation` VALUES ('102024021928640330', '102023092560510002', '302023021495090004', '演示物业', 'open', '2024-02-19 12:51:46', '2024-02-19 12:51:46', '0');
INSERT INTO `lamp_machine_operation` VALUES ('102024021932860393', '102023092560510002', '302023021495090004', '演示物业', 'open', '2024-02-19 15:47:21', '2024-02-19 15:47:21', '0');
INSERT INTO `lamp_machine_operation` VALUES ('102024021935270302', '102023092560510002', '302023021495090004', '演示物业', 'open', '2024-02-19 12:18:05', '2024-02-19 12:18:05', '0');
INSERT INTO `lamp_machine_operation` VALUES ('102024021938760376', '102023092560510002', '302023021495090004', '演示物业', 'open', '2024-02-19 15:06:18', '2024-02-19 15:06:18', '0');
INSERT INTO `lamp_machine_operation` VALUES ('102024021939490309', '102023092560510002', '302023021495090004', '演示物业', 'open', '2024-02-19 12:19:01', '2024-02-19 12:19:01', '0');
INSERT INTO `lamp_machine_operation` VALUES ('102024021956560363', '102023092560510002', '302023021495090004', '演示物业', 'open', '2024-02-19 14:37:44', '2024-02-19 14:37:44', '0');
INSERT INTO `lamp_machine_operation` VALUES ('102024021958750266', '102023092560510002', '302023021495090004', '演示物业', 'open', '2024-02-19 12:01:32', '2024-02-19 12:01:32', '0');
INSERT INTO `lamp_machine_operation` VALUES ('102024021960700148', '102023092560510002', '302023021495090004', '演示物业', 'open', '2024-02-19 10:20:39', '2024-02-19 10:20:38', '0');
INSERT INTO `lamp_machine_operation` VALUES ('102024021970240433', '102023092560510002', '302023021495090004', '演示物业', 'open', '2024-02-19 18:04:36', '2024-02-19 18:04:36', '0');
INSERT INTO `lamp_machine_operation` VALUES ('102024021978040100', '102023092560510002', '302023021495090004', '演示物业', 'open', '2024-02-19 09:41:14', '2024-02-19 09:41:14', '0');
INSERT INTO `lamp_machine_operation` VALUES ('102024021981850215', '136', '302023021495090004', '演示物业', 'open', '2024-02-19 10:56:21', '2024-02-19 10:56:21', '0');
INSERT INTO `lamp_machine_operation` VALUES ('102024021986060404', '102023092560510002', '302023021495090004', '演示物业', 'open', '2024-02-19 15:58:44', '2024-02-19 15:58:43', '0');
INSERT INTO `lamp_machine_operation` VALUES ('102024021986130110', '133', '302023021495090004', '演示物业', 'open', '2024-02-19 09:41:25', '2024-02-19 09:41:25', '0');
INSERT INTO `lamp_machine_operation` VALUES ('102024021995620105', '137', '302023021495090004', '演示物业', 'open', '2024-02-19 09:41:20', '2024-02-19 09:41:19', '0');
INSERT INTO `lamp_machine_operation` VALUES ('102024022011150712', '102023092560510002', '302023021495090004', '演示物业', 'open', '2024-02-20 15:43:14', '2024-02-20 15:43:14', '0');
INSERT INTO `lamp_machine_operation` VALUES ('102024022030920571', '137', '302023021495090004', '演示物业', 'open', '2024-02-20 11:07:02', '2024-02-20 11:07:02', '0');
INSERT INTO `lamp_machine_operation` VALUES ('102024022053970759', '137', '302023021495090004', '演示物业', 'open', '2024-02-20 18:41:53', '2024-02-20 18:41:53', '0');
INSERT INTO `lamp_machine_operation` VALUES ('102024022071420764', '136', '302023021495090004', '演示物业', 'open', '2024-02-20 18:41:55', '2024-02-20 18:41:55', '0');
INSERT INTO `lamp_machine_operation` VALUES ('102024022074030754', '102023092560510002', '302023021495090004', '演示物业', 'open', '2024-02-20 18:41:50', '2024-02-20 18:41:50', '0');
INSERT INTO `lamp_machine_operation` VALUES ('102024022089930737', '102023092560510002', '302023021495090004', '演示物业', 'open', '2024-02-20 17:47:06', '2024-02-20 17:47:06', '0');
INSERT INTO `lamp_machine_operation` VALUES ('102024022097820717', '136', '302023021495090004', '演示物业', 'open', '2024-02-20 15:43:18', '2024-02-20 15:43:18', '0');
INSERT INTO `lamp_machine_operation` VALUES ('102024022101130879', '102023092560510002', '302023021495090004', '演示物业', 'open', '2024-02-21 16:52:31', '2024-02-21 16:52:31', '0');
INSERT INTO `lamp_machine_operation` VALUES ('102024022103720840', '137', '302023021495090004', '演示物业', 'open', '2024-02-21 15:27:44', '2024-02-21 15:27:43', '0');
INSERT INTO `lamp_machine_operation` VALUES ('102024022211280933', '102023092560510002', '302023021495090004', '演示物业', 'open', '2024-02-22 09:54:06', '2024-02-22 09:54:06', '0');
INSERT INTO `lamp_machine_operation` VALUES ('102024022216291187', '102023092560510002', '302023021495090004', '演示物业', 'open', '2024-02-22 21:19:37', '2024-02-22 21:19:36', '0');
INSERT INTO `lamp_machine_operation` VALUES ('102024022224780928', '102023092560510002', '302023021495090004', '演示物业', 'open', '2024-02-22 09:54:02', '2024-02-22 09:54:02', '0');
INSERT INTO `lamp_machine_operation` VALUES ('102024022255301192', '133', '302023021495090004', '演示物业', 'open', '2024-02-22 21:19:43', '2024-02-22 21:19:43', '0');
INSERT INTO `lamp_machine_operation` VALUES ('102024022272630947', '102023092560510002', '302023021495090004', '演示物业', 'open', '2024-02-22 10:37:06', '2024-02-22 10:37:06', '0');
INSERT INTO `lamp_machine_operation` VALUES ('102024022289030959', '102023092560510002', '302023021495090004', '演示物业', 'open', '2024-02-22 11:35:31', '2024-02-22 11:35:31', '0');
INSERT INTO `lamp_machine_operation` VALUES ('102024022298800964', '102023092560510002', '302023021495090004', '演示物业', 'open', '2024-02-22 11:35:34', '2024-02-22 11:35:34', '0');
INSERT INTO `lamp_machine_operation` VALUES ('102024022301191218', '130', '302023021495090004', '演示物业', 'open', '2024-02-23 08:47:47', '2024-02-23 08:47:47', '0');
INSERT INTO `lamp_machine_operation` VALUES ('102024022309671540', '102023092560510002', '302023021495090004', '演示物业', 'open', '2024-02-23 15:38:17', '2024-02-23 15:38:17', '0');
INSERT INTO `lamp_machine_operation` VALUES ('102024022311071468', '136', '302023021495090004', '演示物业', 'open', '2024-02-23 11:06:31', '2024-02-23 11:06:31', '0');
INSERT INTO `lamp_machine_operation` VALUES ('102024022315711505', '102023092560510002', '302023021495090004', '演示物业', 'open', '2024-02-23 13:40:30', '2024-02-23 13:40:30', '0');
INSERT INTO `lamp_machine_operation` VALUES ('102024022321661213', '129', '302023021495090004', '演示物业', 'open', '2024-02-23 08:47:45', '2024-02-23 08:47:44', '0');
INSERT INTO `lamp_machine_operation` VALUES ('102024022330631871', '136', '302023021495090004', '演示物业', 'open', '2024-02-23 18:30:38', '2024-02-23 18:30:38', '0');
INSERT INTO `lamp_machine_operation` VALUES ('102024022331901891', '129', '302023021495090004', '演示物业', 'open', '2024-02-23 18:30:46', '2024-02-23 18:30:46', '0');
INSERT INTO `lamp_machine_operation` VALUES ('102024022340341911', '102023092560510002', '302023021495090004', '演示物业', 'open', '2024-02-23 20:44:27', '2024-02-23 20:44:27', '0');
INSERT INTO `lamp_machine_operation` VALUES ('102024022355201886', '102023092560510002', '302023021495090004', '演示物业', 'open', '2024-02-23 18:30:44', '2024-02-23 18:30:44', '0');
INSERT INTO `lamp_machine_operation` VALUES ('102024022357641586', '102023092560510002', '302023021495090004', '演示物业', 'open', '2024-02-23 16:59:34', '2024-02-23 16:59:34', '0');
INSERT INTO `lamp_machine_operation` VALUES ('102024022382361223', '131', '302023021495090004', '演示物业', 'open', '2024-02-23 08:47:48', '2024-02-23 08:47:47', '0');
INSERT INTO `lamp_machine_operation` VALUES ('102024022384081581', '102023092560510002', '302023021495090004', '演示物业', 'open', '2024-02-23 16:59:27', '2024-02-23 16:59:26', '0');
INSERT INTO `lamp_machine_operation` VALUES ('102024022385611876', '136', '302023021495090004', '演示物业', 'open', '2024-02-23 18:30:40', '2024-02-23 18:30:40', '0');
INSERT INTO `lamp_machine_operation` VALUES ('102024022394951881', '137', '302023021495090004', '演示物业', 'open', '2024-02-23 18:30:42', '2024-02-23 18:30:42', '0');
INSERT INTO `lamp_machine_operation` VALUES ('102024022396361228', '132', '302023021495090004', '演示物业', 'open', '2024-02-23 08:47:49', '2024-02-23 08:47:48', '0');
INSERT INTO `lamp_machine_operation` VALUES ('102024022497531955', '137', '302023021495090004', '演示物业', 'open', '2024-02-24 14:34:01', '2024-02-24 14:34:01', '0');
INSERT INTO `lamp_machine_operation` VALUES ('102024022509302040', '136', '302023021495090004', '演示物业', 'open', '2024-02-25 23:58:34', '2024-02-25 23:58:33', '0');
INSERT INTO `lamp_machine_operation` VALUES ('102024022545461998', '137', '302023021495090004', '演示物业', 'open', '2024-02-25 01:25:00', '2024-02-25 01:25:00', '0');
INSERT INTO `lamp_machine_operation` VALUES ('102024022550442008', '136', '302023021495090004', '演示物业', 'open', '2024-02-25 01:25:03', '2024-02-25 01:25:03', '0');
INSERT INTO `lamp_machine_operation` VALUES ('102024022586192003', '102023092560510002', '302023021495090004', '演示物业', 'open', '2024-02-25 01:25:02', '2024-02-25 01:25:02', '0');
INSERT INTO `lamp_machine_operation` VALUES ('102024022616172328', '102023092560510002', '302023021495090004', '演示物业', 'open', '2024-02-26 13:05:21', '2024-02-26 13:05:20', '0');
INSERT INTO `lamp_machine_operation` VALUES ('102024022641602047', '102023092560510002', '302023021495090004', '演示物业', 'open', '2024-02-26 08:41:04', '2024-02-26 08:41:04', '0');

-- ----------------------------
-- Table structure for lift_machine
-- ----------------------------
DROP TABLE IF EXISTS `lift_machine`;
CREATE TABLE `lift_machine` (
  `machine_id` varchar(30) NOT NULL COMMENT '设备ID',
  `machine_name` varchar(200) NOT NULL COMMENT '名称',
  `machine_code` varchar(30) NOT NULL COMMENT '设备编号',
  `brand` varchar(64) NOT NULL COMMENT '品牌',
  `location_name` varchar(64) NOT NULL COMMENT '位置',
  `registration_unit` varchar(64) DEFAULT NULL COMMENT '登记单位',
  `use_unit` varchar(64) DEFAULT NULL COMMENT '使用单位',
  `maintenance_unit` varchar(64) DEFAULT NULL COMMENT '维保单位',
  `rescue_link` varchar(11) DEFAULT NULL COMMENT '救援电话',
  `factory_id` varchar(30) NOT NULL COMMENT '厂家',
  `community_id` varchar(30) NOT NULL COMMENT '小区ID',
  `heartbeat_time` datetime NOT NULL COMMENT '设备心跳时间',
  `state` varchar(12) CHARACTER SET utf8mb4 COLLATE utf8mb4_0900_ai_ci NOT NULL COMMENT '电梯类型',
  `cur_layer` varchar(12) NOT NULL DEFAULT '1' COMMENT '当前楼层',
  `create_time` timestamp NOT NULL DEFAULT CURRENT_TIMESTAMP COMMENT '创建时间',
  `status_cd` varchar(2) NOT NULL DEFAULT '0' COMMENT '数据状态，详细参考c_status表，S 保存，0, 在用 1失效',
  PRIMARY KEY (`machine_id`) USING BTREE
) ENGINE=InnoDB DEFAULT CHARSET=utf8mb4 COLLATE=utf8mb4_0900_ai_ci ROW_FORMAT=DYNAMIC COMMENT='电梯管理';

-- ----------------------------
-- Records of lift_machine
-- ----------------------------
INSERT INTO `lift_machine` VALUES ('102023091951390002', '名称', '设备编号', '品牌', '位置', '登记单位', '使用单位', '维保单位', '救援电话', '102023092014420010', '102023021386560001', '2023-09-19 17:05:02', '2002', '1', '2023-09-19 17:05:09', '0');
INSERT INTO `lift_machine` VALUES ('102023092155230003', '12', '1', '1', '1', '1', '1', '1', '1', '102023092014420010', '102023021386560001', '2023-10-23 17:36:18', '2002', '1', '2023-09-21 10:27:18', '0');
INSERT INTO `lift_machine` VALUES ('102024022601302334', '啊啊啊', 'aaaa', '啊啊啊啊', '1', '', '', '', '', '102023092014420010', '102023021386560001', '2024-02-26 13:08:51', '2002', '1', '2024-02-26 13:08:52', '0');
INSERT INTO `lift_machine` VALUES ('1111', '名称11', '设备编号11', '品牌11', '位置11', '登记单位11', '使用单位11', '维保单位11', '救援电话11', '102023092014420010', '102023021386560001', '2023-09-19 17:05:02', '2002', '1', '2023-09-19 17:05:09', '0');

-- ----------------------------
-- Table structure for lift_machine_ac
-- ----------------------------
DROP TABLE IF EXISTS `lift_machine_ac`;
CREATE TABLE `lift_machine_ac` (
  `lma_id` varchar(30) NOT NULL COMMENT '主键ID',
  `machine_id` varchar(30) NOT NULL COMMENT '设备ID',
  `ac_machine_id` varchar(30) NOT NULL COMMENT '门禁设备ID',
  `ac_machine_name` varchar(64) NOT NULL COMMENT '门禁设备名称',
  `ac_machine_code` varchar(64) NOT NULL COMMENT '门禁设备编号',
  `ac_type` varchar(12) NOT NULL COMMENT '门禁类型：1001 人脸机 2002 刷卡机 3003 二维码机',
  `community_id` varchar(30) NOT NULL COMMENT '小区ID',
  `create_time` timestamp NOT NULL DEFAULT CURRENT_TIMESTAMP COMMENT '创建时间',
  `status_cd` varchar(2) NOT NULL DEFAULT '0' COMMENT '数据状态，详细参考c_status表，S 保存，0, 在用 1失效',
  PRIMARY KEY (`lma_id`)
) ENGINE=InnoDB DEFAULT CHARSET=utf8mb4 COLLATE=utf8mb4_0900_ai_ci;

-- ----------------------------
-- Records of lift_machine_ac
-- ----------------------------
INSERT INTO `lift_machine_ac` VALUES ('102024013159810002', '102023092155230003', '102024011671750002', '宇泛测试门禁', '123123', '1001', '102023021386560001', '2024-01-31 11:44:52', '1');
INSERT INTO `lift_machine_ac` VALUES ('102024013182850007', '102023092155230003', '102024011671750002', '宇泛测试门禁', '123123', '1001', '102023021386560001', '2024-01-31 11:46:26', '0');
INSERT INTO `lift_machine_ac` VALUES ('102024022608422340', '102024022601302334', '102023110901760078', '大门门禁', '0123E0-9EED8D-E9D0EE', '2002', '102023021386560001', '2024-02-26 13:09:17', '0');
INSERT INTO `lift_machine_ac` VALUES ('102024022693112337', '102024022601302334', '102023110901760078', '大门门禁', '0123E0-9EED8D-E9D0EE', '1001', '102023021386560001', '2024-02-26 13:09:05', '0');

-- ----------------------------
-- Table structure for lift_machine_factory
-- ----------------------------
DROP TABLE IF EXISTS `lift_machine_factory`;
CREATE TABLE `lift_machine_factory` (
  `factory_id` varchar(30) CHARACTER SET utf8mb4 COLLATE utf8mb4_0900_ai_ci NOT NULL COMMENT '厂家ID',
  `factory_name` varchar(64) CHARACTER SET utf8mb4 COLLATE utf8mb4_0900_ai_ci NOT NULL COMMENT '厂家名称',
  `bean_impl` varchar(512) CHARACTER SET utf8mb4 COLLATE utf8mb4_0900_ai_ci NOT NULL COMMENT '厂家处理类',
  `remark` varchar(512) CHARACTER SET utf8mb4 COLLATE utf8mb4_0900_ai_ci DEFAULT NULL COMMENT '备注',
  `create_time` timestamp NOT NULL DEFAULT CURRENT_TIMESTAMP COMMENT '创建时间',
  `status_cd` varchar(2) CHARACTER SET utf8mb4 COLLATE utf8mb4_0900_ai_ci NOT NULL DEFAULT '0' COMMENT '数据状态',
  PRIMARY KEY (`factory_id`) USING BTREE
) ENGINE=InnoDB DEFAULT CHARSET=utf8mb4 COLLATE=utf8mb4_0900_ai_ci ROW_FORMAT=DYNAMIC COMMENT='电梯厂家';

-- ----------------------------
-- Records of lift_machine_factory
-- ----------------------------
INSERT INTO `lift_machine_factory` VALUES ('102023092014420010', '通用', 'commonLiftFactoryAdaptImpl', '', '2023-09-20 13:36:09', '0');
INSERT INTO `lift_machine_factory` VALUES ('102023092116190034', 'qwe', 'qwe', '', '2023-09-21 16:35:28', '0');
INSERT INTO `lift_machine_factory` VALUES ('102023092137410031', 'asd', 'asd', '', '2023-09-21 16:35:05', '0');
INSERT INTO `lift_machine_factory` VALUES ('102024022659892348', '三菱', '三菱', '啊啊啊啊', '2024-02-26 13:20:20', '0');

-- ----------------------------
-- Table structure for lift_machine_factory_spec
-- ----------------------------
DROP TABLE IF EXISTS `lift_machine_factory_spec`;
CREATE TABLE `lift_machine_factory_spec` (
  `spec_id` varchar(30) CHARACTER SET utf8mb4 COLLATE utf8mb4_0900_ai_ci NOT NULL COMMENT '规格ID',
  `factory_id` varchar(64) CHARACTER SET utf8mb4 COLLATE utf8mb4_0900_ai_ci NOT NULL COMMENT '厂家名称',
  `spec_name` varchar(64) CHARACTER SET utf8mb4 COLLATE utf8mb4_0900_ai_ci NOT NULL COMMENT '规格名称',
  `create_time` timestamp NOT NULL DEFAULT CURRENT_TIMESTAMP COMMENT '创建时间',
  `status_cd` varchar(2) CHARACTER SET utf8mb4 COLLATE utf8mb4_0900_ai_ci NOT NULL DEFAULT '0' COMMENT '数据状态',
  `remark` varchar(256) CHARACTER SET utf8mb4 COLLATE utf8mb4_0900_ai_ci DEFAULT NULL COMMENT '描述',
  PRIMARY KEY (`spec_id`) USING BTREE
) ENGINE=InnoDB DEFAULT CHARSET=utf8mb4 COLLATE=utf8mb4_0900_ai_ci ROW_FORMAT=DYNAMIC COMMENT='电梯厂家参数';

-- ----------------------------
-- Records of lift_machine_factory_spec
-- ----------------------------
INSERT INTO `lift_machine_factory_spec` VALUES ('102023092135850012', '102023092014420010', 'www', '2023-09-21 09:00:22', '0', '');
INSERT INTO `lift_machine_factory_spec` VALUES ('102023092136980037', '102023092137410031', '111', '2023-09-21 16:35:52', '0', '');
INSERT INTO `lift_machine_factory_spec` VALUES ('102023092169850009', '102023092014420010', 'qqq', '2023-09-21 08:59:40', '1', '');
INSERT INTO `lift_machine_factory_spec` VALUES ('102024022629812351', '102024022659892348', '规格一', '2024-02-26 13:20:34', '0', '');

-- ----------------------------
-- Table structure for lift_machine_log
-- ----------------------------
DROP TABLE IF EXISTS `lift_machine_log`;
CREATE TABLE `lift_machine_log` (
  `log_id` varchar(64) NOT NULL COMMENT '日志ID',
  `machine_id` varchar(64) NOT NULL COMMENT '设备ID',
  `community_id` varchar(30) NOT NULL COMMENT '小区ID',
  `log_action` varchar(256) NOT NULL COMMENT '日志动作',
  `person_id` varchar(64) DEFAULT NULL COMMENT 'user_id',
  `person_name` varchar(200) DEFAULT NULL COMMENT '用户名称',
  `req_param` longtext COMMENT '请求报文',
  `res_param` longtext COMMENT '返回报文',
  `state` varchar(12) NOT NULL COMMENT '状态，请求成功 10001,返回成功10002,操作失败 10003',
  `create_time` timestamp NOT NULL DEFAULT CURRENT_TIMESTAMP COMMENT '创建时间',
  PRIMARY KEY (`log_id`)
) ENGINE=InnoDB DEFAULT CHARSET=utf8mb4 COLLATE=utf8mb4_0900_ai_ci ROW_FORMAT=DYNAMIC COMMENT='电梯日志';

-- ----------------------------
-- Records of lift_machine_log
-- ----------------------------
INSERT INTO `lift_machine_log` VALUES ('102023092022810002', '102023091951390002', '102023021386560001', 'running', '302023021495090004', '演示物业', '', null, '10001', '2023-09-20 13:49:06');
INSERT INTO `lift_machine_log` VALUES ('102023092050920005', '102023091951390002', '102023021386560001', 'running', '302023021495090004', '演示物业', '', null, '10001', '2023-09-20 23:28:06');
INSERT INTO `lift_machine_log` VALUES ('102023092080130002', '102023091951390002', '102023021386560001', 'running', '302023021495090004', '演示物业', '', null, '10001', '2023-09-20 23:28:02');
INSERT INTO `lift_machine_log` VALUES ('102023092113700002', '102023092155230003', '102023021386560001', 'running', '302023021495090004', '演示物业', '', null, '10001', '2023-09-21 17:22:20');
INSERT INTO `lift_machine_log` VALUES ('102023092187540002', '102023091951390002', '102023021386560001', 'running', '302023021495090004', '演示物业', '', null, '10001', '2023-09-21 08:34:01');
INSERT INTO `lift_machine_log` VALUES ('102023101050580005', '102023092155230003', '102023021386560001', 'running', '302023021495090004', '演示物业', '', null, '10001', '2023-10-10 13:35:55');
INSERT INTO `lift_machine_log` VALUES ('102023101054890002', '102023092155230003', '102023021386560001', 'running', '302023021495090004', '演示物业', '', null, '10001', '2023-10-10 13:35:48');
INSERT INTO `lift_machine_log` VALUES ('102023101781930002', '102023092155230003', '102023021386560001', 'running', '302023021495090004', '演示物业', '', null, '10001', '2023-10-17 09:21:29');
INSERT INTO `lift_machine_log` VALUES ('102024021913700261', '102023092155230003', '102023021386560001', 'running', '302023021495090004', '演示物业', '', null, '10001', '2024-02-19 12:00:30');
INSERT INTO `lift_machine_log` VALUES ('102024021951450333', '102023091951390002', '102023021386560001', 'running', '302023021495090004', '演示物业', '', null, '10001', '2024-02-19 12:51:54');
INSERT INTO `lift_machine_log` VALUES ('102024021960760428', '102023092155230003', '102023021386560001', 'running', '302023021495090004', '演示物业', '', null, '10001', '2024-02-19 18:04:10');
INSERT INTO `lift_machine_log` VALUES ('102024021963590338', '102023092155230003', '102023021386560001', 'running', '302023021495090004', '演示物业', '', null, '10001', '2024-02-19 13:53:34');
INSERT INTO `lift_machine_log` VALUES ('102024021997230242', '102023092155230003', '102023021386560001', 'running', '302023021495090004', '演示物业', '', null, '10001', '2024-02-19 11:53:04');
INSERT INTO `lift_machine_log` VALUES ('102024022039550699', '102023091951390002', '102023021386560001', 'running', '302023021495090004', '演示物业', '', null, '10001', '2024-02-20 14:43:00');
INSERT INTO `lift_machine_log` VALUES ('102024022043430696', '102023092155230003', '102023021386560001', 'running', '302023021495090004', '演示物业', '', null, '10001', '2024-02-20 14:42:57');
INSERT INTO `lift_machine_log` VALUES ('102024022295591011', '102023092155230003', '102023021386560001', 'running', '302023021495090004', '演示物业', '', null, '10001', '2024-02-22 14:51:25');
INSERT INTO `lift_machine_log` VALUES ('102024022555421993', '102023091951390002', '102023021386560001', 'running', '302023021495090004', '演示物业', '', null, '10001', '2024-02-25 01:24:50');
INSERT INTO `lift_machine_log` VALUES ('102024022562541990', '102023092155230003', '102023021386560001', 'running', '302023021495090004', '演示物业', '', null, '10001', '2024-02-25 01:24:29');
INSERT INTO `lift_machine_log` VALUES ('102024022607452331', '102023092155230003', '102023021386560001', 'running', '302023021495090004', '演示物业', '', null, '10001', '2024-02-26 13:07:32');
INSERT INTO `lift_machine_log` VALUES ('102024022615442343', '102024022601302334', '102023021386560001', 'running', '302023021495090004', '演示物业', '', null, '10001', '2024-02-26 13:09:39');
INSERT INTO `lift_machine_log` VALUES ('123', '123', '102023021386560001', '123', '123', '123', '123', '123', '10001', '2023-09-19 09:45:46');

-- ----------------------------
-- Table structure for lift_machine_reservation
-- ----------------------------
DROP TABLE IF EXISTS `lift_machine_reservation`;
CREATE TABLE `lift_machine_reservation` (
  `lmr_id` varchar(30) NOT NULL COMMENT 'ID',
  `machine_id` varchar(30) NOT NULL COMMENT '设备ID',
  `res_way` varchar(12) NOT NULL DEFAULT '1001' COMMENT '预约方式 1001 通过门禁 2002 通过手机',
  `room_id` varchar(30) DEFAULT NULL COMMENT '预约房号',
  `room_name` varchar(64) DEFAULT NULL COMMENT '预约房号',
  `person_id` varchar(30) DEFAULT NULL COMMENT '人员ID',
  `person_name` varchar(64) DEFAULT NULL COMMENT '人员',
  `person_way` varchar(12) NOT NULL DEFAULT '1001' COMMENT '人员类型 1001 访客 2002 业主 3003 物业员工',
  `org_layer` varchar(12) NOT NULL DEFAULT '1' COMMENT '原始楼层',
  `target_layer` varchar(12) NOT NULL DEFAULT '1' COMMENT '目标楼层',
  `create_time` timestamp NOT NULL DEFAULT CURRENT_TIMESTAMP COMMENT '创建时间',
  `status_cd` varchar(2) NOT NULL DEFAULT '0' COMMENT '数据状态，详细参考c_status表，S 保存，0, 在用 1失效',
  PRIMARY KEY (`lmr_id`) USING BTREE
) ENGINE=InnoDB DEFAULT CHARSET=utf8mb4 COLLATE=utf8mb4_0900_ai_ci ROW_FORMAT=DYNAMIC COMMENT='电梯预约记录';

-- ----------------------------
-- Records of lift_machine_reservation
-- ----------------------------
INSERT INTO `lift_machine_reservation` VALUES ('102023092042100004', '102023091951390002', '2002', '752023080997680002', '1-1-1001', '302023021495090004', '演示物业', '3003', '1', '5', '2023-09-20 17:54:39', '0');
INSERT INTO `lift_machine_reservation` VALUES ('123', '123', '1001', '123', '123', '123', '123', '1001', '1', '1', '2023-09-19 10:18:23', '0');

-- ----------------------------
-- Table structure for lift_ride_log
-- ----------------------------
DROP TABLE IF EXISTS `lift_ride_log`;
CREATE TABLE `lift_ride_log` (
  `log_id` varchar(30) NOT NULL COMMENT '主键ID',
  `machine_id` varchar(30) NOT NULL COMMENT '设备ID',
  `machine_name` varchar(64) NOT NULL COMMENT '电梯名称',
  `ac_machine_id` varchar(30) NOT NULL COMMENT '门禁设备ID',
  `ac_machine_name` varchar(64) NOT NULL COMMENT '门禁设备名称',
  `ac_machine_code` varchar(64) NOT NULL COMMENT '门禁设备编号',
  `ride_type` varchar(12) NOT NULL COMMENT '乘坐类型：1001 人脸 2002 刷卡 3003 二维码',
  `name` varchar(30) NOT NULL COMMENT '用户名称',
  `tel` varchar(20) DEFAULT NULL COMMENT '手机号',
  `person_type` varchar(12) NOT NULL COMMENT '人员类型 100 访客 200 员工 300 业主',
  `room_name` varchar(64) DEFAULT NULL COMMENT '房号',
  `layer` int DEFAULT NULL COMMENT '楼层',
  `face_path` varchar(512) DEFAULT NULL COMMENT '人脸路劲',
  `community_id` varchar(30) NOT NULL COMMENT '小区ID',
  `create_time` timestamp NOT NULL DEFAULT CURRENT_TIMESTAMP COMMENT '创建时间',
  `status_cd` varchar(2) NOT NULL DEFAULT '0' COMMENT '数据状态，详细参考c_status表，S 保存，0, 在用 1失效',
  PRIMARY KEY (`log_id`)
) ENGINE=InnoDB DEFAULT CHARSET=utf8mb4 COLLATE=utf8mb4_0900_ai_ci;

-- ----------------------------
-- Records of lift_ride_log
-- ----------------------------

-- ----------------------------
-- Table structure for lock_inout
-- ----------------------------
DROP TABLE IF EXISTS `lock_inout`;
CREATE TABLE `lock_inout` (
  `inout_id` varchar(30) NOT NULL COMMENT '进出ID',
  `machine_id` varchar(30) NOT NULL COMMENT '设备ID',
  `machine_code` varchar(30) NOT NULL COMMENT '设备编码',
  `user_id` varchar(64) CHARACTER SET utf8 COLLATE utf8_general_ci DEFAULT NULL COMMENT 'user_id',
  `user_name` varchar(200) CHARACTER SET utf8 COLLATE utf8_general_ci NOT NULL COMMENT '用户名称',
  `open_type_cd` varchar(12) NOT NULL COMMENT '开门方式，1001 密码开锁，2002 蓝牙开锁',
  `community_id` varchar(30) NOT NULL COMMENT '小区ID',
  `tel` varchar(11) NOT NULL COMMENT '手机号',
  `create_time` timestamp NOT NULL DEFAULT CURRENT_TIMESTAMP COMMENT '创建时间',
  `status_cd` varchar(2) NOT NULL DEFAULT '0' COMMENT '数据状态，详细参考c_status表，S 保存，0, 在用 1失效',
  `state` varchar(12) NOT NULL COMMENT '开门状态，C 开门成功 F 开门失败',
  PRIMARY KEY (`inout_id`)
) ENGINE=InnoDB DEFAULT CHARSET=utf8;

-- ----------------------------
-- Records of lock_inout
-- ----------------------------
INSERT INTO `lock_inout` VALUES ('102023111400620024', '11802165', 'S503_89869e', '302023021495090004', '演示物业', '3003', '102023021386560001', '18909715555', '2023-11-14 10:42:35', '0', 'C');
INSERT INTO `lock_inout` VALUES ('102023111411670015', '11802165', 'S503_89869e', '302023021495090004', '演示物业', '3003', '102023021386560001', '18909715555', '2023-11-14 09:42:58', '0', 'C');
INSERT INTO `lock_inout` VALUES ('102023111451060003', '11802165', 'S503_89869e', '302023021495090004', '演示物业', '3003', '102023021386560001', '18909715555', '2023-11-14 15:34:14', '0', 'C');
INSERT INTO `lock_inout` VALUES ('102023111453000020', '11802165', 'S503_89869e', '302023021495090004', '演示物业', '3003', '102023021386560001', '18909715555', '2023-11-14 13:47:01', '0', 'C');
INSERT INTO `lock_inout` VALUES ('102023111462950011', '11802165', 'S503_89869e', '302023021495090004', '演示物业', '3003', '102023021386560001', '18909715555', '2023-11-14 13:46:35', '0', 'C');
INSERT INTO `lock_inout` VALUES ('102023111487250009', '11802165', 'S503_89869e', '302023021495090004', '演示物业', '3003', '102023021386560001', '18909715555', '2023-11-14 10:24:31', '0', 'C');
INSERT INTO `lock_inout` VALUES ('102023111499900006', '11802165', 'S503_89869e', '302023021495090004', '演示物业', '3003', '102023021386560001', '18909715555', '2023-11-14 09:42:41', '0', 'C');
INSERT INTO `lock_inout` VALUES ('102023112086010005', '11802165', 'S503_89869e', '302023021495090004', '演示物业', '3003', '102023021386560001', '18909715555', '2023-11-20 17:36:44', '0', 'C');
INSERT INTO `lock_inout` VALUES ('102023112758310016', '11802165', 'S503_89869e', '302023021495090004', '演示物业', '3003', '102023021386560001', '18909715555', '2023-11-27 20:51:39', '0', 'C');

-- ----------------------------
-- Table structure for lock_log
-- ----------------------------
DROP TABLE IF EXISTS `lock_log`;
CREATE TABLE `lock_log` (
  `log_id` varchar(64) NOT NULL COMMENT '日志ID',
  `machine_id` varchar(64) NOT NULL COMMENT '设备ID',
  `community_id` varchar(30) NOT NULL COMMENT '小区ID',
  `log_action` varchar(256) NOT NULL COMMENT '日志动作',
  `user_id` varchar(64) DEFAULT NULL COMMENT 'user_id',
  `user_name` varchar(200) DEFAULT NULL COMMENT '用户名称',
  `req_param` longtext COMMENT '请求报文',
  `res_param` longtext COMMENT '返回报文',
  `state` varchar(12) NOT NULL COMMENT '状态，请求成功 10001,返回成功10002,操作失败 10003',
  `create_time` timestamp NOT NULL DEFAULT CURRENT_TIMESTAMP COMMENT '创建时间',
  PRIMARY KEY (`log_id`)
) ENGINE=InnoDB DEFAULT CHARSET=utf8mb4 COLLATE=utf8mb4_0900_ai_ci;

-- ----------------------------
-- Records of lock_log
-- ----------------------------
INSERT INTO `lock_log` VALUES ('102023111305010016', '11802165', '102023021386560001', '1003', '302023021495090004', '演示物业', 'https://cnapi.sciener.com/v3/keyboardPwd/change?clientId=34647ee13033440dbb9410e6021e9612&accessToken=aaac61805b5c048bb3dfa68a99d07aaf&lockId=11802165&keyboardPwdId=371258621&newKeyboardPwd=123456&startDate=1699804800000&endDate=2019657600000&changeType=2&date=1699863578879', '{\"errcode\":0,\"errmsg\":\"none error message or means yes\",\"description\":\"表示成功或是\"}', '10002', '2023-11-13 16:19:53');
INSERT INTO `lock_log` VALUES ('102023111323440002', '11802165', '102023021386560001', '1001', '302023021495090004', '演示物业', 'https://cnapi.sciener.com/oauth2/token?password=5afb7b5360ab76ae55734560b574845d&username=13345513582&clientId=34647ee13033440dbb9410e6021e9612&clientSecret=2b709b6d3e12b8bf380ee914369b5949', '{\"access_token\":\"aaac61805b5c048bb3dfa68a99d07aaf\",\"refresh_token\":\"f9bb35f56f38d54335cf61998944bcaa\",\"uid\":19779387,\"openid\":1726730742,\"scope\":\"user,key,room\",\"token_type\":\"Bearer\",\"expires_in\":7751424}', '10002', '2023-11-13 16:24:10');
INSERT INTO `lock_log` VALUES ('102023111328130003', '11802165', '102023021386560001', '1001', '302023021495090004', '演示物业', 'https://cnapi.sciener.com/oauth2/token?password=5afb7b5360ab76ae55734560b574845d&username=13345513582&clientId=34647ee13033440dbb9410e6021e9612&clientSecret=2b709b6d3e12b8bf380ee914369b5949', '{\"access_token\":\"aaac61805b5c048bb3dfa68a99d07aaf\",\"refresh_token\":\"f9bb35f56f38d54335cf61998944bcaa\",\"uid\":19779387,\"openid\":1726730742,\"scope\":\"user,key,room\",\"token_type\":\"Bearer\",\"expires_in\":7751790}', '10002', '2023-11-13 16:18:05');
INSERT INTO `lock_log` VALUES ('102023111382370006', '11802165', '102023021386560001', '1003', '302023021495090004', '演示物业', 'https://cnapi.sciener.com/v3/keyboardPwd/add?clientId=34647ee13033440dbb9410e6021e9612&accessToken=aaac61805b5c048bb3dfa68a99d07aaf&lockId=11802165&keyboardPwd=123456&keyboardPwdType=3&startDate=1699804800000&endDate=1701273600000&addType=2&date=1699863486709', '{\"keyboardPwdId\":371258621}', '10002', '2023-11-13 16:18:14');
INSERT INTO `lock_log` VALUES ('102023111382570009', '11802165', '102023021386560001', '1001', '302023021495090004', '演示物业', 'https://cnapi.sciener.com/oauth2/token?password=5afb7b5360ab76ae55734560b574845d&username=13345513582&clientId=34647ee13033440dbb9410e6021e9612&clientSecret=2b709b6d3e12b8bf380ee914369b5949', '{\"access_token\":\"aaac61805b5c048bb3dfa68a99d07aaf\",\"refresh_token\":\"f9bb35f56f38d54335cf61998944bcaa\",\"uid\":19779387,\"openid\":1726730742,\"scope\":\"user,key,room\",\"token_type\":\"Bearer\",\"expires_in\":7747570}', '10002', '2023-11-13 17:28:25');
INSERT INTO `lock_log` VALUES ('102023111384520020', '11802165', '102023021386560001', '1005', '302023021495090004', '演示物业', 'https://cnapi.sciener.com/v3/lock/unlock?clientId=34647ee13033440dbb9410e6021e9612&accessToken=aaac61805b5c048bb3dfa68a99d07aaf&lockId=11802165&date=1699867754564', '{\"errcode\":0,\"errmsg\":\"none error message or means yes\",\"description\":\"表示成功或是\"}', '10002', '2023-11-13 17:29:28');
INSERT INTO `lock_log` VALUES ('102023111385450005', '11802165', '102023021386560001', '1003', '302023021495090004', '演示物业', 'https://cnapi.sciener.com/v3/keyboardPwd/change?clientId=34647ee13033440dbb9410e6021e9612&accessToken=aaac61805b5c048bb3dfa68a99d07aaf&lockId=11802165&keyboardPwdId=371258621&newKeyboardPwd=123456&startDate=1699804800000&endDate=2031580800000&changeType=2&date=1699863851651', '{\"errcode\":0,\"errmsg\":\"none error message or means yes\",\"description\":\"表示成功或是\"}', '10002', '2023-11-13 16:24:23');
INSERT INTO `lock_log` VALUES ('102023111389480012', '11802165', '102023021386560001', '1004', '302023021495090004', '演示物业', 'https://cnapi.sciener.com/v3/keyboardPwd/change?clientId=34647ee13033440dbb9410e6021e9612&accessToken=aaac61805b5c048bb3dfa68a99d07aaf&lockId=11802165&keyboardPwdId=371258621&newKeyboardPwd=123456&startDate=1699804800000&endDate=2098454400000&changeType=2&date=1699867705855', '{\"errcode\":0,\"errmsg\":\"none error message or means yes\",\"description\":\"表示成功或是\"}', '10002', '2023-11-13 17:28:32');
INSERT INTO `lock_log` VALUES ('102023111393770017', '11802165', '102023021386560001', '1001', '302023021495090004', '演示物业', 'https://cnapi.sciener.com/oauth2/token?password=5afb7b5360ab76ae55734560b574845d&username=13345513582&clientId=34647ee13033440dbb9410e6021e9612&clientSecret=2b709b6d3e12b8bf380ee914369b5949', '{\"access_token\":\"aaac61805b5c048bb3dfa68a99d07aaf\",\"refresh_token\":\"f9bb35f56f38d54335cf61998944bcaa\",\"uid\":19779387,\"openid\":1726730742,\"scope\":\"user,key,room\",\"token_type\":\"Bearer\",\"expires_in\":7747521}', '10002', '2023-11-13 17:29:13');
INSERT INTO `lock_log` VALUES ('102023111396610013', '11802165', '102023021386560001', '1001', '302023021495090004', '演示物业', 'https://cnapi.sciener.com/oauth2/token?password=5afb7b5360ab76ae55734560b574845d&username=13345513582&clientId=34647ee13033440dbb9410e6021e9612&clientSecret=2b709b6d3e12b8bf380ee914369b5949', '{\"access_token\":\"aaac61805b5c048bb3dfa68a99d07aaf\",\"refresh_token\":\"f9bb35f56f38d54335cf61998944bcaa\",\"uid\":19779387,\"openid\":1726730742,\"scope\":\"user,key,room\",\"token_type\":\"Bearer\",\"expires_in\":7751697}', '10002', '2023-11-13 16:19:38');
INSERT INTO `lock_log` VALUES ('102023111400580002', '11802165', '102023021386560001', '1001', '302023021495090004', '演示物业', 'https://cnapi.sciener.com/oauth2/token?password=5afb7b5360ab76ae55734560b574845d&username=13345513582&clientId=34647ee13033440dbb9410e6021e9612&clientSecret=2b709b6d3e12b8bf380ee914369b5949', '{\"access_token\":\"aaac61805b5c048bb3dfa68a99d07aaf\",\"refresh_token\":\"f9bb35f56f38d54335cf61998944bcaa\",\"uid\":19779387,\"openid\":1726730742,\"scope\":\"user,key,room\",\"token_type\":\"Bearer\",\"expires_in\":7685245}', '10002', '2023-11-14 10:47:09');
INSERT INTO `lock_log` VALUES ('102023111401040014', '11802165', '102023021386560001', '1001', null, null, 'https://cnapi.sciener.com/oauth2/token?password=5afb7b5360ab76ae55734560b574845d&username=13345513582&clientId=34647ee13033440dbb9410e6021e9612&clientSecret=2b709b6d3e12b8bf380ee914369b5949', '{\"access_token\":\"aaac61805b5c048bb3dfa68a99d07aaf\",\"refresh_token\":\"f9bb35f56f38d54335cf61998944bcaa\",\"uid\":19779387,\"openid\":1726730742,\"scope\":\"user,key,room\",\"token_type\":\"Bearer\",\"expires_in\":7681793}', '10002', '2023-11-14 11:44:41');
INSERT INTO `lock_log` VALUES ('102023111401190014', '11802165', '102023021386560001', '1001', '302023021495090004', '演示物业', 'https://cnapi.sciener.com/oauth2/token?password=5afb7b5360ab76ae55734560b574845d&username=13345513582&clientId=34647ee13033440dbb9410e6021e9612&clientSecret=2b709b6d3e12b8bf380ee914369b5949', '{\"access_token\":\"aaac61805b5c048bb3dfa68a99d07aaf\",\"refresh_token\":\"f9bb35f56f38d54335cf61998944bcaa\",\"uid\":19779387,\"openid\":1726730742,\"scope\":\"user,key,room\",\"token_type\":\"Bearer\",\"expires_in\":7689559}', '10002', '2023-11-14 09:35:15');
INSERT INTO `lock_log` VALUES ('102023111402730037', '11802165', '102023021386560001', '1001', '302023021495090004', '演示物业', 'https://cnapi.sciener.com/oauth2/token?password=5afb7b5360ab76ae55734560b574845d&username=13345513582&clientId=34647ee13033440dbb9410e6021e9612&clientSecret=2b709b6d3e12b8bf380ee914369b5949', null, '10001', '2023-11-14 10:30:44');
INSERT INTO `lock_log` VALUES ('102023111404320029', '11802165', '102023021386560001', '1001', '302023021495090004', '演示物业', 'https://cnapi.sciener.com/oauth2/token?password=5afb7b5360ab76ae55734560b574845d&username=13345513582&clientId=34647ee13033440dbb9410e6021e9612&clientSecret=2b709b6d3e12b8bf380ee914369b5949', '{\"access_token\":\"aaac61805b5c048bb3dfa68a99d07aaf\",\"refresh_token\":\"f9bb35f56f38d54335cf61998944bcaa\",\"uid\":19779387,\"openid\":1726730742,\"scope\":\"user,key,room\",\"token_type\":\"Bearer\",\"expires_in\":7686250}', '10002', '2023-11-14 10:30:24');
INSERT INTO `lock_log` VALUES ('102023111411040003', '11802165', '102023021386560001', '1001', null, null, 'https://cnapi.sciener.com/oauth2/token?password=5afb7b5360ab76ae55734560b574845d&username=13345513582&clientId=34647ee13033440dbb9410e6021e9612&clientSecret=2b709b6d3e12b8bf380ee914369b5949', '{\"access_token\":\"aaac61805b5c048bb3dfa68a99d07aaf\",\"refresh_token\":\"f9bb35f56f38d54335cf61998944bcaa\",\"uid\":19779387,\"openid\":1726730742,\"scope\":\"user,key,room\",\"token_type\":\"Bearer\",\"expires_in\":7681489}', '10002', '2023-11-14 11:49:46');
INSERT INTO `lock_log` VALUES ('102023111415590004', '11802165', '102023021386560001', '1001', '302023021495090004', '演示物业', 'https://cnapi.sciener.com/oauth2/token?password=5afb7b5360ab76ae55734560b574845d&username=13345513582&clientId=34647ee13033440dbb9410e6021e9612&clientSecret=2b709b6d3e12b8bf380ee914369b5949', '{\"access_token\":\"aaac61805b5c048bb3dfa68a99d07aaf\",\"refresh_token\":\"f9bb35f56f38d54335cf61998944bcaa\",\"uid\":19779387,\"openid\":1726730742,\"scope\":\"user,key,room\",\"token_type\":\"Bearer\",\"expires_in\":7686025}', '10002', '2023-11-14 10:34:09');
INSERT INTO `lock_log` VALUES ('102023111417810019', '11802165', '102023021386560001', '1001', null, null, 'https://cnapi.sciener.com/oauth2/token?password=5afb7b5360ab76ae55734560b574845d&username=13345513582&clientId=34647ee13033440dbb9410e6021e9612&clientSecret=2b709b6d3e12b8bf380ee914369b5949', null, '10001', '2023-11-14 11:53:28');
INSERT INTO `lock_log` VALUES ('102023111422780011', '11802165', '102023021386560001', '1001', '302023021495090004', '演示物业', 'https://cnapi.sciener.com/oauth2/token?password=5afb7b5360ab76ae55734560b574845d&username=13345513582&clientId=34647ee13033440dbb9410e6021e9612&clientSecret=2b709b6d3e12b8bf380ee914369b5949', '{\"access_token\":\"aaac61805b5c048bb3dfa68a99d07aaf\",\"refresh_token\":\"f9bb35f56f38d54335cf61998944bcaa\",\"uid\":19779387,\"openid\":1726730742,\"scope\":\"user,key,room\",\"token_type\":\"Bearer\",\"expires_in\":7689103}', '10002', '2023-11-14 09:42:51');
INSERT INTO `lock_log` VALUES ('102023111424270004', '11802165', '102023021386560001', '1001', null, null, 'https://cnapi.sciener.com/oauth2/token?password=5afb7b5360ab76ae55734560b574845d&username=13345513582&clientId=34647ee13033440dbb9410e6021e9612&clientSecret=2b709b6d3e12b8bf380ee914369b5949', '{\"access_token\":\"aaac61805b5c048bb3dfa68a99d07aaf\",\"refresh_token\":\"f9bb35f56f38d54335cf61998944bcaa\",\"uid\":19779387,\"openid\":1726730742,\"scope\":\"user,key,room\",\"token_type\":\"Bearer\",\"expires_in\":7681832}', '10002', '2023-11-14 11:44:02');
INSERT INTO `lock_log` VALUES ('102023111426700030', '11802165', '102023021386560001', '1001', null, null, 'https://cnapi.sciener.com/oauth2/token?password=5afb7b5360ab76ae55734560b574845d&username=13345513582&clientId=34647ee13033440dbb9410e6021e9612&clientSecret=2b709b6d3e12b8bf380ee914369b5949', '{\"access_token\":\"aaac61805b5c048bb3dfa68a99d07aaf\",\"refresh_token\":\"f9bb35f56f38d54335cf61998944bcaa\",\"uid\":19779387,\"openid\":1726730742,\"scope\":\"user,key,room\",\"token_type\":\"Bearer\",\"expires_in\":7673928}', '10002', '2023-11-14 13:55:47');
INSERT INTO `lock_log` VALUES ('102023111432070009', '11802165', '102023021386560001', '1001', '302023021495090004', '演示物业', 'https://cnapi.sciener.com/oauth2/token?password=5afb7b5360ab76ae55734560b574845d&username=13345513582&clientId=34647ee13033440dbb9410e6021e9612&clientSecret=2b709b6d3e12b8bf380ee914369b5949', '{\"access_token\":\"aaac61805b5c048bb3dfa68a99d07aaf\",\"refresh_token\":\"f9bb35f56f38d54335cf61998944bcaa\",\"uid\":19779387,\"openid\":1726730742,\"scope\":\"user,key,room\",\"token_type\":\"Bearer\",\"expires_in\":7685212}', '10002', '2023-11-14 10:47:42');
INSERT INTO `lock_log` VALUES ('102023111432800010', '11802165', '102023021386560001', '1005', '302023021495090004', '演示物业', 'https://cnapi.sciener.com/v3/lock/unlock?clientId=34647ee13033440dbb9410e6021e9612&accessToken=aaac61805b5c048bb3dfa68a99d07aaf&lockId=11802165&date=1699940786509', '{\"errcode\":0,\"errmsg\":\"none error message or means yes\",\"description\":\"表示成功或是\"}', '10002', '2023-11-14 13:46:33');
INSERT INTO `lock_log` VALUES ('102023111439520002', '11802165', '102023021386560001', '1005', '302023021495090004', '演示物业', 'https://cnapi.sciener.com/v3/lock/unlock?clientId=34647ee13033440dbb9410e6021e9612&accessToken=aaac61805b5c048bb3dfa68a99d07aaf&lockId=11802165&date=1699947247781', '{\"errcode\":0,\"errmsg\":\"none error message or means yes\",\"description\":\"表示成功或是\"}', '10002', '2023-11-14 15:34:12');
INSERT INTO `lock_log` VALUES ('102023111440370008', '11802165', '102023021386560001', '1001', null, null, 'https://cnapi.sciener.com/oauth2/token?password=5afb7b5360ab76ae55734560b574845d&username=13345513582&clientId=34647ee13033440dbb9410e6021e9612&clientSecret=2b709b6d3e12b8bf380ee914369b5949', '{\"access_token\":\"aaac61805b5c048bb3dfa68a99d07aaf\",\"refresh_token\":\"f9bb35f56f38d54335cf61998944bcaa\",\"uid\":19779387,\"openid\":1726730742,\"scope\":\"user,key,room\",\"token_type\":\"Bearer\",\"expires_in\":7687228}', '10002', '2023-11-14 10:14:06');
INSERT INTO `lock_log` VALUES ('102023111443530020', '11802165', '102023021386560001', '1001', '302023021495090004', '演示物业', 'https://cnapi.sciener.com/oauth2/token?password=5afb7b5360ab76ae55734560b574845d&username=13345513582&clientId=34647ee13033440dbb9410e6021e9612&clientSecret=2b709b6d3e12b8bf380ee914369b5949', '{\"access_token\":\"aaac61805b5c048bb3dfa68a99d07aaf\",\"refresh_token\":\"f9bb35f56f38d54335cf61998944bcaa\",\"uid\":19779387,\"openid\":1726730742,\"scope\":\"user,key,room\",\"token_type\":\"Bearer\",\"expires_in\":7685527}', '10002', '2023-11-14 10:42:28');
INSERT INTO `lock_log` VALUES ('102023111443970033', '11802165', '102023021386560001', '1001', '302023021495090004', '演示物业', 'https://cnapi.sciener.com/oauth2/token?password=5afb7b5360ab76ae55734560b574845d&username=13345513582&clientId=34647ee13033440dbb9410e6021e9612&clientSecret=2b709b6d3e12b8bf380ee914369b5949', null, '10001', '2023-11-14 10:44:06');
INSERT INTO `lock_log` VALUES ('102023111451170008', '11802165', '102023021386560001', '1005', '302023021495090004', '演示物业', 'https://cnapi.sciener.com/v3/lock/unlock?clientId=34647ee13033440dbb9410e6021e9612&accessToken=aaac61805b5c048bb3dfa68a99d07aaf&lockId=11802165&date=1699928664273', '{\"errcode\":0,\"errmsg\":\"none error message or means yes\",\"description\":\"表示成功或是\"}', '10002', '2023-11-14 10:24:29');
INSERT INTO `lock_log` VALUES ('102023111453530033', '11802165', '102023021386560001', '1004', null, null, 'https://cnapi.sciener.com/v3/keyboardPwd/change?clientId=34647ee13033440dbb9410e6021e9612&accessToken=aaac61805b5c048bb3dfa68a99d07aaf&lockId=11802165&keyboardPwdId=371547245&newKeyboardPwd=123321&startDate=1698768000000&endDate=2015251200000&changeType=2&date=1699941347700', '{\"errcode\":0,\"errmsg\":\"none error message or means yes\",\"description\":\"表示成功或是\"}', '10002', '2023-11-14 13:55:54');
INSERT INTO `lock_log` VALUES ('102023111453570014', '11802165', '102023021386560001', '1005', '302023021495090004', '演示物业', 'https://cnapi.sciener.com/v3/lock/unlock?clientId=34647ee13033440dbb9410e6021e9612&accessToken=aaac61805b5c048bb3dfa68a99d07aaf&lockId=11802165&date=1699926171267', '{\"errcode\":0,\"errmsg\":\"none error message or means yes\",\"description\":\"表示成功或是\"}', '10002', '2023-11-14 09:42:55');
INSERT INTO `lock_log` VALUES ('102023111457030007', '11802165', '102023021386560001', '1004', '302023021495090004', '演示物业', 'https://cnapi.sciener.com/v3/keyboardPwd/change?clientId=34647ee13033440dbb9410e6021e9612&accessToken=aaac61805b5c048bb3dfa68a99d07aaf&lockId=11802165&keyboardPwdId=371258621&newKeyboardPwd=1234567&startDate=1699804800000&endDate=2098454400000&changeType=2&date=1699929249054', '{\"errcode\":0,\"errmsg\":\"none error message or means yes\",\"description\":\"表示成功或是\"}', '10002', '2023-11-14 10:34:16');
INSERT INTO `lock_log` VALUES ('102023111458220023', '11802165', '102023021386560001', '1005', '302023021495090004', '演示物业', 'https://cnapi.sciener.com/v3/lock/unlock?clientId=34647ee13033440dbb9410e6021e9612&accessToken=aaac61805b5c048bb3dfa68a99d07aaf&lockId=11802165&date=1699929747303', '{\"errcode\":0,\"errmsg\":\"none error message or means yes\",\"description\":\"表示成功或是\"}', '10002', '2023-11-14 10:42:33');
INSERT INTO `lock_log` VALUES ('102023111462590022', '11802165', '102023021386560001', '1001', null, null, 'https://cnapi.sciener.com/oauth2/token?password=5afb7b5360ab76ae55734560b574845d&username=13345513582&clientId=34647ee13033440dbb9410e6021e9612&clientSecret=2b709b6d3e12b8bf380ee914369b5949', null, '10001', '2023-11-14 11:45:42');
INSERT INTO `lock_log` VALUES ('102023111469830012', '11802165', '102023021386560001', '1003', '302023021495090004', '演示物业', 'https://cnapi.sciener.com/v3/keyboardPwd/add?clientId=34647ee13033440dbb9410e6021e9612&accessToken=aaac61805b5c048bb3dfa68a99d07aaf&lockId=11802165&keyboardPwd=81342395&keyboardPwdType=3&startDate=1698768000000&endDate=1698854400000&addType=2&date=1699930061831', '{\"keyboardPwdId\":371547245}', '10002', '2023-11-14 10:47:49');
INSERT INTO `lock_log` VALUES ('102023111470300007', '11802165', '102023021386560001', '1004', null, null, 'https://cnapi.sciener.com/v3/keyboardPwd/change?clientId=34647ee13033440dbb9410e6021e9612&accessToken=aaac61805b5c048bb3dfa68a99d07aaf&lockId=11802165&keyboardPwdId=371547245&newKeyboardPwd=81342395&startDate=1698768000000&endDate=1699891200000&changeType=2&date=1699933441986', '{\"errcode\":0,\"errmsg\":\"none error message or means yes\",\"description\":\"表示成功或是\"}', '10002', '2023-11-14 11:44:08');
INSERT INTO `lock_log` VALUES ('102023111470980011', '11802165', '102023021386560001', '1001', null, null, 'https://cnapi.sciener.com/oauth2/token?password=5afb7b5360ab76ae55734560b574845d&username=13345513582&clientId=34647ee13033440dbb9410e6021e9612&clientSecret=2b709b6d3e12b8bf380ee914369b5949', '{\"access_token\":\"aaac61805b5c048bb3dfa68a99d07aaf\",\"refresh_token\":\"f9bb35f56f38d54335cf61998944bcaa\",\"uid\":19779387,\"openid\":1726730742,\"scope\":\"user,key,room\",\"token_type\":\"Bearer\",\"expires_in\":7681430}', '10002', '2023-11-14 11:50:44');
INSERT INTO `lock_log` VALUES ('102023111472190007', '11802165', '102023021386560001', '1001', '302023021495090004', '演示物业', 'https://cnapi.sciener.com/oauth2/token?password=5afb7b5360ab76ae55734560b574845d&username=13345513582&clientId=34647ee13033440dbb9410e6021e9612&clientSecret=2b709b6d3e12b8bf380ee914369b5949', '{\"access_token\":\"aaac61805b5c048bb3dfa68a99d07aaf\",\"refresh_token\":\"f9bb35f56f38d54335cf61998944bcaa\",\"uid\":19779387,\"openid\":1726730742,\"scope\":\"user,key,room\",\"token_type\":\"Bearer\",\"expires_in\":7674488}', '10002', '2023-11-14 13:46:27');
INSERT INTO `lock_log` VALUES ('102023111472330014', '11802165', '102023021386560001', '1004', null, null, 'https://cnapi.sciener.com/v3/keyboardPwd/change?clientId=34647ee13033440dbb9410e6021e9612&accessToken=aaac61805b5c048bb3dfa68a99d07aaf&lockId=11802165&keyboardPwdId=371547245&newKeyboardPwd=123321&startDate=1698768000000&endDate=2015251200000&changeType=2&date=1699933844870', '{\"errcode\":0,\"errmsg\":\"none error message or means yes\",\"description\":\"表示成功或是\"}', '10002', '2023-11-14 11:50:52');
INSERT INTO `lock_log` VALUES ('102023111478800016', '11802165', '102023021386560001', '1001', '302023021495090004', '演示物业', 'https://cnapi.sciener.com/oauth2/token?password=5afb7b5360ab76ae55734560b574845d&username=13345513582&clientId=34647ee13033440dbb9410e6021e9612&clientSecret=2b709b6d3e12b8bf380ee914369b5949', '{\"access_token\":\"aaac61805b5c048bb3dfa68a99d07aaf\",\"refresh_token\":\"f9bb35f56f38d54335cf61998944bcaa\",\"uid\":19779387,\"openid\":1726730742,\"scope\":\"user,key,room\",\"token_type\":\"Bearer\",\"expires_in\":7674460}', '10002', '2023-11-14 13:46:54');
INSERT INTO `lock_log` VALUES ('102023111479340011', '11802165', '102023021386560001', '1004', null, null, 'https://cnapi.sciener.com/v3/keyboardPwd/change?clientId=34647ee13033440dbb9410e6021e9612&accessToken=aaac61805b5c048bb3dfa68a99d07aaf&lockId=11802165&keyboardPwdId=371258621&newKeyboardPwd=&startDate=1699804800000&endDate=2098454400000&changeType=2&date=1699928045737', '{\"errcode\":0,\"errmsg\":\"none error message or means yes\",\"description\":\"表示成功或是\"}', '10002', '2023-11-14 10:14:12');
INSERT INTO `lock_log` VALUES ('102023111480900017', '11802165', '102023021386560001', '1004', null, null, 'https://cnapi.sciener.com/v3/keyboardPwd/change?clientId=34647ee13033440dbb9410e6021e9612&accessToken=aaac61805b5c048bb3dfa68a99d07aaf&lockId=11802165&keyboardPwdId=371547245&newKeyboardPwd=123123&startDate=1698768000000&endDate=2015251200000&changeType=2&date=1699933480984', '{\"errcode\":0,\"errmsg\":\"none error message or means yes\",\"description\":\"表示成功或是\"}', '10002', '2023-11-14 11:44:49');
INSERT INTO `lock_log` VALUES ('102023111483140032', '11802165', '102023021386560001', '1001', '302023021495090004', '演示物业', 'https://cnapi.sciener.com/oauth2/token?password=5afb7b5360ab76ae55734560b574845d&username=13345513582&clientId=34647ee13033440dbb9410e6021e9612&clientSecret=2b709b6d3e12b8bf380ee914369b5949', null, '10001', '2023-11-14 11:10:51');
INSERT INTO `lock_log` VALUES ('102023111486380005', '11802165', '102023021386560001', '1001', '302023021495090004', '演示物业', 'https://cnapi.sciener.com/oauth2/token?password=5afb7b5360ab76ae55734560b574845d&username=13345513582&clientId=34647ee13033440dbb9410e6021e9612&clientSecret=2b709b6d3e12b8bf380ee914369b5949', '{\"access_token\":\"aaac61805b5c048bb3dfa68a99d07aaf\",\"refresh_token\":\"f9bb35f56f38d54335cf61998944bcaa\",\"uid\":19779387,\"openid\":1726730742,\"scope\":\"user,key,room\",\"token_type\":\"Bearer\",\"expires_in\":7686610}', '10002', '2023-11-14 10:24:24');
INSERT INTO `lock_log` VALUES ('102023111488400005', '11802165', '102023021386560001', '1005', '302023021495090004', '演示物业', 'https://cnapi.sciener.com/v3/lock/unlock?clientId=34647ee13033440dbb9410e6021e9612&accessToken=aaac61805b5c048bb3dfa68a99d07aaf&lockId=11802165&date=1699925594429', '{\"errcode\":0,\"errmsg\":\"none error message or means yes\",\"description\":\"表示成功或是\"}', '10002', '2023-11-14 09:33:20');
INSERT INTO `lock_log` VALUES ('102023111489690006', '11802165', '102023021386560001', '1004', null, null, 'https://cnapi.sciener.com/v3/keyboardPwd/change?clientId=34647ee13033440dbb9410e6021e9612&accessToken=aaac61805b5c048bb3dfa68a99d07aaf&lockId=11802165&keyboardPwdId=371547245&newKeyboardPwd=123321&startDate=1698768000000&endDate=1699891200000&changeType=2&date=1699933785483', '{\"errcode\":0,\"errmsg\":\"none error message or means yes\",\"description\":\"表示成功或是\"}', '10002', '2023-11-14 11:49:53');
INSERT INTO `lock_log` VALUES ('102023111495440002', '11802165', '102023021386560001', '1001', '302023021495090004', '演示物业', 'https://cnapi.sciener.com/oauth2/token?password=5afb7b5360ab76ae55734560b574845d&username=13345513582&clientId=34647ee13033440dbb9410e6021e9612&clientSecret=2b709b6d3e12b8bf380ee914369b5949', '{\"access_token\":\"aaac61805b5c048bb3dfa68a99d07aaf\",\"refresh_token\":\"f9bb35f56f38d54335cf61998944bcaa\",\"uid\":19779387,\"openid\":1726730742,\"scope\":\"user,key,room\",\"token_type\":\"Bearer\",\"expires_in\":7689680}', '10002', '2023-11-14 09:33:15');
INSERT INTO `lock_log` VALUES ('102023111496940019', '11802165', '102023021386560001', '1005', '302023021495090004', '演示物业', 'https://cnapi.sciener.com/v3/lock/unlock?clientId=34647ee13033440dbb9410e6021e9612&accessToken=aaac61805b5c048bb3dfa68a99d07aaf&lockId=11802165&date=1699940813884', '{\"errcode\":0,\"errmsg\":\"none error message or means yes\",\"description\":\"表示成功或是\"}', '10002', '2023-11-14 13:46:59');
INSERT INTO `lock_log` VALUES ('102023111498560021', '11802165', '102023021386560001', '1001', '302023021495090004', '演示物业', 'https://cnapi.sciener.com/oauth2/token?password=5afb7b5360ab76ae55734560b574845d&username=13345513582&clientId=34647ee13033440dbb9410e6021e9612&clientSecret=2b709b6d3e12b8bf380ee914369b5949', '{\"access_token\":\"aaac61805b5c048bb3dfa68a99d07aaf\",\"refresh_token\":\"f9bb35f56f38d54335cf61998944bcaa\",\"uid\":19779387,\"openid\":1726730742,\"scope\":\"user,key,room\",\"token_type\":\"Bearer\",\"expires_in\":7686295}', '10002', '2023-11-14 10:29:39');
INSERT INTO `lock_log` VALUES ('102023111498730005', '11802165', '102023021386560001', '1005', '302023021495090004', '演示物业', 'https://cnapi.sciener.com/v3/lock/unlock?clientId=34647ee13033440dbb9410e6021e9612&accessToken=aaac61805b5c048bb3dfa68a99d07aaf&lockId=11802165&date=1699926151142', '{\"errcode\":0,\"errmsg\":\"none error message or means yes\",\"description\":\"表示成功或是\"}', '10002', '2023-11-14 09:42:39');
INSERT INTO `lock_log` VALUES ('102023111499560002', '11802165', '102023021386560001', '1001', '302023021495090004', '演示物业', 'https://cnapi.sciener.com/oauth2/token?password=5afb7b5360ab76ae55734560b574845d&username=13345513582&clientId=34647ee13033440dbb9410e6021e9612&clientSecret=2b709b6d3e12b8bf380ee914369b5949', '{\"access_token\":\"aaac61805b5c048bb3dfa68a99d07aaf\",\"refresh_token\":\"f9bb35f56f38d54335cf61998944bcaa\",\"uid\":19779387,\"openid\":1726730742,\"scope\":\"user,key,room\",\"token_type\":\"Bearer\",\"expires_in\":7689123}', '10002', '2023-11-14 09:42:31');
INSERT INTO `lock_log` VALUES ('102023112080560004', '11802165', '102023021386560001', '1005', '302023021495090004', '演示物业', 'https://cnapi.sciener.com/v3/lock/unlock?clientId=34647ee13033440dbb9410e6021e9612&accessToken=aaac61805b5c048bb3dfa68a99d07aaf&lockId=11802165&date=1700472997215', '{\"errcode\":0,\"errmsg\":\"none error message or means yes\",\"description\":\"表示成功或是\"}', '10002', '2023-11-20 17:36:41');
INSERT INTO `lock_log` VALUES ('102023112754540015', '11802165', '102023021386560001', '1005', '302023021495090004', '演示物业', 'https://cnapi.sciener.com/v3/lock/unlock?clientId=34647ee13033440dbb9410e6021e9612&accessToken=aaac61805b5c048bb3dfa68a99d07aaf&lockId=11802165&date=1701089487499', '{\"errcode\":0,\"errmsg\":\"none error message or means yes\",\"description\":\"表示成功或是\"}', '10002', '2023-11-27 20:51:38');

-- ----------------------------
-- Table structure for lock_machine
-- ----------------------------
DROP TABLE IF EXISTS `lock_machine`;
CREATE TABLE `lock_machine` (
  `machine_id` varchar(30) NOT NULL COMMENT '表ID',
  `machine_name` varchar(200) NOT NULL COMMENT '名称',
  `machine_code` varchar(64) NOT NULL COMMENT '设备编号',
  `room_id` varchar(30) NOT NULL COMMENT '房屋编号',
  `room_name` varchar(64) NOT NULL COMMENT '房屋名称',
  `charge` decimal(10,2) NOT NULL DEFAULT '0.00' COMMENT '剩余电量，百分比',
  `impl_bean` varchar(30) NOT NULL COMMENT '门禁厂家',
  `community_id` varchar(30) NOT NULL COMMENT '小区ID',
  `heartbeat_time` datetime NOT NULL COMMENT '设备心跳时间',
  `create_time` timestamp NOT NULL DEFAULT CURRENT_TIMESTAMP COMMENT '创建时间',
  `status_cd` varchar(2) NOT NULL DEFAULT '0' COMMENT '数据状态，详细参考c_status表，S 保存，0, 在用 1失效',
  PRIMARY KEY (`machine_id`) USING BTREE
) ENGINE=InnoDB DEFAULT CHARSET=utf8mb4 COLLATE=utf8mb4_0900_ai_ci;

-- ----------------------------
-- Records of lock_machine
-- ----------------------------
INSERT INTO `lock_machine` VALUES ('11802165', '大门测试锁', 'S503_89869e', '752023110696240003', '1-1-3003', '85.00', '102023103060260011', '102023021386560001', '2023-11-13 14:20:18', '2023-11-13 14:20:19', '0');

-- ----------------------------
-- Table structure for lock_machine_factory
-- ----------------------------
DROP TABLE IF EXISTS `lock_machine_factory`;
CREATE TABLE `lock_machine_factory` (
  `factory_id` varchar(30) NOT NULL COMMENT '厂家ID',
  `factory_name` varchar(64) NOT NULL COMMENT '厂家名称',
  `bean_impl` varchar(512) NOT NULL COMMENT '厂家处理类',
  `remark` varchar(512) DEFAULT NULL COMMENT '备注',
  `create_time` timestamp NOT NULL DEFAULT CURRENT_TIMESTAMP COMMENT '创建时间',
  `status_cd` varchar(2) NOT NULL DEFAULT '0' COMMENT '数据状态',
  PRIMARY KEY (`factory_id`) USING BTREE
) ENGINE=InnoDB DEFAULT CHARSET=utf8mb4 COLLATE=utf8mb4_0900_ai_ci;

-- ----------------------------
-- Records of lock_machine_factory
-- ----------------------------
INSERT INTO `lock_machine_factory` VALUES ('102023103060260011', '默认门锁厂家', 'commonLockFactoryAdaptImpl', '111qqq', '2023-10-30 10:51:47', '0');
INSERT INTO `lock_machine_factory` VALUES ('102023103069830002', 'qqq1', 'qqq1', 'qqq1', '2023-10-30 10:57:58', '1');
INSERT INTO `lock_machine_factory` VALUES ('102023120619600016', 'www', 'www', 'www', '2023-12-06 14:41:48', '1');
INSERT INTO `lock_machine_factory` VALUES ('102024011606220031', '官方门锁协议（厂家需要支持）', 'hcLockFactoryAdaptImpl', '', '2024-01-16 23:19:34', '0');

-- ----------------------------
-- Table structure for lock_machine_factory_spec
-- ----------------------------
DROP TABLE IF EXISTS `lock_machine_factory_spec`;
CREATE TABLE `lock_machine_factory_spec` (
  `spec_id` varchar(30) NOT NULL COMMENT '规格ID',
  `factory_id` varchar(64) CHARACTER SET utf8mb4 COLLATE utf8mb4_0900_ai_ci NOT NULL COMMENT '厂家ID',
  `spec_name` varchar(64) NOT NULL COMMENT '规格名称',
  `spec_cd` varchar(12) CHARACTER SET utf8mb4 COLLATE utf8mb4_0900_ai_ci NOT NULL COMMENT '规格编号',
  `create_time` timestamp NOT NULL DEFAULT CURRENT_TIMESTAMP COMMENT '创建时间',
  `status_cd` varchar(2) NOT NULL DEFAULT '0' COMMENT '数据状态',
  `remark` varchar(256) DEFAULT NULL COMMENT '描述',
  PRIMARY KEY (`spec_id`) USING BTREE,
  UNIQUE KEY `spec_cd` (`spec_cd`)
) ENGINE=InnoDB DEFAULT CHARSET=utf8mb4 COLLATE=utf8mb4_0900_ai_ci;

-- ----------------------------
-- Records of lock_machine_factory_spec
-- ----------------------------
INSERT INTO `lock_machine_factory_spec` VALUES ('102023110797600002', '102023103060260011', 'clientId', '1001', '2023-11-07 17:37:40', '0', '必填，请填写clientId');
INSERT INTO `lock_machine_factory_spec` VALUES ('102023110798310013', '102023103060260011', 'clientSecret', '1002', '2023-11-07 17:37:58', '0', '必填，请填写clientSecret');
INSERT INTO `lock_machine_factory_spec` VALUES ('102023110819920002', '102023103060260011', 'username', '1003', '2023-11-08 16:47:38', '0', '必填，请填写username');
INSERT INTO `lock_machine_factory_spec` VALUES ('102023110853030005', '102023103060260011', 'password', '1004', '2023-11-08 16:48:12', '0', '必填，请填写password');
INSERT INTO `lock_machine_factory_spec` VALUES ('102023110906500031', '102023103060260011', 'refreshToken', '1005', '2023-11-09 14:12:03', '0', '必填，请填写refreshToken');

-- ----------------------------
-- Table structure for lock_machine_param
-- ----------------------------
DROP TABLE IF EXISTS `lock_machine_param`;
CREATE TABLE `lock_machine_param` (
  `param_id` varchar(30) NOT NULL COMMENT '参数ID',
  `machine_id` varchar(30) NOT NULL COMMENT '设备ID',
  `community_id` varchar(30) NOT NULL COMMENT '小区ID',
  `spec_cd` varchar(12) NOT NULL COMMENT '规格id,参考spec表',
  `value` varchar(50) NOT NULL COMMENT '属性值',
  `create_time` timestamp NOT NULL DEFAULT CURRENT_TIMESTAMP COMMENT '创建时间',
  `status_cd` varchar(2) NOT NULL DEFAULT '0' COMMENT '数据状态，详细参考c_status表，S 保存，0, 在用 1失效',
  PRIMARY KEY (`param_id`)
) ENGINE=InnoDB DEFAULT CHARSET=utf8;

-- ----------------------------
-- Records of lock_machine_param
-- ----------------------------
INSERT INTO `lock_machine_param` VALUES ('102023111336320006', '11802165', '102023021386560001', '1004', '5afb7b5360ab76ae55734560b574845d', '2023-11-13 14:20:20', '0');
INSERT INTO `lock_machine_param` VALUES ('102023111343600005', '11802165', '102023021386560001', '1003', '13345513582', '2023-11-13 14:20:20', '0');
INSERT INTO `lock_machine_param` VALUES ('102023111352080003', '11802165', '102023021386560001', '1001', '34647ee13033440dbb9410e6021e9612', '2023-11-13 14:20:20', '0');
INSERT INTO `lock_machine_param` VALUES ('102023111353910004', '11802165', '102023021386560001', '1002', '2b709b6d3e12b8bf380ee914369b5949', '2023-11-13 14:20:20', '0');
INSERT INTO `lock_machine_param` VALUES ('102023111392250007', '11802165', '102023021386560001', '1005', 'f9bb35f56f38d54335cf61998944bcaa', '2023-11-13 14:20:20', '0');

-- ----------------------------
-- Table structure for lock_person
-- ----------------------------
DROP TABLE IF EXISTS `lock_person`;
CREATE TABLE `lock_person` (
  `lp_id` varchar(64) NOT NULL COMMENT '主键ID',
  `machine_id` varchar(64) NOT NULL COMMENT '设备ID',
  `person_id` varchar(30) NOT NULL COMMENT '人员ID',
  `name` varchar(200) NOT NULL COMMENT '用户名称',
  `start_time` datetime NOT NULL COMMENT '开始时间',
  `end_time` datetime NOT NULL COMMENT '结束时间',
  `open_model` varchar(12) NOT NULL COMMENT '开锁方式 1001 密码开锁，2002 蓝牙开锁',
  `state` varchar(12) NOT NULL COMMENT '状态,1001 可用 2002 冻结',
  `community_id` varchar(64) NOT NULL COMMENT '小区ID',
  `card_number` varchar(64) DEFAULT NULL COMMENT '密码',
  `create_time` timestamp NOT NULL DEFAULT CURRENT_TIMESTAMP COMMENT '创建时间',
  `status_cd` varchar(2) NOT NULL DEFAULT '0' COMMENT '数据状态，详细参考c_status表，S 保存，0, 在用 1失效',
  PRIMARY KEY (`lp_id`)
) ENGINE=InnoDB DEFAULT CHARSET=utf8;

-- ----------------------------
-- Records of lock_person
-- ----------------------------
INSERT INTO `lock_person` VALUES ('371258621', '11802165', '772023111390610012', '门锁测试', '2023-11-13 00:00:00', '2036-07-01 00:00:00', '1001', '1001', '102023021386560001', '12345678', '2023-11-13 16:18:19', '0');
INSERT INTO `lock_person` VALUES ('371547245', '11802165', '772023111038450017', '123', '2023-11-01 00:00:00', '2033-11-11 00:00:00', '1001', '1001', '102023021386560001', '123321', '2023-11-14 10:47:51', '0');

-- ----------------------------
-- Table structure for m_menu
-- ----------------------------
DROP TABLE IF EXISTS `m_menu`;
CREATE TABLE `m_menu` (
  `m_id` varchar(30) NOT NULL COMMENT '菜单ID',
  `name` varchar(10) NOT NULL COMMENT '菜单名称',
  `g_id` varchar(30) NOT NULL COMMENT '菜单组ID',
  `url` varchar(200) NOT NULL COMMENT '打开地址',
  `seq` int NOT NULL COMMENT '列顺序',
  `p_id` varchar(30) NOT NULL COMMENT '权限ID',
  `description` varchar(200) DEFAULT NULL COMMENT '菜单描述',
  `create_time` timestamp NOT NULL DEFAULT CURRENT_TIMESTAMP COMMENT '创建时间',
  `status_cd` varchar(2) NOT NULL DEFAULT '0' COMMENT '数据状态，详细参考c_status表，0在用，1失效',
  `is_show` varchar(2) NOT NULL DEFAULT 'Y' COMMENT '菜单页面是否显示 Y显示N不显示',
  PRIMARY KEY (`m_id`),
  KEY `index_m_id` (`m_id`) USING BTREE,
  KEY `index_g_id` (`g_id`) USING BTREE
) ENGINE=InnoDB DEFAULT CHARSET=utf8mb4 COLLATE=utf8mb4_0900_ai_ci;

-- ----------------------------
-- Records of m_menu
-- ----------------------------
INSERT INTO `m_menu` VALUES ('700201906025', '应用信息', '800201907014', '/#/pages/dev/appManage', '1', '500201906026', '应用信息', '2019-06-19 02:16:11', '0', 'Y');
INSERT INTO `m_menu` VALUES ('700201906026', '服务信息', '800201907014', '/#/pages/dev/serviceManage', '1', '500201906027', '服务信息', '2019-06-19 02:16:11', '0', 'Y');
INSERT INTO `m_menu` VALUES ('700201906027', '服务实现', '800201907014', '/#/pages/dev/serviceImplManage', '4', '500201906028', '服务实现', '2019-07-07 08:49:51', '0', 'Y');
INSERT INTO `m_menu` VALUES ('700201906028', '配置中心', '800201907016', '/#/pages/dev/mappingManage', '2', '500201906029', '编码映射', '2019-06-19 02:16:11', '0', 'Y');
INSERT INTO `m_menu` VALUES ('700201907029', '服务绑定', '800201907014', '/#/pages/dev/serviceBinding', '3', '500201907030', '服务绑定', '2019-07-11 11:46:59', '0', 'N');
INSERT INTO `m_menu` VALUES ('700201908030', '服务注册', '800201907014', '/#/pages/dev/serviceRegisterManage', '2', '500201907032', '服务注册', '2019-08-10 09:49:38', '0', 'Y');
INSERT INTO `m_menu` VALUES ('700201908032', '刷新缓存', '800201908018', '/#/pages/dev/cacheManage', '1', '500201908034', '刷新缓存', '2019-08-13 11:35:35', '0', 'Y');
INSERT INTO `m_menu` VALUES ('700201908033', '菜单组', '800201908019', '/#/pages/dev/menuGroupManage', '2', '500201908035', '菜单组', '2019-08-19 12:17:46', '0', 'Y');
INSERT INTO `m_menu` VALUES ('700201908034', '基础权限', '800201908019', '/#/pages/dev/basePrivilegeManage', '3', '500201908036', '基础权限', '2019-08-19 12:17:46', '0', 'N');
INSERT INTO `m_menu` VALUES ('700201908035', '菜单维护', '800201908019', '/#/pages/dev/menuManage', '3', '502019082521880003', '菜单维护', '2019-08-25 10:38:16', '0', 'Y');
INSERT INTO `m_menu` VALUES ('700201908036', '配置菜单', '800201908019', '/#/pages/dev/configMenu', '4', '502019083153490001', '配置菜单', '2019-08-31 14:36:57', '0', 'N');
INSERT INTO `m_menu` VALUES ('702019090161010006', '服务提供', '800201907014', '/#/pages/dev/serviceProvideManage', '5', '502019090149430005', '服务提供', '2019-09-01 14:14:08', '0', 'Y');
INSERT INTO `m_menu` VALUES ('702019090210710002', '开发服务', '800201907014', '/#/pages/dev/devServiceProvide', '6', '502019090277380001', '开发服务提供', '2019-09-02 15:33:31', '0', 'N');
INSERT INTO `m_menu` VALUES ('702019090293430003', '定时任务', '802019090224100001', '/#/pages/dev/jobManage', '1', '502019090260990002', '管理定时任务', '2019-09-02 12:35:51', '0', 'Y');
INSERT INTO `m_menu` VALUES ('702019092962440002', '配置菜单', '800201908019', '/#/pages/configMenu', '4', '502019092956560001', '配置菜单', '2019-09-29 12:18:14', '1', 'N');
INSERT INTO `m_menu` VALUES ('702020081441030209', '属性', '802020081417800208', '/#/pages/dev/attrSpecManage', '1', '-1', '', '2020-08-14 22:17:25', '0', 'Y');
INSERT INTO `m_menu` VALUES ('702020081494380219', '属性值', '802020081417800208', '/#/pages/dev/attrValueManage', '2', '-1', '', '2020-08-14 23:22:48', '0', 'N');
INSERT INTO `m_menu` VALUES ('702020111628740005', '交互日志', '802020111618520004', '/#/pages/dev/transactionLogManage', '1', '-1', '', '2020-11-16 01:09:05', '0', 'Y');
INSERT INTO `m_menu` VALUES ('702020120773940298', 'Databus', '800201907016', '/#/pages/dev/businessDatabusManage', '3', '-1', '', '2020-12-07 18:14:35', '0', 'Y');
INSERT INTO `m_menu` VALUES ('702021031606850071', '修改密码', '802021031653410070', '/#/pages/frame/changeStaffPwd', '1', '-1', '', '2021-03-16 11:14:16', '0', 'Y');
INSERT INTO `m_menu` VALUES ('702021060521430094', '手机商城菜单', '800201908019', '/#/pages/admin/housekeepingTypeManage', '4', '-1', '', '2021-06-05 15:38:42', '0', 'Y');
INSERT INTO `m_menu` VALUES ('702021080500070003', '初始化小区', '802021031653410070', '/#/pages/dev/initializeCommunityManage', '6', '-1', '', '2021-08-05 19:09:43', '0', 'Y');
INSERT INTO `m_menu` VALUES ('702021091240630201', '业务轨迹', '800201907014', '/#/pages/dev/businessTableHisManage', '6', '-1', '', '2021-09-12 15:48:39', '0', 'Y');
INSERT INTO `m_menu` VALUES ('702021110981050126', '报表组', '802021110952690125', '/#/pages/dev/reportCustomGroupManage', '1', '-1', '', '2021-11-09 14:38:40', '0', 'Y');
INSERT INTO `m_menu` VALUES ('702021111211780405', '报表组件', '802021110952690125', '/#/pages/dev/reportCustomComponentManage', '3', '-1', '报表组件', '2021-11-12 10:00:34', '0', 'Y');
INSERT INTO `m_menu` VALUES ('702021111293630375', '报表信息', '802021110952690125', '/#/pages/dev/reportCustomManage', '2', '-1', '', '2021-11-12 09:03:45', '0', 'Y');
INSERT INTO `m_menu` VALUES ('702022022626440646', '菜单目录', '800201908019', '/#/pages/dev/menuCatalogManage', '1', '-1', '', '2022-02-26 10:32:55', '0', 'Y');
INSERT INTO `m_menu` VALUES ('702022070767920037', '字典', '800201907016', '/#/pages/dev/dictManage', '4', '-1', '字典', '2022-07-07 09:26:35', '0', 'Y');
INSERT INTO `m_menu` VALUES ('702022081723230003', '系统配置', '802021031653410070', '/#/pages/frame/systemInfoManage', '2', '-1', '', '2022-08-17 00:15:09', '0', 'Y');
INSERT INTO `m_menu` VALUES ('702023011061770001', '注册协议', '802021031653410070', '/#/pages/frame/registerProtocol', '3', '-1', '', '2023-01-10 17:20:57', '0', 'Y');
INSERT INTO `m_menu` VALUES ('702023012914280004', '配置项', '800201907016', '/#/pages/dev/mappingDomainManage', '1', '-1', '', '2023-01-29 14:38:19', '0', 'Y');
INSERT INTO `m_menu` VALUES ('702023021322800001', '小区信息', '802023021272240006', '/#/pages/common/communityManage', '1', '502023021381120002', '1', '2023-02-13 00:56:50', '0', 'Y');
INSERT INTO `m_menu` VALUES ('702023021365750001', '物业公司', '802023021272240006', '/#/pages/admin/propertyCompanyManage', '2', '502023021318350002', '', '2023-02-13 18:11:52', '0', 'Y');
INSERT INTO `m_menu` VALUES ('702023021401510005', '员工信息', '802023021422680001', '/#/pages/frame/staff', '2', '502023021420340006', '', '2023-02-14 12:31:08', '0', 'Y');
INSERT INTO `m_menu` VALUES ('702023021428710012', '我的小区', '802023021424270011', '/#/pages/common/enterCommunity', '1', '502023021400300013', '', '2023-02-14 00:34:24', '0', 'Y');
INSERT INTO `m_menu` VALUES ('702023021473830007', '角色权限', '802023021422680001', '/#/pages/frame/role', '3', '502023021422320008', '', '2023-02-14 12:31:32', '0', 'Y');
INSERT INTO `m_menu` VALUES ('702023021474320003', '组织信息', '802023021422680001', '/#/pages/frame/orgManage', '1', '502023021465530004', '', '2023-02-14 12:30:38', '0', 'Y');
INSERT INTO `m_menu` VALUES ('702023021619920008', '人员信息', '802023021604710005', '/#/pages/property/listOwner', '2', '502023021692680009', '', '2023-02-16 00:18:53', '0', 'Y');
INSERT INTO `m_menu` VALUES ('702023021699840006', '房屋信息', '802023021604710005', '/#/pages/property/room', '1', '502023021633790007', '', '2023-02-16 00:15:27', '0', 'Y');
INSERT INTO `m_menu` VALUES ('702023081540360005', '门禁设备', '802023081520910004', '/#/pages/accessControl/accessControlManage', '1', '502023081597020006', '', '2023-08-15 02:32:54', '0', 'Y');
INSERT INTO `m_menu` VALUES ('702023081542630001', '设备位置', '802023021424270011', '/#/pages/machine/machineLocation', '2', '502023081553490002', '', '2023-08-15 01:09:23', '0', 'Y');
INSERT INTO `m_menu` VALUES ('702023081549120007', '楼栋授权', '802023081520910004', '/#/pages/accessControl/accessControlFloor', '3', '502023081503050008', '', '2023-08-15 14:03:42', '0', 'Y');
INSERT INTO `m_menu` VALUES ('702023081558630009', '门禁人员', '802023081520910004', '/#/pages/accessControl/accessControlFace', '2', '502023081501740010', '', '2023-08-15 12:20:47', '0', 'Y');
INSERT INTO `m_menu` VALUES ('702023081628900013', '部门授权', '802023081520910004', '/#/pages/accessControl/accessControlOrg', '4', '502023081608800014', '', '2023-08-16 11:32:16', '0', 'Y');
INSERT INTO `m_menu` VALUES ('702023081657290002', '充电规则', '802023081695960001', '/#/pages/charge/chargeRule', '1', '502023081681540003', '', '2023-08-16 16:48:51', '0', 'Y');
INSERT INTO `m_menu` VALUES ('702023081785750003', '下发日志', '802023081520910004', '/#/pages/accessControl/accessControlLog', '5', '502023081770940004', '', '2023-08-17 09:02:32', '0', 'Y');
INSERT INTO `m_menu` VALUES ('702023081789540034', '充电桩', '802023081695960001', '/#/pages/charge/chargeMachineManage', '2', '502023081767580035', '', '2023-08-17 10:55:35', '0', 'Y');
INSERT INTO `m_menu` VALUES ('702023081882570004', '充电月卡', '802023081695960001', '/#/pages/charge/chargeMonthOrderManage', '5', '502023081865750005', '', '2023-08-18 11:04:30', '0', 'Y');
INSERT INTO `m_menu` VALUES ('702023081891210001', '充电订单', '802023081695960001', '/#/pages/charge/chargeMachineOrder', '3', '502023081803040002', '', '2023-08-18 11:03:42', '0', 'Y');
INSERT INTO `m_menu` VALUES ('702023082179470002', '进出记录', '802023081520910004', '/#/pages/accessControl/accessControlInout', '6', '502023082122760003', '', '2023-08-21 13:32:18', '0', 'Y');
INSERT INTO `m_menu` VALUES ('702023082205380002', 'mqtt日志', '802020111618520004', '/#/pages/log/mqttLog', '2', '502023082214500003', '', '2023-08-22 10:49:42', '0', 'Y');
INSERT INTO `m_menu` VALUES ('702023082303880011', '停车场', '802023082372950010', '/#/pages/car/parkingArea', '1', '502023082348060012', '', '2023-08-23 09:05:14', '0', 'Y');
INSERT INTO `m_menu` VALUES ('702023082371460002', '停车位', '802023082372950010', '/#/pages/car/parkingSpace', '3', '502023082382910003', '', '2023-08-23 13:43:22', '0', 'Y');
INSERT INTO `m_menu` VALUES ('702023082430770021', '水电设备', '802023082455000001', '/#/pages/meter/meterMachineManage', '2', '502023082436780022', '', '2023-08-24 16:12:19', '0', 'Y');
INSERT INTO `m_menu` VALUES ('702023082480950029', '水电类型', '802023082455000001', '/#/pages/meter/meterTypeManage', '1', '502023082455720030', '', '2023-08-24 15:03:38', '0', 'Y');
INSERT INTO `m_menu` VALUES ('702023082816100001', '抄表记录', '802023082455000001', '/#/pages/meter/meterMachineReadDetail', '3', '502023082887490002', '', '2023-08-28 10:21:43', '0', 'Y');
INSERT INTO `m_menu` VALUES ('702023082916820001', '充值记录', '802023082455000001', '/#/pages/meter/meterMachineRechargeDetail', '4', '502023082990470002', '', '2023-08-29 09:27:35', '0', 'Y');
INSERT INTO `m_menu` VALUES ('702023091897380039', '电梯厂家', '802023091899930009', '/#/pages/lift/liftMachineFactoryManage', '1', '502023091863710040', '', '2023-09-18 15:37:13', '0', 'Y');
INSERT INTO `m_menu` VALUES ('702023091900950008', '预约记录', '802023091881700008', '/#/pages/lift/liftMachineReservation', '3', '502023091990950009', '', '2023-09-19 08:57:25', '0', 'Y');
INSERT INTO `m_menu` VALUES ('702023091919820004', '车辆', '802023082372950010', '/#/pages/car/listOwnerCar', '4', '502023091957590005', '', '2023-09-19 11:44:14', '0', 'Y');
INSERT INTO `m_menu` VALUES ('702023091986670011', '电梯日志', '802023091881700008', '/#/pages/lift/liftMachineLogManage', '4', '502023091938270012', '', '2023-09-19 08:58:20', '0', 'Y');
INSERT INTO `m_menu` VALUES ('702023091988040005', '电梯管理', '802023091881700008', '/#/pages/lift/liftMachineManage', '1', '502023091922730006', '', '2023-09-19 08:55:58', '0', 'Y');
INSERT INTO `m_menu` VALUES ('702023092129570029', '路灯厂家', '802023091899930009', '/#/pages/lamp/lampMachineFactoryManage', '2', '502023092125620030', '', '2023-09-21 14:14:53', '0', 'Y');
INSERT INTO `m_menu` VALUES ('702023092145750006', '摄像头', '802023082372950010', '/#/pages/car/barrier', '6', '502023092192170007', '', '2023-09-21 01:53:36', '0', 'Y');
INSERT INTO `m_menu` VALUES ('702023092152380004', '路灯管理', '802023092136420001', '/#/pages/lamp/lampMachineManage', '1', '502023092139970005', '', '2023-09-21 17:30:15', '0', 'Y');
INSERT INTO `m_menu` VALUES ('702023092156890003', '黑白名单', '802023082372950010', '/#/pages/car/carBlackWhite', '11', '502023092114250004', '', '2023-09-21 13:21:24', '0', 'Y');
INSERT INTO `m_menu` VALUES ('702023092199790001', '岗亭', '802023082372950010', '/#/pages/car/parkingBox', '5', '502023092151280002', '', '2023-09-21 00:21:01', '0', 'Y');
INSERT INTO `m_menu` VALUES ('702023092212770001', '路灯管理', '802023092136420001', '/#/pages/lamp/lampMachineManage', '1', '502023092239550002', '', '2023-09-22 10:04:49', '1', 'Y');
INSERT INTO `m_menu` VALUES ('702023092279530004', '操作日志', '802023092136420001', '/#/pages/lamp/lampMachineOperationManage', '2', '502023092278370005', '', '2023-09-22 10:06:05', '0', 'Y');
INSERT INTO `m_menu` VALUES ('702023092283560007', '下发设备日志', '802023092136420001', '/#/pages/lamp/lampMachineLogManage', '3', '502023092274910008', '', '2023-09-22 10:07:41', '0', 'Y');
INSERT INTO `m_menu` VALUES ('702023092291050002', '临时车费', '802023082372950010', '/#/pages/car/tempCarFeeConfig', '8', '502023092285050003', '', '2023-09-22 14:46:16', '0', 'Y');
INSERT INTO `m_menu` VALUES ('702023092721960001', '事件规则', '802023092784350001', '/#/pages/event/eventRule', '2', '502023092785190002', '', '2023-09-27 16:35:17', '0', 'Y');
INSERT INTO `m_menu` VALUES ('702023092724580030', '事件模板', '802023092784350001', '/#/pages/event/eventTemplateManage', '1', '502023092798300031', '', '2023-09-27 09:55:38', '0', 'Y');
INSERT INTO `m_menu` VALUES ('702023100886280006', '事件池', '802023092784350001', '/#/pages/event/eventPoolManage', '3', '502023100842930007', '', '2023-10-08 09:08:16', '0', 'Y');
INSERT INTO `m_menu` VALUES ('702023100989890001', '我的事件', '802023092784350001', '/#/pages/event/eventPoolStaffManage', '4', '502023100980480002', '', '2023-10-09 08:35:33', '0', 'Y');
INSERT INTO `m_menu` VALUES ('702023101707250008', '监控模型', '802023091899930009', '/#/pages/monitor/monitorModelManage', '3', '502023101725450009', '', '2023-10-17 16:17:42', '0', 'Y');
INSERT INTO `m_menu` VALUES ('702023101836230008', '监控设备', '802023101718180007', '/#/pages/monitor/monitorMachineManage', '2', '502023101854120009', '', '2023-10-18 10:48:20', '0', 'Y');
INSERT INTO `m_menu` VALUES ('702023101886600001', '监控区域', '802023101718180007', '/#/pages/monitor/monitorAreaManage', '1', '502023101868930002', '', '2023-10-18 08:43:55', '0', 'Y');
INSERT INTO `m_menu` VALUES ('702023101925680015', '监控分析', '802023101718180007', '/#/pages/monitor/monitorMachineModelManage', '3', '502023101916600016', '', '2023-10-19 11:47:48', '0', 'Y');
INSERT INTO `m_menu` VALUES ('702023102007200001', '监控告警', '802023101718180007', '/#/pages/monitor/monitorPoolManage', '4', '502023102016640002', '', '2023-10-20 10:07:48', '0', 'Y');
INSERT INTO `m_menu` VALUES ('702023103015080042', '车辆停车券', '802023103017170002', '/#/pages/coupon/parkingCouponCar', '4', '502023103026170043', '', '2023-10-30 04:44:00', '0', 'Y');
INSERT INTO `m_menu` VALUES ('702023103029040003', '停车劵', '802023103017170002', '/#/pages/coupon/parkingCoupon', '1', '502023103048240004', '', '2023-10-30 00:20:25', '0', 'Y');
INSERT INTO `m_menu` VALUES ('702023103043340001', '门锁厂家', '802023091899930009', '/#/pages/lock/lockMachineFactoryManage', '4', '502023103067060002', '', '2023-10-30 09:40:37', '0', 'Y');
INSERT INTO `m_menu` VALUES ('702023103044780035', '停车劵订单', '802023103017170002', '/#/pages/coupon/parkingCouponOrder', '3', '502023103095370036', '', '2023-10-30 04:40:27', '0', 'Y');
INSERT INTO `m_menu` VALUES ('702023103075900012', '小区商家', '802023103017170002', '/#/pages/coupon/communityShop', '2', '502023103006390013', '', '2023-10-30 01:33:29', '0', 'Y');
INSERT INTO `m_menu` VALUES ('702023103084630046', '停车券核销', '802023103017170002', '/#/pages/coupon/parkingCouponCarOrder', '5', '502023103033020047', '', '2023-10-30 04:47:22', '0', 'Y');
INSERT INTO `m_menu` VALUES ('702023103157420001', '门锁设备', '802023103063600003', '/#/pages/lock/lockMachineManage', '1', '502023103192670002', '', '2023-10-31 08:41:51', '0', 'Y');
INSERT INTO `m_menu` VALUES ('702023103166420001', '门锁授权', '802023103063600003', '/#/pages/lock/lockPersonManage', '2', '502023103139900002', '', '2023-10-31 14:48:34', '0', 'Y');
INSERT INTO `m_menu` VALUES ('702023110124480004', '进出记录', '802023103063600003', '/#/pages/lock/lockInoutManage', '4', '502023110179070005', '', '2023-11-01 16:21:21', '0', 'Y');
INSERT INTO `m_menu` VALUES ('702023110146240001', '下发记录', '802023103063600003', '/#/pages/lock/lockLogManage', '3', '502023110119240002', '', '2023-11-01 16:20:17', '0', 'Y');
INSERT INTO `m_menu` VALUES ('702023110606940006', '导入日志', '802023110632150002', '/#/pages/log/assetImportLog', '1', '502023110668420007', '', '2023-11-06 00:04:47', '0', 'Y');
INSERT INTO `m_menu` VALUES ('702023110631880008', '修改密码', '802023110632150002', '/#/pages/frame/changeStaffPwd', '2', '502023110622750009', '', '2023-11-06 00:46:28', '0', 'Y');
INSERT INTO `m_menu` VALUES ('702023111814580009', '房屋认证', '802023021604710005', '/#/pages/owner/appUser', '3', '502023111878100010', '', '2023-11-18 04:01:29', '0', 'Y');
INSERT INTO `m_menu` VALUES ('702023112254930001', '仪表厂家', '802023091899930009', '/#/pages/meter/instrumentFactoryManage', '5', '502023112205230002', '', '2023-11-22 11:36:24', '0', 'Y');
INSERT INTO `m_menu` VALUES ('702023112360010001', '仪表设备', '802023112376120003', '/#/pages/meter/instrumentManage', '2', '502023112327010002', '', '2023-11-23 11:43:24', '0', 'Y');
INSERT INTO `m_menu` VALUES ('702023112372650007', '仪表组', '802023112376120003', '/#/pages/meter/instrumentTypeManage', '1', '502023112379810008', '', '2023-11-23 09:10:33', '0', 'Y');
INSERT INTO `m_menu` VALUES ('702023112401740001', '上报数据', '802023112376120003', '/#/pages/meter/instrumentLogManage', '3', '502023112450210002', '', '2023-11-24 17:20:42', '0', 'Y');
INSERT INTO `m_menu` VALUES ('702023112439360006', '支付配置', '802023110632150002', '/#/pages/property/paymentPool', '4', '502023112434200007', '', '2023-11-24 00:55:49', '0', 'Y');
INSERT INTO `m_menu` VALUES ('702023112468630055', '小区场景', '802023112492090051', '/#/pages/admin/dtScene', '3', '502023112458440056', '', '2023-11-24 17:23:51', '0', 'Y');
INSERT INTO `m_menu` VALUES ('702023112496560002', '公众号', '802023110632150002', '/#/pages/property/publicWeChatManage', '3', '502023112477210003', '', '2023-11-24 00:10:29', '0', 'Y');
INSERT INTO `m_menu` VALUES ('702023112584740023', '3D模型', '802023112492090051', '/#/pages/3d/dtModal', '1', '502023112529750024', '', '2023-11-25 13:36:14', '0', 'Y');
INSERT INTO `m_menu` VALUES ('702023120137070002', '水电厂家', '802023091899930009', '/#/pages/meter/meterMachineFactoryManage', '6', '502023120100550003', '', '2023-12-01 11:54:48', '0', 'Y');
INSERT INTO `m_menu` VALUES ('702023120407300051', '充电厂家', '802023091899930009', '/#/pages/charge/chargeMachineFactoryManage', '7', '502023120423430052', '', '2023-12-04 11:51:32', '0', 'Y');
INSERT INTO `m_menu` VALUES ('702023120532800017', '3D脚本', '802023112492090051', '/#/pages/3d/dtScript', '2', '502023120512870018', '', '2023-12-05 15:42:36', '0', 'Y');
INSERT INTO `m_menu` VALUES ('702023120541870023', '门禁厂家', '802023091899930009', '/#/pages/accessControl/hardwareManufacturerManage', '8', '502023120554470024', '', '2023-12-05 11:55:22', '0', 'Y');
INSERT INTO `m_menu` VALUES ('702023121100030019', '访客类型', '802023081520910004', '/#/pages/accessControl/visitTypeManage', '7', '502023121149860020', '', '2023-12-11 16:18:41', '0', 'Y');
INSERT INTO `m_menu` VALUES ('702023121265420001', '访客人员', '802023081520910004', '/#/pages/accessControl/visitManage', '8', '502023121209000002', '', '2023-12-12 10:16:53', '0', 'Y');
INSERT INTO `m_menu` VALUES ('702023121428660004', '月卡订单', '802023082372950010', '/#/pages/car/carMonthOrder', '10', '502023121472950005', '', '2023-12-14 14:22:00', '0', 'Y');
INSERT INTO `m_menu` VALUES ('702023121437250015', '停车月卡', '802023082372950010', '/#/pages/car/carMonthCard', '9', '502023121481930016', '', '2023-12-14 12:33:51', '0', 'Y');
INSERT INTO `m_menu` VALUES ('702023121443380002', '月卡设置', '802023081695960001', '/#/pages/charge/chargeMonthCardManage', '4', '502023121436330003', '', '2023-12-14 16:36:36', '0', 'Y');
INSERT INTO `m_menu` VALUES ('702023121807070001', '人脸二维码', '802023081520910004', '/#/pages/accessControl/personFaceQrcode', '9', '502023121859400002', '', '2023-12-18 19:17:49', '0', 'Y');
INSERT INTO `m_menu` VALUES ('702023121812420005', '修改密码', '802023121840390001', '/#/pages/frame/changeStaffPwd', '1', '502023121828420006', '', '2023-12-18 23:39:17', '0', 'Y');
INSERT INTO `m_menu` VALUES ('702023121890710012', '人脸审核', '802023081520910004', '/#/pages/accessControl/personFace', '10', '502023121895380013', '', '2023-12-18 22:04:17', '0', 'Y');
INSERT INTO `m_menu` VALUES ('702023121970630007', '水电二维码', '802023082455000001', '/#/pages/meter/meterQrcodeManage', '5', '502023121937420008', '', '2023-12-19 11:45:20', '0', 'Y');
INSERT INTO `m_menu` VALUES ('702023122073070002', '通行码设置', '802023081520910004', '/#/pages/accessControl/passQrcodeSetting', '11', '502023122063680003', '', '2023-12-20 01:44:51', '0', 'Y');
INSERT INTO `m_menu` VALUES ('702023122096840011', '通行码', '802023081520910004', '/#/pages/accessControl/passQrcode', '12', '502023122080310012', '', '2023-12-20 09:55:24', '0', 'Y');
INSERT INTO `m_menu` VALUES ('702023122099900013', '门禁统计', '802023081520910004', '/#/pages/accessControl/acInoutStatistics', '13', '502023122041190014', '', '2023-12-20 19:27:29', '0', 'Y');
INSERT INTO `m_menu` VALUES ('702023122165550003', '水电统计', '802023082455000001', '/#/pages/meter/meterStatistics', '6', '502023122133950004', '', '2023-12-21 13:45:58', '0', 'Y');
INSERT INTO `m_menu` VALUES ('702023122190860002', '充电统计', '802023081695960001', '/#/pages/charge/chargeStatistics', '6', '502023122157190003', '', '2023-12-21 11:26:23', '0', 'Y');
INSERT INTO `m_menu` VALUES ('702024012411670008', '考勤设备', '802024012406520004', '/#/pages/attendance/attendanceMachine', '1', '502024012427440009', '', '2024-01-24 14:50:07', '0', 'Y');
INSERT INTO `m_menu` VALUES ('702024012428220015', '打卡记录', '802024012406520004', '/#/pages/attendance/attendanceCheckIn', '4', '502024012432360016', '', '2024-01-24 18:40:49', '0', 'Y');
INSERT INTO `m_menu` VALUES ('702024012463700011', '考勤员工', '802024012406520004', '/#/pages/attendance/attendanceStaff', '2', '502024012442860012', '', '2024-01-24 17:07:17', '0', 'Y');
INSERT INTO `m_menu` VALUES ('702024012489090009', '下发记录', '802024012406520004', '/#/pages/attendance/attendanceMachineLog', '3', '502024012423030010', '', '2024-01-24 18:13:19', '0', 'Y');
INSERT INTO `m_menu` VALUES ('702024013129150009', '乘坐记录', '802023091881700008', '/#/pages/lift/liftRideLog', '5', '502024013184820010', '', '2024-01-31 12:03:33', '0', 'Y');
INSERT INTO `m_menu` VALUES ('702024013195530005', '电梯门禁', '802023091881700008', '/#/pages/lift/liftMachineAc', '2', '502024013161360006', '', '2024-01-31 10:52:59', '0', 'Y');
INSERT INTO `m_menu` VALUES ('702024022900140078', '工牌厂家', '802023091899930009', '/#/pages/charge/workLicenseFactory', '9', '502024022947660079', '', '2024-02-29 02:16:07', '0', 'Y');
INSERT INTO `m_menu` VALUES ('702024022911170012', '工牌日志', '802023021422680001', '/#/pages/charge/workLicenseLog', '5', '502024022923260013', '', '2024-02-29 17:21:18', '0', 'Y');
INSERT INTO `m_menu` VALUES ('702024022972550040', '员工工牌', '802023021422680001', '/#/pages/charge/workLicenseMachine', '4', '502024022955330041', '', '2024-02-29 12:23:55', '0', 'Y');
INSERT INTO `m_menu` VALUES ('702024030135330017', '员工位置', '802023021422680001', '/#/pages/charge/workLicenseMap', '6', '502024030158060018', '', '2024-03-01 19:46:18', '0', 'Y');
INSERT INTO `m_menu` VALUES ('702024030532910029', '地磁厂家', '802023091899930009', '/#/pages/car/spaceMachineFactory', '10', '502024030512940030', '', '2024-03-05 22:05:05', '0', 'Y');
INSERT INTO `m_menu` VALUES ('702024030599570018', '车位地磁', '802023082372950010', '/#/pages/car/parkingSpaceMachine', '7', '502024030588990019', '', '2024-03-05 22:46:06', '0', 'Y');
INSERT INTO `m_menu` VALUES ('702024030767460158', '停车区域', '802023082372950010', '/#/pages/car/parkingRegion', '2', '502024030782510159', '', '2024-03-07 18:43:23', '0', 'Y');

-- ----------------------------
-- Table structure for m_menu_catalog
-- ----------------------------
DROP TABLE IF EXISTS `m_menu_catalog`;
CREATE TABLE `m_menu_catalog` (
  `ca_id` varchar(30) NOT NULL COMMENT '目录名称',
  `name` varchar(10) NOT NULL COMMENT '菜单组名称',
  `icon` varchar(20) NOT NULL COMMENT '菜单图片',
  `seq` int NOT NULL COMMENT '列顺序',
  `store_type` varchar(12) DEFAULT NULL COMMENT '商户类型',
  `url` varchar(256) NOT NULL DEFAULT '#' COMMENT '点击后进入那个页面，#表示不进入',
  `is_show` varchar(12) NOT NULL DEFAULT 'Y' COMMENT '是否显示 Y 是 F否',
  `create_time` timestamp NOT NULL DEFAULT CURRENT_TIMESTAMP COMMENT '创建时间',
  `status_cd` varchar(2) NOT NULL DEFAULT '0' COMMENT '数据状态，详细参考c_status表，0在用，1失效',
  PRIMARY KEY (`ca_id`)
) ENGINE=InnoDB DEFAULT CHARSET=utf8mb4 COLLATE=utf8mb4_0900_ai_ci;

-- ----------------------------
-- Records of m_menu_catalog
-- ----------------------------
INSERT INTO `m_menu_catalog` VALUES ('102022022695140008', '首页', 'fa fa-home', '1', '800900000000', '/', 'Y', '2022-02-26 11:39:18', '0');
INSERT INTO `m_menu_catalog` VALUES ('102023021260140001', '首页', 'fa fa-home', '1', '800900000001', '/', 'Y', '2023-02-12 23:32:45', '0');
INSERT INTO `m_menu_catalog` VALUES ('102023021279740001', 'sss', 'ss', '1', '800900000001', 's', 'Y', '2023-02-12 20:39:04', '1');
INSERT INTO `m_menu_catalog` VALUES ('102023021402390004', '设置', 'fa fa-gear', '3', '800900000003', '#', 'Y', '2023-02-14 12:27:36', '0');
INSERT INTO `m_menu_catalog` VALUES ('102023021439450002', '首页', 'fa fa-home', '1', '800900000003', '/', 'Y', '2023-02-14 00:31:58', '0');
INSERT INTO `m_menu_catalog` VALUES ('102023120259930006', '驾驶舱', 'fa fa-calculator', '2', '800900000003', '/3d.html#/pages/3d/cockpit?tab=驾驶舱', 'Y', '2023-12-02 01:29:08', '0');

-- ----------------------------
-- Table structure for m_menu_group
-- ----------------------------
DROP TABLE IF EXISTS `m_menu_group`;
CREATE TABLE `m_menu_group` (
  `g_id` varchar(30) NOT NULL COMMENT '菜单组ID',
  `name` varchar(10) NOT NULL COMMENT '菜单组名称',
  `icon` varchar(20) NOT NULL COMMENT '菜单图片',
  `label` varchar(20) NOT NULL COMMENT '菜单标签',
  `seq` int NOT NULL COMMENT '列顺序',
  `description` varchar(200) DEFAULT NULL COMMENT '菜单描述',
  `create_time` timestamp NOT NULL DEFAULT CURRENT_TIMESTAMP COMMENT '创建时间',
  `status_cd` varchar(2) NOT NULL DEFAULT '0' COMMENT '数据状态，详细参考c_status表，0在用，1失效',
  `group_type` varchar(12) NOT NULL DEFAULT 'P_WEB' COMMENT ' 菜单类型',
  `store_type` varchar(12) DEFAULT NULL COMMENT '商户类型',
  PRIMARY KEY (`g_id`)
) ENGINE=InnoDB DEFAULT CHARSET=utf8mb4 COLLATE=utf8mb4_0900_ai_ci;

-- ----------------------------
-- Records of m_menu_group
-- ----------------------------
INSERT INTO `m_menu_group` VALUES ('800201907014', '服务', 'fa fa-edit', '', '1', '服务管理', '2019-04-01 07:55:51', '0', 'P_WEB', '800900000000');
INSERT INTO `m_menu_group` VALUES ('800201907015', '配置', 'fa-flask', '', '1', '服务配置管理', '2019-07-07 16:47:42', '0', 'P_WEB', '800900000000');
INSERT INTO `m_menu_group` VALUES ('800201907016', '配置', 'fa fa-globe', '', '4', '映射管理', '2019-07-07 16:47:42', '0', 'P_WEB', '800900000000');
INSERT INTO `m_menu_group` VALUES ('800201908018', '缓存', 'fa-flask', '', '5', '缓存管理', '2019-08-13 11:30:15', '0', 'P_WEB', '800900000000');
INSERT INTO `m_menu_group` VALUES ('800201908019', '菜单', 'fa fa-th-large', '', '1', '菜单管理', '2019-08-19 12:13:35', '0', 'P_WEB', '800900000000');
INSERT INTO `m_menu_group` VALUES ('802019090224100001', '任务', 'fa fa-diamond', '', '10', '管理定时任务', '2019-09-02 12:34:40', '0', 'P_WEB', '800900000000');
INSERT INTO `m_menu_group` VALUES ('802020081417800208', '属性', 'fa-flash', '', '4', '', '2020-08-14 22:16:28', '0', 'P_WEB', '800900000000');
INSERT INTO `m_menu_group` VALUES ('802020111618520004', '日志', 'fa fa-diamond', '', '18', '', '2020-11-16 01:08:07', '0', 'P_WEB', '800900000000');
INSERT INTO `m_menu_group` VALUES ('802021031653410070', '系统', 'fa fa-globe', '', '19', '', '2021-03-16 11:13:47', '0', 'P_WEB', '800900000000');
INSERT INTO `m_menu_group` VALUES ('802021110952690125', '报表', 'fa fa-globe', '', '4', '', '2021-11-09 14:34:45', '0', 'P_WEB', '800900000000');
INSERT INTO `m_menu_group` VALUES ('802023021272240006', '数据', 'fa fa-laptop', '', '1', '1', '2023-02-12 23:35:51', '0', 'P_WEB', '800900000001');
INSERT INTO `m_menu_group` VALUES ('802023021279410009', 'ss', 'ss', '', '1', 'ss', '2023-02-12 23:36:53', '1', 'P_WEB', '800900000002');
INSERT INTO `m_menu_group` VALUES ('802023021422680001', '组织', 'fa-desktop', '', '10', '', '2023-02-14 12:28:53', '0', 'P_WEB', '800900000003');
INSERT INTO `m_menu_group` VALUES ('802023021424270011', '小区', 'fa fa-laptop', '', '1', '', '2023-02-14 00:33:10', '0', 'P_WEB', '800900000003');
INSERT INTO `m_menu_group` VALUES ('802023021604710005', '房产', 'fa fa-th-large', '', '2', '', '2023-02-16 00:13:36', '0', 'P_WEB', '800900000003');
INSERT INTO `m_menu_group` VALUES ('802023081520910004', '门禁', 'fa fa-th-large', '', '3', '', '2023-08-15 02:32:18', '0', 'P_WEB', '800900000003');
INSERT INTO `m_menu_group` VALUES ('802023081695960001', '充电', 'fa fa-th-large', '', '5', '', '2023-08-16 16:29:31', '0', 'P_WEB', '800900000003');
INSERT INTO `m_menu_group` VALUES ('802023082372950010', '道闸', 'fa fa-th-large', '', '4', '', '2023-08-23 09:04:31', '0', 'P_WEB', '800900000003');
INSERT INTO `m_menu_group` VALUES ('802023082455000001', '水电', 'fa fa-th-large', '', '6', '', '2023-08-24 13:53:04', '0', 'P_WEB', '800900000003');
INSERT INTO `m_menu_group` VALUES ('802023091881700008', '梯控', 'fa fa-th-large', '', '7', '', '2023-09-18 15:15:24', '0', 'P_WEB', '800900000003');
INSERT INTO `m_menu_group` VALUES ('802023091899930009', '厂家', 'fa fa-th-large', '', '2', '', '2023-09-18 15:16:09', '0', 'P_WEB', '800900000001');
INSERT INTO `m_menu_group` VALUES ('802023092136420001', '路灯', 'fa fa-th-large', '', '8', '', '2023-09-21 14:01:16', '0', 'P_WEB', '800900000003');
INSERT INTO `m_menu_group` VALUES ('802023092784350001', '事件', 'fa fa-th-large', '', '15', '', '2023-09-27 08:57:22', '0', 'P_WEB', '800900000003');
INSERT INTO `m_menu_group` VALUES ('802023101718180007', '监控', 'fa fa-th-large', '', '9', '', '2023-10-17 16:15:53', '0', 'P_WEB', '800900000003');
INSERT INTO `m_menu_group` VALUES ('802023103017170002', '优惠', 'fa fa-th-large', '', '11', '', '2023-10-30 00:19:02', '0', 'P_WEB', '800900000003');
INSERT INTO `m_menu_group` VALUES ('802023103063600003', '门锁', 'fa fa-th-large', '', '12', '', '2023-10-30 17:44:52', '0', 'P_WEB', '800900000003');
INSERT INTO `m_menu_group` VALUES ('802023110632150002', '系统', 'fa fa-globe', '', '14', '', '2023-11-06 00:02:49', '0', 'P_WEB', '800900000003');
INSERT INTO `m_menu_group` VALUES ('802023112376120003', '仪表', 'fa fa-th-large', '', '13', '', '2023-11-23 08:54:34', '0', 'P_WEB', '800900000003');
INSERT INTO `m_menu_group` VALUES ('802023112492090051', '3D', 'fa fa-globe', '', '3', '', '2023-11-24 17:23:04', '0', 'P_WEB', '800900000001');
INSERT INTO `m_menu_group` VALUES ('802023121840390001', '系统', 'fa fa-globe', '', '10', '', '2023-12-18 23:38:24', '0', 'P_WEB', '800900000001');
INSERT INTO `m_menu_group` VALUES ('802024012406520004', '考勤', 'fa fa-th-large', '', '16', '', '2024-01-24 14:49:00', '0', 'P_WEB', '800900000003');

-- ----------------------------
-- Table structure for m_menu_group_catalog
-- ----------------------------
DROP TABLE IF EXISTS `m_menu_group_catalog`;
CREATE TABLE `m_menu_group_catalog` (
  `gc_id` varchar(30) NOT NULL COMMENT '目录名称',
  `ca_id` varchar(30) NOT NULL COMMENT '目录ID',
  `g_id` varchar(30) NOT NULL COMMENT '菜单组ID',
  `store_type` varchar(12) DEFAULT NULL COMMENT '商户类型',
  `create_time` timestamp NOT NULL DEFAULT CURRENT_TIMESTAMP COMMENT '创建时间',
  `status_cd` varchar(2) NOT NULL DEFAULT '0' COMMENT '数据状态，详细参考c_status表，0在用，1失效',
  PRIMARY KEY (`gc_id`)
) ENGINE=InnoDB DEFAULT CHARSET=utf8mb4 COLLATE=utf8mb4_0900_ai_ci;

-- ----------------------------
-- Records of m_menu_group_catalog
-- ----------------------------
INSERT INTO `m_menu_group_catalog` VALUES ('102022022626540021', '102022022695140008', '800201907015', '800900000000', '2022-02-26 13:59:02', '0');
INSERT INTO `m_menu_group_catalog` VALUES ('102022022629600028', '102022022695140008', '802020111618520004', '800900000000', '2022-02-26 13:59:39', '1');
INSERT INTO `m_menu_group_catalog` VALUES ('102022022635600025', '102022022695140008', '800201907016', '800900000000', '2022-02-26 13:59:24', '0');
INSERT INTO `m_menu_group_catalog` VALUES ('102022022641060020', '102022022695140008', '800201907014', '800900000000', '2022-02-26 13:58:58', '0');
INSERT INTO `m_menu_group_catalog` VALUES ('102022022647400024', '102022022695140008', '802020081417800208', '800900000000', '2022-02-26 13:59:17', '0');
INSERT INTO `m_menu_group_catalog` VALUES ('102022022655030022', '102022022695140008', '800201908019', '800900000000', '2022-02-26 13:59:07', '0');
INSERT INTO `m_menu_group_catalog` VALUES ('102022022661130023', '102022022695140008', '802021110952690125', '800900000000', '2022-02-26 13:59:11', '0');
INSERT INTO `m_menu_group_catalog` VALUES ('102022022662880029', '102022022695140008', '802021031653410070', '800900000000', '2022-02-26 13:59:44', '0');
INSERT INTO `m_menu_group_catalog` VALUES ('102022022680080027', '102022022695140008', '802019090224100001', '800900000000', '2022-02-26 13:59:34', '0');
INSERT INTO `m_menu_group_catalog` VALUES ('102022022696990026', '102022022695140008', '800201908018', '800900000000', '2022-02-26 13:59:28', '0');
INSERT INTO `m_menu_group_catalog` VALUES ('102023021210680003', '102022022695140008', '802020111618520004', '800900000000', '2023-02-12 23:31:49', '0');
INSERT INTO `m_menu_group_catalog` VALUES ('102023021372890011', '102023021260140001', '802023021272240006', '800900000001', '2023-02-13 01:50:44', '0');
INSERT INTO `m_menu_group_catalog` VALUES ('102023021412020014', '102023021439450002', '802023021424270011', '800900000003', '2023-02-14 01:32:34', '0');
INSERT INTO `m_menu_group_catalog` VALUES ('102023021480920002', '102023021402390004', '802023021422680001', '800900000003', '2023-02-14 12:29:03', '0');
INSERT INTO `m_menu_group_catalog` VALUES ('102023021634110010', '102023021439450002', '802023021604710005', '800900000003', '2023-02-16 00:19:58', '0');
INSERT INTO `m_menu_group_catalog` VALUES ('102023081543430009', '102023021439450002', '802023081520910004', '800900000003', '2023-08-15 02:33:03', '0');
INSERT INTO `m_menu_group_catalog` VALUES ('102023081608190006', '102023021439450002', '802023081695960001', '800900000003', '2023-08-16 16:49:31', '0');
INSERT INTO `m_menu_group_catalog` VALUES ('102023082375710015', '102023021439450002', '802023082372950010', '800900000003', '2023-08-23 09:05:26', '0');
INSERT INTO `m_menu_group_catalog` VALUES ('102023082429170003', '102023021439450002', '802023082455000001', '800900000003', '2023-08-24 13:53:21', '0');
INSERT INTO `m_menu_group_catalog` VALUES ('102023091824030014', '102023021260140001', '802023091899930009', '800900000001', '2023-09-18 15:16:43', '0');
INSERT INTO `m_menu_group_catalog` VALUES ('102023091885950011', '102023021439450002', '802023091881700008', '800900000003', '2023-09-18 15:16:27', '0');
INSERT INTO `m_menu_group_catalog` VALUES ('102023092155440003', '102023021439450002', '802023092136420001', '800900000003', '2023-09-21 14:01:30', '0');
INSERT INTO `m_menu_group_catalog` VALUES ('102023092758890003', '102023021439450002', '802023092784350001', '800900000003', '2023-09-27 08:57:42', '0');
INSERT INTO `m_menu_group_catalog` VALUES ('102023101893380059', '102023021439450002', '802023101718180007', '800900000003', '2023-10-18 09:42:16', '0');
INSERT INTO `m_menu_group_catalog` VALUES ('102023103076090034', '102023021439450002', '802023103017170002', '800900000003', '2023-10-30 00:21:38', '0');
INSERT INTO `m_menu_group_catalog` VALUES ('102023103091140005', '102023021439450002', '802023103063600003', '800900000003', '2023-10-30 17:45:07', '0');
INSERT INTO `m_menu_group_catalog` VALUES ('102023110658500004', '102023021402390004', '802023110632150002', '800900000003', '2023-11-06 00:03:02', '0');
INSERT INTO `m_menu_group_catalog` VALUES ('102023112340800005', '102023021439450002', '802023112376120003', '800900000003', '2023-11-23 08:54:50', '0');
INSERT INTO `m_menu_group_catalog` VALUES ('102023112422120053', '102023021260140001', '802023112492090051', '800900000001', '2023-11-24 17:23:16', '0');
INSERT INTO `m_menu_group_catalog` VALUES ('102023121899650003', '102023021260140001', '802023121840390001', '800900000001', '2023-12-18 23:38:35', '0');
INSERT INTO `m_menu_group_catalog` VALUES ('102024012420440006', '102023021439450002', '802024012406520004', '800900000003', '2024-01-24 14:49:10', '0');

-- ----------------------------
-- Table structure for m_menu_group_community
-- ----------------------------
DROP TABLE IF EXISTS `m_menu_group_community`;
CREATE TABLE `m_menu_group_community` (
  `gc_id` varchar(30) NOT NULL COMMENT '主键ID',
  `g_id` varchar(30) NOT NULL COMMENT '菜单组ID',
  `name` varchar(10) NOT NULL COMMENT '菜单组名称',
  `community_id` varchar(30) NOT NULL COMMENT '小区ID',
  `community_name` varchar(64) NOT NULL COMMENT '小区名称',
  `create_time` timestamp NOT NULL DEFAULT CURRENT_TIMESTAMP COMMENT '创建时间',
  `status_cd` varchar(2) NOT NULL DEFAULT '0' COMMENT '数据状态，详细参考c_status表，0在用，1失效',
  PRIMARY KEY (`gc_id`)
) ENGINE=InnoDB DEFAULT CHARSET=utf8mb4 COLLATE=utf8mb4_0900_ai_ci;

-- ----------------------------
-- Records of m_menu_group_community
-- ----------------------------
INSERT INTO `m_menu_group_community` VALUES ('102024012306550049', '802023021424270011', '小区', '2023052267100146', 'HC演示小区3', '2024-01-23 02:09:56', '1');
INSERT INTO `m_menu_group_community` VALUES ('102024012308620055', '802023091881700008', '梯控', '2023052267100146', 'HC演示小区3', '2024-01-23 02:09:56', '1');
INSERT INTO `m_menu_group_community` VALUES ('102024012310730039', '802020081417800208', '属性', '2023052267100146', 'HC演示小区3', '2024-01-23 02:09:56', '1');
INSERT INTO `m_menu_group_community` VALUES ('102024012311870061', '802023112376120003', '仪表', '2023052267100146', 'HC演示小区3', '2024-01-23 02:09:56', '1');
INSERT INTO `m_menu_group_community` VALUES ('102024012312980037', '800201907014', '服务', '2023052267100146', 'HC演示小区3', '2024-01-23 02:09:56', '1');
INSERT INTO `m_menu_group_community` VALUES ('102024012313630038', '800201907016', '配置', '2023052267100146', 'HC演示小区3', '2024-01-23 02:09:56', '1');
INSERT INTO `m_menu_group_community` VALUES ('102024012315680045', '802023021272240006', '数据', '2023052267100146', 'HC演示小区3', '2024-01-23 02:09:56', '1');
INSERT INTO `m_menu_group_community` VALUES ('102024012316000052', '802023082372950010', '道闸', '2023052267100146', 'HC演示小区3', '2024-01-23 02:09:56', '1');
INSERT INTO `m_menu_group_community` VALUES ('102024012318060057', '802023101718180007', '监控', '2023052267100146', 'HC演示小区3', '2024-01-23 02:09:56', '1');
INSERT INTO `m_menu_group_community` VALUES ('102024012319980060', '802023103063600003', '门锁', '2023052267100146', 'HC演示小区3', '2024-01-23 02:09:56', '1');
INSERT INTO `m_menu_group_community` VALUES ('102024012322200046', '802023091899930009', '厂家', '2023052267100146', 'HC演示小区3', '2024-01-23 02:09:56', '1');
INSERT INTO `m_menu_group_community` VALUES ('102024012323900042', '802019090224100001', '任务', '2023052267100146', 'HC演示小区3', '2024-01-23 02:09:56', '1');
INSERT INTO `m_menu_group_community` VALUES ('102024012324640050', '802023021604710005', '房产', '2023052267100146', 'HC演示小区3', '2024-01-23 02:09:56', '1');
INSERT INTO `m_menu_group_community` VALUES ('102024012326350053', '802023081695960001', '充电', '2023052267100146', 'HC演示小区3', '2024-01-23 02:09:56', '1');
INSERT INTO `m_menu_group_community` VALUES ('102024012327260043', '802020111618520004', '日志', '2023052267100146', 'HC演示小区3', '2024-01-23 02:09:56', '1');
INSERT INTO `m_menu_group_community` VALUES ('102024012335710036', '800201908019', '菜单', '2023052267100146', 'HC演示小区3', '2024-01-23 02:09:56', '1');
INSERT INTO `m_menu_group_community` VALUES ('102024012338180062', '802023110632150002', '系统', '2023052267100146', 'HC演示小区3', '2024-01-23 02:09:56', '1');
INSERT INTO `m_menu_group_community` VALUES ('102024012344180040', '802021110952690125', '报表', '2023052267100146', 'HC演示小区3', '2024-01-23 02:09:56', '1');
INSERT INTO `m_menu_group_community` VALUES ('102024012346910044', '802021031653410070', '系统', '2023052267100146', 'HC演示小区3', '2024-01-23 02:09:56', '1');
INSERT INTO `m_menu_group_community` VALUES ('102024012354530058', '802023021422680001', '组织', '2023052267100146', 'HC演示小区3', '2024-01-23 02:09:56', '1');
INSERT INTO `m_menu_group_community` VALUES ('102024012355150059', '802023103017170002', '优惠', '2023052267100146', 'HC演示小区3', '2024-01-23 02:09:56', '1');
INSERT INTO `m_menu_group_community` VALUES ('102024012359830056', '802023092136420001', '路灯', '2023052267100146', 'HC演示小区3', '2024-01-23 02:09:56', '1');
INSERT INTO `m_menu_group_community` VALUES ('102024012381140054', '802023082455000001', '水电', '2023052267100146', 'HC演示小区3', '2024-01-23 02:09:56', '1');
INSERT INTO `m_menu_group_community` VALUES ('102024012385010041', '800201908018', '缓存', '2023052267100146', 'HC演示小区3', '2024-01-23 02:09:56', '1');
INSERT INTO `m_menu_group_community` VALUES ('102024012386230035', '800201907015', '配置', '2023052267100146', 'HC演示小区3', '2024-01-23 02:09:56', '1');
INSERT INTO `m_menu_group_community` VALUES ('102024012387880047', '802023112492090051', '3D', '2023052267100146', 'HC演示小区3', '2024-01-23 02:09:56', '1');
INSERT INTO `m_menu_group_community` VALUES ('102024012388990048', '802023121840390001', '系统', '2023052267100146', 'HC演示小区3', '2024-01-23 02:09:56', '1');
INSERT INTO `m_menu_group_community` VALUES ('102024012389960051', '802023081520910004', '门禁', '2023052267100146', 'HC演示小区3', '2024-01-23 02:09:56', '1');
INSERT INTO `m_menu_group_community` VALUES ('102024012395830063', '802023092784350001', '事件', '2023052267100146', 'HC演示小区3', '2024-01-23 02:09:56', '1');
INSERT INTO `m_menu_group_community` VALUES ('102024012403410026', '802023121840390001', '系统', '102023021386560001', '测试小区', '2024-01-24 14:50:31', '0');
INSERT INTO `m_menu_group_community` VALUES ('102024012408160034', '802023092136420001', '路灯', '102023021386560001', '测试小区', '2024-01-24 14:50:31', '0');
INSERT INTO `m_menu_group_community` VALUES ('102024012409540014', '800201907014', '服务', '102023021386560001', '测试小区', '2024-01-24 14:50:31', '0');
INSERT INTO `m_menu_group_community` VALUES ('102024012413230025', '802023112492090051', '3D', '102023021386560001', '测试小区', '2024-01-24 14:50:31', '0');
INSERT INTO `m_menu_group_community` VALUES ('102024012413510018', '800201907016', '配置', '102023021386560001', '测试小区', '2024-01-24 14:50:31', '0');
INSERT INTO `m_menu_group_community` VALUES ('102024012415390019', '800201908018', '缓存', '102023021386560001', '测试小区', '2024-01-24 14:50:31', '0');
INSERT INTO `m_menu_group_community` VALUES ('102024012416360029', '802023081520910004', '门禁', '102023021386560001', '测试小区', '2024-01-24 14:50:31', '0');
INSERT INTO `m_menu_group_community` VALUES ('102024012419220024', '802023091899930009', '厂家', '102023021386560001', '测试小区', '2024-01-24 14:50:31', '0');
INSERT INTO `m_menu_group_community` VALUES ('102024012421170030', '802023082372950010', '道闸', '102023021386560001', '测试小区', '2024-01-24 14:50:31', '0');
INSERT INTO `m_menu_group_community` VALUES ('102024012426460017', '802020081417800208', '属性', '102023021386560001', '测试小区', '2024-01-24 14:50:31', '0');
INSERT INTO `m_menu_group_community` VALUES ('102024012435140013', '800201907015', '配置', '102023021386560001', '测试小区', '2024-01-24 14:50:31', '0');
INSERT INTO `m_menu_group_community` VALUES ('102024012435400040', '802023110632150002', '系统', '102023021386560001', '测试小区', '2024-01-24 14:50:31', '0');
INSERT INTO `m_menu_group_community` VALUES ('102024012436430036', '802023021422680001', '组织', '102023021386560001', '测试小区', '2024-01-24 14:50:31', '0');
INSERT INTO `m_menu_group_community` VALUES ('102024012437310039', '802023112376120003', '仪表', '102023021386560001', '测试小区', '2024-01-24 14:50:31', '0');
INSERT INTO `m_menu_group_community` VALUES ('102024012439080023', '802023021272240006', '数据', '102023021386560001', '测试小区', '2024-01-24 14:50:31', '0');
INSERT INTO `m_menu_group_community` VALUES ('102024012440250042', '802024012406520004', '考勤', '102023021386560001', '测试小区', '2024-01-24 14:50:31', '0');
INSERT INTO `m_menu_group_community` VALUES ('102024012442140027', '802023021424270011', '小区', '102023021386560001', '测试小区', '2024-01-24 14:50:31', '0');
INSERT INTO `m_menu_group_community` VALUES ('102024012444350037', '802023103017170002', '优惠', '102023021386560001', '测试小区', '2024-01-24 14:50:31', '0');
INSERT INTO `m_menu_group_community` VALUES ('102024012445140016', '802021110952690125', '报表', '102023021386560001', '测试小区', '2024-01-24 14:50:31', '0');
INSERT INTO `m_menu_group_community` VALUES ('102024012454220022', '802021031653410070', '系统', '102023021386560001', '测试小区', '2024-01-24 14:50:31', '0');
INSERT INTO `m_menu_group_community` VALUES ('102024012455460020', '802019090224100001', '任务', '102023021386560001', '测试小区', '2024-01-24 14:50:31', '0');
INSERT INTO `m_menu_group_community` VALUES ('102024012460480032', '802023082455000001', '水电', '102023021386560001', '测试小区', '2024-01-24 14:50:31', '0');
INSERT INTO `m_menu_group_community` VALUES ('102024012463010021', '802020111618520004', '日志', '102023021386560001', '测试小区', '2024-01-24 14:50:31', '0');
INSERT INTO `m_menu_group_community` VALUES ('102024012471060033', '802023091881700008', '梯控', '102023021386560001', '测试小区', '2024-01-24 14:50:31', '0');
INSERT INTO `m_menu_group_community` VALUES ('102024012477750015', '800201908019', '菜单', '102023021386560001', '测试小区', '2024-01-24 14:50:31', '0');
INSERT INTO `m_menu_group_community` VALUES ('102024012482430038', '802023103063600003', '门锁', '102023021386560001', '测试小区', '2024-01-24 14:50:31', '0');
INSERT INTO `m_menu_group_community` VALUES ('102024012484560035', '802023101718180007', '监控', '102023021386560001', '测试小区', '2024-01-24 14:50:31', '0');
INSERT INTO `m_menu_group_community` VALUES ('102024012485620031', '802023081695960001', '充电', '102023021386560001', '测试小区', '2024-01-24 14:50:31', '0');
INSERT INTO `m_menu_group_community` VALUES ('102024012489180028', '802023021604710005', '房产', '102023021386560001', '测试小区', '2024-01-24 14:50:31', '0');
INSERT INTO `m_menu_group_community` VALUES ('102024012491220041', '802023092784350001', '事件', '102023021386560001', '测试小区', '2024-01-24 14:50:31', '0');
INSERT INTO `m_menu_group_community` VALUES ('102024020816030054', '802023103017170002', '优惠', '2023062100700008', 'xxx2', '2024-02-08 02:03:37', '0');
INSERT INTO `m_menu_group_community` VALUES ('102024020822610051', '802023092136420001', '路灯', '2023062100700008', 'xxx2', '2024-02-08 02:03:37', '0');
INSERT INTO `m_menu_group_community` VALUES ('102024020829200058', '802023092784350001', '事件', '2023062100700008', 'xxx2', '2024-02-08 02:03:37', '0');
INSERT INTO `m_menu_group_community` VALUES ('102024020836410052', '802023101718180007', '监控', '2023062100700008', 'xxx2', '2024-02-08 02:03:37', '0');
INSERT INTO `m_menu_group_community` VALUES ('102024020837900053', '802023021422680001', '组织', '2023062100700008', 'xxx2', '2024-02-08 02:03:37', '0');
INSERT INTO `m_menu_group_community` VALUES ('102024020840630049', '802023082455000001', '水电', '2023062100700008', 'xxx2', '2024-02-08 02:03:37', '0');
INSERT INTO `m_menu_group_community` VALUES ('102024020843680057', '802023110632150002', '系统', '2023062100700008', 'xxx2', '2024-02-08 02:03:37', '0');
INSERT INTO `m_menu_group_community` VALUES ('102024020849210044', '802023021424270011', '小区', '2023062100700008', 'xxx2', '2024-02-08 02:03:37', '0');
INSERT INTO `m_menu_group_community` VALUES ('102024020851200046', '802023081520910004', '门禁', '2023062100700008', 'xxx2', '2024-02-08 02:03:37', '0');
INSERT INTO `m_menu_group_community` VALUES ('102024020874550050', '802023091881700008', '梯控', '2023062100700008', 'xxx2', '2024-02-08 02:03:37', '0');
INSERT INTO `m_menu_group_community` VALUES ('102024020882910059', '802024012406520004', '考勤', '2023062100700008', 'xxx2', '2024-02-08 02:03:37', '0');
INSERT INTO `m_menu_group_community` VALUES ('102024020883770055', '802023103063600003', '门锁', '2023062100700008', 'xxx2', '2024-02-08 02:03:37', '0');
INSERT INTO `m_menu_group_community` VALUES ('102024020888450056', '802023112376120003', '仪表', '2023062100700008', 'xxx2', '2024-02-08 02:03:37', '0');
INSERT INTO `m_menu_group_community` VALUES ('102024020889280045', '802023021604710005', '房产', '2023062100700008', 'xxx2', '2024-02-08 02:03:37', '0');
INSERT INTO `m_menu_group_community` VALUES ('102024020889940048', '802023081695960001', '充电', '2023062100700008', 'xxx2', '2024-02-08 02:03:37', '0');
INSERT INTO `m_menu_group_community` VALUES ('102024020891170047', '802023082372950010', '道闸', '2023062100700008', 'xxx2', '2024-02-08 02:03:37', '0');
INSERT INTO `m_menu_group_community` VALUES ('102024022000130525', '802023082455000001', '水电', '2024021911282483', '万科森林公园', '2024-02-20 09:38:34', '0');
INSERT INTO `m_menu_group_community` VALUES ('102024022017660521', '802023021604710005', '房产', '2024021911282483', '万科森林公园', '2024-02-20 09:38:34', '0');
INSERT INTO `m_menu_group_community` VALUES ('102024022025280533', '802023110632150002', '系统', '2024021911282483', '万科森林公园', '2024-02-20 09:38:34', '0');
INSERT INTO `m_menu_group_community` VALUES ('102024022029190534', '802023092784350001', '事件', '2024021911282483', '万科森林公园', '2024-02-20 09:38:34', '0');
INSERT INTO `m_menu_group_community` VALUES ('102024022038120531', '802023103063600003', '门锁', '2024021911282483', '万科森林公园', '2024-02-20 09:38:34', '0');
INSERT INTO `m_menu_group_community` VALUES ('102024022044480532', '802023112376120003', '仪表', '2024021911282483', '万科森林公园', '2024-02-20 09:38:34', '0');
INSERT INTO `m_menu_group_community` VALUES ('102024022046880528', '802023101718180007', '监控', '2024021911282483', '万科森林公园', '2024-02-20 09:38:34', '0');
INSERT INTO `m_menu_group_community` VALUES ('102024022060970526', '802023091881700008', '梯控', '2024021911282483', '万科森林公园', '2024-02-20 09:38:34', '0');
INSERT INTO `m_menu_group_community` VALUES ('102024022062860520', '802023021424270011', '小区', '2024021911282483', '万科森林公园', '2024-02-20 09:38:34', '0');
INSERT INTO `m_menu_group_community` VALUES ('102024022063320524', '802023081695960001', '充电', '2024021911282483', '万科森林公园', '2024-02-20 09:38:34', '0');
INSERT INTO `m_menu_group_community` VALUES ('102024022067740523', '802023082372950010', '道闸', '2024021911282483', '万科森林公园', '2024-02-20 09:38:34', '0');
INSERT INTO `m_menu_group_community` VALUES ('102024022072850530', '802023103017170002', '优惠', '2024021911282483', '万科森林公园', '2024-02-20 09:38:34', '0');
INSERT INTO `m_menu_group_community` VALUES ('102024022077010529', '802023021422680001', '组织', '2024021911282483', '万科森林公园', '2024-02-20 09:38:34', '0');
INSERT INTO `m_menu_group_community` VALUES ('102024022077260522', '802023081520910004', '门禁', '2024021911282483', '万科森林公园', '2024-02-20 09:38:34', '0');
INSERT INTO `m_menu_group_community` VALUES ('102024022090780535', '802024012406520004', '考勤', '2024021911282483', '万科森林公园', '2024-02-20 09:38:34', '0');
INSERT INTO `m_menu_group_community` VALUES ('102024022094280527', '802023092136420001', '路灯', '2024021911282483', '万科森林公园', '2024-02-20 09:38:34', '0');
INSERT INTO `m_menu_group_community` VALUES ('102024022306601307', '802023101718180007', '监控', '2024022327180323', '三国小区', '2024-02-23 10:09:15', '0');
INSERT INTO `m_menu_group_community` VALUES ('102024022311451299', '802023021424270011', '小区', '2024022327180323', '三国小区', '2024-02-23 10:09:15', '0');
INSERT INTO `m_menu_group_community` VALUES ('102024022314361311', '802023112376120003', '仪表', '2024022327180323', '三国小区', '2024-02-23 10:09:15', '0');
INSERT INTO `m_menu_group_community` VALUES ('102024022320521301', '802023081520910004', '门禁', '2024022327180323', '三国小区', '2024-02-23 10:09:15', '0');
INSERT INTO `m_menu_group_community` VALUES ('102024022333231300', '802023021604710005', '房产', '2024022327180323', '三国小区', '2024-02-23 10:09:15', '0');
INSERT INTO `m_menu_group_community` VALUES ('102024022335941305', '802023091881700008', '梯控', '2024022327180323', '三国小区', '2024-02-23 10:09:15', '0');
INSERT INTO `m_menu_group_community` VALUES ('102024022342461303', '802023081695960001', '充电', '2024022327180323', '三国小区', '2024-02-23 10:09:15', '0');
INSERT INTO `m_menu_group_community` VALUES ('102024022355131309', '802023103017170002', '优惠', '2024022327180323', '三国小区', '2024-02-23 10:09:15', '0');
INSERT INTO `m_menu_group_community` VALUES ('102024022361051310', '802023103063600003', '门锁', '2024022327180323', '三国小区', '2024-02-23 10:09:15', '0');
INSERT INTO `m_menu_group_community` VALUES ('102024022361851302', '802023082372950010', '道闸', '2024022327180323', '三国小区', '2024-02-23 10:09:15', '0');
INSERT INTO `m_menu_group_community` VALUES ('102024022363791308', '802023021422680001', '组织', '2024022327180323', '三国小区', '2024-02-23 10:09:15', '0');
INSERT INTO `m_menu_group_community` VALUES ('102024022379841314', '802024012406520004', '考勤', '2024022327180323', '三国小区', '2024-02-23 10:09:15', '0');
INSERT INTO `m_menu_group_community` VALUES ('102024022383301304', '802023082455000001', '水电', '2024022327180323', '三国小区', '2024-02-23 10:09:15', '0');
INSERT INTO `m_menu_group_community` VALUES ('102024022391931313', '802023092784350001', '事件', '2024022327180323', '三国小区', '2024-02-23 10:09:15', '0');
INSERT INTO `m_menu_group_community` VALUES ('102024022398671306', '802023092136420001', '路灯', '2024022327180323', '三国小区', '2024-02-23 10:09:15', '0');
INSERT INTO `m_menu_group_community` VALUES ('102024022399651312', '802023110632150002', '系统', '2024022327180323', '三国小区', '2024-02-23 10:09:15', '0');
INSERT INTO `m_menu_group_community` VALUES ('102024022601742595', '800201908019', '菜单', '102024022629692424', '西游小区', '2024-02-26 14:17:35', '0');
INSERT INTO `m_menu_group_community` VALUES ('102024022602312777', '802023082372950010', '道闸', '2024022643710121', '一刀测试', '2024-02-26 14:35:16', '0');
INSERT INTO `m_menu_group_community` VALUES ('102024022603432755', '802023021604710005', '房产', '2023052267100146', 'HC演示小区3', '2024-02-26 14:20:09', '1');
INSERT INTO `m_menu_group_community` VALUES ('102024022604292676', '802023112492090051', '3D', '102024022629692424', '西游小区', '2024-02-26 14:18:08', '0');
INSERT INTO `m_menu_group_community` VALUES ('102024022605262601', '802020111618520004', '日志', '102024022629692424', '西游小区', '2024-02-26 14:17:35', '0');
INSERT INTO `m_menu_group_community` VALUES ('102024022605262756', '802023081520910004', '门禁', '2023052267100146', 'HC演示小区3', '2024-02-26 14:20:09', '1');
INSERT INTO `m_menu_group_community` VALUES ('102024022606032689', '802023103063600003', '门锁', '102024022629692424', '西游小区', '2024-02-26 14:18:08', '0');
INSERT INTO `m_menu_group_community` VALUES ('102024022606212730', '802024012406520004', '考勤', '2024022647620054', '西游小区', '2024-02-26 14:18:17', '0');
INSERT INTO `m_menu_group_community` VALUES ('102024022606762599', '800201908018', '缓存', '102024022629692424', '西游小区', '2024-02-26 14:17:35', '0');
INSERT INTO `m_menu_group_community` VALUES ('102024022608502613', '802023091881700008', '梯控', '102024022629692424', '西游小区', '2024-02-26 14:17:35', '0');
INSERT INTO `m_menu_group_community` VALUES ('102024022609222746', '800201908018', '缓存', '2023052267100146', 'HC演示小区3', '2024-02-26 14:20:09', '1');
INSERT INTO `m_menu_group_community` VALUES ('102024022610372706', '800201907016', '配置', '2024022647620054', '西游小区', '2024-02-26 14:18:17', '0');
INSERT INTO `m_menu_group_community` VALUES ('102024022610402670', '800201908018', '缓存', '102024022629692424', '西游小区', '2024-02-26 14:18:08', '0');
INSERT INTO `m_menu_group_community` VALUES ('102024022611082742', '800201908019', '菜单', '2023052267100146', 'HC演示小区3', '2024-02-26 14:20:09', '1');
INSERT INTO `m_menu_group_community` VALUES ('102024022611252761', '802023092136420001', '路灯', '2023052267100146', 'HC演示小区3', '2024-02-26 14:20:09', '1');
INSERT INTO `m_menu_group_community` VALUES ('102024022612872692', '802023092784350001', '事件', '102024022629692424', '西游小区', '2024-02-26 14:18:08', '0');
INSERT INTO `m_menu_group_community` VALUES ('102024022613002764', '802023103017170002', '优惠', '2023052267100146', 'HC演示小区3', '2024-02-26 14:20:09', '1');
INSERT INTO `m_menu_group_community` VALUES ('102024022613082749', '802021031653410070', '系统', '2023052267100146', 'HC演示小区3', '2024-02-26 14:20:09', '1');
INSERT INTO `m_menu_group_community` VALUES ('102024022613182725', '802023103017170002', '优惠', '2024022647620054', '西游小区', '2024-02-26 14:18:17', '0');
INSERT INTO `m_menu_group_community` VALUES ('102024022613952711', '802023021272240006', '数据', '2024022647620054', '西游小区', '2024-02-26 14:18:17', '0');
INSERT INTO `m_menu_group_community` VALUES ('102024022614752785', '802023103063600003', '门锁', '2024022643710121', '一刀测试', '2024-02-26 14:35:16', '0');
INSERT INTO `m_menu_group_community` VALUES ('102024022616892729', '802023092784350001', '事件', '2024022647620054', '西游小区', '2024-02-26 14:18:17', '0');
INSERT INTO `m_menu_group_community` VALUES ('102024022617082710', '802021031653410070', '系统', '2024022647620054', '西游小区', '2024-02-26 14:18:17', '0');
INSERT INTO `m_menu_group_community` VALUES ('102024022617402672', '802020111618520004', '日志', '102024022629692424', '西游小区', '2024-02-26 14:18:08', '0');
INSERT INTO `m_menu_group_community` VALUES ('102024022617752769', '802024012406520004', '考勤', '2023052267100146', 'HC演示小区3', '2024-02-26 14:20:09', '1');
INSERT INTO `m_menu_group_community` VALUES ('102024022618202674', '802023021272240006', '数据', '102024022629692424', '西游小区', '2024-02-26 14:18:08', '0');
INSERT INTO `m_menu_group_community` VALUES ('102024022619002593', '800201907015', '配置', '102024022629692424', '西游小区', '2024-02-26 14:17:35', '0');
INSERT INTO `m_menu_group_community` VALUES ('102024022619212682', '802023081695960001', '充电', '102024022629692424', '西游小区', '2024-02-26 14:18:08', '0');
INSERT INTO `m_menu_group_community` VALUES ('102024022619502712', '802023091899930009', '厂家', '2024022647620054', '西游小区', '2024-02-26 14:18:17', '0');
INSERT INTO `m_menu_group_community` VALUES ('102024022621992776', '802023081520910004', '门禁', '2024022643710121', '一刀测试', '2024-02-26 14:35:16', '0');
INSERT INTO `m_menu_group_community` VALUES ('102024022622282720', '802023082455000001', '水电', '2024022647620054', '西游小区', '2024-02-26 14:18:17', '0');
INSERT INTO `m_menu_group_community` VALUES ('102024022623032684', '802023091881700008', '梯控', '102024022629692424', '西游小区', '2024-02-26 14:18:08', '0');
INSERT INTO `m_menu_group_community` VALUES ('102024022624812783', '802023021422680001', '组织', '2024022643710121', '一刀测试', '2024-02-26 14:35:16', '0');
INSERT INTO `m_menu_group_community` VALUES ('102024022624922789', '802024012406520004', '考勤', '2024022643710121', '一刀测试', '2024-02-26 14:35:16', '0');
INSERT INTO `m_menu_group_community` VALUES ('102024022625092716', '802023021604710005', '房产', '2024022647620054', '西游小区', '2024-02-26 14:18:17', '0');
INSERT INTO `m_menu_group_community` VALUES ('102024022626132622', '802024012406520004', '考勤', '102024022629692424', '西游小区', '2024-02-26 14:17:35', '0');
INSERT INTO `m_menu_group_community` VALUES ('102024022626762614', '802023092136420001', '路灯', '102024022629692424', '西游小区', '2024-02-26 14:17:35', '0');
INSERT INTO `m_menu_group_community` VALUES ('102024022626802727', '802023112376120003', '仪表', '2024022647620054', '西游小区', '2024-02-26 14:18:17', '0');
INSERT INTO `m_menu_group_community` VALUES ('102024022627002600', '802019090224100001', '任务', '102024022629692424', '西游小区', '2024-02-26 14:17:35', '0');
INSERT INTO `m_menu_group_community` VALUES ('102024022628222788', '802023092784350001', '事件', '2024022643710121', '一刀测试', '2024-02-26 14:35:16', '0');
INSERT INTO `m_menu_group_community` VALUES ('102024022628362606', '802023121840390001', '系统', '102024022629692424', '西游小区', '2024-02-26 14:17:35', '0');
INSERT INTO `m_menu_group_community` VALUES ('102024022628932612', '802023082455000001', '水电', '102024022629692424', '西游小区', '2024-02-26 14:17:35', '0');
INSERT INTO `m_menu_group_community` VALUES ('102024022629732602', '802021031653410070', '系统', '102024022629692424', '西游小区', '2024-02-26 14:17:35', '0');
INSERT INTO `m_menu_group_community` VALUES ('102024022630432713', '802023112492090051', '3D', '2024022647620054', '西游小区', '2024-02-26 14:18:17', '0');
INSERT INTO `m_menu_group_community` VALUES ('102024022630912690', '802023112376120003', '仪表', '102024022629692424', '西游小区', '2024-02-26 14:18:08', '0');
INSERT INTO `m_menu_group_community` VALUES ('102024022631052685', '802023092136420001', '路灯', '102024022629692424', '西游小区', '2024-02-26 14:18:08', '0');
INSERT INTO `m_menu_group_community` VALUES ('102024022631102741', '800201907014', '服务', '2023052267100146', 'HC演示小区3', '2024-02-26 14:20:09', '1');
INSERT INTO `m_menu_group_community` VALUES ('102024022631932750', '802023021272240006', '数据', '2023052267100146', 'HC演示小区3', '2024-02-26 14:20:09', '1');
INSERT INTO `m_menu_group_community` VALUES ('102024022632892687', '802023021422680001', '组织', '102024022629692424', '西游小区', '2024-02-26 14:18:08', '0');
INSERT INTO `m_menu_group_community` VALUES ('102024022632972701', '800201907015', '配置', '2024022647620054', '西游小区', '2024-02-26 14:18:17', '0');
INSERT INTO `m_menu_group_community` VALUES ('102024022633322665', '800201907014', '服务', '102024022629692424', '西游小区', '2024-02-26 14:18:08', '0');
INSERT INTO `m_menu_group_community` VALUES ('102024022634142784', '802023103017170002', '优惠', '2024022643710121', '一刀测试', '2024-02-26 14:35:16', '0');
INSERT INTO `m_menu_group_community` VALUES ('102024022634192751', '802023091899930009', '厂家', '2023052267100146', 'HC演示小区3', '2024-02-26 14:20:09', '1');
INSERT INTO `m_menu_group_community` VALUES ('102024022634422609', '802023081520910004', '门禁', '102024022629692424', '西游小区', '2024-02-26 14:17:35', '0');
INSERT INTO `m_menu_group_community` VALUES ('102024022634612768', '802023092784350001', '事件', '2023052267100146', 'HC演示小区3', '2024-02-26 14:20:09', '1');
INSERT INTO `m_menu_group_community` VALUES ('102024022634682754', '802023021424270011', '小区', '2023052267100146', 'HC演示小区3', '2024-02-26 14:20:09', '1');
INSERT INTO `m_menu_group_community` VALUES ('102024022636132679', '802023021604710005', '房产', '102024022629692424', '西游小区', '2024-02-26 14:18:08', '0');
INSERT INTO `m_menu_group_community` VALUES ('102024022636972598', '800201907016', '配置', '102024022629692424', '西游小区', '2024-02-26 14:17:35', '0');
INSERT INTO `m_menu_group_community` VALUES ('102024022637002728', '802023110632150002', '系统', '2024022647620054', '西游小区', '2024-02-26 14:18:17', '0');
INSERT INTO `m_menu_group_community` VALUES ('102024022637322778', '802023081695960001', '充电', '2024022643710121', '一刀测试', '2024-02-26 14:35:16', '0');
INSERT INTO `m_menu_group_community` VALUES ('102024022638052616', '802023021422680001', '组织', '102024022629692424', '西游小区', '2024-02-26 14:17:35', '0');
INSERT INTO `m_menu_group_community` VALUES ('102024022638512780', '802023091881700008', '梯控', '2024022643710121', '一刀测试', '2024-02-26 14:35:16', '0');
INSERT INTO `m_menu_group_community` VALUES ('102024022638522671', '802019090224100001', '任务', '102024022629692424', '西游小区', '2024-02-26 14:18:08', '0');
INSERT INTO `m_menu_group_community` VALUES ('102024022638582753', '802023121840390001', '系统', '2023052267100146', 'HC演示小区3', '2024-02-26 14:20:09', '1');
INSERT INTO `m_menu_group_community` VALUES ('102024022638692702', '800201907014', '服务', '2024022647620054', '西游小区', '2024-02-26 14:18:17', '0');
INSERT INTO `m_menu_group_community` VALUES ('102024022638722683', '802023082455000001', '水电', '102024022629692424', '西游小区', '2024-02-26 14:18:08', '0');
INSERT INTO `m_menu_group_community` VALUES ('102024022639552610', '802023082372950010', '道闸', '102024022629692424', '西游小区', '2024-02-26 14:17:35', '0');
INSERT INTO `m_menu_group_community` VALUES ('102024022639792718', '802023082372950010', '道闸', '2024022647620054', '西游小区', '2024-02-26 14:18:17', '0');
INSERT INTO `m_menu_group_community` VALUES ('102024022640092775', '802023021604710005', '房产', '2024022643710121', '一刀测试', '2024-02-26 14:35:16', '0');
INSERT INTO `m_menu_group_community` VALUES ('102024022640302759', '802023082455000001', '水电', '2023052267100146', 'HC演示小区3', '2024-02-26 14:20:09', '1');
INSERT INTO `m_menu_group_community` VALUES ('102024022644062767', '802023110632150002', '系统', '2023052267100146', 'HC演示小区3', '2024-02-26 14:20:09', '1');
INSERT INTO `m_menu_group_community` VALUES ('102024022645262704', '802021110952690125', '报表', '2024022647620054', '西游小区', '2024-02-26 14:18:17', '0');
INSERT INTO `m_menu_group_community` VALUES ('102024022646192678', '802023021424270011', '小区', '102024022629692424', '西游小区', '2024-02-26 14:18:08', '0');
INSERT INTO `m_menu_group_community` VALUES ('102024022646432608', '802023021604710005', '房产', '102024022629692424', '西游小区', '2024-02-26 14:17:35', '0');
INSERT INTO `m_menu_group_community` VALUES ('102024022647772621', '802023092784350001', '事件', '102024022629692424', '西游小区', '2024-02-26 14:17:35', '0');
INSERT INTO `m_menu_group_community` VALUES ('102024022648532758', '802023081695960001', '充电', '2023052267100146', 'HC演示小区3', '2024-02-26 14:20:09', '1');
INSERT INTO `m_menu_group_community` VALUES ('102024022651662757', '802023082372950010', '道闸', '2023052267100146', 'HC演示小区3', '2024-02-26 14:20:09', '1');
INSERT INTO `m_menu_group_community` VALUES ('102024022651762619', '802023112376120003', '仪表', '102024022629692424', '西游小区', '2024-02-26 14:17:35', '0');
INSERT INTO `m_menu_group_community` VALUES ('102024022653952620', '802023110632150002', '系统', '102024022629692424', '西游小区', '2024-02-26 14:17:35', '0');
INSERT INTO `m_menu_group_community` VALUES ('102024022654252722', '802023092136420001', '路灯', '2024022647620054', '西游小区', '2024-02-26 14:18:17', '0');
INSERT INTO `m_menu_group_community` VALUES ('102024022654922611', '802023081695960001', '充电', '102024022629692424', '西游小区', '2024-02-26 14:17:35', '0');
INSERT INTO `m_menu_group_community` VALUES ('102024022655202781', '802023092136420001', '路灯', '2024022643710121', '一刀测试', '2024-02-26 14:35:16', '0');
INSERT INTO `m_menu_group_community` VALUES ('102024022656262607', '802023021424270011', '小区', '102024022629692424', '西游小区', '2024-02-26 14:17:35', '0');
INSERT INTO `m_menu_group_community` VALUES ('102024022657152719', '802023081695960001', '充电', '2024022647620054', '西游小区', '2024-02-26 14:18:17', '0');
INSERT INTO `m_menu_group_community` VALUES ('102024022657912681', '802023082372950010', '道闸', '102024022629692424', '西游小区', '2024-02-26 14:18:08', '0');
INSERT INTO `m_menu_group_community` VALUES ('102024022659872766', '802023112376120003', '仪表', '2023052267100146', 'HC演示小区3', '2024-02-26 14:20:09', '1');
INSERT INTO `m_menu_group_community` VALUES ('102024022660922604', '802023091899930009', '厂家', '102024022629692424', '西游小区', '2024-02-26 14:17:35', '0');
INSERT INTO `m_menu_group_community` VALUES ('102024022661002717', '802023081520910004', '门禁', '2024022647620054', '西游小区', '2024-02-26 14:18:17', '0');
INSERT INTO `m_menu_group_community` VALUES ('102024022661632669', '800201907016', '配置', '102024022629692424', '西游小区', '2024-02-26 14:18:08', '0');
INSERT INTO `m_menu_group_community` VALUES ('102024022661972715', '802023021424270011', '小区', '2024022647620054', '西游小区', '2024-02-26 14:18:17', '0');
INSERT INTO `m_menu_group_community` VALUES ('102024022662362617', '802023103017170002', '优惠', '102024022629692424', '西游小区', '2024-02-26 14:17:35', '0');
INSERT INTO `m_menu_group_community` VALUES ('102024022662652594', '800201907014', '服务', '102024022629692424', '西游小区', '2024-02-26 14:17:35', '0');
INSERT INTO `m_menu_group_community` VALUES ('102024022663292686', '802023101718180007', '监控', '102024022629692424', '西游小区', '2024-02-26 14:18:08', '0');
INSERT INTO `m_menu_group_community` VALUES ('102024022666262740', '800201907015', '配置', '2023052267100146', 'HC演示小区3', '2024-02-26 14:20:09', '1');
INSERT INTO `m_menu_group_community` VALUES ('102024022666412705', '802020081417800208', '属性', '2024022647620054', '西游小区', '2024-02-26 14:18:17', '0');
INSERT INTO `m_menu_group_community` VALUES ('102024022666472596', '802021110952690125', '报表', '102024022629692424', '西游小区', '2024-02-26 14:17:35', '0');
INSERT INTO `m_menu_group_community` VALUES ('102024022666962691', '802023110632150002', '系统', '102024022629692424', '西游小区', '2024-02-26 14:18:08', '0');
INSERT INTO `m_menu_group_community` VALUES ('102024022667552675', '802023091899930009', '厂家', '102024022629692424', '西游小区', '2024-02-26 14:18:08', '0');
INSERT INTO `m_menu_group_community` VALUES ('102024022668422707', '800201908018', '缓存', '2024022647620054', '西游小区', '2024-02-26 14:18:17', '0');
INSERT INTO `m_menu_group_community` VALUES ('102024022671862745', '800201907016', '配置', '2023052267100146', 'HC演示小区3', '2024-02-26 14:20:09', '1');
INSERT INTO `m_menu_group_community` VALUES ('102024022672032615', '802023101718180007', '监控', '102024022629692424', '西游小区', '2024-02-26 14:17:35', '0');
INSERT INTO `m_menu_group_community` VALUES ('102024022672072688', '802023103017170002', '优惠', '102024022629692424', '西游小区', '2024-02-26 14:18:08', '0');
INSERT INTO `m_menu_group_community` VALUES ('102024022672452743', '802021110952690125', '报表', '2023052267100146', 'HC演示小区3', '2024-02-26 14:20:09', '1');
INSERT INTO `m_menu_group_community` VALUES ('102024022672812709', '802020111618520004', '日志', '2024022647620054', '西游小区', '2024-02-26 14:18:17', '0');
INSERT INTO `m_menu_group_community` VALUES ('102024022673152744', '802020081417800208', '属性', '2023052267100146', 'HC演示小区3', '2024-02-26 14:20:09', '1');
INSERT INTO `m_menu_group_community` VALUES ('102024022673802748', '802020111618520004', '日志', '2023052267100146', 'HC演示小区3', '2024-02-26 14:20:09', '1');
INSERT INTO `m_menu_group_community` VALUES ('102024022674072677', '802023121840390001', '系统', '102024022629692424', '西游小区', '2024-02-26 14:18:08', '0');
INSERT INTO `m_menu_group_community` VALUES ('102024022674472721', '802023091881700008', '梯控', '2024022647620054', '西游小区', '2024-02-26 14:18:17', '0');
INSERT INTO `m_menu_group_community` VALUES ('102024022674982787', '802023110632150002', '系统', '2024022643710121', '一刀测试', '2024-02-26 14:35:16', '0');
INSERT INTO `m_menu_group_community` VALUES ('102024022674992714', '802023121840390001', '系统', '2024022647620054', '西游小区', '2024-02-26 14:18:17', '0');
INSERT INTO `m_menu_group_community` VALUES ('102024022675672667', '802021110952690125', '报表', '102024022629692424', '西游小区', '2024-02-26 14:18:08', '0');
INSERT INTO `m_menu_group_community` VALUES ('102024022676082762', '802023101718180007', '监控', '2023052267100146', 'HC演示小区3', '2024-02-26 14:20:09', '1');
INSERT INTO `m_menu_group_community` VALUES ('102024022676302765', '802023103063600003', '门锁', '2023052267100146', 'HC演示小区3', '2024-02-26 14:20:09', '1');
INSERT INTO `m_menu_group_community` VALUES ('102024022677642708', '802019090224100001', '任务', '2024022647620054', '西游小区', '2024-02-26 14:18:17', '0');
INSERT INTO `m_menu_group_community` VALUES ('102024022678782666', '800201908019', '菜单', '102024022629692424', '西游小区', '2024-02-26 14:18:08', '0');
INSERT INTO `m_menu_group_community` VALUES ('102024022679242786', '802023112376120003', '仪表', '2024022643710121', '一刀测试', '2024-02-26 14:35:16', '0');
INSERT INTO `m_menu_group_community` VALUES ('102024022680002782', '802023101718180007', '监控', '2024022643710121', '一刀测试', '2024-02-26 14:35:16', '0');
INSERT INTO `m_menu_group_community` VALUES ('102024022680122673', '802021031653410070', '系统', '102024022629692424', '西游小区', '2024-02-26 14:18:08', '0');
INSERT INTO `m_menu_group_community` VALUES ('102024022680692680', '802023081520910004', '门禁', '102024022629692424', '西游小区', '2024-02-26 14:18:08', '0');
INSERT INTO `m_menu_group_community` VALUES ('102024022681982603', '802023021272240006', '数据', '102024022629692424', '西游小区', '2024-02-26 14:17:35', '0');
INSERT INTO `m_menu_group_community` VALUES ('102024022682222664', '800201907015', '配置', '102024022629692424', '西游小区', '2024-02-26 14:18:08', '0');
INSERT INTO `m_menu_group_community` VALUES ('102024022684092668', '802020081417800208', '属性', '102024022629692424', '西游小区', '2024-02-26 14:18:08', '0');
INSERT INTO `m_menu_group_community` VALUES ('102024022686112618', '802023103063600003', '门锁', '102024022629692424', '西游小区', '2024-02-26 14:17:35', '0');
INSERT INTO `m_menu_group_community` VALUES ('102024022686462726', '802023103063600003', '门锁', '2024022647620054', '西游小区', '2024-02-26 14:18:17', '0');
INSERT INTO `m_menu_group_community` VALUES ('102024022687722723', '802023101718180007', '监控', '2024022647620054', '西游小区', '2024-02-26 14:18:17', '0');
INSERT INTO `m_menu_group_community` VALUES ('102024022688282779', '802023082455000001', '水电', '2024022643710121', '一刀测试', '2024-02-26 14:35:16', '0');
INSERT INTO `m_menu_group_community` VALUES ('102024022692412605', '802023112492090051', '3D', '102024022629692424', '西游小区', '2024-02-26 14:17:35', '0');
INSERT INTO `m_menu_group_community` VALUES ('102024022692712703', '800201908019', '菜单', '2024022647620054', '西游小区', '2024-02-26 14:18:17', '0');
INSERT INTO `m_menu_group_community` VALUES ('102024022693012760', '802023091881700008', '梯控', '2023052267100146', 'HC演示小区3', '2024-02-26 14:20:09', '1');
INSERT INTO `m_menu_group_community` VALUES ('102024022694222693', '802024012406520004', '考勤', '102024022629692424', '西游小区', '2024-02-26 14:18:08', '0');
INSERT INTO `m_menu_group_community` VALUES ('102024022695002763', '802023021422680001', '组织', '2023052267100146', 'HC演示小区3', '2024-02-26 14:20:09', '1');
INSERT INTO `m_menu_group_community` VALUES ('102024022695192724', '802023021422680001', '组织', '2024022647620054', '西游小区', '2024-02-26 14:18:17', '0');
INSERT INTO `m_menu_group_community` VALUES ('102024022697272774', '802023021424270011', '小区', '2024022643710121', '一刀测试', '2024-02-26 14:35:16', '0');
INSERT INTO `m_menu_group_community` VALUES ('102024022698382752', '802023112492090051', '3D', '2023052267100146', 'HC演示小区3', '2024-02-26 14:20:09', '1');
INSERT INTO `m_menu_group_community` VALUES ('102024022699092747', '802019090224100001', '任务', '2023052267100146', 'HC演示小区3', '2024-02-26 14:20:09', '1');
INSERT INTO `m_menu_group_community` VALUES ('102024022699482597', '802020081417800208', '属性', '102024022629692424', '西游小区', '2024-02-26 14:17:35', '0');
INSERT INTO `m_menu_group_community` VALUES ('102024022907210038', '800201907015', '配置', '2024012252790005', '物联网同步小区', '2024-02-29 00:15:41', '0');
INSERT INTO `m_menu_group_community` VALUES ('102024022907590034', '802023103063600003', '门锁', '2023052267100146', 'HC演示小区3', '2024-02-29 10:29:45', '0');
INSERT INTO `m_menu_group_community` VALUES ('102024022911610029', '802023091881700008', '梯控', '2023052267100146', 'HC演示小区3', '2024-02-29 10:29:45', '0');
INSERT INTO `m_menu_group_community` VALUES ('102024022913540063', '802023103063600003', '门锁', '2024012252790005', '物联网同步小区', '2024-02-29 00:15:41', '0');
INSERT INTO `m_menu_group_community` VALUES ('102024022917260058', '802023091881700008', '梯控', '2024012252790005', '物联网同步小区', '2024-02-29 00:15:41', '0');
INSERT INTO `m_menu_group_community` VALUES ('102024022917720032', '802023021422680001', '组织', '2023052267100146', 'HC演示小区3', '2024-02-29 10:29:45', '0');
INSERT INTO `m_menu_group_community` VALUES ('102024022918830011', '800201908019', '菜单', '2023052267100146', 'HC演示小区3', '2024-02-29 10:29:45', '0');
INSERT INTO `m_menu_group_community` VALUES ('102024022920070036', '802023110632150002', '系统', '2023052267100146', 'HC演示小区3', '2024-02-29 10:29:45', '0');
INSERT INTO `m_menu_group_community` VALUES ('102024022920550017', '802020111618520004', '日志', '2023052267100146', 'HC演示小区3', '2024-02-29 10:29:45', '0');
INSERT INTO `m_menu_group_community` VALUES ('102024022922700053', '802023021604710005', '房产', '2024012252790005', '物联网同步小区', '2024-02-29 00:15:41', '0');
INSERT INTO `m_menu_group_community` VALUES ('102024022923740031', '802023101718180007', '监控', '2023052267100146', 'HC演示小区3', '2024-02-29 10:29:45', '0');
INSERT INTO `m_menu_group_community` VALUES ('102024022924600014', '800201907016', '配置', '2023052267100146', 'HC演示小区3', '2024-02-29 10:29:45', '0');
INSERT INTO `m_menu_group_community` VALUES ('102024022925410059', '802023092136420001', '路灯', '2024012252790005', '物联网同步小区', '2024-02-29 00:15:41', '0');
INSERT INTO `m_menu_group_community` VALUES ('102024022925590060', '802023101718180007', '监控', '2024012252790005', '物联网同步小区', '2024-02-29 00:15:41', '0');
INSERT INTO `m_menu_group_community` VALUES ('102024022926590028', '802023082455000001', '水电', '2023052267100146', 'HC演示小区3', '2024-02-29 10:29:45', '0');
INSERT INTO `m_menu_group_community` VALUES ('102024022926810062', '802023103017170002', '优惠', '2024012252790005', '物联网同步小区', '2024-02-29 00:15:41', '0');
INSERT INTO `m_menu_group_community` VALUES ('102024022930190013', '802020081417800208', '属性', '2023052267100146', 'HC演示小区3', '2024-02-29 10:29:45', '0');
INSERT INTO `m_menu_group_community` VALUES ('102024022931450012', '802021110952690125', '报表', '2023052267100146', 'HC演示小区3', '2024-02-29 10:29:45', '0');
INSERT INTO `m_menu_group_community` VALUES ('102024022932960064', '802023112376120003', '仪表', '2024012252790005', '物联网同步小区', '2024-02-29 00:15:41', '0');
INSERT INTO `m_menu_group_community` VALUES ('102024022935050044', '800201908018', '缓存', '2024012252790005', '物联网同步小区', '2024-02-29 00:15:41', '0');
INSERT INTO `m_menu_group_community` VALUES ('102024022936150052', '802023021424270011', '小区', '2024012252790005', '物联网同步小区', '2024-02-29 00:15:41', '0');
INSERT INTO `m_menu_group_community` VALUES ('102024022937680019', '802023021272240006', '数据', '2023052267100146', 'HC演示小区3', '2024-02-29 10:29:45', '0');
INSERT INTO `m_menu_group_community` VALUES ('102024022938310048', '802023021272240006', '数据', '2024012252790005', '物联网同步小区', '2024-02-29 00:15:41', '0');
INSERT INTO `m_menu_group_community` VALUES ('102024022938750038', '802024012406520004', '考勤', '2023052267100146', 'HC演示小区3', '2024-02-29 10:29:45', '0');
INSERT INTO `m_menu_group_community` VALUES ('102024022939970046', '802020111618520004', '日志', '2024012252790005', '物联网同步小区', '2024-02-29 00:15:41', '0');
INSERT INTO `m_menu_group_community` VALUES ('102024022941500045', '802019090224100001', '任务', '2024012252790005', '物联网同步小区', '2024-02-29 00:15:41', '0');
INSERT INTO `m_menu_group_community` VALUES ('102024022942840042', '802020081417800208', '属性', '2024012252790005', '物联网同步小区', '2024-02-29 00:15:41', '0');
INSERT INTO `m_menu_group_community` VALUES ('102024022943830051', '802023121840390001', '系统', '2024012252790005', '物联网同步小区', '2024-02-29 00:15:41', '0');
INSERT INTO `m_menu_group_community` VALUES ('102024022946680024', '802023021604710005', '房产', '2023052267100146', 'HC演示小区3', '2024-02-29 10:29:45', '0');
INSERT INTO `m_menu_group_community` VALUES ('102024022947090025', '802023081520910004', '门禁', '2023052267100146', 'HC演示小区3', '2024-02-29 10:29:45', '0');
INSERT INTO `m_menu_group_community` VALUES ('102024022947800022', '802023121840390001', '系统', '2023052267100146', 'HC演示小区3', '2024-02-29 10:29:45', '0');
INSERT INTO `m_menu_group_community` VALUES ('102024022949690033', '802023103017170002', '优惠', '2023052267100146', 'HC演示小区3', '2024-02-29 10:29:45', '0');
INSERT INTO `m_menu_group_community` VALUES ('102024022951850055', '802023082372950010', '道闸', '2024012252790005', '物联网同步小区', '2024-02-29 00:15:41', '0');
INSERT INTO `m_menu_group_community` VALUES ('102024022952440049', '802023091899930009', '厂家', '2024012252790005', '物联网同步小区', '2024-02-29 00:15:41', '0');
INSERT INTO `m_menu_group_community` VALUES ('102024022952990027', '802023081695960001', '充电', '2023052267100146', 'HC演示小区3', '2024-02-29 10:29:45', '0');
INSERT INTO `m_menu_group_community` VALUES ('102024022954530023', '802023021424270011', '小区', '2023052267100146', 'HC演示小区3', '2024-02-29 10:29:45', '0');
INSERT INTO `m_menu_group_community` VALUES ('102024022954840067', '802024012406520004', '考勤', '2024012252790005', '物联网同步小区', '2024-02-29 00:15:41', '0');
INSERT INTO `m_menu_group_community` VALUES ('102024022956300037', '802023092784350001', '事件', '2023052267100146', 'HC演示小区3', '2024-02-29 10:29:45', '0');
INSERT INTO `m_menu_group_community` VALUES ('102024022959000020', '802023091899930009', '厂家', '2023052267100146', 'HC演示小区3', '2024-02-29 10:29:45', '0');
INSERT INTO `m_menu_group_community` VALUES ('102024022961030021', '802023112492090051', '3D', '2023052267100146', 'HC演示小区3', '2024-02-29 10:29:45', '0');
INSERT INTO `m_menu_group_community` VALUES ('102024022961150018', '802021031653410070', '系统', '2023052267100146', 'HC演示小区3', '2024-02-29 10:29:45', '0');
INSERT INTO `m_menu_group_community` VALUES ('102024022965400030', '802023092136420001', '路灯', '2023052267100146', 'HC演示小区3', '2024-02-29 10:29:45', '0');
INSERT INTO `m_menu_group_community` VALUES ('102024022968530035', '802023112376120003', '仪表', '2023052267100146', 'HC演示小区3', '2024-02-29 10:29:45', '0');
INSERT INTO `m_menu_group_community` VALUES ('102024022970100026', '802023082372950010', '道闸', '2023052267100146', 'HC演示小区3', '2024-02-29 10:29:45', '0');
INSERT INTO `m_menu_group_community` VALUES ('102024022971910040', '800201908019', '菜单', '2024012252790005', '物联网同步小区', '2024-02-29 00:15:41', '0');
INSERT INTO `m_menu_group_community` VALUES ('102024022972020056', '802023081695960001', '充电', '2024012252790005', '物联网同步小区', '2024-02-29 00:15:41', '0');
INSERT INTO `m_menu_group_community` VALUES ('102024022973160065', '802023110632150002', '系统', '2024012252790005', '物联网同步小区', '2024-02-29 00:15:41', '0');
INSERT INTO `m_menu_group_community` VALUES ('102024022973450010', '800201907014', '服务', '2023052267100146', 'HC演示小区3', '2024-02-29 10:29:45', '0');
INSERT INTO `m_menu_group_community` VALUES ('102024022973830039', '800201907014', '服务', '2024012252790005', '物联网同步小区', '2024-02-29 00:15:41', '0');
INSERT INTO `m_menu_group_community` VALUES ('102024022974700066', '802023092784350001', '事件', '2024012252790005', '物联网同步小区', '2024-02-29 00:15:41', '0');
INSERT INTO `m_menu_group_community` VALUES ('102024022978790016', '802019090224100001', '任务', '2023052267100146', 'HC演示小区3', '2024-02-29 10:29:45', '0');
INSERT INTO `m_menu_group_community` VALUES ('102024022981510015', '800201908018', '缓存', '2023052267100146', 'HC演示小区3', '2024-02-29 10:29:45', '0');
INSERT INTO `m_menu_group_community` VALUES ('102024022982910041', '802021110952690125', '报表', '2024012252790005', '物联网同步小区', '2024-02-29 00:15:41', '0');
INSERT INTO `m_menu_group_community` VALUES ('102024022984310043', '800201907016', '配置', '2024012252790005', '物联网同步小区', '2024-02-29 00:15:41', '0');
INSERT INTO `m_menu_group_community` VALUES ('102024022985270061', '802023021422680001', '组织', '2024012252790005', '物联网同步小区', '2024-02-29 00:15:41', '0');
INSERT INTO `m_menu_group_community` VALUES ('102024022988760050', '802023112492090051', '3D', '2024012252790005', '物联网同步小区', '2024-02-29 00:15:41', '0');
INSERT INTO `m_menu_group_community` VALUES ('102024022989790009', '800201907015', '配置', '2023052267100146', 'HC演示小区3', '2024-02-29 10:29:45', '0');
INSERT INTO `m_menu_group_community` VALUES ('102024022990440047', '802021031653410070', '系统', '2024012252790005', '物联网同步小区', '2024-02-29 00:15:41', '0');
INSERT INTO `m_menu_group_community` VALUES ('102024022995900057', '802023082455000001', '水电', '2024012252790005', '物联网同步小区', '2024-02-29 00:15:41', '0');
INSERT INTO `m_menu_group_community` VALUES ('102024022999700054', '802023081520910004', '门禁', '2024012252790005', '物联网同步小区', '2024-02-29 00:15:41', '0');

-- ----------------------------
-- Table structure for machine_location
-- ----------------------------
DROP TABLE IF EXISTS `machine_location`;
CREATE TABLE `machine_location` (
  `location_id` varchar(30) NOT NULL COMMENT '位置ID',
  `location_name` varchar(100) NOT NULL COMMENT '位置名称',
  `community_id` varchar(30) NOT NULL COMMENT '小区',
  `location_type` varchar(12) NOT NULL COMMENT '位置类型 1000 小区 2000 单元 3000 房屋, t_dict 表',
  `location_obj_id` varchar(30) NOT NULL DEFAULT '-1' COMMENT '对象ID，大门时小区ID，单元门 时单元ID 房屋时房屋ID',
  `location_obj_name` varchar(256) NOT NULL DEFAULT '位置' COMMENT '对象ID，大门时小区ID，单元门 时单元ID 房屋时房屋ID',
  `create_time` timestamp NOT NULL DEFAULT CURRENT_TIMESTAMP COMMENT '创建时间',
  `status_cd` varchar(2) NOT NULL DEFAULT '0' COMMENT '数据状态，详细参考c_status表，S 保存，0, 在用 1失效',
  PRIMARY KEY (`location_id`)
) ENGINE=InnoDB DEFAULT CHARSET=utf8;

-- ----------------------------
-- Records of machine_location
-- ----------------------------
INSERT INTO `machine_location` VALUES ('102023081575010002', '1号楼', '102023021386560001', '6000', '732023080900970002', '1号楼', '2023-08-15 02:06:36', '0');
INSERT INTO `machine_location` VALUES ('102023081582550011', '1号楼位置1', '102023021386560001', '6000', '732023080900970002', '1号楼', '2023-08-15 01:53:40', '1');
INSERT INTO `machine_location` VALUES ('102023120774050008', '1', '102023021386560001', '1000', '102023021386560001', '测试小区', '2023-12-07 01:45:12', '0');
INSERT INTO `machine_location` VALUES ('102024020108990043', '11', '2024012252790005', '1000', '2024012252790005', '物联网同步小区', '2024-02-01 17:03:14', '0');
INSERT INTO `machine_location` VALUES ('102024021877700004', '1', '102023021386560001', '1000', '102023021386560001', '测试小区', '2024-02-18 12:07:16', '0');
INSERT INTO `machine_location` VALUES ('102024021934450315', '1', '102023021386560001', '6000', '732023112595880006', '2号楼', '2024-02-19 12:48:33', '1');
INSERT INTO `machine_location` VALUES ('102024021961000449', '你好', '102023021386560001', '1000', '102023021386560001', '测试小区', '2024-02-19 20:52:03', '0');
INSERT INTO `machine_location` VALUES ('102024030458000091', '1', '2023052267100146', '1000', '2023052267100146', 'HC演示小区3', '2024-03-04 00:47:25', '0');

-- ----------------------------
-- Table structure for manual_open_door_log
-- ----------------------------
DROP TABLE IF EXISTS `manual_open_door_log`;
CREATE TABLE `manual_open_door_log` (
  `log_id` varchar(64) NOT NULL COMMENT '开门ID',
  `staff_id` varchar(64) NOT NULL COMMENT '员工ID',
  `staff_name` varchar(128) NOT NULL COMMENT '员工',
  `ext_staff_id` varchar(64) DEFAULT NULL COMMENT '外部员工ID',
  `machine_id` varchar(64) NOT NULL COMMENT '摄像头ID',
  `machine_name` varchar(128) NOT NULL COMMENT '摄像头名称',
  `ext_machine_id` varchar(64) DEFAULT NULL COMMENT '外部摄像头ID',
  `photo_jpg` varchar(512) DEFAULT NULL COMMENT '抓拍图片',
  `community_id` varchar(64) DEFAULT NULL COMMENT '小区ID',
  `create_time` timestamp NOT NULL DEFAULT CURRENT_TIMESTAMP COMMENT '创建时间',
  PRIMARY KEY (`log_id`)
) ENGINE=InnoDB DEFAULT CHARSET=utf8mb4 COLLATE=utf8mb4_0900_ai_ci;

-- ----------------------------
-- Records of manual_open_door_log
-- ----------------------------
INSERT INTO `manual_open_door_log` VALUES ('112023102719070003', '-1', '演示物业', '302023021495090004', '102023102693150008', '观阁学府停车场出口', '102023102693150008', 'https://wuhaofhc.oss-cn-beijing.aliyuncs.com/picture/1001/c1ec21c5-dceb2daf/20231027/22/20231027_221259_383.jpg', '102023021386560001', '2023-10-27 22:12:58');
INSERT INTO `manual_open_door_log` VALUES ('112023102730490001', '-1', '演示物业', '302023021495090004', '102023092152400003', '观阁学府停车场进口', '102023092152400003', 'https://wuhaofhc.oss-cn-beijing.aliyuncs.com/picture/1001/926bc310-29b221e1/20231027/22/20231027_221017_386.jpg', '102023021386560001', '2023-10-27 22:10:17');
INSERT INTO `manual_open_door_log` VALUES ('112023102737430001', '-1', '演示物业', '302023021495090004', '102023092152400003', '观阁学府停车场进口', '102023092152400003', null, '102023021386560001', '2023-10-27 21:47:07');
INSERT INTO `manual_open_door_log` VALUES ('112023102741540002', '-1', '演示物业', '302023021495090004', '102023092152400003', '观阁学府停车场进口', '102023092152400003', 'https://wuhaofhc.oss-cn-beijing.aliyuncs.com/picture/1001/926bc310-29b221e1/20231027/22/20231027_221240_492.jpg', '102023021386560001', '2023-10-27 22:12:40');
INSERT INTO `manual_open_door_log` VALUES ('112023102741770001', '-1', '演示物业', '302023021495090004', '102023092152400003', '观阁学府停车场进口', '102023092152400003', 'picture/1001/926bc310-29b221e1/20231027/22/20231027_220038_335.jpg', '102023021386560001', '2023-10-27 22:00:39');
INSERT INTO `manual_open_door_log` VALUES ('112023102749860002', '-1', '演示物业', '302023021495090004', '102023102693150008', '观阁学府停车场出口', '102023102693150008', 'https://wuhaofhc.oss-cn-beijing.aliyuncs.com/picture/1001/c1ec21c5-dceb2daf/20231027/22/20231027_223522_886.jpg', '102023021386560001', '2023-10-27 22:35:22');
INSERT INTO `manual_open_door_log` VALUES ('112023102760750001', '-1', '演示物业', '302023021495090004', '102023092152400003', '观阁学府停车场进口', '102023092152400003', 'https://wuhaofhc.oss-cn-beijing.aliyuncs.com/picture/1001/926bc310-29b221e1/20231027/22/20231027_223515_649.jpg', '102023021386560001', '2023-10-27 22:35:15');
INSERT INTO `manual_open_door_log` VALUES ('112023102765850001', '-1', '演示物业', '302023021495090004', '102023092152400003', '观阁学府停车场进口', '102023092152400003', null, '102023021386560001', '2023-10-27 21:56:47');
INSERT INTO `manual_open_door_log` VALUES ('112023102839280001', '-1', '演示物业', '302023021495090004', '102023092152400003', '观阁学府停车场进口', '102023092152400003', 'https://wuhaofhc.oss-cn-beijing.aliyuncs.com/picture/1001/926bc310-29b221e1/20231028/12/20231028_120941_362.jpg', '102023021386560001', '2023-10-28 12:09:41');
INSERT INTO `manual_open_door_log` VALUES ('112023102916890172', '-1', '演示物业', '302023021495090004', '102023102693150008', '观阁学府停车场出口', '102023102693150008', 'https://wuhaofhc.oss-cn-beijing.aliyuncs.com/picture/1001/c1ec21c5-dceb2daf/20231029/23/20231029_234513_915.jpg', '102023021386560001', '2023-10-29 23:45:14');
INSERT INTO `manual_open_door_log` VALUES ('112023102979690173', '-1', '演示物业', '302023021495090004', '102023092152400003', '观阁学府停车场进口', '102023092152400003', 'https://wuhaofhc.oss-cn-beijing.aliyuncs.com/picture/1001/926bc310-29b221e1/20231029/23/20231029_234538_027.jpg', '102023021386560001', '2023-10-29 23:45:39');
INSERT INTO `manual_open_door_log` VALUES ('112024020143590008', '-1', '物联网同步小区', '302024012273480017', '102024020186650002', '1', '102024020186650002', null, '2024012252790005', '2024-02-01 14:07:33');
INSERT INTO `manual_open_door_log` VALUES ('112024021483820015', '-1', '演示物业', '302023021495090004', '102023102693150008', '观阁学府停车场出口', '102023102693150008', null, '102023021386560001', '2024-02-14 21:04:39');
INSERT INTO `manual_open_door_log` VALUES ('112024021783990045', '-1', '演示物业', '302023021495090004', '102023102693150008', '观阁学府停车场出口', '102023102693150008', null, '102023021386560001', '2024-02-17 14:37:01');
INSERT INTO `manual_open_door_log` VALUES ('112024021928820298', '-1', '演示物业', '302023021495090004', '102023102693150008', '观阁学府停车场出口', '102023102693150008', null, '102023021386560001', '2024-02-19 12:17:58');
INSERT INTO `manual_open_door_log` VALUES ('112024021934140443', '-1', '演示物业', '302023021495090004', '102023092152400003', '观阁学府停车场进口', '102023092152400003', null, '102023021386560001', '2024-02-19 20:00:24');
INSERT INTO `manual_open_door_log` VALUES ('112024021950330171', '-1', '演示物业', '302023021495090004', '102023092152400003', '观阁学府停车场进口', '102023092152400003', null, '102023021386560001', '2024-02-19 10:29:05');
INSERT INTO `manual_open_door_log` VALUES ('112024021953240088', '-1', '演示物业', '302023021495090004', '102023092152400003', '观阁学府停车场进口', '102023092152400003', null, '102023021386560001', '2024-02-19 09:07:46');
INSERT INTO `manual_open_door_log` VALUES ('112024021966070444', '-1', '演示物业', '302023021495090004', '102023102693150008', '观阁学府停车场出口', '102023102693150008', null, '102023021386560001', '2024-02-19 20:00:42');
INSERT INTO `manual_open_door_log` VALUES ('112024022038950749', '-1', '演示物业', '302023021495090004', '102023102693150008', '观阁学府停车场出口', '102023102693150008', null, '102023021386560001', '2024-02-20 18:04:24');
INSERT INTO `manual_open_door_log` VALUES ('112024022109790909', '-1', 'HC演示物业2', '302024012204210002', '102024022008200773', '测试设备出', '102024022008200773', null, '2023052267100146', '2024-02-21 21:45:47');
INSERT INTO `manual_open_door_log` VALUES ('112024022141690789', '-1', 'HC演示物业2', '302024012204210002', '102024022008200773', '测试设备出', '102024022008200773', null, '2023052267100146', '2024-02-21 09:06:52');
INSERT INTO `manual_open_door_log` VALUES ('112024022144680900', '-1', '演示物业', '302023021495090004', '102024022052020499', '002', '102024022052020499', null, '102023021386560001', '2024-02-21 21:42:54');
INSERT INTO `manual_open_door_log` VALUES ('112024022158010803', '-1', 'HC演示物业2', '302024012204210002', '102024022008200773', '测试设备出', '102024022008200773', null, '2023052267100146', '2024-02-21 10:33:36');
INSERT INTO `manual_open_door_log` VALUES ('112024022163030791', '-1', '演示物业', '302023021495090004', '102024022077040502', '003', '102024022077040502', null, '102023021386560001', '2024-02-21 09:09:16');
INSERT INTO `manual_open_door_log` VALUES ('112024022176760904', '-1', 'HC演示物业2', '302024012204210002', '102024022008200773', '测试设备出', '102024022008200773', null, '2023052267100146', '2024-02-21 21:45:36');
INSERT INTO `manual_open_door_log` VALUES ('112024022293610991', '-1', 'HC演示物业2', '302024012204210002', '102024022008200773', '测试设备出', '102024022008200773', null, '2023052267100146', '2024-02-22 11:54:22');
INSERT INTO `manual_open_door_log` VALUES ('112024022350231343', '-1', '演示物业', '302023021495090004', '102024021910180441', '57', '102024021910180441', null, '102023021386560001', '2024-02-23 10:50:41');
INSERT INTO `manual_open_door_log` VALUES ('112024022644912308', '-1', 'HC演示物业2', '302024012204210002', '102024022027080770', '测试设备入', '102024022027080770', null, '2023052267100146', '2024-02-26 10:19:02');
INSERT INTO `manual_open_door_log` VALUES ('112024022740792833', '-1', '演示物业', '302023021495090004', '102024022008200773', '测试设备出', '102024022008200773', null, '2023052267100146', '2024-02-27 08:47:15');

-- ----------------------------
-- Table structure for meter_machine
-- ----------------------------
DROP TABLE IF EXISTS `meter_machine`;
CREATE TABLE `meter_machine` (
  `machine_id` varchar(30) CHARACTER SET utf8mb4 COLLATE utf8mb4_0900_ai_ci NOT NULL COMMENT '表ID',
  `machine_name` varchar(200) CHARACTER SET utf8mb4 COLLATE utf8mb4_0900_ai_ci NOT NULL COMMENT '名称',
  `address` varchar(30) CHARACTER SET utf8mb4 COLLATE utf8mb4_0900_ai_ci NOT NULL COMMENT '表号',
  `meter_type` varchar(30) CHARACTER SET utf8mb4 COLLATE utf8mb4_0900_ai_ci NOT NULL COMMENT '表类型，电表还是水表',
  `machine_model` varchar(12) CHARACTER SET utf8mb4 COLLATE utf8mb4_0900_ai_ci NOT NULL COMMENT '模式 1001 充值模式 2002 抄表模式',
  `room_id` varchar(30) CHARACTER SET utf8mb4 COLLATE utf8mb4_0900_ai_ci NOT NULL COMMENT '房屋ID',
  `room_name` varchar(64) CHARACTER SET utf8mb4 COLLATE utf8mb4_0900_ai_ci NOT NULL COMMENT '房屋名称',
  `prestore_degrees` decimal(10,2) NOT NULL DEFAULT '0.00' COMMENT '预存剩余读数',
  `cur_degrees` decimal(10,2) NOT NULL COMMENT '本期度数',
  `cur_reading_time` timestamp NOT NULL DEFAULT CURRENT_TIMESTAMP COMMENT '本期读表时间',
  `fee_config_id` varchar(30) CHARACTER SET utf8mb4 COLLATE utf8mb4_0900_ai_ci DEFAULT NULL COMMENT '费用项ID,充值模式时 公式选 用量乘以单价 抄表模式 上期读数-本期读数乘以单价',
  `fee_config_name` varchar(64) CHARACTER SET utf8mb4 COLLATE utf8mb4_0900_ai_ci DEFAULT NULL COMMENT '费用项名称',
  `read_day` int NOT NULL DEFAULT '1' COMMENT '每月抄表日',
  `read_hours` int NOT NULL DEFAULT '9' COMMENT '抄表小时',
  `impl_bean` varchar(30) CHARACTER SET utf8mb4 COLLATE utf8mb4_0900_ai_ci NOT NULL COMMENT '门禁厂家',
  `community_id` varchar(30) CHARACTER SET utf8mb4 COLLATE utf8mb4_0900_ai_ci NOT NULL COMMENT '小区ID',
  `heartbeat_time` datetime NOT NULL COMMENT '设备心跳时间',
  `control_type` varchar(4) CHARACTER SET utf8mb4 COLLATE utf8mb4_0900_ai_ci DEFAULT NULL COMMENT '开关闸 0关闸 1开闸',
  `create_time` timestamp NOT NULL DEFAULT CURRENT_TIMESTAMP COMMENT '创建时间',
  `status_cd` varchar(2) CHARACTER SET utf8mb4 COLLATE utf8mb4_0900_ai_ci NOT NULL DEFAULT '0' COMMENT '数据状态，详细参考c_status表，S 保存，0, 在用 1失效',
  PRIMARY KEY (`machine_id`) USING BTREE
) ENGINE=InnoDB DEFAULT CHARSET=utf8mb4 COLLATE=utf8mb4_0900_ai_ci ROW_FORMAT=DYNAMIC;

-- ----------------------------
-- Records of meter_machine
-- ----------------------------
INSERT INTO `meter_machine` VALUES ('102023082532300009', '测试2', '2', '102023082462460011', '1001', '752023080997680002', '1-1-1001', '0.00', '0.00', '2023-08-25 17:51:38', null, null, '1', '1', '4', '102023021386560001', '2023-08-25 17:51:38', null, '2023-08-25 17:51:41', '1');
INSERT INTO `meter_machine` VALUES ('102023082552280021', '测试1', '1', '102023082462460011', '1001', '752023080997680002', '1-1-1001', '0.00', '0.00', '2023-08-25 16:35:11', null, null, '1', '1', '3', '102023021386560001', '2023-08-25 16:35:11', null, '2023-08-25 16:35:14', '1');
INSERT INTO `meter_machine` VALUES ('102023082562090010', 'q1001', '1001', '102023082462460011', '1001', '752023080997680002', '1-1-1001', '0.00', '0.00', '2023-08-25 10:33:00', null, null, '1', '1', '3', '102023021386560001', '2023-08-25 10:33:00', null, '2023-08-25 10:33:02', '1');
INSERT INTO `meter_machine` VALUES ('102023082566670014', '测试312', '312', '102023082513710003', '2002', '752023080997680002', '1-1-1001', '0.00', '0.00', '2023-08-25 17:52:10', null, null, '2', '6', '2', '102023021386560001', '2023-08-25 17:52:10', 'OFF', '2023-08-25 17:52:12', '1');
INSERT INTO `meter_machine` VALUES ('102023082580560016', 'q1002', '1002', '102023082462460011', '1001', '752023080997680002', '1-1-1001', '0.00', '0.00', '2023-08-25 10:35:26', null, null, '2', '0', '4', '102023021386560001', '2023-08-25 10:35:26', null, '2023-08-25 10:35:29', '1');
INSERT INTO `meter_machine` VALUES ('102023091988960010', '123', '123', '102023082513710003', '2002', '752023080997680002', '1-1-1001', '0.00', '0.00', '2023-09-19 14:02:57', null, null, '2', '6', '1', '102023021386560001', '2023-10-23 17:36:57', null, '2023-09-19 14:03:03', '1');
INSERT INTO `meter_machine` VALUES ('102023110636080006', '1-1-1智能水表', '1212', '102023082462460011', '1001', '752023080997680002', '1-1-1001', '0.00', '0.00', '2023-11-06 00:42:51', null, null, '1', '1', '1', '102023021386560001', '2023-11-06 00:42:51', null, '2023-11-06 00:42:51', '1');
INSERT INTO `meter_machine` VALUES ('102023112125260008', '1-1-3003', '230407040554', '102023082513710003', '1001', '752023110696240003', '1-1-3003', '0.00', '0.00', '2023-11-21 02:04:17', null, null, '1', '1', '2', '102023021386560001', '2023-11-21 02:04:17', null, '2023-11-21 02:04:17', '0');
INSERT INTO `meter_machine` VALUES ('102024020816810007', '111', '111', '102024020892020004', '1001', '752024012283880019', '22-3-2003', '0.00', '0.00', '2024-02-08 15:43:53', null, null, '1', '1', '102024011697740005', '2024012252790005', '2024-02-08 15:43:53', null, '2024-02-08 15:43:53', '0');
INSERT INTO `meter_machine` VALUES ('102024022133600851', '水表', '111111', '102024022105620848', '1001', '752024021619860527', '1-0-101', '0.00', '0.00', '2024-02-21 16:12:31', null, null, '1', '1', '2', '2023052267100146', '2024-02-21 16:12:31', null, '2024-02-21 16:12:31', '0');
INSERT INTO `meter_machine` VALUES ('102024022630492053', '拓强水表001', '123456', '102023082462460011', '2002', '752023080997680002', '1-1-1001', '0.00', '0.00', '2024-02-26 08:59:17', null, null, '1', '1', '3', '102023021386560001', '2024-02-26 08:59:17', null, '2024-02-26 08:59:18', '0');

-- ----------------------------
-- Table structure for meter_machine_charge
-- ----------------------------
DROP TABLE IF EXISTS `meter_machine_charge`;
CREATE TABLE `meter_machine_charge` (
  `charge_id` varchar(30) NOT NULL COMMENT '明细ID',
  `machine_id` varchar(30) NOT NULL COMMENT '表ID',
  `charge_money` decimal(10,2) NOT NULL DEFAULT '0.00' COMMENT '充值金额',
  `charge_degrees` decimal(10,2) NOT NULL COMMENT '充值度数',
  `community_id` varchar(30) NOT NULL COMMENT '小区ID',
  `state` varchar(12) NOT NULL DEFAULT 'W' COMMENT '状态 W 充值中 C 充值成功',
  `remark` varchar(512) DEFAULT NULL COMMENT '备注',
  `create_time` timestamp NOT NULL DEFAULT CURRENT_TIMESTAMP COMMENT '创建时间',
  `status_cd` varchar(2) NOT NULL DEFAULT '0' COMMENT '数据状态，详细参考c_status表，S 保存，0, 在用 1失效'
) ENGINE=InnoDB DEFAULT CHARSET=utf8mb4 COLLATE=utf8mb4_0900_ai_ci;

-- ----------------------------
-- Records of meter_machine_charge
-- ----------------------------
INSERT INTO `meter_machine_charge` VALUES ('112023112262460004', '102023112125260008', '100.00', '100.00', '102023021386560001', 'C', null, '2023-11-22 09:42:56', '0');

-- ----------------------------
-- Table structure for meter_machine_detail
-- ----------------------------
DROP TABLE IF EXISTS `meter_machine_detail`;
CREATE TABLE `meter_machine_detail` (
  `detail_id` varchar(30) CHARACTER SET utf8mb4 COLLATE utf8mb4_0900_ai_ci NOT NULL COMMENT '明细ID',
  `machine_id` varchar(30) CHARACTER SET utf8mb4 COLLATE utf8mb4_0900_ai_ci NOT NULL COMMENT '表ID',
  `detail_type` varchar(12) CHARACTER SET utf8mb4 COLLATE utf8mb4_0900_ai_ci NOT NULL COMMENT '类型 1001 充值 2002 抄表',
  `prestore_degrees` decimal(10,2) NOT NULL DEFAULT '0.00' COMMENT '预存剩余读数',
  `cur_degrees` decimal(10,2) NOT NULL COMMENT '本期度数',
  `cur_reading_time` timestamp NOT NULL DEFAULT CURRENT_TIMESTAMP COMMENT '本期读表时间',
  `community_id` varchar(30) CHARACTER SET utf8mb4 COLLATE utf8mb4_0900_ai_ci NOT NULL COMMENT '小区ID',
  `remark` varchar(512) CHARACTER SET utf8mb4 COLLATE utf8mb4_0900_ai_ci DEFAULT NULL COMMENT '备注',
  `create_time` timestamp NOT NULL DEFAULT CURRENT_TIMESTAMP COMMENT '创建时间',
  `status_cd` varchar(2) CHARACTER SET utf8mb4 COLLATE utf8mb4_0900_ai_ci NOT NULL DEFAULT '0' COMMENT '数据状态，详细参考c_status表，S 保存，0, 在用 1失效',
  `state` varchar(12) CHARACTER SET utf8mb4 COLLATE utf8mb4_0900_ai_ci NOT NULL DEFAULT 'W' COMMENT '状态',
  PRIMARY KEY (`detail_id`) USING BTREE
) ENGINE=InnoDB DEFAULT CHARSET=utf8mb4 COLLATE=utf8mb4_0900_ai_ci ROW_FORMAT=DYNAMIC;

-- ----------------------------
-- Records of meter_machine_detail
-- ----------------------------
INSERT INTO `meter_machine_detail` VALUES ('1', '102023082566670014', '2002', '1.00', '2.00', '2023-08-25 17:52:10', '102023021386560001', null, '2023-08-28 17:33:50', '0', 'W');
INSERT INTO `meter_machine_detail` VALUES ('112023083115220011', '102023082566670014', 'ON', '0.00', '0.00', '2023-08-25 17:52:10', '102023021386560001', '拉合闸', '2023-08-31 14:26:28', '0', 'C');
INSERT INTO `meter_machine_detail` VALUES ('112023083125080001', '102023082566670014', 'ON', '0.00', '0.00', '2023-08-25 17:52:10', '102023021386560001', '拉合闸', '2023-08-31 14:31:30', '0', 'C');
INSERT INTO `meter_machine_detail` VALUES ('112023083129990021', '102023082566670014', 'ON', '0.00', '0.00', '2023-08-25 17:52:10', '102023021386560001', '拉合闸', '2023-08-31 14:28:06', '0', 'C');
INSERT INTO `meter_machine_detail` VALUES ('112023083170230001', '102023082566670014', 'ON', '0.00', '0.00', '2023-08-25 17:52:10', '102023021386560001', '拉合闸', '2023-08-31 14:19:49', '0', 'C');
INSERT INTO `meter_machine_detail` VALUES ('112023083175450016', '102023082566670014', 'OFF', '0.00', '0.00', '2023-08-25 17:52:10', '102023021386560001', '拉合闸', '2023-08-31 14:27:22', '0', 'C');
INSERT INTO `meter_machine_detail` VALUES ('112023091936640002', '102023082566670014', 'OFF', '0.00', '0.00', '2023-08-25 17:52:10', '102023021386560001', '拉合闸', '2023-09-19 11:23:17', '0', 'W');
INSERT INTO `meter_machine_detail` VALUES ('112023091939920001', '102023082566670014', 'OFF', '0.00', '0.00', '2023-08-25 17:52:10', '102023021386560001', '拉合闸', '2023-09-19 11:20:18', '0', 'C');
INSERT INTO `meter_machine_detail` VALUES ('112023112113200001', '102023112125260008', '1001', '0.00', '0.00', '2023-11-21 02:04:17', '102023021386560001', null, '2023-11-21 23:06:19', '0', 'W');
INSERT INTO `meter_machine_detail` VALUES ('112023112121150002', '102023112125260008', 'ON', '0.00', '0.00', '2023-11-21 02:04:17', '102023021386560001', '拉合闸', '2023-11-21 23:06:24', '0', 'W');
INSERT INTO `meter_machine_detail` VALUES ('112023112125890004', '102023112125260008', '1001', '0.00', '0.00', '2023-11-21 02:04:17', '102023021386560001', null, '2023-11-21 23:06:29', '0', 'W');
INSERT INTO `meter_machine_detail` VALUES ('112023112136330006', '102023112125260008', '1001', '0.00', '0.00', '2023-11-21 02:04:17', '102023021386560001', null, '2023-11-21 23:06:50', '0', 'W');
INSERT INTO `meter_machine_detail` VALUES ('112023112160530009', '102023112125260008', '1001', '0.00', '0.00', '2023-11-21 02:04:17', '102023021386560001', null, '2023-11-21 22:36:59', '0', 'W');
INSERT INTO `meter_machine_detail` VALUES ('112023112186270003', '102023112125260008', '1001', '0.00', '0.00', '2023-11-21 02:04:17', '102023021386560001', null, '2023-11-21 23:06:25', '0', 'W');
INSERT INTO `meter_machine_detail` VALUES ('112023112186330007', '102023112125260008', '1001', '0.00', '0.00', '2023-11-21 02:04:17', '102023021386560001', null, '2023-11-21 22:35:58', '0', 'W');
INSERT INTO `meter_machine_detail` VALUES ('112023112198730005', '102023112125260008', 'ON', '0.00', '0.00', '2023-11-21 02:04:17', '102023021386560001', '拉合闸', '2023-11-21 23:06:49', '0', 'W');
INSERT INTO `meter_machine_detail` VALUES ('112023120701500062', '102023112125260008', '2002', '0.00', '0.00', '2023-11-21 02:04:17', '102023021386560001', null, '2023-12-07 16:29:40', '0', 'W');
INSERT INTO `meter_machine_detail` VALUES ('112023120703710040', '102023112125260008', '2002', '0.00', '0.00', '2023-11-21 02:04:17', '102023021386560001', null, '2023-12-07 16:08:20', '0', 'W');
INSERT INTO `meter_machine_detail` VALUES ('112023120704390003', '102023112125260008', '2002', '0.00', '0.00', '2023-11-21 02:04:17', '102023021386560001', null, '2023-12-07 15:30:10', '0', 'W');
INSERT INTO `meter_machine_detail` VALUES ('112023120706070034', '102023112125260008', '2002', '0.00', '0.00', '2023-11-21 02:04:17', '102023021386560001', null, '2023-12-07 16:04:36', '0', 'W');
INSERT INTO `meter_machine_detail` VALUES ('112023120706550020', '102023112125260008', '2002', '0.00', '0.00', '2023-11-21 02:04:17', '102023021386560001', null, '2023-12-07 15:46:38', '0', 'W');
INSERT INTO `meter_machine_detail` VALUES ('112023120706770022', '102023112125260008', '2002', '0.00', '0.00', '2023-11-21 02:04:17', '102023021386560001', null, '2023-12-07 15:47:00', '0', 'W');
INSERT INTO `meter_machine_detail` VALUES ('112023120708580036', '102023112125260008', '2002', '0.00', '0.00', '2023-11-21 02:04:17', '102023021386560001', null, '2023-12-07 16:05:03', '0', 'W');
INSERT INTO `meter_machine_detail` VALUES ('112023120708860039', '102023112125260008', '2002', '0.00', '0.00', '2023-11-21 02:04:17', '102023021386560001', null, '2023-12-07 16:06:00', '0', 'W');
INSERT INTO `meter_machine_detail` VALUES ('112023120710910001', '102023112125260008', '2002', '0.00', '0.00', '2023-11-21 02:04:17', '102023021386560001', null, '2023-12-07 15:29:37', '0', 'W');
INSERT INTO `meter_machine_detail` VALUES ('112023120711520048', '102023112125260008', '2002', '0.00', '0.00', '2023-11-21 02:04:17', '102023021386560001', null, '2023-12-07 16:25:33', '0', 'W');
INSERT INTO `meter_machine_detail` VALUES ('112023120711590066', '102023112125260008', '2002', '0.00', '0.00', '2023-11-21 02:04:17', '102023021386560001', null, '2023-12-07 16:51:53', '0', 'W');
INSERT INTO `meter_machine_detail` VALUES ('112023120713340053', '102023112125260008', '2002', '0.00', '0.00', '2023-11-21 02:04:17', '102023021386560001', null, '2023-12-07 16:27:29', '0', 'W');
INSERT INTO `meter_machine_detail` VALUES ('112023120716140004', '102023112125260008', '2002', '0.00', '0.00', '2023-11-21 02:04:17', '102023021386560001', null, '2023-12-07 15:30:28', '0', 'W');
INSERT INTO `meter_machine_detail` VALUES ('112023120716280038', '102023112125260008', '2002', '0.00', '0.00', '2023-11-21 02:04:17', '102023021386560001', null, '2023-12-07 16:05:22', '0', 'W');
INSERT INTO `meter_machine_detail` VALUES ('112023120718250056', '102023112125260008', '2002', '0.00', '0.00', '2023-11-21 02:04:17', '102023021386560001', null, '2023-12-07 16:27:54', '0', 'W');
INSERT INTO `meter_machine_detail` VALUES ('112023120719960027', '102023112125260008', '2002', '0.00', '0.00', '2023-11-21 02:04:17', '102023021386560001', null, '2023-12-07 15:50:27', '0', 'W');
INSERT INTO `meter_machine_detail` VALUES ('112023120721550057', '102023112125260008', '2002', '0.00', '0.00', '2023-11-21 02:04:17', '102023021386560001', null, '2023-12-07 16:27:57', '0', 'W');
INSERT INTO `meter_machine_detail` VALUES ('112023120724700029', '102023112125260008', '2002', '0.00', '0.00', '2023-11-21 02:04:17', '102023021386560001', null, '2023-12-07 15:58:34', '0', 'W');
INSERT INTO `meter_machine_detail` VALUES ('112023120726550031', '102023112125260008', '2002', '0.00', '0.00', '2023-11-21 02:04:17', '102023021386560001', null, '2023-12-07 16:02:40', '0', 'W');
INSERT INTO `meter_machine_detail` VALUES ('112023120726550058', '102023112125260008', '2002', '0.00', '0.00', '2023-11-21 02:04:17', '102023021386560001', null, '2023-12-07 16:27:59', '0', 'W');
INSERT INTO `meter_machine_detail` VALUES ('112023120728330050', '102023112125260008', '2002', '0.00', '0.00', '2023-11-21 02:04:17', '102023021386560001', null, '2023-12-07 16:26:18', '0', 'W');
INSERT INTO `meter_machine_detail` VALUES ('112023120732190006', '102023112125260008', '2002', '0.00', '0.00', '2023-11-21 02:04:17', '102023021386560001', null, '2023-12-07 15:30:38', '0', 'W');
INSERT INTO `meter_machine_detail` VALUES ('112023120733260064', '102023112125260008', '2002', '0.00', '0.00', '2023-11-21 02:04:17', '102023021386560001', null, '2023-12-07 16:34:42', '0', 'W');
INSERT INTO `meter_machine_detail` VALUES ('112023120734740026', '102023112125260008', '2002', '0.00', '0.00', '2023-11-21 02:04:17', '102023021386560001', null, '2023-12-07 15:49:57', '0', 'W');
INSERT INTO `meter_machine_detail` VALUES ('112023120736460019', '102023112125260008', '2002', '0.00', '0.00', '2023-11-21 02:04:17', '102023021386560001', null, '2023-12-07 15:45:23', '0', 'W');
INSERT INTO `meter_machine_detail` VALUES ('112023120737340043', '102023112125260008', '2002', '0.00', '0.00', '2023-11-21 02:04:17', '102023021386560001', null, '2023-12-07 16:17:36', '0', 'W');
INSERT INTO `meter_machine_detail` VALUES ('112023120741520059', '102023112125260008', '2002', '0.00', '0.00', '2023-11-21 02:04:17', '102023021386560001', null, '2023-12-07 16:29:30', '0', 'W');
INSERT INTO `meter_machine_detail` VALUES ('112023120741570030', '102023112125260008', '2002', '0.00', '0.00', '2023-11-21 02:04:17', '102023021386560001', null, '2023-12-07 15:58:38', '0', 'W');
INSERT INTO `meter_machine_detail` VALUES ('112023120743540049', '102023112125260008', '2002', '0.00', '0.00', '2023-11-21 02:04:17', '102023021386560001', null, '2023-12-07 16:25:59', '0', 'W');
INSERT INTO `meter_machine_detail` VALUES ('112023120743990042', '102023112125260008', '2002', '0.00', '0.00', '2023-11-21 02:04:17', '102023021386560001', null, '2023-12-07 16:17:27', '0', 'W');
INSERT INTO `meter_machine_detail` VALUES ('112023120744120052', '102023112125260008', '2002', '0.00', '0.00', '2023-11-21 02:04:17', '102023021386560001', null, '2023-12-07 16:27:24', '0', 'W');
INSERT INTO `meter_machine_detail` VALUES ('112023120744450024', '102023112125260008', '2002', '0.00', '0.00', '2023-11-21 02:04:17', '102023021386560001', null, '2023-12-07 15:48:40', '0', 'W');
INSERT INTO `meter_machine_detail` VALUES ('112023120744520035', '102023112125260008', '2002', '0.00', '0.00', '2023-11-21 02:04:17', '102023021386560001', null, '2023-12-07 16:05:00', '0', 'W');
INSERT INTO `meter_machine_detail` VALUES ('112023120750170045', '102023112125260008', '2002', '0.00', '0.00', '2023-11-21 02:04:17', '102023021386560001', null, '2023-12-07 16:24:12', '0', 'W');
INSERT INTO `meter_machine_detail` VALUES ('112023120750450028', '102023112125260008', '2002', '0.00', '0.00', '2023-11-21 02:04:17', '102023021386560001', null, '2023-12-07 15:51:23', '0', 'W');
INSERT INTO `meter_machine_detail` VALUES ('112023120750700021', '102023112125260008', '2002', '0.00', '0.00', '2023-11-21 02:04:17', '102023021386560001', null, '2023-12-07 15:46:40', '0', 'W');
INSERT INTO `meter_machine_detail` VALUES ('112023120752040032', '102023112125260008', '2002', '0.00', '0.00', '2023-11-21 02:04:17', '102023021386560001', null, '2023-12-07 16:03:15', '0', 'W');
INSERT INTO `meter_machine_detail` VALUES ('112023120755180044', '102023112125260008', '2002', '0.00', '0.00', '2023-11-21 02:04:17', '102023021386560001', null, '2023-12-07 16:21:51', '0', 'W');
INSERT INTO `meter_machine_detail` VALUES ('112023120755750067', '102023112125260008', '2002', '0.00', '0.00', '2023-11-21 02:04:17', '102023021386560001', null, '2023-12-07 16:52:14', '0', 'W');
INSERT INTO `meter_machine_detail` VALUES ('112023120762890002', '102023112125260008', '2002', '0.00', '0.00', '2023-11-21 02:04:17', '102023021386560001', null, '2023-12-07 15:30:01', '0', 'W');
INSERT INTO `meter_machine_detail` VALUES ('112023120768500025', '102023112125260008', '2002', '0.00', '0.00', '2023-11-21 02:04:17', '102023021386560001', null, '2023-12-07 15:49:23', '0', 'W');
INSERT INTO `meter_machine_detail` VALUES ('112023120777750060', '102023112125260008', '2002', '0.00', '0.00', '2023-11-21 02:04:17', '102023021386560001', null, '2023-12-07 16:29:34', '0', 'W');
INSERT INTO `meter_machine_detail` VALUES ('112023120777900054', '102023112125260008', '2002', '0.00', '0.00', '2023-11-21 02:04:17', '102023021386560001', null, '2023-12-07 16:27:33', '0', 'W');
INSERT INTO `meter_machine_detail` VALUES ('112023120780180023', '102023112125260008', '2002', '0.00', '0.00', '2023-11-21 02:04:17', '102023021386560001', null, '2023-12-07 15:48:26', '0', 'W');
INSERT INTO `meter_machine_detail` VALUES ('112023120781700061', '102023112125260008', '2002', '0.00', '0.00', '2023-11-21 02:04:17', '102023021386560001', null, '2023-12-07 16:29:36', '0', 'W');
INSERT INTO `meter_machine_detail` VALUES ('112023120783040055', '102023112125260008', '2002', '0.00', '0.00', '2023-11-21 02:04:17', '102023021386560001', null, '2023-12-07 16:27:51', '0', 'W');
INSERT INTO `meter_machine_detail` VALUES ('112023120785270065', '102023112125260008', '2002', '0.00', '0.00', '2023-11-21 02:04:17', '102023021386560001', null, '2023-12-07 16:51:25', '0', 'W');
INSERT INTO `meter_machine_detail` VALUES ('112023120787650051', '102023112125260008', '2002', '0.00', '0.00', '2023-11-21 02:04:17', '102023021386560001', null, '2023-12-07 16:27:23', '0', 'W');
INSERT INTO `meter_machine_detail` VALUES ('112023120790100063', '102023112125260008', '2002', '0.00', '0.00', '2023-11-21 02:04:17', '102023021386560001', null, '2023-12-07 16:31:37', '0', 'W');
INSERT INTO `meter_machine_detail` VALUES ('112023120790420047', '102023112125260008', '2002', '0.00', '0.00', '2023-11-21 02:04:17', '102023021386560001', null, '2023-12-07 16:24:52', '0', 'W');
INSERT INTO `meter_machine_detail` VALUES ('112023120794080033', '102023112125260008', '2002', '0.00', '0.00', '2023-11-21 02:04:17', '102023021386560001', null, '2023-12-07 16:04:32', '0', 'W');
INSERT INTO `meter_machine_detail` VALUES ('112023120796150041', '102023112125260008', '2002', '0.00', '0.00', '2023-11-21 02:04:17', '102023021386560001', null, '2023-12-07 16:11:15', '0', 'W');
INSERT INTO `meter_machine_detail` VALUES ('112023120797520046', '102023112125260008', '2002', '0.00', '0.00', '2023-11-21 02:04:17', '102023021386560001', null, '2023-12-07 16:24:35', '0', 'W');
INSERT INTO `meter_machine_detail` VALUES ('112023120798600005', '102023112125260008', '2002', '0.00', '0.00', '2023-11-21 02:04:17', '102023021386560001', null, '2023-12-07 15:30:35', '0', 'W');
INSERT INTO `meter_machine_detail` VALUES ('112023120799390037', '102023112125260008', '2002', '0.00', '0.00', '2023-11-21 02:04:17', '102023021386560001', null, '2023-12-07 16:05:07', '0', 'W');
INSERT INTO `meter_machine_detail` VALUES ('112023120836650004', '102023112125260008', '1001', '0.00', '0.00', '2023-11-21 02:04:17', '102023021386560001', null, '2023-12-08 10:17:07', '0', 'W');
INSERT INTO `meter_machine_detail` VALUES ('112023120837050007', '102023112125260008', '1001', '0.00', '0.00', '2023-11-21 02:04:17', '102023021386560001', null, '2023-12-08 13:59:41', '0', 'W');
INSERT INTO `meter_machine_detail` VALUES ('112023120849890006', '102023112125260008', '1001', '0.00', '0.00', '2023-11-21 02:04:17', '102023021386560001', null, '2023-12-08 11:21:30', '0', 'W');
INSERT INTO `meter_machine_detail` VALUES ('112023120863460008', '102023112125260008', '1001', '0.00', '0.00', '2023-11-21 02:04:17', '102023021386560001', null, '2023-12-08 10:26:46', '0', 'W');
INSERT INTO `meter_machine_detail` VALUES ('112023120885120005', '102023112125260008', '1001', '0.00', '0.00', '2023-11-21 02:04:17', '102023021386560001', null, '2023-12-08 10:17:10', '0', 'W');
INSERT INTO `meter_machine_detail` VALUES ('112023121119960059', '102023112125260008', '1001', '0.00', '0.00', '2023-11-21 02:04:17', '102023021386560001', null, '2023-12-11 12:27:24', '0', 'W');
INSERT INTO `meter_machine_detail` VALUES ('112023121148450057', '102023112125260008', '1001', '0.00', '0.00', '2023-11-21 02:04:17', '102023021386560001', null, '2023-12-11 12:27:16', '0', 'W');
INSERT INTO `meter_machine_detail` VALUES ('112023121150560058', '102023112125260008', '1001', '0.00', '0.00', '2023-11-21 02:04:17', '102023021386560001', null, '2023-12-11 12:27:22', '0', 'W');
INSERT INTO `meter_machine_detail` VALUES ('112023121301340007', '102023112125260008', '1001', '0.00', '0.00', '2023-11-21 02:04:17', '102023021386560001', null, '2023-12-13 10:24:54', '0', 'W');
INSERT INTO `meter_machine_detail` VALUES ('112023121308840008', '102023112125260008', '1001', '0.00', '0.00', '2023-11-21 02:04:17', '102023021386560001', null, '2023-12-13 10:25:42', '0', 'W');
INSERT INTO `meter_machine_detail` VALUES ('112023121356180001', '102023112125260008', '1001', '0.00', '0.00', '2023-11-21 02:04:17', '102023021386560001', null, '2023-12-13 13:48:23', '0', 'W');
INSERT INTO `meter_machine_detail` VALUES ('112024020823630018', '102024020816810007', '1001', '0.00', '0.00', '2024-02-08 15:43:53', '2024012252790005', null, '2024-02-08 15:50:00', '0', 'W');
INSERT INTO `meter_machine_detail` VALUES ('112024020828840017', '102024020816810007', '1001', '0.00', '0.00', '2024-02-08 15:43:53', '2024012252790005', null, '2024-02-08 15:49:11', '0', 'W');
INSERT INTO `meter_machine_detail` VALUES ('112024020840060019', '102024020816810007', '1001', '0.00', '0.00', '2024-02-08 15:43:53', '2024012252790005', null, '2024-02-08 15:50:16', '0', 'W');
INSERT INTO `meter_machine_detail` VALUES ('112024020841030015', '102024020816810007', '1001', '0.00', '0.00', '2024-02-08 15:43:53', '2024012252790005', null, '2024-02-08 15:46:43', '0', 'W');
INSERT INTO `meter_machine_detail` VALUES ('112024020855600011', '102024020816810007', '1001', '0.00', '0.00', '2024-02-08 15:43:53', '2024012252790005', null, '2024-02-08 15:43:54', '0', 'W');
INSERT INTO `meter_machine_detail` VALUES ('112024020866570020', '102024020816810007', '1001', '0.00', '0.00', '2024-02-08 15:43:53', '2024012252790005', null, '2024-02-08 15:50:42', '0', 'W');
INSERT INTO `meter_machine_detail` VALUES ('112024020867060013', '102024020816810007', '1001', '0.00', '0.00', '2024-02-08 15:43:53', '2024012252790005', null, '2024-02-08 15:44:52', '0', 'W');
INSERT INTO `meter_machine_detail` VALUES ('112024020873430021', '102024020816810007', '1001', '0.00', '0.00', '2024-02-08 15:43:53', '2024012252790005', null, '2024-02-08 15:50:48', '0', 'W');
INSERT INTO `meter_machine_detail` VALUES ('112024020878430012', '102024020816810007', '1001', '0.00', '0.00', '2024-02-08 15:43:53', '2024012252790005', null, '2024-02-08 15:44:52', '0', 'W');
INSERT INTO `meter_machine_detail` VALUES ('112024020885040014', '102024020816810007', '1001', '0.00', '0.00', '2024-02-08 15:43:53', '2024012252790005', null, '2024-02-08 15:44:56', '0', 'W');
INSERT INTO `meter_machine_detail` VALUES ('112024020889120016', '102024020816810007', '1001', '0.00', '0.00', '2024-02-08 15:43:53', '2024012252790005', null, '2024-02-08 15:46:43', '0', 'W');
INSERT INTO `meter_machine_detail` VALUES ('112024020899230022', '102024020816810007', '1001', '0.00', '0.00', '2024-02-08 15:43:53', '2024012252790005', null, '2024-02-08 15:50:55', '0', 'W');
INSERT INTO `meter_machine_detail` VALUES ('112024021816670043', '102024020816810007', '1001', '0.00', '0.00', '2024-02-08 15:43:53', '2024012252790005', null, '2024-02-18 16:32:28', '0', 'W');
INSERT INTO `meter_machine_detail` VALUES ('112024021819170042', '102024020816810007', '1001', '0.00', '0.00', '2024-02-08 15:43:53', '2024012252790005', null, '2024-02-18 16:31:40', '0', 'W');
INSERT INTO `meter_machine_detail` VALUES ('112024021828910044', '102024020816810007', '1001', '0.00', '0.00', '2024-02-08 15:43:53', '2024012252790005', null, '2024-02-18 16:32:31', '0', 'W');
INSERT INTO `meter_machine_detail` VALUES ('112024021829010009', '102024020816810007', '1001', '0.00', '0.00', '2024-02-08 15:43:53', '2024012252790005', null, '2024-02-18 13:28:09', '0', 'W');
INSERT INTO `meter_machine_detail` VALUES ('112024021844430014', '102024020816810007', '1001', '0.00', '0.00', '2024-02-08 15:43:53', '2024012252790005', null, '2024-02-18 13:29:47', '0', 'W');
INSERT INTO `meter_machine_detail` VALUES ('112024021849580005', '102024020816810007', '1001', '0.00', '0.00', '2024-02-08 15:43:53', '2024012252790005', null, '2024-02-18 13:24:11', '0', 'W');
INSERT INTO `meter_machine_detail` VALUES ('112024021849590040', '102024020816810007', '1001', '0.00', '0.00', '2024-02-08 15:43:53', '2024012252790005', null, '2024-02-18 16:30:44', '0', 'W');
INSERT INTO `meter_machine_detail` VALUES ('112024021849600012', '102024020816810007', '1001', '0.00', '0.00', '2024-02-08 15:43:53', '2024012252790005', null, '2024-02-18 13:28:30', '0', 'W');
INSERT INTO `meter_machine_detail` VALUES ('112024021853000001', '102024020816810007', '1001', '0.00', '0.00', '2024-02-08 15:43:53', '2024012252790005', null, '2024-02-18 13:09:54', '0', 'W');
INSERT INTO `meter_machine_detail` VALUES ('112024021856210004', '102024020816810007', '1001', '0.00', '0.00', '2024-02-08 15:43:53', '2024012252790005', null, '2024-02-18 13:24:08', '0', 'W');
INSERT INTO `meter_machine_detail` VALUES ('112024021858120003', '102024020816810007', '1001', '0.00', '0.00', '2024-02-08 15:43:53', '2024012252790005', null, '2024-02-18 13:10:00', '0', 'W');
INSERT INTO `meter_machine_detail` VALUES ('112024021860580039', '102024020816810007', '1001', '0.00', '0.00', '2024-02-08 15:43:53', '2024012252790005', null, '2024-02-18 16:30:29', '0', 'W');
INSERT INTO `meter_machine_detail` VALUES ('112024021866150038', '102024020816810007', '1001', '0.00', '0.00', '2024-02-08 15:43:53', '2024012252790005', null, '2024-02-18 16:29:24', '0', 'W');
INSERT INTO `meter_machine_detail` VALUES ('112024021867290006', '102024020816810007', '1001', '0.00', '0.00', '2024-02-08 15:43:53', '2024012252790005', null, '2024-02-18 13:26:34', '0', 'W');
INSERT INTO `meter_machine_detail` VALUES ('112024021870020002', '102024020816810007', '1001', '0.00', '0.00', '2024-02-08 15:43:53', '2024012252790005', null, '2024-02-18 13:09:54', '0', 'W');
INSERT INTO `meter_machine_detail` VALUES ('112024021870480015', '102024020816810007', '1001', '0.00', '0.00', '2024-02-08 15:43:53', '2024012252790005', null, '2024-02-18 13:29:49', '0', 'W');
INSERT INTO `meter_machine_detail` VALUES ('112024021876780008', '102024020816810007', '1001', '0.00', '0.00', '2024-02-08 15:43:53', '2024012252790005', null, '2024-02-18 13:27:22', '0', 'W');
INSERT INTO `meter_machine_detail` VALUES ('112024021879790007', '102024020816810007', '1001', '0.00', '0.00', '2024-02-08 15:43:53', '2024012252790005', null, '2024-02-18 13:27:22', '0', 'W');
INSERT INTO `meter_machine_detail` VALUES ('112024021880240041', '102024020816810007', '1001', '0.00', '0.00', '2024-02-08 15:43:53', '2024012252790005', null, '2024-02-18 16:30:57', '0', 'W');
INSERT INTO `meter_machine_detail` VALUES ('112024021885100013', '102024020816810007', '1001', '0.00', '0.00', '2024-02-08 15:43:53', '2024012252790005', null, '2024-02-18 13:29:39', '0', 'W');
INSERT INTO `meter_machine_detail` VALUES ('112024021888020010', '102024020816810007', '1001', '0.00', '0.00', '2024-02-08 15:43:53', '2024012252790005', null, '2024-02-18 13:28:10', '0', 'W');
INSERT INTO `meter_machine_detail` VALUES ('112024021894210037', '102024020816810007', '1001', '0.00', '0.00', '2024-02-08 15:43:53', '2024012252790005', null, '2024-02-18 16:27:41', '0', 'W');
INSERT INTO `meter_machine_detail` VALUES ('112024021897850011', '102024020816810007', '1001', '0.00', '0.00', '2024-02-08 15:43:53', '2024012252790005', null, '2024-02-18 13:28:30', '0', 'W');
INSERT INTO `meter_machine_detail` VALUES ('112024022914880069', '102024020816810007', '1001', '0.00', '0.00', '2024-02-08 15:43:53', '2024012252790005', null, '2024-02-29 00:22:46', '0', 'W');
INSERT INTO `meter_machine_detail` VALUES ('2', '102023082566670014', '1001', '1.00', '2.00', '2023-08-25 17:52:10', '102023021386560001', null, '2023-08-28 17:33:49', '0', 'C');
INSERT INTO `meter_machine_detail` VALUES ('3', '102023082566670014', '2002', '1.00', '1.00', '2023-08-25 16:52:10', '102023021386560001', null, '2023-08-28 17:33:48', '0', 'W');
INSERT INTO `meter_machine_detail` VALUES ('4', '102023082566670014', '2002', '1.00', '0.00', '2023-08-25 15:52:10', '102023021386560001', null, '2023-08-28 17:33:47', '0', 'W');
INSERT INTO `meter_machine_detail` VALUES ('5', '102023082580560016', '2002', '1.00', '2.00', '2023-08-25 17:52:10', '102023021386560001', null, '2023-08-28 17:33:46', '0', 'W');

-- ----------------------------
-- Table structure for meter_machine_factory
-- ----------------------------
DROP TABLE IF EXISTS `meter_machine_factory`;
CREATE TABLE `meter_machine_factory` (
  `factory_id` varchar(30) CHARACTER SET utf8mb4 COLLATE utf8mb4_0900_ai_ci NOT NULL COMMENT '厂家ID',
  `factory_name` varchar(64) CHARACTER SET utf8mb4 COLLATE utf8mb4_0900_ai_ci NOT NULL COMMENT '厂家名称',
  `bean_impl` varchar(512) CHARACTER SET utf8mb4 COLLATE utf8mb4_0900_ai_ci NOT NULL COMMENT '厂家处理类',
  `machine_model` varchar(12) CHARACTER SET utf8mb4 COLLATE utf8mb4_0900_ai_ci NOT NULL DEFAULT '' COMMENT '模式 1001 充值模式； 2002 抄表模式； 3003 都支持',
  `remark` varchar(512) CHARACTER SET utf8mb4 COLLATE utf8mb4_0900_ai_ci DEFAULT NULL COMMENT '备注',
  `create_time` timestamp NOT NULL DEFAULT CURRENT_TIMESTAMP COMMENT '创建时间',
  `status_cd` varchar(2) CHARACTER SET utf8mb4 COLLATE utf8mb4_0900_ai_ci NOT NULL DEFAULT '0' COMMENT '数据状态',
  PRIMARY KEY (`factory_id`) USING BTREE
) ENGINE=InnoDB DEFAULT CHARSET=utf8mb4 COLLATE=utf8mb4_0900_ai_ci ROW_FORMAT=DYNAMIC;

-- ----------------------------
-- Records of meter_machine_factory
-- ----------------------------
INSERT INTO `meter_machine_factory` VALUES ('1', '拓强电表-单相单费率电表', 'tqDianBiaoDanxiangDanFeiLvFactoryAdaptImpl', '2002', 'http://www.tqdianbiao.com/', '2023-02-22 23:59:16', '0');
INSERT INTO `meter_machine_factory` VALUES ('102023120105760007', '1', '1', '3003', '1', '2023-12-01 17:15:27', '1');
INSERT INTO `meter_machine_factory` VALUES ('102024011697740005', '官方水电表充值协议（需要厂家支持）', 'hcPreFactoryAdaptImpl', '1001', '', '2024-01-16 12:12:46', '0');
INSERT INTO `meter_machine_factory` VALUES ('2', '拓强电表-单相远程单费率预付费表', 'tqDianBiaoRemoteDanFeiLvPreFactoryAdaptImpl', '3003', 'http://www.tqdianbiao.com', '2023-02-23 18:23:38', '0');
INSERT INTO `meter_machine_factory` VALUES ('3', '拓强水表-Lora无预付费水表', 'tqShuiBiaoLoraReadFactoryAdaptImpl', '2002', 'http://www.tqdianbiao.com', '2023-02-23 18:23:38', '0');
INSERT INTO `meter_machine_factory` VALUES ('4', '拓强水表-Lora普通预付费水表', 'tqShuiBiaoLoraRechargeFactoryAdaptImpl', '3003', 'http://www.tqdianbiao.com', '2023-02-23 18:23:38', '0');

-- ----------------------------
-- Table structure for meter_machine_factory_spec
-- ----------------------------
DROP TABLE IF EXISTS `meter_machine_factory_spec`;
CREATE TABLE `meter_machine_factory_spec` (
  `spec_id` varchar(30) CHARACTER SET utf8mb4 COLLATE utf8mb4_0900_ai_ci NOT NULL COMMENT '规格ID',
  `factory_id` varchar(64) CHARACTER SET utf8mb4 COLLATE utf8mb4_0900_ai_ci NOT NULL COMMENT '厂家名称',
  `spec_name` varchar(64) CHARACTER SET utf8mb4 COLLATE utf8mb4_0900_ai_ci NOT NULL COMMENT '规格名称',
  `create_time` timestamp NOT NULL DEFAULT CURRENT_TIMESTAMP COMMENT '创建时间',
  `status_cd` varchar(2) CHARACTER SET utf8mb4 COLLATE utf8mb4_0900_ai_ci NOT NULL DEFAULT '0' COMMENT '数据状态',
  `remark` varchar(256) CHARACTER SET utf8mb4 COLLATE utf8mb4_0900_ai_ci DEFAULT NULL COMMENT '描述',
  PRIMARY KEY (`spec_id`) USING BTREE
) ENGINE=InnoDB DEFAULT CHARSET=utf8mb4 COLLATE=utf8mb4_0900_ai_ci ROW_FORMAT=DYNAMIC;

-- ----------------------------
-- Records of meter_machine_factory_spec
-- ----------------------------
INSERT INTO `meter_machine_factory_spec` VALUES ('102023120452910012', '102023120105760007', '测试', '2023-12-04 10:26:42', '0', '必填，请填写测试');
INSERT INTO `meter_machine_factory_spec` VALUES ('102023120464390018', '102023120105760007', '测试三', '2023-12-04 10:33:53', '0', '必填，请填写测试三');
INSERT INTO `meter_machine_factory_spec` VALUES ('102024011667160008', '102024011697740005', '采集器', '2024-01-16 12:13:23', '0', '必填，请填写表采集器');
INSERT INTO `meter_machine_factory_spec` VALUES ('120101', '1', '采集器ID', '2023-02-23 00:01:24', '0', '必填，请填写采集器ID');
INSERT INTO `meter_machine_factory_spec` VALUES ('120102', '2', '采集器ID', '2023-02-23 00:01:24', '0', '必填，请填写采集器ID');
INSERT INTO `meter_machine_factory_spec` VALUES ('120103', '3', '采集器ID', '2023-02-23 00:01:24', '0', '必填，请填写采集器ID');
INSERT INTO `meter_machine_factory_spec` VALUES ('120104', '4', '采集器ID', '2023-02-23 00:01:24', '0', '必填，请填写采集器ID');

-- ----------------------------
-- Table structure for meter_machine_spec
-- ----------------------------
DROP TABLE IF EXISTS `meter_machine_spec`;
CREATE TABLE `meter_machine_spec` (
  `mms_id` varchar(30) CHARACTER SET utf8 COLLATE utf8_general_ci NOT NULL COMMENT '主键ID',
  `machine_id` varchar(30) CHARACTER SET utf8 COLLATE utf8_general_ci NOT NULL COMMENT '打折ID',
  `community_id` varchar(30) CHARACTER SET utf8 COLLATE utf8_general_ci NOT NULL COMMENT '小区ID',
  `spec_id` varchar(30) CHARACTER SET utf8 COLLATE utf8_general_ci NOT NULL COMMENT '规格ID',
  `spec_name` varchar(64) CHARACTER SET utf8 COLLATE utf8_general_ci NOT NULL COMMENT '规格名称',
  `spec_value` varchar(30) CHARACTER SET utf8 COLLATE utf8_general_ci NOT NULL COMMENT '规格值',
  `create_time` timestamp NOT NULL DEFAULT CURRENT_TIMESTAMP COMMENT '创建时间',
  `status_cd` varchar(2) CHARACTER SET utf8 COLLATE utf8_general_ci NOT NULL DEFAULT '0' COMMENT '数据状态',
  PRIMARY KEY (`mms_id`) USING BTREE
) ENGINE=InnoDB DEFAULT CHARSET=utf8 ROW_FORMAT=DYNAMIC;

-- ----------------------------
-- Records of meter_machine_spec
-- ----------------------------
INSERT INTO `meter_machine_spec` VALUES ('102023082513440018', '102023082580560016', '102023021386560001', '120104', '采集器ID', '2', '2023-08-25 10:35:30', '1');
INSERT INTO `meter_machine_spec` VALUES ('102023082519230012', '102023082562090010', '102023021386560001', '120103', '采集器ID', '1001', '2023-08-25 10:33:32', '0');
INSERT INTO `meter_machine_spec` VALUES ('102023082530570016', '102023082566670014', '102023021386560001', '120102', '采集器ID', '3', '2023-08-25 17:52:13', '0');
INSERT INTO `meter_machine_spec` VALUES ('102023082531240011', '102023082532300009', '102023021386560001', '120104', '采集器ID', '1', '2023-08-25 17:51:42', '1');
INSERT INTO `meter_machine_spec` VALUES ('102023082599410023', '102023082552280021', '102023021386560001', '120103', '采集器ID', '1', '2023-08-25 16:35:15', '1');
INSERT INTO `meter_machine_spec` VALUES ('102023091990090012', '102023091988960010', '102023021386560001', '120101', '采集器ID', '123', '2023-09-19 14:03:04', '1');
INSERT INTO `meter_machine_spec` VALUES ('102023110669060007', '102023110636080006', '102023021386560001', '120101', '采集器ID', '10102', '2023-11-06 00:42:51', '1');
INSERT INTO `meter_machine_spec` VALUES ('102023112195200010', '102023112125260008', '102023021386560001', '120102', '采集器ID', '230407040554', '2023-11-21 02:04:17', '0');
INSERT INTO `meter_machine_spec` VALUES ('102024020837750009', '102024020816810007', '2024012252790005', '102024011667160008', '采集器', '111', '2024-02-08 15:43:53', '0');
INSERT INTO `meter_machine_spec` VALUES ('102024022105480853', '102024022133600851', '2023052267100146', '120102', '采集器ID', '111', '2024-02-21 16:12:31', '0');
INSERT INTO `meter_machine_spec` VALUES ('102024022620202055', '102024022630492053', '102023021386560001', '120103', '采集器ID', '123456', '2024-02-26 08:59:18', '0');

-- ----------------------------
-- Table structure for meter_qrcode
-- ----------------------------
DROP TABLE IF EXISTS `meter_qrcode`;
CREATE TABLE `meter_qrcode` (
  `mq_id` varchar(30) NOT NULL COMMENT '编号',
  `qrcode_name` varchar(128) NOT NULL COMMENT '名称',
  `community_id` varchar(30) NOT NULL COMMENT '小区ID',
  `query_way` varchar(12) NOT NULL DEFAULT 'ROOM' COMMENT '查询方式 房屋方式 ROOM 表号方式 ADDRESS',
  `create_staff_id` varchar(30) NOT NULL COMMENT '员工ID',
  `create_staff_name` varchar(30) NOT NULL COMMENT '员工',
  `state` varchar(12) NOT NULL DEFAULT 'ON' COMMENT '状态 ON 启用，OFF 停用',
  `create_time` timestamp NOT NULL DEFAULT CURRENT_TIMESTAMP COMMENT '创建时间',
  `status_cd` varchar(2) NOT NULL DEFAULT '0' COMMENT '数据状态 1表示 失效 0 有效',
  `remark` varchar(512) DEFAULT NULL COMMENT '说明',
  PRIMARY KEY (`mq_id`)
) ENGINE=InnoDB DEFAULT CHARSET=utf8;

-- ----------------------------
-- Records of meter_qrcode
-- ----------------------------
INSERT INTO `meter_qrcode` VALUES ('102023121925780018', '水电测试二维码2', '102023021386560001', 'ADDRESS', '302023021495090004', '演示物业', 'ON', '2023-12-19 14:39:12', '0', 'www');
INSERT INTO `meter_qrcode` VALUES ('102023121954180011', '水电测试二维码', '102023021386560001', 'ROOM', '302023021495090004', '演示物业', 'ON', '2023-12-19 14:37:10', '0', 'qqq');
INSERT INTO `meter_qrcode` VALUES ('102024020667430006', '1', '2024012252790005', 'ROOM', '302024012273480017', '物联网同步小区', 'ON', '2024-02-06 23:18:18', '0', '');
INSERT INTO `meter_qrcode` VALUES ('102024021908420132', '111', '2023052267100146', 'ROOM', '302024012204210002', 'HC演示小区3', 'ON', '2024-02-19 10:06:05', '0', '');

-- ----------------------------
-- Table structure for meter_type
-- ----------------------------
DROP TABLE IF EXISTS `meter_type`;
CREATE TABLE `meter_type` (
  `type_id` varchar(30) CHARACTER SET utf8 COLLATE utf8_general_ci NOT NULL COMMENT '类型ID',
  `type_name` varchar(12) CHARACTER SET utf8 COLLATE utf8_general_ci NOT NULL COMMENT '名称',
  `price` decimal(10,2) NOT NULL COMMENT '单价',
  `community_id` varchar(30) CHARACTER SET utf8 COLLATE utf8_general_ci NOT NULL COMMENT '小区ID',
  `remark` varchar(200) CHARACTER SET utf8 COLLATE utf8_general_ci DEFAULT NULL COMMENT '说明',
  `create_time` timestamp NOT NULL DEFAULT CURRENT_TIMESTAMP COMMENT '创建时间',
  `status_cd` varchar(2) CHARACTER SET utf8 COLLATE utf8_general_ci NOT NULL DEFAULT '0' COMMENT '数据状态，详细参考c_status表，0, 在用 1失效',
  PRIMARY KEY (`type_id`) USING BTREE
) ENGINE=InnoDB DEFAULT CHARSET=utf8 ROW_FORMAT=DYNAMIC;

-- ----------------------------
-- Records of meter_type
-- ----------------------------
INSERT INTO `meter_type` VALUES ('102023082462460011', '水表-1', '1.00', '102023021386560001', '水表', '2023-08-24 15:50:21', '0');
INSERT INTO `meter_type` VALUES ('102023082513710003', '电表-1', '1.00', '102023021386560001', '1', '2023-08-25 11:51:32', '0');
INSERT INTO `meter_type` VALUES ('102023083053340015', '1', '1.00', '102023021386560001', '1', '2023-08-30 13:47:47', '1');
INSERT INTO `meter_type` VALUES ('102024020892020004', '1', '1.00', '2024012252790005', '1', '2024-02-08 15:43:36', '0');
INSERT INTO `meter_type` VALUES ('102024022105620848', '水表', '2.00', '2023052267100146', '22', '2024-02-21 16:12:02', '0');

-- ----------------------------
-- Table structure for monitor_area
-- ----------------------------
DROP TABLE IF EXISTS `monitor_area`;
CREATE TABLE `monitor_area` (
  `ma_id` varchar(30) NOT NULL COMMENT '区域ID',
  `ma_name` varchar(64) NOT NULL COMMENT '区域名称',
  `community_id` varchar(30) NOT NULL COMMENT '小区ID',
  `remark` varchar(512) DEFAULT NULL COMMENT '备注',
  `create_time` timestamp NOT NULL DEFAULT CURRENT_TIMESTAMP COMMENT '创建时间',
  `status_cd` varchar(2) NOT NULL DEFAULT '0' COMMENT '数据状态',
  PRIMARY KEY (`ma_id`)
) ENGINE=InnoDB DEFAULT CHARSET=utf8mb4 COLLATE=utf8mb4_0900_ai_ci;

-- ----------------------------
-- Records of monitor_area
-- ----------------------------
INSERT INTO `monitor_area` VALUES ('102023101890550002', '西区-1012', '102023021386560001', 'qqq2', '2023-10-18 10:07:59', '0');
INSERT INTO `monitor_area` VALUES ('102023101944660006', '东区-1001', '102023021386560001', '', '2023-10-19 10:24:57', '0');
INSERT INTO `monitor_area` VALUES ('102024022219541155', '卧室', '102023021386560001', '', '2024-02-22 18:23:35', '1');

-- ----------------------------
-- Table structure for monitor_machine
-- ----------------------------
DROP TABLE IF EXISTS `monitor_machine`;
CREATE TABLE `monitor_machine` (
  `machine_id` varchar(30) NOT NULL COMMENT '设备ID',
  `machine_name` varchar(200) NOT NULL COMMENT '名称',
  `machine_code` varchar(30) NOT NULL COMMENT '设备编号',
  `location_name` varchar(64) NOT NULL COMMENT '位置',
  `ma_id` varchar(30) NOT NULL COMMENT '区域ID',
  `protocol` varchar(64) NOT NULL COMMENT '监控协议 GB28181 国标 ONVIF ONVIF',
  `community_id` varchar(30) NOT NULL COMMENT '小区ID',
  `heartbeat_time` datetime NOT NULL COMMENT '设备心跳时间',
  `state` varchar(12) NOT NULL COMMENT '状态，1001 打开中，1002 关闭中',
  `create_time` timestamp NOT NULL DEFAULT CURRENT_TIMESTAMP COMMENT '创建时间',
  `status_cd` varchar(2) NOT NULL DEFAULT '0' COMMENT '数据状态，详细参考c_status表，S 保存，0, 在用 1失效',
  PRIMARY KEY (`machine_id`) USING BTREE
) ENGINE=InnoDB DEFAULT CHARSET=utf8mb4 COLLATE=utf8mb4_0900_ai_ci;

-- ----------------------------
-- Records of monitor_machine
-- ----------------------------
INSERT INTO `monitor_machine` VALUES ('102023101920930016', '5-5-01', '5-5-01', '#10', '102023101890550002', 'ONVIF', '102023021386560001', '2023-10-19 10:26:59', '1002', '2023-10-19 10:27:00', '0');
INSERT INTO `monitor_machine` VALUES ('102023101931410009', '1-1-01', '1-1-01', '#1', '102023101944660006', 'GB28181', '102023021386560001', '2023-10-19 10:25:42', '1002', '2023-10-19 10:25:42', '0');
INSERT INTO `monitor_machine` VALUES ('102023122221190002', '测试摄像头', '1001', '大门', '102023101944660006', 'RTSP', '102023021386560001', '2023-12-22 14:01:56', '1002', '2023-12-22 14:01:56', '0');

-- ----------------------------
-- Table structure for monitor_machine_attrs
-- ----------------------------
DROP TABLE IF EXISTS `monitor_machine_attrs`;
CREATE TABLE `monitor_machine_attrs` (
  `attr_id` varchar(30) NOT NULL COMMENT '属性id',
  `machine_id` varchar(30) NOT NULL COMMENT '设备ID',
  `community_id` varchar(30) NOT NULL COMMENT '小区ID',
  `spec_cd` varchar(12) NOT NULL COMMENT '规格id,参考spec表',
  `value` varchar(128) NOT NULL COMMENT '属性值',
  `status_cd` varchar(2) NOT NULL DEFAULT '0' COMMENT '数据状态，详细参考c_status表，S 保存，0, 在用 1失效',
  PRIMARY KEY (`attr_id`)
) ENGINE=InnoDB DEFAULT CHARSET=utf8mb4 COLLATE=utf8mb4_0900_ai_ci;

-- ----------------------------
-- Records of monitor_machine_attrs
-- ----------------------------
INSERT INTO `monitor_machine_attrs` VALUES ('102023101918490013', '102023101931410009', '102023021386560001', '1001', 'GIURGI', '0');
INSERT INTO `monitor_machine_attrs` VALUES ('102023101956310012', '102023101931410009', '102023021386560001', '1002', 'SD7642', '0');
INSERT INTO `monitor_machine_attrs` VALUES ('102023101967530011', '102023101931410009', '102023021386560001', '1003', '80', '0');
INSERT INTO `monitor_machine_attrs` VALUES ('102023101973350018', '102023101920930016', '102023021386560001', '2003', 'UYGI1', '0');
INSERT INTO `monitor_machine_attrs` VALUES ('102023101981590020', '102023101920930016', '102023021386560001', '2001', '192.169.0.1-192.168.0.21', '0');
INSERT INTO `monitor_machine_attrs` VALUES ('102023101983740019', '102023101920930016', '102023021386560001', '2002', '80', '0');
INSERT INTO `monitor_machine_attrs` VALUES ('102023122223720021', '102023122221190002', '102023021386560001', '2001', '192.168.31.7:554', '0');
INSERT INTO `monitor_machine_attrs` VALUES ('102023122228250019', '102023122221190002', '102023021386560001', '2004', '20001', '0');
INSERT INTO `monitor_machine_attrs` VALUES ('102023122231460004', '102023122221190002', '102023021386560001', '2003', 'admin', '1');
INSERT INTO `monitor_machine_attrs` VALUES ('102023122237190012', '102023122221190002', '102023021386560001', '2002', 'wuxw2015', '1');
INSERT INTO `monitor_machine_attrs` VALUES ('102023122249290020', '102023122221190002', '102023021386560001', '2002', 'wuxw2015', '0');
INSERT INTO `monitor_machine_attrs` VALUES ('102023122252050013', '102023122221190002', '102023021386560001', '2001', '192.168.31.7:554', '1');
INSERT INTO `monitor_machine_attrs` VALUES ('102023122256900011', '102023122221190002', '102023021386560001', '2003', 'admin', '1');
INSERT INTO `monitor_machine_attrs` VALUES ('102023122264510018', '102023122221190002', '102023021386560001', '2003', 'admin', '0');
INSERT INTO `monitor_machine_attrs` VALUES ('102023122275980006', '102023122221190002', '102023021386560001', '2001', 'rtsp://192.168.31.7:554', '1');
INSERT INTO `monitor_machine_attrs` VALUES ('102023122296870005', '102023122221190002', '102023021386560001', '2002', 'wuxw2015', '1');

-- ----------------------------
-- Table structure for monitor_machine_model
-- ----------------------------
DROP TABLE IF EXISTS `monitor_machine_model`;
CREATE TABLE `monitor_machine_model` (
  `mmm_id` varchar(30) NOT NULL COMMENT '主键ID',
  `machine_id` varchar(30) NOT NULL COMMENT '设备ID',
  `model_id` varchar(200) CHARACTER SET utf8mb4 COLLATE utf8mb4_0900_ai_ci NOT NULL COMMENT '模型ID',
  `community_id` varchar(30) NOT NULL COMMENT '小区ID',
  `create_time` timestamp NOT NULL DEFAULT CURRENT_TIMESTAMP COMMENT '创建时间',
  `status_cd` varchar(2) NOT NULL DEFAULT '0' COMMENT '数据状态，详细参考c_status表，S 保存，0, 在用 1失效',
  PRIMARY KEY (`mmm_id`) USING BTREE
) ENGINE=InnoDB DEFAULT CHARSET=utf8mb4 COLLATE=utf8mb4_0900_ai_ci;

-- ----------------------------
-- Records of monitor_machine_model
-- ----------------------------
INSERT INTO `monitor_machine_model` VALUES ('102023101901120003', '102023101920930016', '102023101752680004', '102023021386560001', '2023-10-19 17:26:39', '1');
INSERT INTO `monitor_machine_model` VALUES ('102023101918180003', '102023101920930016', '102023101914950019', '102023021386560001', '2023-10-19 17:31:46', '1');
INSERT INTO `monitor_machine_model` VALUES ('102023101931830013', '102023101931410009', '102023101752680004', '102023021386560001', '2023-10-19 17:27:48', '0');
INSERT INTO `monitor_machine_model` VALUES ('102023101956850008', '102023101931410009', '102023101752680004', '102023021386560001', '2023-10-19 17:27:15', '1');
INSERT INTO `monitor_machine_model` VALUES ('102023101978720004', '102023101931410009', '102023101914950019', '102023021386560001', '2023-10-19 17:31:46', '0');
INSERT INTO `monitor_machine_model` VALUES ('102023101979340012', '102023101920930016', '102023101752680004', '102023021386560001', '2023-10-19 17:27:48', '0');
INSERT INTO `monitor_machine_model` VALUES ('102023101992770007', '102023101920930016', '102023101752680004', '102023021386560001', '2023-10-19 17:27:15', '1');
INSERT INTO `monitor_machine_model` VALUES ('102024021515460027', '102023101920930016', '102023101914950019', '102023021386560001', '2024-02-15 16:24:38', '0');

-- ----------------------------
-- Table structure for monitor_model
-- ----------------------------
DROP TABLE IF EXISTS `monitor_model`;
CREATE TABLE `monitor_model` (
  `model_id` varchar(30) NOT NULL COMMENT '模型ID',
  `model_name` varchar(200) NOT NULL COMMENT '模型名称',
  `model_adapt` varchar(64) NOT NULL COMMENT '模型处理类',
  `create_time` timestamp NOT NULL DEFAULT CURRENT_TIMESTAMP COMMENT '创建时间',
  `status_cd` varchar(2) NOT NULL DEFAULT '0' COMMENT '数据状态，详细参考c_status表，S 保存，0, 在用 1失效',
  PRIMARY KEY (`model_id`) USING BTREE
) ENGINE=InnoDB DEFAULT CHARSET=utf8mb4 COLLATE=utf8mb4_0900_ai_ci;

-- ----------------------------
-- Records of monitor_model
-- ----------------------------
INSERT INTO `monitor_model` VALUES ('102023101752680004', '高空抛物', 'highAltitudeParabolicMotionModelAdaptImpl', '2023-10-17 17:10:48', '0');
INSERT INTO `monitor_model` VALUES ('102023101914950019', '违规停车', 'illegalParkingModelAdaptImpl', '2023-10-19 13:49:46', '0');

-- ----------------------------
-- Table structure for monitor_pool
-- ----------------------------
DROP TABLE IF EXISTS `monitor_pool`;
CREATE TABLE `monitor_pool` (
  `mp_id` varchar(30) NOT NULL COMMENT '主键ID',
  `machine_id` varchar(30) NOT NULL COMMENT '设备ID',
  `machine_code` varchar(30) CHARACTER SET utf8mb4 COLLATE utf8mb4_0900_ai_ci NOT NULL COMMENT '设备编码',
  `model_id` varchar(200) CHARACTER SET utf8mb4 COLLATE utf8mb4_0900_ai_ci NOT NULL COMMENT '模型ID',
  `monitor_type` varchar(12) NOT NULL COMMENT '监控类型 1001 高空抛物 2002 违规停车 3003 电动车进电梯',
  `monitor_photo` varchar(128) DEFAULT NULL COMMENT '监控图片',
  `remark` varchar(256) DEFAULT NULL COMMENT '描述',
  `community_id` varchar(30) NOT NULL COMMENT '小区ID',
  `create_time` timestamp NOT NULL DEFAULT CURRENT_TIMESTAMP COMMENT '创建时间',
  `status_cd` varchar(2) NOT NULL DEFAULT '0' COMMENT '数据状态，详细参考c_status表，S 保存，0, 在用 1失效',
  PRIMARY KEY (`mp_id`) USING BTREE
) ENGINE=InnoDB DEFAULT CHARSET=utf8mb4 COLLATE=utf8mb4_0900_ai_ci;

-- ----------------------------
-- Records of monitor_pool
-- ----------------------------
INSERT INTO `monitor_pool` VALUES ('1', '102023101920930016', '5-5-01', '102023101752680004', '1001', 'https://java110.oss-cn-beijing.aliyuncs.com/hc/img/20230731/59147afd-aa09-40f2-b6f6-e0398cad4b3b.jpg', 'garigioigowurgviusdiufgow', '102023021386560001', '2023-10-20 11:02:57', '0');

-- ----------------------------
-- Table structure for mqtt_log
-- ----------------------------
DROP TABLE IF EXISTS `mqtt_log`;
CREATE TABLE `mqtt_log` (
  `mqtt_id` varchar(64) NOT NULL COMMENT '主键ID',
  `business_id` varchar(64) DEFAULT NULL COMMENT '业务ID',
  `topic` varchar(256) DEFAULT NULL COMMENT 'topic',
  `context` longtext COMMENT '内容',
  `remark` varchar(512) DEFAULT NULL COMMENT '备注',
  `business_key` varchar(64) DEFAULT NULL COMMENT '业务key',
  `create_time` timestamp NOT NULL DEFAULT CURRENT_TIMESTAMP COMMENT '创建时间',
  PRIMARY KEY (`mqtt_id`)
) ENGINE=InnoDB DEFAULT CHARSET=utf8mb4 COLLATE=utf8mb4_0900_ai_ci;

-- ----------------------------
-- Records of mqtt_log
-- ----------------------------

-- ----------------------------
-- Table structure for owner_car
-- ----------------------------
DROP TABLE IF EXISTS `owner_car`;
CREATE TABLE `owner_car` (
  `member_id` varchar(30) NOT NULL COMMENT '成员ID',
  `car_id` varchar(30) NOT NULL COMMENT '汽车ID',
  `owner_id` varchar(30) NOT NULL COMMENT '业主ID',
  `car_num` varchar(12) NOT NULL COMMENT '车牌号',
  `car_type` varchar(4) NOT NULL COMMENT '9901 家用小汽车，9902 客车，9903 货车',
  `ps_id` varchar(30) NOT NULL COMMENT '车位ID',
  `car_type_cd` varchar(4) NOT NULL DEFAULT '1001' COMMENT '1001 主车辆 1002 成员车辆',
  `community_id` varchar(30) NOT NULL COMMENT '小区ID',
  `start_time` datetime NOT NULL COMMENT '起租时间',
  `end_time` datetime NOT NULL COMMENT '结租时间',
  `state` varchar(12) NOT NULL COMMENT '状态，1001 正常状态，2002 车位释放欠费状态  3003 车位释放',
  `lease_type` varchar(12) NOT NULL DEFAULT 'H' COMMENT '租赁类型，H 月租车 S 出售车 I 内部车 NM 免费车',
  `remark` varchar(200) DEFAULT NULL COMMENT '备注',
  `create_time` timestamp NOT NULL DEFAULT CURRENT_TIMESTAMP COMMENT '创建时间',
  `status_cd` varchar(2) NOT NULL DEFAULT '0' COMMENT '数据状态，详细参考c_status表，0, 在用 1失效',
  PRIMARY KEY (`member_id`)
) ENGINE=InnoDB DEFAULT CHARSET=utf8mb4 COLLATE=utf8mb4_0900_ai_ci;

-- ----------------------------
-- Records of owner_car
-- ----------------------------
INSERT INTO `owner_car` VALUES ('102024022034585148', '102024022034585148', '772024021988183022', '渝A12112', '9901', '792024021869862263', '1001', '2023052267100146', '2024-01-01 00:00:00', '2024-12-31 23:55:00', '1001', 'H', null, '2024-02-20 11:40:31', '0');
INSERT INTO `owner_car` VALUES ('102024022037065824', '102024022037065824', '772024022015804609', '苏A3W352', '9901', '-1', '1001', '2023052267100146', '2024-02-01 06:50:00', '2024-02-20 15:25:00', '1001', 'H', null, '2024-02-20 15:26:23', '0');
INSERT INTO `owner_car` VALUES ('102024022757920459', '102024022757920459', '772024022183707296', '黑AR7970', '9901', '792024022159440213', '1001', '2023052267100146', '2024-02-22 11:25:00', '2025-01-17 11:55:00', '1001', 'H', null, '2024-02-27 09:35:49', '0');
INSERT INTO `owner_car` VALUES ('802023091936280002', '802023091936280002', '772023082271670002', '青A88488', '9901', '102023082362950016', '1001', '102023021386560001', '2023-09-01 00:00:00', '2023-09-30 00:00:00', '1001', 'H', '123', '2023-09-19 12:36:49', '1');
INSERT INTO `owner_car` VALUES ('802023110612470004', '802023110612470004', '772023110609760004', '青A77888', '9901', '792023110665440003', '1001', '102023021386560001', '2023-01-01 00:00:00', '2024-01-01 00:00:00', '1001', 'H', null, '2023-11-06 02:31:44', '0');
INSERT INTO `owner_car` VALUES ('802023120526870012', '802023120526870012', '772023111038450017', '皖B11111', '9901', '-1', '1001', '102023021386560001', '2023-12-01 00:00:00', '2023-12-16 00:00:00', '1001', 'H', '1', '2023-12-05 10:56:55', '0');
INSERT INTO `owner_car` VALUES ('802023121418690002', '802023121431890016', '772023110685440004', '甘C87677', '9902', '102023121413300013', '1002', '102023021386560001', '2023-12-01 00:00:00', '2024-03-31 00:00:00', '1001', 'H', '123', '2023-12-14 17:42:57', '0');
INSERT INTO `owner_car` VALUES ('802023121431890016', '802023121431890016', '772023110685440004', '青A88456', '9901', '102023121413300013', '1001', '102023021386560001', '2023-12-01 00:00:00', '2024-03-31 00:00:00', '1001', 'H', '3', '2023-12-14 14:56:47', '0');
INSERT INTO `owner_car` VALUES ('802023121443290009', '802023121431890016', '772023110685440004', '甘C66666', '9903', '102023121413300013', '1002', '102023021386560001', '2023-12-01 00:00:00', '2024-03-31 00:00:00', '1001', 'H', '', '2023-12-14 17:45:21', '1');
INSERT INTO `owner_car` VALUES ('802023121600000006', '802023121600000006', '772023121674460004', '甘P88488', '9901', '792023121675310005', '1001', '102023021386560001', '2023-12-01 00:00:00', '2024-04-01 00:00:00', '1001', 'H', null, '2023-12-16 12:07:56', '0');
INSERT INTO `owner_car` VALUES ('802024012201170046', '802024012201170046', '772024012299410005', '青A88188', '9901', '792024012215330044', '1001', '2024012252790005', '2024-01-01 00:00:00', '2024-02-29 00:00:00', '1001', 'H', null, '2024-01-22 22:49:15', '0');
INSERT INTO `owner_car` VALUES ('802024012202210061', '802024012202210061', '772024012299410005', '青A55454', '9901', '792024012264060059', '1001', '2024012252790005', '2024-01-01 00:00:00', '2024-01-31 00:00:00', '1001', 'H', null, '2024-01-22 22:56:13', '0');
INSERT INTO `owner_car` VALUES ('802024012211050073', '802024012211050073', '772024012299410005', '青ACC123', '9901', '792024012283080071', '1001', '2024012252790005', '2024-01-01 00:00:00', '2024-01-31 00:00:00', '1001', 'H', null, '2024-01-22 22:59:20', '1');
INSERT INTO `owner_car` VALUES ('802024012232990109', '802024012232990109', '772024012292610085', '青A99099', '9901', '792024012295340107', '1001', '2024012252790005', '2024-01-01 00:00:00', '2025-01-02 01:05:00', '1001', 'H', null, '2024-01-22 16:42:31', '0');
INSERT INTO `owner_car` VALUES ('802024012290390084', '802024012290390084', '772024012299410005', '青AGK617', '9901', '792024012283080071', '1001', '2024012252790005', '2024-01-01 00:00:00', '2024-02-01 00:00:00', '1001', 'H', null, '2024-01-22 23:04:17', '1');
INSERT INTO `owner_car` VALUES ('802024012291360034', '802024012291360034', '772024012299410005', '青ACC123', '9901', '792024012254910032', '1001', '2024012252790005', '2024-01-01 00:00:00', '2027-12-01 00:00:00', '1001', 'H', null, '2024-01-22 22:46:48', '0');
INSERT INTO `owner_car` VALUES ('802024020813920105', '802024020813920105', '772024020882790038', '121231', '9901', '792024020895880103', '1001', '2023062100700008', '2024-02-01 00:00:00', '2027-01-01 00:00:00', '1001', 'H', null, '2024-02-08 02:09:58', '0');
INSERT INTO `owner_car` VALUES ('802024021570000420', '802024021570000420', '772023120586090338', '4561', '9901', '792023061609020032', '1001', '2023052267100146', '2024-02-13 00:00:00', '2024-02-22 00:00:00', '1001', 'H', null, '2024-02-15 16:47:06', '0');
INSERT INTO `owner_car` VALUES ('802024021884632269', '802024021884632269', '772024021624210722', 'A10', '9901', '792023061679330031', '1001', '2023052267100146', '2024-02-18 00:00:00', '2024-02-28 00:00:00', '1001', 'H', null, '2024-02-18 22:18:49', '0');
INSERT INTO `owner_car` VALUES ('802024021903650121', '802024021903650121', '772024021975172442', '辽A11111', '9901', '792023061609020032', '1001', '2023052267100146', '2024-02-01 00:00:00', '2024-03-29 00:00:00', '1001', 'H', '导入数据', '2024-02-19 09:45:28', '0');
INSERT INTO `owner_car` VALUES ('802024021907790187', '802024021907790187', '772023120586090338', '辽A55555', '9901', '102024021948850181', '1001', '2023052267100146', '2024-02-01 00:00:00', '2024-05-19 10:31:52', '1001', 'H', '', '2024-02-19 10:31:17', '0');
INSERT INTO `owner_car` VALUES ('802024021951860151', '802024021951860151', '772024021624210722', '辽A33333', '9901', '792023061679330031', '1001', '2023052267100146', '2024-02-19 00:00:00', '2050-02-01 00:00:00', '1001', 'S', '导入数据', '2024-02-19 10:24:07', '0');
INSERT INTO `owner_car` VALUES ('802024021975262462', '802024021975262462', '772024021975172442', '皖a12345', '9901', '792024021873182265', '1001', '2023052267100146', '2024-02-19 00:00:00', '2025-02-19 00:00:00', '1001', 'H', null, '2024-02-19 06:45:07', '0');
INSERT INTO `owner_car` VALUES ('802024021985270198', '802024021985270198', '772024021624210722', '辽A66666', '9901', '102024021963150195', '1001', '2023052267100146', '2024-02-19 00:00:00', '2024-08-19 10:33:24', '1001', 'H', '', '2024-02-19 10:33:07', '0');
INSERT INTO `owner_car` VALUES ('802024021986310173', '802024021986310173', '772024021975172442', '辽A22222', '9901', '102024021915420169', '1001', '2023052267100146', '2024-02-01 00:00:00', '2024-02-19 10:29:50', '1001', 'H', '', '2024-02-19 10:29:07', '0');
INSERT INTO `owner_car` VALUES ('802024022038690507', '802024022038690507', '772023121674460004', '辽A22222', '9901', '102023082362950016', '1001', '102023021386560001', '2024-02-01 00:00:00', '2024-02-29 00:00:00', '1001', 'H', '1', '2024-02-20 09:24:47', '0');
INSERT INTO `owner_car` VALUES ('802024022058015127', '802024022058015127', '772023120586090338', '予A12123', '9901', '792024021810422264', '1001', '2023052267100146', '2024-01-01 00:00:00', '2024-12-31 00:00:00', '1001', 'H', null, '2024-02-20 11:36:39', '0');
INSERT INTO `owner_car` VALUES ('802024022070220513', '802024022070220513', '772023110609760004', '辽A11111', '9901', '-1', '1001', '102023021386560001', '2024-02-01 00:00:00', '2024-02-29 00:00:00', '1001', 'H', '', '2024-02-20 09:29:03', '0');
INSERT INTO `owner_car` VALUES ('802024022098145612', '802024022098145612', '772024021697820551', '渝a13111', '9901', '792024021833322262', '1001', '2023052267100146', '2024-02-01 00:00:00', '2025-01-31 00:00:00', '1001', 'H', null, '2024-02-20 14:26:59', '0');
INSERT INTO `owner_car` VALUES ('802024022206081142', '802024022206081142', '772024020882790038', '粤DF00000', '9901', '-1', '1001', '2023062100700008', '2024-02-01 00:00:00', '2024-03-28 00:00:00', '1001', 'H', '1', '2024-02-22 17:40:11', '0');
INSERT INTO `owner_car` VALUES ('802024022527393986', '802024022527393986', '772024022485623473', '123', '9901', '792024021833322262', '1001', '2023052267100146', '2024-02-25 00:00:00', '2050-01-01 00:00:00', '1001', 'S', null, '2024-02-25 02:15:07', '0');

-- ----------------------------
-- Table structure for owner_car_attr
-- ----------------------------
DROP TABLE IF EXISTS `owner_car_attr`;
CREATE TABLE `owner_car_attr` (
  `b_id` varchar(30) CHARACTER SET utf8 COLLATE utf8_general_ci NOT NULL COMMENT '订单ID',
  `attr_id` varchar(30) CHARACTER SET utf8 COLLATE utf8_general_ci NOT NULL COMMENT '属性id',
  `car_id` varchar(30) CHARACTER SET utf8 COLLATE utf8_general_ci NOT NULL COMMENT '车辆ID',
  `community_id` varchar(30) CHARACTER SET utf8 COLLATE utf8_general_ci NOT NULL COMMENT '小区ID',
  `spec_cd` varchar(12) CHARACTER SET utf8 COLLATE utf8_general_ci NOT NULL COMMENT '规格id,参考spec表',
  `value` varchar(50) CHARACTER SET utf8 COLLATE utf8_general_ci NOT NULL COMMENT '属性值',
  `create_time` timestamp NOT NULL DEFAULT CURRENT_TIMESTAMP COMMENT '创建时间',
  `status_cd` varchar(2) CHARACTER SET utf8 COLLATE utf8_general_ci NOT NULL DEFAULT '0' COMMENT '数据状态，详细参考c_status表，S 保存，0, 在用 1失效',
  PRIMARY KEY (`attr_id`) USING BTREE
) ENGINE=InnoDB DEFAULT CHARSET=utf8 ROW_FORMAT=DYNAMIC;

-- ----------------------------
-- Records of owner_car_attr
-- ----------------------------

-- ----------------------------
-- Table structure for owner_car_open_user
-- ----------------------------
DROP TABLE IF EXISTS `owner_car_open_user`;
CREATE TABLE `owner_car_open_user` (
  `open_user_id` varchar(30) NOT NULL COMMENT 'app用户ID',
  `open_id` varchar(128) NOT NULL COMMENT '微信或支付宝开放ID',
  `car_num` varchar(32) NOT NULL COMMENT '车牌号',
  `open_type` varchar(12) NOT NULL DEFAULT 'WECHAT' COMMENT '微信WECHAT 支付宝 ALI',
  `nickname` varchar(255) DEFAULT NULL COMMENT '昵称',
  `headimgurl` varchar(255) DEFAULT NULL COMMENT '微信头像',
  `create_time` timestamp NOT NULL DEFAULT CURRENT_TIMESTAMP COMMENT '创建时间',
  `status_cd` varchar(2) NOT NULL DEFAULT '0' COMMENT '数据状态，详细参考c_status表，0, 在用 1失效',
  PRIMARY KEY (`open_user_id`)
) ENGINE=InnoDB DEFAULT CHARSET=utf8;

-- ----------------------------
-- Records of owner_car_open_user
-- ----------------------------

-- ----------------------------
-- Table structure for p_privilege
-- ----------------------------
DROP TABLE IF EXISTS `p_privilege`;
CREATE TABLE `p_privilege` (
  `p_id` varchar(30) NOT NULL COMMENT '权限ID',
  `name` varchar(10) NOT NULL COMMENT '权限名称',
  `description` varchar(200) DEFAULT NULL COMMENT '权限描述',
  `create_time` timestamp NOT NULL DEFAULT CURRENT_TIMESTAMP COMMENT '创建时间',
  `status_cd` varchar(2) NOT NULL DEFAULT '0' COMMENT '数据状态，详细参考c_status表，0在用，1失效',
  `domain` varchar(12) NOT NULL DEFAULT '-1' COMMENT '权限域 商户详见store_type store_type_cd',
  `resource` varchar(200) DEFAULT NULL COMMENT '资源路径',
  `m_id` varchar(30) NOT NULL COMMENT '菜单ID',
  PRIMARY KEY (`p_id`)
) ENGINE=InnoDB DEFAULT CHARSET=utf8mb4 COLLATE=utf8mb4_0900_ai_ci;

-- ----------------------------
-- Records of p_privilege
-- ----------------------------
INSERT INTO `p_privilege` VALUES ('500201906026', '应用信息', '应用信息1', '2019-06-19 16:01:38', '0', '800900000000', '/appFlow', '700201906025');
INSERT INTO `p_privilege` VALUES ('500201906027', '服务信息', '服务信息', '2019-06-19 16:01:38', '0', '800900000000', '/serviceFlow', '700201906026');
INSERT INTO `p_privilege` VALUES ('500201906028', '服务实现', '配置信息管理', '2019-07-07 16:42:48', '0', '800900000000', '/serviceImplFlow', '700201906027');
INSERT INTO `p_privilege` VALUES ('500201906029', '编码映射', '映射管理', '2019-06-19 16:01:38', '0', '800900000000', '/mappingFlow', '700201906028');
INSERT INTO `p_privilege` VALUES ('500201907030', '服务绑定', '服务绑定', '2019-07-11 11:45:33', '0', '800900000000', '/serviceBindingFlow', '700201907029');
INSERT INTO `p_privilege` VALUES ('500201907032', '服务注册', '服务注册', '2019-08-10 09:45:34', '0', '800900000000', '/serviceRegisterFlow', '700201908030');
INSERT INTO `p_privilege` VALUES ('500201908034', '刷新缓存', '刷新缓存', '2019-08-13 11:31:48', '0', '800900000000', '/cacheFlow', '700201908032');
INSERT INTO `p_privilege` VALUES ('500201908035', '菜单组', '菜单组管理', '2019-08-19 12:15:20', '0', '800900000000', '/menuGroupFlow', '700201908033');
INSERT INTO `p_privilege` VALUES ('500201908036', '基础权限', '基础权限', '2019-08-19 12:15:20', '0', '800900000000', '/basePrivilegeFlow', '700201908034');
INSERT INTO `p_privilege` VALUES ('502019082521880003', '菜单维护', '菜单管理权限', '2019-08-25 05:47:11', '0', '800900000000', '/menuFlow', '700201908035');
INSERT INTO `p_privilege` VALUES ('502019083153490001', '配置菜单', '配置菜单', '2019-08-31 14:33:39', '0', '800900000000', '/configMenuFlow', '700201908036');
INSERT INTO `p_privilege` VALUES ('502019090149430005', '服务提供', '服务提供', '2019-09-01 14:14:08', '0', '800900000000', '/serviceProvideFlow', '702019090161010006');
INSERT INTO `p_privilege` VALUES ('502019090260990002', '定时任务', '管理定时任务', '2019-09-02 12:35:51', '0', '800900000000', '/HcFtpToFileSystemConfigList/', '702019090293430003');
INSERT INTO `p_privilege` VALUES ('502019090277380001', '开发服务', '开发服务提供', '2019-09-02 15:33:31', '0', '800900000000', '/devServiceProvideFlow', '702019090210710002');
INSERT INTO `p_privilege` VALUES ('502019092956560001', '配置菜单', '配置菜单', '2019-09-29 12:18:14', '1', '800900000000', null, '702019092962440002');
INSERT INTO `p_privilege` VALUES ('502020081421160220', '属性值', '', '2020-08-14 23:22:48', '0', '800900000000', '/admin.html#/pages/dev/attrValueManage', '702020081494380219');
INSERT INTO `p_privilege` VALUES ('502020081431630210', '属性', '', '2020-08-14 22:17:25', '0', '800900000000', '/admin.html#/pages/dev/attrSpecManage', '702020081441030209');
INSERT INTO `p_privilege` VALUES ('502020111627880006', '交互日志', '', '2020-11-16 01:09:05', '0', '800900000000', '/admin.html#/pages/dev/transactionLogManage', '702020111628740005');
INSERT INTO `p_privilege` VALUES ('502020120765630299', 'Databus', '', '2020-12-07 18:14:35', '0', '800900000000', '/admin.html#/pages/dev/businessDatabusManage', '702020120773940298');
INSERT INTO `p_privilege` VALUES ('502021031645040072', '修改密码', '', '2021-03-16 11:14:16', '0', '800900000000', '/admin.html#/pages/frame/changeStaffPwd', '702021031606850071');
INSERT INTO `p_privilege` VALUES ('502021060583310095', '手机商城菜单', '', '2021-06-05 15:38:42', '0', '800900000001', '/admin.html#/pages/admin/housekeepingTypeManage', '702021060521430094');
INSERT INTO `p_privilege` VALUES ('502021080561750004', '初始化小区', '', '2021-08-05 19:09:43', '0', '800900000000', '/admin.html#/pages/dev/initializeCommunityManage', '702021080500070003');
INSERT INTO `p_privilege` VALUES ('502021091295510202', '业务轨迹', '', '2021-09-12 15:48:39', '0', '800900000000', '/admin.html#/pages/dev/businessTableHisManage', '702021091240630201');
INSERT INTO `p_privilege` VALUES ('502021110374581810', '修改菜单组', '', '2021-11-03 20:38:49', '0', '800900000000', '/callComponent/editMenuGroup/update', '700201908033');
INSERT INTO `p_privilege` VALUES ('502021110974670127', '报表组', '', '2021-11-09 14:38:40', '0', '800900000000', '/admin.html#/pages/dev/reportCustomGroupManage', '702021110981050126');
INSERT INTO `p_privilege` VALUES ('502021111231120406', '报表组件', '报表组件', '2021-11-12 10:00:34', '0', '800900000000', '/admin.html#/pages/dev/reportCustomComponentManage', '702021111211780405');
INSERT INTO `p_privilege` VALUES ('502021111280010376', '报表信息', '', '2021-11-12 09:03:45', '0', '800900000000', '/admin.html#/pages/dev/reportCustomManage', '702021111293630375');
INSERT INTO `p_privilege` VALUES ('502021111404460005', '查询服务权限', '', '2021-11-14 23:44:49', '0', '800900000000', '/app/serviceManage/list', '700201906026');
INSERT INTO `p_privilege` VALUES ('502021111501470249', '删除菜单组', '', '2021-11-15 16:59:30', '0', '800900000000', '/callComponent/deleteMenuGroup/delete', '700201908033');
INSERT INTO `p_privilege` VALUES ('502021111503660250', '查询菜单列表', '', '2021-11-15 17:00:53', '0', '800900000000', '/callComponent/menuManage/list', '700201908035');
INSERT INTO `p_privilege` VALUES ('502021111504290091', '新增服务提供', '', '2021-11-15 16:49:36', '0', '800900000000', '/callComponent/devServiceProvideBinding/binding', '702019090161010006');
INSERT INTO `p_privilege` VALUES ('502021111509280272', '保存报表组件', '', '2021-11-15 17:21:59', '0', '800900000000', '/app/reportCustomComponent.saveReportCustomComponent', '702021111211780405');
INSERT INTO `p_privilege` VALUES ('502021111510210072', '删除编码映射', '', '2021-11-15 16:10:03', '0', '800900000000', '/callComponent/deleteMapping/delete', '700201906028');
INSERT INTO `p_privilege` VALUES ('502021111510430063', '刷新缓存', '', '2021-11-15 15:49:22', '0', '800900000000', '/callComponent/cacheManage/flushCache', '700201908032');
INSERT INTO `p_privilege` VALUES ('502021111514690259', '修改手机菜单权限', '', '2021-11-15 17:05:48', '0', '800900000001', '/app/housekeepingType/updateHousekeepingType', '702021060521430094');
INSERT INTO `p_privilege` VALUES ('502021111517720085', '修改服务提供', '', '2021-11-15 16:47:34', '0', '800900000000', '/callComponent/editServiceProvide/update', '702019090161010006');
INSERT INTO `p_privilege` VALUES ('502021111520450266', '查询报表信息', '', '2021-11-15 17:17:40', '1', '800900000000', '/app/reportCustom.listReportCustom', '702021111293630375');
INSERT INTO `p_privilege` VALUES ('502021111529750274', '删除报表组件', '', '2021-11-15 17:22:54', '0', '800900000000', '/app/reportCustomComponent.deleteReportCustomComponent', '702021111211780405');
INSERT INTO `p_privilege` VALUES ('502021111531030252', '修改菜单维护', '', '2021-11-15 17:01:34', '0', '800900000000', '/callComponent/editMenu/update', '700201908035');
INSERT INTO `p_privilege` VALUES ('502021111538930243', '查询菜单组', '', '2021-11-15 16:57:21', '0', '800900000000', '/callComponent/menuGroupManage/list', '700201908033');
INSERT INTO `p_privilege` VALUES ('502021111540410070', '新增编码映射', '', '2021-11-15 16:08:32', '0', '800900000000', '/callComponent/addMapping/save', '700201906028');
INSERT INTO `p_privilege` VALUES ('502021111540820058', '查询服务注册', '', '2021-11-15 15:43:29', '0', '800900000000', '/callComponent/serviceRegisterManage/list', '700201908030');
INSERT INTO `p_privilege` VALUES ('502021111540930062', '缓存查询', '', '2021-11-15 15:48:44', '0', '800900000000', '/callComponent/cacheManage/list', '700201908032');
INSERT INTO `p_privilege` VALUES ('502021111541150265', '删除报表组', '', '2021-11-15 17:15:59', '0', '800900000000', '/app/reportCustomGroup.deleteReportCustomGroup', '702021110981050126');
INSERT INTO `p_privilege` VALUES ('502021111542140083', '查询服务实现', '', '2021-11-15 16:44:37', '0', '800900000000', '/callComponent/serviceImplManage/list', '700201906027');
INSERT INTO `p_privilege` VALUES ('502021111542240273', '修改报表组件', '', '2021-11-15 17:22:31', '0', '800900000000', '/app/reportCustomComponent.updateReportCustomComponent', '702021111211780405');
INSERT INTO `p_privilege` VALUES ('502021111542570057', '添加服务注册', '', '2021-11-15 15:42:51', '0', '800900000000', '/callComponent/serviceBinding/binding', '700201908030');
INSERT INTO `p_privilege` VALUES ('502021111542850075', '删除服务实现', '', '2021-11-15 16:17:04', '0', '800900000000', '/callComponent/deleteServiceImpl/delete', '700201906027');
INSERT INTO `p_privilege` VALUES ('502021111546210262', '查询报表组', '', '2021-11-15 17:13:26', '1', '800900000000', '/app/reportCustomGroup.listReportCustomGroup', '702021110981050126');
INSERT INTO `p_privilege` VALUES ('502021111556820267', '保存报表信息', '', '2021-11-15 17:18:33', '0', '800900000000', '/app/reportCustom.saveReportCustom', '702021111293630375');
INSERT INTO `p_privilege` VALUES ('502021111558720257', '保存手机菜单', '', '2021-11-15 17:05:03', '0', '800900000001', '/app/housekeepingType/saveHousekeepingType', '702021060521430094');
INSERT INTO `p_privilege` VALUES ('502021111559700088', '删除服务提供', '', '2021-11-15 16:48:26', '0', '800900000000', '/callComponent/deleteServiceProvide/delete', '702019090161010006');
INSERT INTO `p_privilege` VALUES ('502021111560550082', '查询编码映射', '', '2021-11-15 16:41:55', '0', '800900000000', '/callComponent/mappingManage/list', '700201906028');
INSERT INTO `p_privilege` VALUES ('502021111562530061', '修改服务', '', '2021-11-15 15:45:53', '0', '800900000000', '/app/editService/update', '700201906026');
INSERT INTO `p_privilege` VALUES ('502021111563500071', '修改编码映射', '', '2021-11-15 16:09:20', '0', '800900000000', '/callComponent/editMapping/update', '700201906028');
INSERT INTO `p_privilege` VALUES ('502021111565140074', '修改服务实现', '', '2021-11-15 16:15:55', '0', '800900000000', '/callComponent/editServiceImpl/update', '700201906027');
INSERT INTO `p_privilege` VALUES ('502021111565780073', '新增服务实现', '', '2021-11-15 16:15:28', '0', '800900000000', '/callComponent/addServiceImpl/save', '700201906027');
INSERT INTO `p_privilege` VALUES ('502021111570020263', '保存报表组', '', '2021-11-15 17:14:38', '0', '800900000000', '/app/reportCustomGroup.saveReportCustomGroup', '702021110981050126');
INSERT INTO `p_privilege` VALUES ('502021111570580056', '删除服务注册', '', '2021-11-15 15:41:46', '0', '800900000000', '/callComponent/deleteServiceRegister/delete', '700201908030');
INSERT INTO `p_privilege` VALUES ('502021111570920060', '删除服务', '', '2021-11-15 15:45:13', '0', '800900000000', '/app/deleteService/delete', '700201906026');
INSERT INTO `p_privilege` VALUES ('502021111575090253', '删除菜单权限', '', '2021-11-15 17:02:00', '0', '800900000000', '/callComponent/deleteMenu/delete', '700201908035');
INSERT INTO `p_privilege` VALUES ('502021111575150270', '查询报表组件', '', '2021-11-15 17:21:32', '1', '800900000000', '/app/reportCustomComponent.listReportCustomComponent', '702021111211780405');
INSERT INTO `p_privilege` VALUES ('502021111575780246', '新增菜单组', '', '2021-11-15 16:58:42', '0', '800900000000', '/callComponent/addMenuGroup/save', '700201908033');
INSERT INTO `p_privilege` VALUES ('502021111577680254', '新增菜单权限', '', '2021-11-15 17:02:55', '0', '800900000000', '/callComponent/configMenuBinding/binding', '700201908035');
INSERT INTO `p_privilege` VALUES ('502021111591850268', '修改报表信息', '', '2021-11-15 17:19:00', '0', '800900000000', '/app/reportCustom.updateReportCustom', '702021111293630375');
INSERT INTO `p_privilege` VALUES ('502021111592830260', '删除手机菜单权限', '', '2021-11-15 17:06:28', '0', '800900000001', '/app/housekeepingType/deleteHousekeepingType', '702021060521430094');
INSERT INTO `p_privilege` VALUES ('502021111594010084', '查询服务提供', '', '2021-11-15 16:47:01', '0', '800900000000', '/callComponent/serviceProvideManage/list', '702019090161010006');
INSERT INTO `p_privilege` VALUES ('502021111596180059', '添加服务', '', '2021-11-15 15:44:46', '0', '800900000000', '/app/addService/save', '700201906026');
INSERT INTO `p_privilege` VALUES ('502021111598200264', '修改报表组', '', '2021-11-15 17:15:01', '0', '800900000000', '/app/reportCustomGroup.updateReportCustomGroup', '702021110981050126');
INSERT INTO `p_privilege` VALUES ('502021111599410269', '删除报表信息', '', '2021-11-15 17:19:31', '0', '800900000000', '/app/reportCustom.deleteReportCustom', '702021111293630375');
INSERT INTO `p_privilege` VALUES ('502022022699820647', '菜单目录', '', '2022-02-26 10:32:55', '0', '800900000000', '/admin.html#/pages/dev/menuCatalogManage', '702022022626440646');
INSERT INTO `p_privilege` VALUES ('502022070752510038', '字典', '字典', '2022-07-07 09:26:35', '0', '800900000000', '/#/pages/dev/dictManage', '702022070767920037');
INSERT INTO `p_privilege` VALUES ('502022081711010004', '系统配置', '', '2022-08-17 00:15:09', '0', '800900000000', '/#/pages/frame/systemInfoManage', '702022081723230003');
INSERT INTO `p_privilege` VALUES ('502023011023480002', '注册协议', '', '2023-01-10 17:20:57', '0', '800900000000', '/#/pages/frame/registerProtocol', '702023011061770001');
INSERT INTO `p_privilege` VALUES ('502023012957620005', '配置项', '', '2023-01-29 14:38:19', '0', '800900000000', '/#/pages/dev/mappingDomainManage', '702023012914280004');
INSERT INTO `p_privilege` VALUES ('502023021306130020', '小区信息', '', '2023-02-13 00:51:29', '0', '800900000001', '/#/pages/common/communityManage', '702023021378840019');
INSERT INTO `p_privilege` VALUES ('502023021308870008', 'sdf', '', '2023-02-13 01:00:28', '0', '800900000001', 'sdf', '702023021396940007');
INSERT INTO `p_privilege` VALUES ('502023021318350002', '物业公司', '', '2023-02-13 18:11:51', '0', '800900000001', '/#/pages/admin/propertyCompanyManage', '702023021365750001');
INSERT INTO `p_privilege` VALUES ('502023021322510009', 'gg', 'gg', '2023-02-13 00:36:56', '1', '800900000000', 'gg', '700201906025');
INSERT INTO `p_privilege` VALUES ('502023021337240017', '小区信息', '', '2023-02-13 00:44:13', '0', '800900000001', '/#/pages/common/communityManage', '702023021326530016');
INSERT INTO `p_privilege` VALUES ('502023021381120002', '小区信息', '', '2023-02-13 00:56:49', '0', '800900000001', '/#/pages/common/communityManage', '702023021322800001');
INSERT INTO `p_privilege` VALUES ('502023021400300013', '我的小区', '', '2023-02-14 00:34:23', '0', '800900000003', '/#/pages/common/enterCommunity', '702023021428710012');
INSERT INTO `p_privilege` VALUES ('502023021420340006', '员工信息', '', '2023-02-14 12:31:07', '0', '800900000003', '/#/pages/frame/staff', '702023021401510005');
INSERT INTO `p_privilege` VALUES ('502023021422320008', '角色权限', '', '2023-02-14 12:31:31', '0', '800900000003', '/#/pages/frame/role', '702023021473830007');
INSERT INTO `p_privilege` VALUES ('502023021465530004', '组织信息', '', '2023-02-14 12:30:37', '0', '800900000003', '/#/pages/frame/orgManage', '702023021474320003');
INSERT INTO `p_privilege` VALUES ('502023021633790007', '房屋信息', '', '2023-02-16 00:15:26', '0', '800900000003', '/#/pages/property/room', '702023021699840006');
INSERT INTO `p_privilege` VALUES ('502023021692680009', '业主信息', '', '2023-02-16 00:18:53', '0', '800900000003', '/#/pages/property/listOwner', '702023021619920008');
INSERT INTO `p_privilege` VALUES ('502023081501740010', '门禁人员', '', '2023-08-15 12:20:47', '0', '800900000003', '/#/pages/accessControl/accessControlFace', '702023081558630009');
INSERT INTO `p_privilege` VALUES ('502023081503050008', '楼栋授权', '', '2023-08-15 14:03:42', '0', '800900000003', '/#/pages/accessControl/accessControlFloor', '702023081549120007');
INSERT INTO `p_privilege` VALUES ('502023081553490002', '设备位置', '', '2023-08-15 01:09:23', '0', '800900000003', '/pages/machine/machineLocation', '702023081542630001');
INSERT INTO `p_privilege` VALUES ('502023081597020006', '门禁设备', '', '2023-08-15 02:32:54', '0', '800900000003', '/#/pages/accessControl/accessControlManage', '702023081540360005');
INSERT INTO `p_privilege` VALUES ('502023081608800014', '部门授权', '', '2023-08-16 11:32:16', '0', '800900000003', '/#/pages/accessControl/accessControlOrg', '702023081628900013');
INSERT INTO `p_privilege` VALUES ('502023081681540003', '充电规则', '', '2023-08-16 16:48:50', '0', '800900000003', '/#/pages/charge/chargeRule', '702023081657290002');
INSERT INTO `p_privilege` VALUES ('502023081767580035', '充电桩', '', '2023-08-17 10:55:34', '0', '800900000003', '/#/pages/charge/chargeMachineManage', '702023081789540034');
INSERT INTO `p_privilege` VALUES ('502023081770940004', '门禁日志', '', '2023-08-17 09:02:32', '0', '800900000003', '/#/pages/accessControl/accessControlLog', '702023081785750003');
INSERT INTO `p_privilege` VALUES ('502023081803040002', '充电订单', '', '2023-08-18 11:03:41', '0', '800900000003', '/#/pages/charge/chargeMachineOrder', '702023081891210001');
INSERT INTO `p_privilege` VALUES ('502023081865750005', '充电月卡', '', '2023-08-18 11:04:30', '0', '800900000003', '/#/pages/charge/chargeMonthOrderManage', '702023081882570004');
INSERT INTO `p_privilege` VALUES ('502023082122760003', '进出记录', '', '2023-08-21 13:32:18', '0', '800900000003', '/#/pages/accessControl/accessControlInout', '702023082179470002');
INSERT INTO `p_privilege` VALUES ('502023082214500003', 'mqtt日志', '', '2023-08-22 10:49:41', '0', '800900000000', '/#/pages/log/mqttLog', '702023082205380002');
INSERT INTO `p_privilege` VALUES ('502023082348060012', '停车场', '', '2023-08-23 09:05:14', '0', '800900000003', '/#/pages/car/parkingArea', '702023082303880011');
INSERT INTO `p_privilege` VALUES ('502023082382910003', '停车位', '', '2023-08-23 13:43:22', '0', '800900000003', '/#/pages/car/parkingSpace', '702023082371460002');
INSERT INTO `p_privilege` VALUES ('502023082436780022', '抄表设备', '', '2023-08-24 16:12:18', '0', '800900000003', '/#/pages/meter/meterMachineManage', '702023082430770021');
INSERT INTO `p_privilege` VALUES ('502023082455720030', '表类型', '', '2023-08-24 15:03:37', '0', '800900000003', '/#/pages/meter/meterTypeManage', '702023082480950029');
INSERT INTO `p_privilege` VALUES ('502023082887490002', '抄表记录', '', '2023-08-28 10:21:43', '0', '800900000003', '/#/pages/meter/meterMachineDetail', '702023082816100001');
INSERT INTO `p_privilege` VALUES ('502023082990470002', '充值记录', '', '2023-08-29 09:27:34', '0', '800900000003', '/#/pages/meter/meterMachineDetail', '702023082916820001');
INSERT INTO `p_privilege` VALUES ('502023091546290007', '商城商品', '', '2023-09-15 10:20:09', '0', '800900000003', '/#/pages/mall', '702023091560940006');
INSERT INTO `p_privilege` VALUES ('502023091863710040', '电梯厂家', '', '2023-09-18 15:37:12', '0', '800900000001', '/#/pages/lift/liftMachineFactoryManage', '702023091897380039');
INSERT INTO `p_privilege` VALUES ('502023091922730006', '电梯管理', '', '2023-09-19 08:55:57', '0', '800900000003', '/#/pages/lift/liftMachineManage', '702023091988040005');
INSERT INTO `p_privilege` VALUES ('502023091938270012', '电梯日志', '', '2023-09-19 08:58:20', '0', '800900000003', '/#/pages/lift/liftMachineLogManage', '702023091986670011');
INSERT INTO `p_privilege` VALUES ('502023091957590005', '车辆', '', '2023-09-19 11:44:14', '0', '800900000003', '/#/pages/car/listOwnerCar', '702023091919820004');
INSERT INTO `p_privilege` VALUES ('502023091990950009', '预约记录', '', '2023-09-19 08:57:24', '0', '800900000003', '/#/pages/lift/liftMachineReservationManage', '702023091900950008');
INSERT INTO `p_privilege` VALUES ('502023092114250004', '黑白名单', '', '2023-09-21 13:21:24', '0', '800900000003', '/#/pages/car/carBlackWhite', '702023092156890003');
INSERT INTO `p_privilege` VALUES ('502023092125620030', '路灯厂家', '', '2023-09-21 14:14:52', '0', '800900000001', '/#/pages/lamp/lampMachineFactoryManage', '702023092129570029');
INSERT INTO `p_privilege` VALUES ('502023092139970005', '路灯管理', '', '2023-09-21 17:30:15', '0', '800900000003', '/#/pages/lamp/lampMachineManage', '702023092152380004');
INSERT INTO `p_privilege` VALUES ('502023092151280002', '岗亭', '', '2023-09-21 00:21:01', '0', '800900000003', '/#/pages/car/parkingBox', '702023092199790001');
INSERT INTO `p_privilege` VALUES ('502023092192170007', '道闸摄像头', '', '2023-09-21 01:53:36', '0', '800900000003', '/#/pages/car/barrier', '702023092145750006');
INSERT INTO `p_privilege` VALUES ('502023092239550002', '路灯管理', '', '2023-09-22 10:04:49', '0', '800900000003', '/#/pages/lamp/lampMachineManage', '702023092212770001');
INSERT INTO `p_privilege` VALUES ('502023092274910008', '下发设备日志', '', '2023-09-22 10:07:41', '0', '800900000003', '/#/pages/lamp/lampMachineLogManage', '702023092283560007');
INSERT INTO `p_privilege` VALUES ('502023092278370005', '操作日志', '', '2023-09-22 10:06:05', '0', '800900000003', '/#/pages/lamp/lampMachineOperationManage', '702023092279530004');
INSERT INTO `p_privilege` VALUES ('502023092285050003', '临时车费', '', '2023-09-22 14:46:16', '0', '800900000003', '/#/pages/car/tempCarFeeConfig', '702023092291050002');
INSERT INTO `p_privilege` VALUES ('502023092785190002', '事件规则', '', '2023-09-27 16:35:17', '0', '800900000003', '/#/pages/event/eventName', '702023092721960001');
INSERT INTO `p_privilege` VALUES ('502023092798300031', '事件模板', '', '2023-09-27 09:55:38', '0', '800900000003', '/#/pages/event/eventTemplate', '702023092724580030');
INSERT INTO `p_privilege` VALUES ('502023100842930007', '事件池', '', '2023-10-08 09:08:16', '0', '800900000003', '/#/pages/event/eventPoolManage', '702023100886280006');
INSERT INTO `p_privilege` VALUES ('502023100980480002', '我的事件', '', '2023-10-09 08:35:32', '0', '800900000003', '/#/pages/event/eventPoolStaffManage', '702023100989890001');
INSERT INTO `p_privilege` VALUES ('502023101725450009', '监控模型', '', '2023-10-17 16:17:42', '0', '800900000001', '/#/pages/monitor/monitorModelManage', '702023101707250008');
INSERT INTO `p_privilege` VALUES ('502023101854120009', '监控设备', '', '2023-10-18 10:48:19', '0', '800900000003', '/#/pages/monitor/monitorMachineManage', '702023101836230008');
INSERT INTO `p_privilege` VALUES ('502023101868930002', '监控区域', '', '2023-10-18 08:43:54', '0', '800900000003', '/#/pages/monitor/monitorAreaManage', '702023101886600001');
INSERT INTO `p_privilege` VALUES ('502023101916600016', '监控分析', '', '2023-10-19 11:47:48', '0', '800900000003', '/#/pages/monitor/monitorMachineModelManage', '702023101925680015');
INSERT INTO `p_privilege` VALUES ('502023102016640002', '监控告警', '', '2023-10-20 10:07:48', '0', '800900000003', '/#/pages/monitor/monitorPoolManage', '702023102007200001');
INSERT INTO `p_privilege` VALUES ('502023103006390013', '小区商家', '', '2023-10-30 01:33:29', '0', '800900000003', '/#/pages/coupon/communityShop', '702023103075900012');
INSERT INTO `p_privilege` VALUES ('502023103026170043', '车辆停车券', '', '2023-10-30 04:44:00', '0', '800900000003', '/#/pages/coupon/parkingCouponCar', '702023103015080042');
INSERT INTO `p_privilege` VALUES ('502023103033020047', '停车券核销', '', '2023-10-30 04:47:22', '0', '800900000003', '/#/pages/coupon/parkingCouponCarOrder', '702023103084630046');
INSERT INTO `p_privilege` VALUES ('502023103048240004', '停车劵', '', '2023-10-30 00:20:25', '0', '800900000003', '/#/pages/coupon/parkingCoupon', '702023103029040003');
INSERT INTO `p_privilege` VALUES ('502023103067060002', '门锁厂家', '', '2023-10-30 09:40:37', '0', '800900000001', '/#/pages/lock/lockMachineFactory', '702023103043340001');
INSERT INTO `p_privilege` VALUES ('502023103095370036', '停车劵订单', '', '2023-10-30 04:40:27', '0', '800900000003', '/#/pages/coupon/parkingCouponOrder', '702023103044780035');
INSERT INTO `p_privilege` VALUES ('502023103139900002', '门锁授权', '', '2023-10-31 14:48:34', '0', '800900000003', '/#/pages/lock/lockPersonManage', '702023103166420001');
INSERT INTO `p_privilege` VALUES ('502023103192670002', '门锁设备', '', '2023-10-31 08:41:51', '0', '800900000003', '/#/pages/lock/lockMachineManage', '702023103157420001');
INSERT INTO `p_privilege` VALUES ('502023110119240002', '下发记录', '', '2023-11-01 16:20:16', '0', '800900000003', '/#/pages/lock/lockLogManage', '702023110146240001');
INSERT INTO `p_privilege` VALUES ('502023110179070005', '进出记录', '', '2023-11-01 16:21:20', '0', '800900000003', '/#/pages/lock/lockInoutManage', '702023110124480004');
INSERT INTO `p_privilege` VALUES ('502023110622750009', '修改密码', '', '2023-11-06 00:46:28', '0', '800900000003', '/#/pages/frame/changeStaffPwd', '702023110631880008');
INSERT INTO `p_privilege` VALUES ('502023110668420007', '导入日志', '', '2023-11-06 00:04:47', '0', '800900000003', '/#/pages/log/assetImportLog', '702023110606940006');
INSERT INTO `p_privilege` VALUES ('502023111878100010', '手机绑定用户', '', '2023-11-18 04:01:29', '0', '800900000003', '/#/pages/owner/authAppUser', '702023111814580009');
INSERT INTO `p_privilege` VALUES ('502023112205230002', '仪表厂家', '', '2023-11-22 11:36:24', '0', '800900000001', '/#/pages/meter/instrumentFactoryManage', '702023112254930001');
INSERT INTO `p_privilege` VALUES ('502023112327010002', '仪表设备', '', '2023-11-23 11:43:24', '0', '800900000003', '/#/pages/meter/instrumentManage', '702023112360010001');
INSERT INTO `p_privilege` VALUES ('502023112379810008', '仪表组', '', '2023-11-23 09:10:32', '0', '800900000003', '/#/pages/meter/instrumentTypeManage', '702023112372650007');
INSERT INTO `p_privilege` VALUES ('502023112434200007', '支付配置', '', '2023-11-24 00:55:49', '0', '800900000003', '/#/pages/property/paymentPool', '702023112439360006');
INSERT INTO `p_privilege` VALUES ('502023112450210002', '上报数据', '', '2023-11-24 17:20:41', '0', '800900000003', '/#/pages/meter/instrumentLogManage', '702023112401740001');
INSERT INTO `p_privilege` VALUES ('502023112458440056', '小区场景', '', '2023-11-24 17:23:50', '0', '800900000001', '/#/pages/admin/dtScene', '702023112468630055');
INSERT INTO `p_privilege` VALUES ('502023112477210003', '公众号', '', '2023-11-24 00:10:29', '0', '800900000003', '/#/pages/property/publicWeChatManage', '702023112496560002');
INSERT INTO `p_privilege` VALUES ('502023112529750024', '3D模型', '', '2023-11-25 13:36:14', '0', '800900000001', '/#/pages/3d/dtModal', '702023112584740023');
INSERT INTO `p_privilege` VALUES ('502023120100550003', '水电厂家', '', '2023-12-01 11:54:48', '0', '800900000001', '/#/pages/meter/meterMachineFactoryManage', '702023120137070002');
INSERT INTO `p_privilege` VALUES ('502023120423430052', '充电厂家', '', '2023-12-04 11:51:31', '0', '800900000001', '/#/pages/charge/chargeMachineFactoryManage', '702023120407300051');
INSERT INTO `p_privilege` VALUES ('502023120512870018', '3D脚本', '', '2023-12-05 15:42:36', '0', '800900000001', '/#/pages/3d/dtScript', '702023120532800017');
INSERT INTO `p_privilege` VALUES ('502023120554470024', '门禁厂家', '', '2023-12-05 11:55:22', '0', '800900000001', '/#/pages/accessControl/hardwareManufacturerManage', '702023120541870023');
INSERT INTO `p_privilege` VALUES ('502023121149860020', '访客类型', '', '2023-12-11 16:18:40', '0', '800900000003', '/#/pages/accessControl/visitTypeManage', '702023121100030019');
INSERT INTO `p_privilege` VALUES ('502023121209000002', '访客菜单', '', '2023-12-12 10:16:53', '0', '800900000003', '/#/pages/accessControl/visitManage', '702023121265420001');
INSERT INTO `p_privilege` VALUES ('502023121436330003', '月卡设置', '', '2023-12-14 16:36:36', '0', '800900000003', '/#/pages/charge/chargeMonthCardManage', '702023121443380002');
INSERT INTO `p_privilege` VALUES ('502023121472950005', '月卡订单', '', '2023-12-14 14:22:00', '0', '800900000003', '/#/pages/car/carMonthOrder', '702023121428660004');
INSERT INTO `p_privilege` VALUES ('502023121481930016', '停车月卡', '', '2023-12-14 12:33:51', '0', '800900000003', '/#/pages/car/carMonthCard', '702023121437250015');
INSERT INTO `p_privilege` VALUES ('502023121828420006', '修改密码', '', '2023-12-18 23:39:17', '0', '800900000001', '/#/pages/frame/changeStaffPwd', '702023121812420005');
INSERT INTO `p_privilege` VALUES ('502023121859400002', '人脸二维码', '', '2023-12-18 19:17:49', '0', '800900000003', '/#/pages/accessControl/personFaceQrcode', '702023121807070001');
INSERT INTO `p_privilege` VALUES ('502023121895380013', '人脸审核', '', '2023-12-18 22:04:17', '0', '800900000003', '/#/pages/accessControl/personFace', '702023121890710012');
INSERT INTO `p_privilege` VALUES ('502023121937420008', '水电二维码', '', '2023-12-19 11:45:19', '0', '800900000003', '/#/pages/meter/meterQrcodeManage', '702023121970630007');
INSERT INTO `p_privilege` VALUES ('502023122041190014', '出入统计', '', '2023-12-20 19:27:29', '0', '800900000003', '/#/pages/accessControl/acInoutStatistics', '702023122099900013');
INSERT INTO `p_privilege` VALUES ('502023122063680003', '通行码设置', '', '2023-12-20 01:44:51', '0', '800900000003', '/#/pages/accessControl/passQrcodeSetting', '702023122073070002');
INSERT INTO `p_privilege` VALUES ('502023122080310012', '通行码', '', '2023-12-20 09:55:24', '0', '800900000003', '/#/pages/accessControl/passQrcode', '702023122096840011');
INSERT INTO `p_privilege` VALUES ('502023122133950004', '水电统计', '', '2023-12-21 13:45:57', '0', '800900000003', '/#/pages/meter/meterStatistics', '702023122165550003');
INSERT INTO `p_privilege` VALUES ('502023122157190003', '充电统计', '', '2023-12-21 11:26:23', '0', '800900000003', '/#/pages/charge/chargeStatistics', '702023122190860002');
INSERT INTO `p_privilege` VALUES ('502024012423030010', '下发记录', '', '2024-01-24 18:13:19', '0', '800900000003', '/#/page/attendance/attendanceMachineLog', '702024012489090009');
INSERT INTO `p_privilege` VALUES ('502024012427440009', '考勤设备', '', '2024-01-24 14:50:07', '0', '800900000003', '/#/pages/attendance/attendanceMachine', '702024012411670008');
INSERT INTO `p_privilege` VALUES ('502024012432360016', '打卡记录', '', '2024-01-24 18:40:49', '0', '800900000003', '/#/pages/attendance/attendanceCheckIn', '702024012428220015');
INSERT INTO `p_privilege` VALUES ('502024012442860012', '考勤员工', '', '2024-01-24 17:07:17', '0', '800900000003', '/#/pages/attendance/attendanceStaff', '702024012463700011');
INSERT INTO `p_privilege` VALUES ('502024013161360006', '电梯门禁', '', '2024-01-31 10:52:59', '0', '800900000003', '/#/pages/lift/liftMachineAc', '702024013195530005');
INSERT INTO `p_privilege` VALUES ('502024013184820010', '乘坐记录', '', '2024-01-31 12:03:33', '0', '800900000003', '/#/pages/lift/liftRideLog', '702024013129150009');
INSERT INTO `p_privilege` VALUES ('502024022923260013', '工牌日志', '', '2024-02-29 17:21:18', '0', '800900000003', '/#/pages/charge/workLicenseLog', '702024022911170012');
INSERT INTO `p_privilege` VALUES ('502024022947660079', '工牌厂家', '', '2024-02-29 02:16:07', '0', '800900000001', '/#/pages/charge/workLicenseFactory', '702024022900140078');
INSERT INTO `p_privilege` VALUES ('502024022955330041', '员工工牌', '', '2024-02-29 12:23:55', '0', '800900000003', '/#/pages/charge/workLicenseMachine', '702024022972550040');
INSERT INTO `p_privilege` VALUES ('502024030158060018', '员工位置', '', '2024-03-01 19:46:18', '0', '800900000003', '/#/pages/charge/workLicenseMap', '702024030135330017');
INSERT INTO `p_privilege` VALUES ('502024030325550044', '添加摄像头', '', '2024-03-03 23:44:09', '0', '800900000003', '/iot/api/barrier.saveBarrier', '702023092145750006');
INSERT INTO `p_privilege` VALUES ('502024030326130048', '删除摄像头', '', '2024-03-03 23:45:31', '0', '800900000003', '/iot/api/barrier.deleteBarrier', '702023092145750006');
INSERT INTO `p_privilege` VALUES ('502024030329350050', '添加岗亭', '', '2024-03-03 23:54:58', '0', '800900000003', '/iot/api/parkingBox.saveParkingBox', '702023092199790001');
INSERT INTO `p_privilege` VALUES ('502024030341830056', '共享岗亭', '', '2024-03-03 23:57:21', '0', '800900000003', '/#/pages/car/parkingBoxArea', '702023092199790001');
INSERT INTO `p_privilege` VALUES ('502024030355080058', '控制台', '', '2024-03-03 23:57:47', '0', '800900000003', '/#/pages/car/parkingAreaControl', '702023092199790001');
INSERT INTO `p_privilege` VALUES ('502024030362420054', '删除岗亭', '', '2024-03-03 23:56:43', '0', '800900000003', '/iot/api/parkingBox.deleteParkingBox', '702023092199790001');
INSERT INTO `p_privilege` VALUES ('502024030379430052', '修改岗亭', '', '2024-03-03 23:56:05', '0', '800900000003', '/iot/api/parkingBox.updateParkingBox', '702023092199790001');
INSERT INTO `p_privilege` VALUES ('502024030398460046', '修改摄像头', '', '2024-03-03 23:44:42', '0', '800900000003', '/iot/api/barrier.updateBarrier', '702023092145750006');
INSERT INTO `p_privilege` VALUES ('502024030400040124', '删除人员', '', '2024-03-04 01:26:01', '0', '800900000003', '/iot/api/owner.deleteOwner', '702023021619920008');
INSERT INTO `p_privilege` VALUES ('502024030404460118', '人员解绑', '', '2024-03-04 01:15:10', '0', '800900000003', '/iot/api/room.exitRoom', '702023021699840006');
INSERT INTO `p_privilege` VALUES ('502024030408990062', '修改车辆', '', '2024-03-04 00:10:30', '0', '800900000003', '/iot/api/ownerCar.updateOwnerCar', '702023091919820004');
INSERT INTO `p_privilege` VALUES ('502024030413240082', '删除门禁', '', '2024-03-04 00:42:21', '0', '800900000003', '/iot/api/accessControl.deleteAccessControl', '702023081540360005');
INSERT INTO `p_privilege` VALUES ('502024030413890102', '添加单元', '', '2024-03-04 01:00:30', '0', '800900000003', '/iot/api/unit.saveUnit', '702023021699840006');
INSERT INTO `p_privilege` VALUES ('502024030416050066', '释放车位', '', '2024-03-04 00:12:05', '0', '800900000003', '/iot/api/ownerCar.deleteCarParkingSpace', '702023091919820004');
INSERT INTO `p_privilege` VALUES ('502024030417270086', '门禁重启', '', '2024-03-04 00:44:46', '0', '800900000003', '/iot/api/accessControl.restartAccessControlDoor', '702023081540360005');
INSERT INTO `p_privilege` VALUES ('502024030417470084', '门禁开门', '', '2024-03-04 00:44:10', '0', '800900000003', '/iot/api/accessControl.openAccessControlDoor', '702023081540360005');
INSERT INTO `p_privilege` VALUES ('502024030420150064', '删除车辆', '', '2024-03-04 00:11:01', '0', '800900000003', '/iot/api/ownerCar.deleteOwnerCar', '702023091919820004');
INSERT INTO `p_privilege` VALUES ('502024030432680078', '添加门禁', '', '2024-03-04 00:39:47', '0', '800900000003', '/iot/api/accessControl.saveAccessControl', '702023081540360005');
INSERT INTO `p_privilege` VALUES ('502024030434510098', '修改楼栋', '', '2024-03-04 00:57:13', '0', '800900000003', '/iot/api/floor.editFloor', '702023021699840006');
INSERT INTO `p_privilege` VALUES ('502024030435620096', '添加楼栋', '', '2024-03-04 00:56:30', '0', '800900000003', '/iot/api/floor.saveFloor', '702023021699840006');
INSERT INTO `p_privilege` VALUES ('502024030444500110', '添加房屋', '', '2024-03-04 01:05:31', '0', '800900000003', '/iot/api/room.saveRoom', '702023021699840006');
INSERT INTO `p_privilege` VALUES ('502024030445920104', '修改单元', '', '2024-03-04 01:02:04', '0', '800900000003', '/iot/api/unit.updateUnit', '702023021699840006');
INSERT INTO `p_privilege` VALUES ('502024030451430070', '添加停车场', '', '2024-03-04 00:20:10', '0', '800900000003', '/iot/api/parkingArea.saveParkingArea', '702023082303880011');
INSERT INTO `p_privilege` VALUES ('502024030453950120', '添加人员', '', '2024-03-04 01:24:43', '0', '800900000003', '/iot/api/owner.saveOwner', '702023021619920008');
INSERT INTO `p_privilege` VALUES ('502024030454710068', '续租车位', '', '2024-03-04 00:12:23', '0', '800900000003', '/#/pages/car/hireParkingSpace', '702023091919820004');
INSERT INTO `p_privilege` VALUES ('502024030461540108', '房产导入', '', '2024-03-04 01:04:28', '0', '800900000003', '/#/pages/room/room', '702023021699840006');
INSERT INTO `p_privilege` VALUES ('502024030461900072', '修改停车场', '', '2024-03-04 00:21:17', '0', '800900000003', '/iot/api/parkingArea.updateParkingArea', '702023082303880011');
INSERT INTO `p_privilege` VALUES ('502024030465970060', '添加车辆', '', '2024-03-04 00:09:06', '0', '800900000003', '/iot/api/ownerCar.saveOwnerCar', '702023091919820004');
INSERT INTO `p_privilege` VALUES ('502024030466060074', '删除停车场', '', '2024-03-04 00:21:53', '0', '800900000003', '/iot/api/parkingArea.deleteParkingArea', '702023082303880011');
INSERT INTO `p_privilege` VALUES ('502024030468070080', '修改门禁', '', '2024-03-04 00:41:44', '0', '800900000003', '/iot/api/accessControl.updateAccessControl', '702023081540360005');
INSERT INTO `p_privilege` VALUES ('502024030469480076', '控制台', '', '2024-03-04 00:22:42', '0', '800900000003', '/#/pages/car/parkingAreaTotalControl', '702023082303880011');
INSERT INTO `p_privilege` VALUES ('502024030471400116', '绑定人员', '', '2024-03-04 01:14:08', '0', '800900000003', '/iot/api/room.sellRoom', '702023021699840006');
INSERT INTO `p_privilege` VALUES ('502024030472060114', '删除房屋', '', '2024-03-04 01:11:36', '0', '800900000003', '/iot/api/room.deleteRoom', '702023021699840006');
INSERT INTO `p_privilege` VALUES ('502024030476530088', '重新下发', '', '2024-03-04 00:45:31', '0', '800900000003', '/iot/api/accessControl.reSendAccessControlFace', '702023081540360005');
INSERT INTO `p_privilege` VALUES ('502024030477610112', '修改房屋', '', '2024-03-04 01:10:24', '0', '800900000003', '/iot/api/room.updateRoom', '702023021699840006');
INSERT INTO `p_privilege` VALUES ('502024030483540100', '删除楼栋', '', '2024-03-04 00:58:31', '0', '800900000003', '/iot/api/floor.deleteFloor', '702023021699840006');
INSERT INTO `p_privilege` VALUES ('502024030493380106', '删除单元', '', '2024-03-04 01:03:15', '0', '800900000003', '/iot/api/unit.deleteUnit', '702023021699840006');
INSERT INTO `p_privilege` VALUES ('502024030499740122', '修改人员', '', '2024-03-04 01:25:19', '0', '800900000003', '/iot/api/owner.editOwner', '702023021619920008');
INSERT INTO `p_privilege` VALUES ('502024030512940030', '地磁厂家', '', '2024-03-05 22:05:05', '0', '800900000001', '/#/pages/car/spaceMachineFactory', '702024030532910029');
INSERT INTO `p_privilege` VALUES ('502024030588990019', '车位地磁', '', '2024-03-05 22:46:05', '0', '800900000003', '/#/pages/car/parkingSpaceMachine', '702024030599570018');
INSERT INTO `p_privilege` VALUES ('502024030782510159', '停车区域', '', '2024-03-07 18:43:23', '0', '800900000003', '/#/pages/car/parkingRegion', '702024030767460158');

-- ----------------------------
-- Table structure for p_privilege_group
-- ----------------------------
DROP TABLE IF EXISTS `p_privilege_group`;
CREATE TABLE `p_privilege_group` (
  `pg_id` varchar(30) NOT NULL COMMENT '权限组ID',
  `name` varchar(10) NOT NULL COMMENT '权限组名称',
  `description` varchar(200) DEFAULT NULL COMMENT '权限组描述',
  `create_time` timestamp NOT NULL DEFAULT CURRENT_TIMESTAMP COMMENT '创建时间',
  `status_cd` varchar(2) NOT NULL DEFAULT '0' COMMENT '数据状态，详细参考c_status表，0在用，1失效',
  `store_id` varchar(30) NOT NULL DEFAULT '9999' COMMENT '商户ID',
  `domain` varchar(12) NOT NULL DEFAULT '-1' COMMENT '权限组域 商户详见store_type store_type_cd',
  `role_type` varchar(12) NOT NULL DEFAULT 'USER' COMMENT 'SYSTEM 系统角色 USER 用户角色',
  PRIMARY KEY (`pg_id`)
) ENGINE=InnoDB DEFAULT CHARSET=utf8;

-- ----------------------------
-- Records of p_privilege_group
-- ----------------------------
INSERT INTO `p_privilege_group` VALUES ('102023021406960001', '111', '111', '2023-02-14 17:37:39', '0', '102023021497100001', '800900000003', 'USER');
INSERT INTO `p_privilege_group` VALUES ('102024020861270004', 'qw3', 'we', '2024-02-08 02:32:57', '0', '102024012228150026', '800900000003', 'USER');
INSERT INTO `p_privilege_group` VALUES ('102024020861530074', '111', '11', '2024-02-08 02:11:52', '1', '102024012228150026', '800900000003', 'USER');
INSERT INTO `p_privilege_group` VALUES ('600201904002', '物业管理员权限组', '物业管理员权限组', '2019-04-01 00:34:58', '0', '9999', '800900000003', 'SYSTEM');
INSERT INTO `p_privilege_group` VALUES ('600201906005', '运营团队管理员权限组', '运营团队管理员权限组', '2019-03-31 18:22:10', '0', '9999', '800900000001', 'SYSTEM');
INSERT INTO `p_privilege_group` VALUES ('600201906007', '开发团队管理员权限组', '开发团队管理员权限组', '2019-03-31 18:22:10', '0', '9999', '800900000000', 'SYSTEM');

-- ----------------------------
-- Table structure for p_privilege_rel
-- ----------------------------
DROP TABLE IF EXISTS `p_privilege_rel`;
CREATE TABLE `p_privilege_rel` (
  `rel_id` varchar(30) NOT NULL COMMENT '权限关系ID',
  `p_id` varchar(30) NOT NULL COMMENT '权限ID',
  `pg_id` varchar(30) NOT NULL COMMENT '权限组ID',
  `level_cd` varchar(12) NOT NULL DEFAULT '1001' COMMENT '权限级别，1001 系统级 2002 用户级',
  `create_time` timestamp NOT NULL DEFAULT CURRENT_TIMESTAMP COMMENT '创建时间',
  `status_cd` varchar(2) NOT NULL DEFAULT '0' COMMENT '数据状态，详细参考c_status表，0在用，1失效',
  PRIMARY KEY (`rel_id`)
) ENGINE=InnoDB DEFAULT CHARSET=utf8mb4 COLLATE=utf8mb4_0900_ai_ci;

-- ----------------------------
-- Records of p_privilege_rel
-- ----------------------------
INSERT INTO `p_privilege_rel` VALUES ('102023021333210002', '502023021318350002', '600201906005', '1001', '2023-02-13 18:11:51', '0');
INSERT INTO `p_privilege_rel` VALUES ('102023021366050002', '502023021308870008', '600201906005', '1001', '2023-02-13 01:00:28', '0');
INSERT INTO `p_privilege_rel` VALUES ('102023021368860001', '502023021381120002', '600201906005', '1001', '2023-02-13 00:56:50', '0');
INSERT INTO `p_privilege_rel` VALUES ('102023021371280003', '502023021306130020', '600201906005', '1001', '2023-02-13 00:51:29', '0');
INSERT INTO `p_privilege_rel` VALUES ('102023021396200002', '502023021337240017', '600201906005', '1001', '2023-02-13 00:44:13', '0');
INSERT INTO `p_privilege_rel` VALUES ('102023021400150007', '502023021422320008', '600201904002', '1001', '2023-02-14 12:31:32', '0');
INSERT INTO `p_privilege_rel` VALUES ('102023021405840003', '502023021400300013', '600201904002', '1001', '2023-02-14 00:34:23', '0');
INSERT INTO `p_privilege_rel` VALUES ('102023021448500005', '502023021465530004', '600201904002', '1001', '2023-02-14 12:30:38', '0');
INSERT INTO `p_privilege_rel` VALUES ('102023021475260006', '502023021420340006', '600201904002', '1001', '2023-02-14 12:31:07', '0');
INSERT INTO `p_privilege_rel` VALUES ('102023021639780006', '502023021633790007', '600201904002', '1001', '2023-02-16 00:15:26', '0');
INSERT INTO `p_privilege_rel` VALUES ('102023021644290007', '502023021692680009', '600201904002', '1001', '2023-02-16 00:18:53', '0');
INSERT INTO `p_privilege_rel` VALUES ('102023081544550003', '502023081553490002', '600201904002', '1001', '2023-08-15 01:09:23', '0');
INSERT INTO `p_privilege_rel` VALUES ('102023081572180007', '502023081597020006', '600201904002', '1001', '2023-08-15 02:32:54', '0');
INSERT INTO `p_privilege_rel` VALUES ('102023081572340011', '502023081501740010', '600201904002', '1001', '2023-08-15 12:20:47', '0');
INSERT INTO `p_privilege_rel` VALUES ('102023081582340009', '502023081503050008', '600201904002', '1001', '2023-08-15 14:03:42', '0');
INSERT INTO `p_privilege_rel` VALUES ('102023081671420004', '502023081681540003', '600201904002', '1001', '2023-08-16 16:48:50', '0');
INSERT INTO `p_privilege_rel` VALUES ('102023081675680015', '502023081608800014', '600201904002', '1001', '2023-08-16 11:32:16', '0');
INSERT INTO `p_privilege_rel` VALUES ('102023081734350036', '502023081767580035', '600201904002', '1001', '2023-08-17 10:55:35', '0');
INSERT INTO `p_privilege_rel` VALUES ('102023081755750005', '502023081770940004', '600201904002', '1001', '2023-08-17 09:02:32', '0');
INSERT INTO `p_privilege_rel` VALUES ('102023081844960003', '502023081803040002', '600201904002', '1001', '2023-08-18 11:03:42', '0');
INSERT INTO `p_privilege_rel` VALUES ('102023081874980006', '502023081865750005', '600201904002', '1001', '2023-08-18 11:04:30', '0');
INSERT INTO `p_privilege_rel` VALUES ('102023082144660004', '502023082122760003', '600201904002', '1001', '2023-08-21 13:32:18', '0');
INSERT INTO `p_privilege_rel` VALUES ('102023082200960004', '502023082214500003', '600201906007', '1001', '2023-08-22 10:49:41', '0');
INSERT INTO `p_privilege_rel` VALUES ('102023082343200013', '502023082348060012', '600201904002', '1001', '2023-08-23 09:05:14', '0');
INSERT INTO `p_privilege_rel` VALUES ('102023082347260004', '502023082382910003', '600201904002', '1001', '2023-08-23 13:43:22', '0');
INSERT INTO `p_privilege_rel` VALUES ('102023082495820023', '502023082436780022', '600201904002', '1001', '2023-08-24 16:12:19', '0');
INSERT INTO `p_privilege_rel` VALUES ('102023082497460031', '502023082455720030', '600201904002', '1001', '2023-08-24 15:03:37', '0');
INSERT INTO `p_privilege_rel` VALUES ('102023082801720003', '502023082887490002', '600201904002', '1001', '2023-08-28 10:21:43', '0');
INSERT INTO `p_privilege_rel` VALUES ('102023082967300003', '502023082990470002', '600201904002', '1001', '2023-08-29 09:27:35', '0');
INSERT INTO `p_privilege_rel` VALUES ('102023091563030008', '502023091546290007', '600201904002', '1001', '2023-09-15 10:20:09', '0');
INSERT INTO `p_privilege_rel` VALUES ('102023091847280041', '502023091863710040', '600201906005', '1001', '2023-09-18 15:37:13', '0');
INSERT INTO `p_privilege_rel` VALUES ('102023091906840013', '502023091938270012', '600201904002', '1001', '2023-09-19 08:58:20', '0');
INSERT INTO `p_privilege_rel` VALUES ('102023091923730006', '502023091957590005', '600201904002', '1001', '2023-09-19 11:44:14', '0');
INSERT INTO `p_privilege_rel` VALUES ('102023091923890007', '502023091922730006', '600201904002', '1001', '2023-09-19 08:55:58', '0');
INSERT INTO `p_privilege_rel` VALUES ('102023091979660010', '502023091990950009', '600201904002', '1001', '2023-09-19 08:57:24', '0');
INSERT INTO `p_privilege_rel` VALUES ('102023092119610008', '502023092192170007', '600201904002', '1001', '2023-09-21 01:53:36', '0');
INSERT INTO `p_privilege_rel` VALUES ('102023092127840003', '502023092151280002', '600201904002', '1001', '2023-09-21 00:21:01', '0');
INSERT INTO `p_privilege_rel` VALUES ('102023092186510031', '502023092125620030', '600201906005', '1001', '2023-09-21 14:14:53', '0');
INSERT INTO `p_privilege_rel` VALUES ('102023092191230005', '502023092114250004', '600201904002', '1001', '2023-09-21 13:21:24', '0');
INSERT INTO `p_privilege_rel` VALUES ('102023092199740006', '502023092139970005', '600201904002', '1001', '2023-09-21 17:30:15', '0');
INSERT INTO `p_privilege_rel` VALUES ('102023092202830004', '502023092285050003', '600201904002', '1001', '2023-09-22 14:46:16', '0');
INSERT INTO `p_privilege_rel` VALUES ('102023092204310009', '502023092274910008', '600201904002', '1001', '2023-09-22 10:07:41', '0');
INSERT INTO `p_privilege_rel` VALUES ('102023092259900006', '502023092278370005', '600201904002', '1001', '2023-09-22 10:06:05', '0');
INSERT INTO `p_privilege_rel` VALUES ('102023092264860003', '502023092239550002', '600201904002', '1001', '2023-09-22 10:04:49', '0');
INSERT INTO `p_privilege_rel` VALUES ('102023092737750032', '502023092798300031', '600201904002', '1001', '2023-09-27 09:55:38', '0');
INSERT INTO `p_privilege_rel` VALUES ('102023092741880003', '502023092785190002', '600201904002', '1001', '2023-09-27 16:35:17', '0');
INSERT INTO `p_privilege_rel` VALUES ('102023100819330008', '502023100842930007', '600201904002', '1001', '2023-10-08 09:08:16', '0');
INSERT INTO `p_privilege_rel` VALUES ('102023100912330003', '502023100980480002', '600201904002', '1001', '2023-10-09 08:35:33', '0');
INSERT INTO `p_privilege_rel` VALUES ('102023101767270010', '502023101725450009', '600201906005', '1001', '2023-10-17 16:17:42', '0');
INSERT INTO `p_privilege_rel` VALUES ('102023101829110003', '502023101868930002', '600201904002', '1001', '2023-10-18 08:43:54', '0');
INSERT INTO `p_privilege_rel` VALUES ('102023101896620010', '502023101854120009', '600201904002', '1001', '2023-10-18 10:48:20', '0');
INSERT INTO `p_privilege_rel` VALUES ('102023101925810017', '502023101916600016', '600201904002', '1001', '2023-10-19 11:47:48', '0');
INSERT INTO `p_privilege_rel` VALUES ('102023102067260003', '502023102016640002', '600201904002', '1001', '2023-10-20 10:07:48', '0');
INSERT INTO `p_privilege_rel` VALUES ('102023103011810003', '502023103067060002', '600201906005', '1001', '2023-10-30 09:40:37', '0');
INSERT INTO `p_privilege_rel` VALUES ('102023103014660005', '502023103048240004', '600201904002', '1001', '2023-10-30 00:20:25', '0');
INSERT INTO `p_privilege_rel` VALUES ('102023103022580044', '502023103026170043', '600201904002', '1001', '2023-10-30 04:44:00', '0');
INSERT INTO `p_privilege_rel` VALUES ('102023103072040014', '502023103006390013', '600201904002', '1001', '2023-10-30 01:33:29', '0');
INSERT INTO `p_privilege_rel` VALUES ('102023103080870048', '502023103033020047', '600201904002', '1001', '2023-10-30 04:47:22', '0');
INSERT INTO `p_privilege_rel` VALUES ('102023103082400037', '502023103095370036', '600201904002', '1001', '2023-10-30 04:40:27', '0');
INSERT INTO `p_privilege_rel` VALUES ('102023103103760003', '502023103139900002', '600201904002', '1001', '2023-10-31 14:48:34', '0');
INSERT INTO `p_privilege_rel` VALUES ('102023103129430003', '502023103192670002', '600201904002', '1001', '2023-10-31 08:41:51', '0');
INSERT INTO `p_privilege_rel` VALUES ('102023110117540006', '502023110179070005', '600201904002', '1001', '2023-11-01 16:21:21', '0');
INSERT INTO `p_privilege_rel` VALUES ('102023110150330003', '502023110119240002', '600201904002', '1001', '2023-11-01 16:20:16', '0');
INSERT INTO `p_privilege_rel` VALUES ('102023110626580008', '502023110668420007', '600201904002', '1001', '2023-11-06 00:04:47', '0');
INSERT INTO `p_privilege_rel` VALUES ('102023110645720010', '502023110622750009', '600201904002', '1001', '2023-11-06 00:46:28', '0');
INSERT INTO `p_privilege_rel` VALUES ('102023111813210011', '502023111878100010', '600201904002', '1001', '2023-11-18 04:01:29', '0');
INSERT INTO `p_privilege_rel` VALUES ('102023112290420003', '502023112205230002', '600201906005', '1001', '2023-11-22 11:36:24', '0');
INSERT INTO `p_privilege_rel` VALUES ('102023112304790003', '502023112327010002', '600201904002', '1001', '2023-11-23 11:43:24', '0');
INSERT INTO `p_privilege_rel` VALUES ('102023112339720009', '502023112379810008', '600201904002', '1001', '2023-11-23 09:10:33', '0');
INSERT INTO `p_privilege_rel` VALUES ('102023112404800057', '502023112458440056', '600201906005', '1001', '2023-11-24 17:23:50', '0');
INSERT INTO `p_privilege_rel` VALUES ('102023112442780004', '502023112477210003', '600201904002', '1001', '2023-11-24 00:10:29', '0');
INSERT INTO `p_privilege_rel` VALUES ('102023112448960003', '502023112450210002', '600201904002', '1001', '2023-11-24 17:20:42', '0');
INSERT INTO `p_privilege_rel` VALUES ('102023112499050008', '502023112434200007', '600201904002', '1001', '2023-11-24 00:55:49', '0');
INSERT INTO `p_privilege_rel` VALUES ('102023112593220025', '502023112529750024', '600201906005', '1001', '2023-11-25 13:36:14', '0');
INSERT INTO `p_privilege_rel` VALUES ('102023120150270004', '502023120100550003', '600201906005', '1001', '2023-12-01 11:54:48', '0');
INSERT INTO `p_privilege_rel` VALUES ('102023120465630053', '502023120423430052', '600201906005', '1001', '2023-12-04 11:51:32', '0');
INSERT INTO `p_privilege_rel` VALUES ('102023120545080019', '502023120512870018', '600201906005', '1001', '2023-12-05 15:42:36', '0');
INSERT INTO `p_privilege_rel` VALUES ('102023120559090025', '502023120554470024', '600201906005', '1001', '2023-12-05 11:55:22', '0');
INSERT INTO `p_privilege_rel` VALUES ('102023121196580021', '502023121149860020', '600201904002', '1001', '2023-12-11 16:18:41', '0');
INSERT INTO `p_privilege_rel` VALUES ('102023121216910003', '502023121209000002', '600201904002', '1001', '2023-12-12 10:16:53', '0');
INSERT INTO `p_privilege_rel` VALUES ('102023121434670017', '502023121481930016', '600201904002', '1001', '2023-12-14 12:33:51', '0');
INSERT INTO `p_privilege_rel` VALUES ('102023121479180004', '502023121436330003', '600201904002', '1001', '2023-12-14 16:36:36', '0');
INSERT INTO `p_privilege_rel` VALUES ('102023121490970006', '502023121472950005', '600201904002', '1001', '2023-12-14 14:22:00', '0');
INSERT INTO `p_privilege_rel` VALUES ('102023121868940014', '502023121895380013', '600201904002', '1001', '2023-12-18 22:04:17', '0');
INSERT INTO `p_privilege_rel` VALUES ('102023121877060003', '502023121859400002', '600201904002', '1001', '2023-12-18 19:17:49', '0');
INSERT INTO `p_privilege_rel` VALUES ('102023121883050007', '502023121828420006', '600201906005', '1001', '2023-12-18 23:39:17', '0');
INSERT INTO `p_privilege_rel` VALUES ('102023121942540009', '502023121937420008', '600201904002', '1001', '2023-12-19 11:45:20', '0');
INSERT INTO `p_privilege_rel` VALUES ('102023122017060004', '502023122063680003', '600201904002', '1001', '2023-12-20 01:44:51', '0');
INSERT INTO `p_privilege_rel` VALUES ('102023122019750015', '502023122041190014', '600201904002', '1001', '2023-12-20 19:27:29', '0');
INSERT INTO `p_privilege_rel` VALUES ('102023122090850013', '502023122080310012', '600201904002', '1001', '2023-12-20 09:55:24', '0');
INSERT INTO `p_privilege_rel` VALUES ('102023122144610004', '502023122157190003', '600201904002', '1001', '2023-12-21 11:26:23', '0');
INSERT INTO `p_privilege_rel` VALUES ('102023122181010005', '502023122133950004', '600201904002', '1001', '2023-12-21 13:45:58', '0');
INSERT INTO `p_privilege_rel` VALUES ('102024012404160010', '502024012427440009', '600201904002', '1001', '2024-01-24 14:50:07', '0');
INSERT INTO `p_privilege_rel` VALUES ('102024012458130013', '502024012442860012', '600201904002', '1001', '2024-01-24 17:07:17', '0');
INSERT INTO `p_privilege_rel` VALUES ('102024012464540011', '502024012423030010', '600201904002', '1001', '2024-01-24 18:13:19', '0');
INSERT INTO `p_privilege_rel` VALUES ('102024012483450017', '502024012432360016', '600201904002', '1001', '2024-01-24 18:40:49', '0');
INSERT INTO `p_privilege_rel` VALUES ('102024013111770007', '502024013161360006', '600201904002', '1001', '2024-01-31 10:52:59', '0');
INSERT INTO `p_privilege_rel` VALUES ('102024013137950011', '502024013184820010', '600201904002', '1001', '2024-01-31 12:03:33', '0');
INSERT INTO `p_privilege_rel` VALUES ('102024022956500080', '502024022947660079', '600201906005', '1001', '2024-02-29 02:16:07', '0');
INSERT INTO `p_privilege_rel` VALUES ('102024022956950042', '502024022955330041', '600201904002', '1001', '2024-02-29 12:23:55', '0');
INSERT INTO `p_privilege_rel` VALUES ('102024022959960014', '502024022923260013', '600201904002', '1001', '2024-02-29 17:21:18', '0');
INSERT INTO `p_privilege_rel` VALUES ('102024030180420019', '502024030158060018', '600201904002', '1001', '2024-03-01 19:46:18', '0');
INSERT INTO `p_privilege_rel` VALUES ('102024030317970051', '502024030329350050', '600201904002', '1001', '2024-03-03 23:54:58', '0');
INSERT INTO `p_privilege_rel` VALUES ('102024030318710047', '502024030398460046', '600201904002', '1001', '2024-03-03 23:44:42', '0');
INSERT INTO `p_privilege_rel` VALUES ('102024030330440057', '502024030341830056', '600201904002', '1001', '2024-03-03 23:57:21', '0');
INSERT INTO `p_privilege_rel` VALUES ('102024030348860053', '502024030379430052', '600201904002', '1001', '2024-03-03 23:56:05', '0');
INSERT INTO `p_privilege_rel` VALUES ('102024030366960045', '502024030325550044', '600201904002', '1001', '2024-03-03 23:44:09', '0');
INSERT INTO `p_privilege_rel` VALUES ('102024030373420049', '502024030326130048', '600201904002', '1001', '2024-03-03 23:45:31', '0');
INSERT INTO `p_privilege_rel` VALUES ('102024030379610055', '502024030362420054', '600201904002', '1001', '2024-03-03 23:56:43', '0');
INSERT INTO `p_privilege_rel` VALUES ('102024030391130059', '502024030355080058', '600201904002', '1001', '2024-03-03 23:57:47', '0');
INSERT INTO `p_privilege_rel` VALUES ('102024030405640111', '502024030444500110', '600201904002', '1001', '2024-03-04 01:05:32', '0');
INSERT INTO `p_privilege_rel` VALUES ('102024030406460117', '502024030471400116', '600201904002', '1001', '2024-03-04 01:14:08', '0');
INSERT INTO `p_privilege_rel` VALUES ('102024030409510103', '502024030413890102', '600201904002', '1001', '2024-03-04 01:00:30', '0');
INSERT INTO `p_privilege_rel` VALUES ('102024030411900089', '502024030476530088', '600201904002', '1001', '2024-03-04 00:45:31', '0');
INSERT INTO `p_privilege_rel` VALUES ('102024030412730069', '502024030454710068', '600201904002', '1001', '2024-03-04 00:12:23', '0');
INSERT INTO `p_privilege_rel` VALUES ('102024030422040067', '502024030416050066', '600201904002', '1001', '2024-03-04 00:12:05', '0');
INSERT INTO `p_privilege_rel` VALUES ('102024030425400079', '502024030432680078', '600201904002', '1001', '2024-03-04 00:39:47', '0');
INSERT INTO `p_privilege_rel` VALUES ('102024030426070073', '502024030461900072', '600201904002', '1001', '2024-03-04 00:21:17', '0');
INSERT INTO `p_privilege_rel` VALUES ('102024030426510087', '502024030417270086', '600201904002', '1001', '2024-03-04 00:44:46', '0');
INSERT INTO `p_privilege_rel` VALUES ('102024030431180099', '502024030434510098', '600201904002', '1001', '2024-03-04 00:57:13', '0');
INSERT INTO `p_privilege_rel` VALUES ('102024030431700097', '502024030435620096', '600201904002', '1001', '2024-03-04 00:56:30', '0');
INSERT INTO `p_privilege_rel` VALUES ('102024030432920105', '502024030445920104', '600201904002', '1001', '2024-03-04 01:02:05', '0');
INSERT INTO `p_privilege_rel` VALUES ('102024030432970113', '502024030477610112', '600201904002', '1001', '2024-03-04 01:10:24', '0');
INSERT INTO `p_privilege_rel` VALUES ('102024030434640065', '502024030420150064', '600201904002', '1001', '2024-03-04 00:11:01', '0');
INSERT INTO `p_privilege_rel` VALUES ('102024030436980121', '502024030453950120', '600201904002', '1001', '2024-03-04 01:24:43', '0');
INSERT INTO `p_privilege_rel` VALUES ('102024030439370081', '502024030468070080', '600201904002', '1001', '2024-03-04 00:41:44', '0');
INSERT INTO `p_privilege_rel` VALUES ('102024030439590077', '502024030469480076', '600201904002', '1001', '2024-03-04 00:22:42', '0');
INSERT INTO `p_privilege_rel` VALUES ('102024030439910063', '502024030408990062', '600201904002', '1001', '2024-03-04 00:10:30', '0');
INSERT INTO `p_privilege_rel` VALUES ('102024030444780109', '502024030461540108', '600201904002', '1001', '2024-03-04 01:04:28', '0');
INSERT INTO `p_privilege_rel` VALUES ('102024030449910125', '502024030400040124', '600201904002', '1001', '2024-03-04 01:26:02', '0');
INSERT INTO `p_privilege_rel` VALUES ('102024030456080101', '502024030483540100', '600201904002', '1001', '2024-03-04 00:58:31', '0');
INSERT INTO `p_privilege_rel` VALUES ('102024030463340085', '502024030417470084', '600201904002', '1001', '2024-03-04 00:44:10', '0');
INSERT INTO `p_privilege_rel` VALUES ('102024030469080075', '502024030466060074', '600201904002', '1001', '2024-03-04 00:21:53', '0');
INSERT INTO `p_privilege_rel` VALUES ('102024030473870115', '502024030472060114', '600201904002', '1001', '2024-03-04 01:11:36', '0');
INSERT INTO `p_privilege_rel` VALUES ('102024030475740119', '502024030404460118', '600201904002', '1001', '2024-03-04 01:15:10', '0');
INSERT INTO `p_privilege_rel` VALUES ('102024030481700107', '502024030493380106', '600201904002', '1001', '2024-03-04 01:03:15', '0');
INSERT INTO `p_privilege_rel` VALUES ('102024030486870123', '502024030499740122', '600201904002', '1001', '2024-03-04 01:25:19', '0');
INSERT INTO `p_privilege_rel` VALUES ('102024030487080061', '502024030465970060', '600201904002', '1001', '2024-03-04 00:09:06', '0');
INSERT INTO `p_privilege_rel` VALUES ('102024030494590071', '502024030451430070', '600201904002', '1001', '2024-03-04 00:20:10', '0');
INSERT INTO `p_privilege_rel` VALUES ('102024030497390083', '502024030413240082', '600201904002', '1001', '2024-03-04 00:42:21', '0');
INSERT INTO `p_privilege_rel` VALUES ('102024030523090031', '502024030512940030', '600201906005', '1001', '2024-03-05 22:05:05', '0');
INSERT INTO `p_privilege_rel` VALUES ('102024030568140020', '502024030588990019', '600201904002', '1001', '2024-03-05 22:46:06', '0');
INSERT INTO `p_privilege_rel` VALUES ('102024030778150160', '502024030782510159', '600201904002', '1001', '2024-03-07 18:43:23', '0');
INSERT INTO `p_privilege_rel` VALUES ('10938', '502020100477560041', '600201906007', '1001', '2020-10-04 23:19:33', '0');
INSERT INTO `p_privilege_rel` VALUES ('111', '500201907032', '600201906007', '1001', '2019-08-10 09:52:13', '0');
INSERT INTO `p_privilege_rel` VALUES ('113', '500201908034', '600201906007', '1001', '2019-08-13 11:33:58', '0');
INSERT INTO `p_privilege_rel` VALUES ('114', '500201908035', '600201906007', '1001', '2019-08-19 12:16:34', '0');
INSERT INTO `p_privilege_rel` VALUES ('115', '500201908036', '600201906007', '1001', '2019-08-19 12:16:34', '0');
INSERT INTO `p_privilege_rel` VALUES ('117', '502019082521880003', '600201906007', '1001', '2019-08-25 10:41:16', '0');
INSERT INTO `p_privilege_rel` VALUES ('119', '502019083153490001', '600201906007', '1001', '2019-08-31 14:39:06', '0');
INSERT INTO `p_privilege_rel` VALUES ('124', '502019090149430005', '600201906007', '1001', '2019-09-01 14:14:08', '0');
INSERT INTO `p_privilege_rel` VALUES ('125', '502019090260990002', '600201906007', '1001', '2019-09-02 12:35:51', '0');
INSERT INTO `p_privilege_rel` VALUES ('126', '502019090277380001', '600201906007', '1001', '2019-09-02 15:33:31', '0');
INSERT INTO `p_privilege_rel` VALUES ('17578', '502020111627880006', '600201906007', '1001', '2020-11-16 01:09:05', '0');
INSERT INTO `p_privilege_rel` VALUES ('21544', '502020120765630299', '600201906007', '1001', '2020-12-07 18:14:35', '0');
INSERT INTO `p_privilege_rel` VALUES ('29176', '502021031645040072', '600201906007', '1001', '2021-03-16 11:14:16', '0');
INSERT INTO `p_privilege_rel` VALUES ('31474', '502021041077920105', '600201906007', '1001', '2021-04-10 22:07:21', '0');
INSERT INTO `p_privilege_rel` VALUES ('36874', '502021060583310095', '600201906007', '1001', '2021-06-05 15:38:42', '0');
INSERT INTO `p_privilege_rel` VALUES ('38', '500201906023', '600201906007', '1001', '2019-06-19 16:13:32', '0');
INSERT INTO `p_privilege_rel` VALUES ('41374', '502021080561750004', '600201906007', '1001', '2021-08-05 19:09:43', '0');
INSERT INTO `p_privilege_rel` VALUES ('4143', '502020073172490003', '600201906007', '1001', '2020-07-31 13:30:23', '0');
INSERT INTO `p_privilege_rel` VALUES ('4144', '502020073133960005', '600201906007', '1001', '2020-07-31 13:31:59', '0');
INSERT INTO `p_privilege_rel` VALUES ('4145', '502020073158140002', '600201906007', '1001', '2020-07-31 13:41:05', '0');
INSERT INTO `p_privilege_rel` VALUES ('4485', '502020081431630210', '600201906007', '1001', '2020-08-14 22:17:25', '0');
INSERT INTO `p_privilege_rel` VALUES ('4486', '502020081421160220', '600201906007', '1001', '2020-08-14 23:22:48', '0');
INSERT INTO `p_privilege_rel` VALUES ('46786', '502021091295510202', '600201906007', '1001', '2021-09-12 15:48:39', '0');
INSERT INTO `p_privilege_rel` VALUES ('53598', '502021110374581810', '600201906007', '1001', '2021-11-03 20:38:49', '0');
INSERT INTO `p_privilege_rel` VALUES ('54455', '502021110974670127', '600201906007', '1001', '2021-11-09 14:38:40', '0');
INSERT INTO `p_privilege_rel` VALUES ('55280', '502021111280010376', '600201906007', '1001', '2021-11-12 09:03:45', '0');
INSERT INTO `p_privilege_rel` VALUES ('55281', '502021111231120406', '600201906007', '1001', '2021-11-12 10:00:34', '0');
INSERT INTO `p_privilege_rel` VALUES ('55493', '502021111404460005', '600201906007', '1001', '2021-11-14 23:44:49', '0');
INSERT INTO `p_privilege_rel` VALUES ('55533', '502021111570580056', '600201906007', '1001', '2021-11-15 15:41:46', '0');
INSERT INTO `p_privilege_rel` VALUES ('55534', '502021111542570057', '600201906007', '1001', '2021-11-15 15:42:51', '0');
INSERT INTO `p_privilege_rel` VALUES ('55535', '502021111540820058', '600201906007', '1001', '2021-11-15 15:43:29', '0');
INSERT INTO `p_privilege_rel` VALUES ('55536', '502021111596180059', '600201906007', '1001', '2021-11-15 15:44:46', '0');
INSERT INTO `p_privilege_rel` VALUES ('55537', '502021111570920060', '600201906007', '1001', '2021-11-15 15:45:13', '0');
INSERT INTO `p_privilege_rel` VALUES ('55538', '502021111562530061', '600201906007', '1001', '2021-11-15 15:45:53', '0');
INSERT INTO `p_privilege_rel` VALUES ('55552', '502021111540930062', '600201906007', '1001', '2021-11-15 15:48:44', '0');
INSERT INTO `p_privilege_rel` VALUES ('55553', '502021111510430063', '600201906007', '1001', '2021-11-15 15:49:22', '0');
INSERT INTO `p_privilege_rel` VALUES ('55554', '502021111540410070', '600201906007', '1001', '2021-11-15 16:08:32', '0');
INSERT INTO `p_privilege_rel` VALUES ('55555', '502021111563500071', '600201906007', '1001', '2021-11-15 16:09:20', '0');
INSERT INTO `p_privilege_rel` VALUES ('55556', '502021111510210072', '600201906007', '1001', '2021-11-15 16:10:03', '0');
INSERT INTO `p_privilege_rel` VALUES ('55557', '502021111565780073', '600201906007', '1001', '2021-11-15 16:15:28', '0');
INSERT INTO `p_privilege_rel` VALUES ('55558', '502021111565140074', '600201906007', '1001', '2021-11-15 16:15:55', '0');
INSERT INTO `p_privilege_rel` VALUES ('55559', '502021111542850075', '600201906007', '1001', '2021-11-15 16:17:04', '0');
INSERT INTO `p_privilege_rel` VALUES ('55560', '502021111560550082', '600201906007', '1001', '2021-11-15 16:41:55', '0');
INSERT INTO `p_privilege_rel` VALUES ('55696', '502021111542140083', '600201906007', '1001', '2021-11-15 16:44:37', '0');
INSERT INTO `p_privilege_rel` VALUES ('55697', '502021111594010084', '600201906007', '1001', '2021-11-15 16:47:01', '0');
INSERT INTO `p_privilege_rel` VALUES ('55698', '502021111517720085', '600201906007', '1001', '2021-11-15 16:47:34', '0');
INSERT INTO `p_privilege_rel` VALUES ('55699', '502021111559700088', '600201906007', '1001', '2021-11-15 16:48:26', '0');
INSERT INTO `p_privilege_rel` VALUES ('55700', '502021111504290091', '600201906007', '1001', '2021-11-15 16:49:36', '0');
INSERT INTO `p_privilege_rel` VALUES ('55701', '502021111538930243', '600201906007', '1001', '2021-11-15 16:57:21', '0');
INSERT INTO `p_privilege_rel` VALUES ('55702', '502021111575780246', '600201906007', '1001', '2021-11-15 16:58:42', '0');
INSERT INTO `p_privilege_rel` VALUES ('55703', '502021111501470249', '600201906007', '1001', '2021-11-15 16:59:30', '0');
INSERT INTO `p_privilege_rel` VALUES ('55704', '502021111503660250', '600201906007', '1001', '2021-11-15 17:00:53', '0');
INSERT INTO `p_privilege_rel` VALUES ('55705', '502021111531030252', '600201906007', '1001', '2021-11-15 17:01:34', '0');
INSERT INTO `p_privilege_rel` VALUES ('55706', '502021111575090253', '600201906007', '1001', '2021-11-15 17:02:00', '0');
INSERT INTO `p_privilege_rel` VALUES ('55707', '502021111577680254', '600201906007', '1001', '2021-11-15 17:02:55', '0');
INSERT INTO `p_privilege_rel` VALUES ('55709', '502021111558720257', '600201906007', '1001', '2021-11-15 17:05:03', '0');
INSERT INTO `p_privilege_rel` VALUES ('55710', '502021111514690259', '600201906007', '1001', '2021-11-15 17:05:48', '0');
INSERT INTO `p_privilege_rel` VALUES ('55711', '502021111592830260', '600201906007', '1001', '2021-11-15 17:06:28', '0');
INSERT INTO `p_privilege_rel` VALUES ('55713', '502021111570020263', '600201906007', '1001', '2021-11-15 17:14:38', '0');
INSERT INTO `p_privilege_rel` VALUES ('55714', '502021111598200264', '600201906007', '1001', '2021-11-15 17:15:01', '0');
INSERT INTO `p_privilege_rel` VALUES ('55715', '502021111541150265', '600201906007', '1001', '2021-11-15 17:15:59', '0');
INSERT INTO `p_privilege_rel` VALUES ('55717', '502021111556820267', '600201906007', '1001', '2021-11-15 17:18:33', '0');
INSERT INTO `p_privilege_rel` VALUES ('55718', '502021111591850268', '600201906007', '1001', '2021-11-15 17:19:00', '0');
INSERT INTO `p_privilege_rel` VALUES ('55719', '502021111599410269', '600201906007', '1001', '2021-11-15 17:19:31', '0');
INSERT INTO `p_privilege_rel` VALUES ('55721', '502021111509280272', '600201906007', '1001', '2021-11-15 17:21:59', '0');
INSERT INTO `p_privilege_rel` VALUES ('55722', '502021111542240273', '600201906007', '1001', '2021-11-15 17:22:31', '0');
INSERT INTO `p_privilege_rel` VALUES ('55723', '502021111529750274', '600201906007', '1001', '2021-11-15 17:22:54', '0');
INSERT INTO `p_privilege_rel` VALUES ('56670', '502021112492100038', '600201906007', '1001', '2021-11-24 14:58:46', '0');
INSERT INTO `p_privilege_rel` VALUES ('61', '500201904001', '600201906007', '1001', '2019-04-19 08:05:29', '0');
INSERT INTO `p_privilege_rel` VALUES ('64', '500201904008', '600201906007', '1001', '2019-04-19 08:05:29', '0');
INSERT INTO `p_privilege_rel` VALUES ('65', '500201904009', '600201906007', '1001', '2019-04-19 08:05:29', '0');
INSERT INTO `p_privilege_rel` VALUES ('69146', '502022022699820647', '600201906007', '1001', '2022-02-26 10:32:55', '0');
INSERT INTO `p_privilege_rel` VALUES ('71538', '502022070752510038', '600201906007', '1001', '2022-07-07 09:26:35', '0');
INSERT INTO `p_privilege_rel` VALUES ('71732', '502022081711010004', '600201906007', '1001', '2022-08-17 00:15:09', '0');
INSERT INTO `p_privilege_rel` VALUES ('74518', '502023011023480002', '600201906007', '1001', '2023-01-10 17:20:57', '0');
INSERT INTO `p_privilege_rel` VALUES ('74746', '502023012957620005', '600201906007', '1001', '2023-01-29 14:38:19', '0');
INSERT INTO `p_privilege_rel` VALUES ('80', '500201906026', '600201906007', '1001', '2019-04-19 08:05:29', '0');
INSERT INTO `p_privilege_rel` VALUES ('81', '500201906027', '600201906007', '1001', '2019-04-19 08:05:29', '0');
INSERT INTO `p_privilege_rel` VALUES ('82', '500201906028', '600201906007', '1001', '2019-07-07 16:46:03', '0');
INSERT INTO `p_privilege_rel` VALUES ('83', '500201906029', '600201906007', '1001', '2019-07-07 16:46:03', '0');
INSERT INTO `p_privilege_rel` VALUES ('84', '500201907030', '600201906007', '1001', '2019-07-11 11:47:32', '0');
INSERT INTO `p_privilege_rel` VALUES ('842023021434650001', '502023021400300013', '102023021406960001', '2002', '2023-02-14 17:59:33', '1');
INSERT INTO `p_privilege_rel` VALUES ('842023021460590002', '502023021400300013', '102023021406960001', '2002', '2023-02-14 17:59:55', '0');
INSERT INTO `p_privilege_rel` VALUES ('842024021905160293', '502023092139970005', '102023021406960001', '2002', '2024-02-19 12:04:09', '0');
INSERT INTO `p_privilege_rel` VALUES ('842024021907550288', '502023081865750005', '102023021406960001', '2002', '2024-02-19 12:04:09', '0');
INSERT INTO `p_privilege_rel` VALUES ('842024021909240276', '502023021400300013', '102023021406960001', '2002', '2024-02-19 12:04:05', '1');
INSERT INTO `p_privilege_rel` VALUES ('842024021921010277', '502023081553490002', '102023021406960001', '2002', '2024-02-19 12:04:05', '1');
INSERT INTO `p_privilege_rel` VALUES ('842024021921590294', '502023092274910008', '102023021406960001', '2002', '2024-02-19 12:04:09', '0');
INSERT INTO `p_privilege_rel` VALUES ('842024021924940290', '502023081767580035', '102023021406960001', '2002', '2024-02-19 12:04:09', '0');
INSERT INTO `p_privilege_rel` VALUES ('842024021930590281', '502023092114250004', '102023021406960001', '2002', '2024-02-19 12:04:08', '0');
INSERT INTO `p_privilege_rel` VALUES ('842024021935980282', '502023091957590005', '102023021406960001', '2002', '2024-02-19 12:04:08', '0');
INSERT INTO `p_privilege_rel` VALUES ('842024021937210286', '502023082348060012', '102023021406960001', '2002', '2024-02-19 12:04:08', '0');
INSERT INTO `p_privilege_rel` VALUES ('842024021939680292', '502023122157190003', '102023021406960001', '2002', '2024-02-19 12:04:09', '0');
INSERT INTO `p_privilege_rel` VALUES ('842024021950060284', '502023121472950005', '102023021406960001', '2002', '2024-02-19 12:04:08', '0');
INSERT INTO `p_privilege_rel` VALUES ('842024021957360280', '502023092151280002', '102023021406960001', '2002', '2024-02-19 12:04:08', '0');
INSERT INTO `p_privilege_rel` VALUES ('842024021961010283', '502023121481930016', '102023021406960001', '2002', '2024-02-19 12:04:08', '0');
INSERT INTO `p_privilege_rel` VALUES ('842024021963310279', '502023092285050003', '102023021406960001', '2002', '2024-02-19 12:04:08', '0');
INSERT INTO `p_privilege_rel` VALUES ('842024021969500278', '502023092192170007', '102023021406960001', '2002', '2024-02-19 12:04:08', '0');
INSERT INTO `p_privilege_rel` VALUES ('842024021974580285', '502023082382910003', '102023021406960001', '2002', '2024-02-19 12:04:08', '0');
INSERT INTO `p_privilege_rel` VALUES ('842024021977280291', '502023081681540003', '102023021406960001', '2002', '2024-02-19 12:04:09', '0');
INSERT INTO `p_privilege_rel` VALUES ('842024021988400295', '502023092278370005', '102023021406960001', '2002', '2024-02-19 12:04:09', '0');
INSERT INTO `p_privilege_rel` VALUES ('842024021991970289', '502023081803040002', '102023021406960001', '2002', '2024-02-19 12:04:09', '0');
INSERT INTO `p_privilege_rel` VALUES ('842024021995430287', '502023121436330003', '102023021406960001', '2002', '2024-02-19 12:04:09', '0');
INSERT INTO `p_privilege_rel` VALUES ('842024022003840691', '502023081501740010', '102023021406960001', '2002', '2024-02-20 14:31:32', '0');
INSERT INTO `p_privilege_rel` VALUES ('842024022008820678', '502023111878100010', '102023021406960001', '2002', '2024-02-20 14:31:31', '1');
INSERT INTO `p_privilege_rel` VALUES ('842024022014450690', '502023122041190014', '102023021406960001', '2002', '2024-02-20 14:31:32', '0');
INSERT INTO `p_privilege_rel` VALUES ('842024022014560689', '502023122063680003', '102023021406960001', '2002', '2024-02-20 14:31:32', '0');
INSERT INTO `p_privilege_rel` VALUES ('842024022019170681', '502023081770940004', '102023021406960001', '2002', '2024-02-20 14:31:32', '0');
INSERT INTO `p_privilege_rel` VALUES ('842024022029500679', '502023021633790007', '102023021406960001', '2002', '2024-02-20 14:31:31', '1');
INSERT INTO `p_privilege_rel` VALUES ('842024022070950680', '502023021692680009', '102023021406960001', '2002', '2024-02-20 14:31:31', '1');
INSERT INTO `p_privilege_rel` VALUES ('842024022074960683', '502023121149860020', '102023021406960001', '2002', '2024-02-20 14:31:32', '0');
INSERT INTO `p_privilege_rel` VALUES ('842024022076340684', '502023121209000002', '102023021406960001', '2002', '2024-02-20 14:31:32', '0');
INSERT INTO `p_privilege_rel` VALUES ('842024022077860693', '502023081608800014', '102023021406960001', '2002', '2024-02-20 14:31:32', '0');
INSERT INTO `p_privilege_rel` VALUES ('842024022078350688', '502023122080310012', '102023021406960001', '2002', '2024-02-20 14:31:32', '0');
INSERT INTO `p_privilege_rel` VALUES ('842024022078480682', '502023082122760003', '102023021406960001', '2002', '2024-02-20 14:31:32', '0');
INSERT INTO `p_privilege_rel` VALUES ('842024022079060692', '502023081503050008', '102023021406960001', '2002', '2024-02-20 14:31:32', '0');
INSERT INTO `p_privilege_rel` VALUES ('842024022083020687', '502023081597020006', '102023021406960001', '2002', '2024-02-20 14:31:32', '0');
INSERT INTO `p_privilege_rel` VALUES ('842024022085600686', '502023121895380013', '102023021406960001', '2002', '2024-02-20 14:31:32', '0');
INSERT INTO `p_privilege_rel` VALUES ('842024022087320685', '502023121859400002', '102023021406960001', '2002', '2024-02-20 14:31:32', '0');
INSERT INTO `p_privilege_rel` VALUES ('842024022111680813', '502023101868930002', '102023021406960001', '2002', '2024-02-21 11:30:57', '1');
INSERT INTO `p_privilege_rel` VALUES ('842024022135250886', '502023021400300013', '102023021406960001', '2002', '2024-02-21 18:13:40', '1');
INSERT INTO `p_privilege_rel` VALUES ('842024022143660884', '502023021400300013', '102023021406960001', '2002', '2024-02-21 18:13:36', '1');
INSERT INTO `p_privilege_rel` VALUES ('842024022146340812', '502023101854120009', '102023021406960001', '2002', '2024-02-21 11:30:57', '1');
INSERT INTO `p_privilege_rel` VALUES ('842024022165330814', '502023101916600016', '102023021406960001', '2002', '2024-02-21 11:30:57', '1');
INSERT INTO `p_privilege_rel` VALUES ('842024022180590885', '502023081553490002', '102023021406960001', '2002', '2024-02-21 18:13:36', '1');
INSERT INTO `p_privilege_rel` VALUES ('842024022191460815', '502023102016640002', '102023021406960001', '2002', '2024-02-21 11:30:57', '1');
INSERT INTO `p_privilege_rel` VALUES ('842024022304881258', '502023021692680009', '102023021406960001', '2002', '2024-02-23 09:16:00', '0');
INSERT INTO `p_privilege_rel` VALUES ('842024022365671257', '502023021633790007', '102023021406960001', '2002', '2024-02-23 09:16:00', '0');
INSERT INTO `p_privilege_rel` VALUES ('842024022383541259', '502023111878100010', '102023021406960001', '2002', '2024-02-23 09:16:00', '0');

-- ----------------------------
-- Table structure for p_privilege_user
-- ----------------------------
DROP TABLE IF EXISTS `p_privilege_user`;
CREATE TABLE `p_privilege_user` (
  `pu_id` varchar(30) NOT NULL COMMENT '主键ID',
  `p_id` varchar(30) NOT NULL COMMENT '权限标志 是 1是权限组 0是权限',
  `privilege_flag` varchar(4) NOT NULL DEFAULT '0' COMMENT '权限标志 是 1是权限组 0是权限',
  `user_id` varchar(30) NOT NULL COMMENT '用户ID',
  `create_time` timestamp NOT NULL DEFAULT CURRENT_TIMESTAMP COMMENT '创建时间',
  `status_cd` varchar(2) NOT NULL DEFAULT '0' COMMENT '数据状态，详细参考c_status表，0在用，1失效',
  `store_id` varchar(30) NOT NULL COMMENT '商户ID',
  PRIMARY KEY (`pu_id`),
  UNIQUE KEY `pu_id` (`pu_id`) USING BTREE,
  KEY `index_user_id` (`user_id`) USING BTREE
) ENGINE=InnoDB DEFAULT CHARSET=utf8mb4 COLLATE=utf8mb4_0900_ai_ci;

-- ----------------------------
-- Records of p_privilege_user
-- ----------------------------
INSERT INTO `p_privilege_user` VALUES ('102023021487640008', '600201904002', '1', '302023021495090004', '2023-02-14 00:53:39', '0', '102023021497100001');
INSERT INTO `p_privilege_user` VALUES ('102023021489340008', '600201904002', '1', '302023021402690004', '2023-02-14 01:43:58', '0', '102023021412090001');
INSERT INTO `p_privilege_user` VALUES ('102023021635540003', '102023021406960001', '1', '302023021479540001', '2023-02-16 00:03:07', '1', '102023021497100001');
INSERT INTO `p_privilege_user` VALUES ('102023021695930004', '102023021406960001', '1', '302023021479540001', '2023-02-16 00:05:08', '0', '102023021497100001');
INSERT INTO `p_privilege_user` VALUES ('102023103024540021', '600201906009', '1', '302023103086860009', '2023-10-30 04:36:10', '0', '102023103012560007');
INSERT INTO `p_privilege_user` VALUES ('102023103074280051', '600201906009', '1', '302023103002190039', '2023-10-30 04:16:14', '0', '102023103080230037');
INSERT INTO `p_privilege_user` VALUES ('102024012253110021', '600201904002', '1', '302024012273480017', '2024-01-22 15:12:09', '0', '102024012228150026');
INSERT INTO `p_privilege_user` VALUES ('102024012276070006', '600201904002', '1', '302024012204210002', '2024-01-22 12:38:41', '0', '10202305221014329108000168');
INSERT INTO `p_privilege_user` VALUES ('102024022072700541', '600201904002', '1', '302024022009650537', '2024-02-20 09:38:35', '0', '102024021989652505');
INSERT INTO `p_privilege_user` VALUES ('102024022600752441', '600201904002', '1', '302024022622672433', '2024-02-26 13:53:10', '0', '102024022670762427');
INSERT INTO `p_privilege_user` VALUES ('102024022611362795', '600201904002', '1', '302024022653532791', '2024-02-26 14:35:16', '0', '102024022665340089');
INSERT INTO `p_privilege_user` VALUES ('102024022674732370', '600201904002', '1', '302024022600382362', '2024-02-26 13:30:54', '0', '102024022602012356');
INSERT INTO `p_privilege_user` VALUES ('42', '600201906007', '1', '30520751775595118592', '2019-04-01 08:37:00', '0', '400000000000000002');
INSERT INTO `p_privilege_user` VALUES ('43', '600201906005', '1', '30518939884421922816', '2019-04-01 08:37:00', '0', '400000000000000001');

-- ----------------------------
-- Table structure for parking_area
-- ----------------------------
DROP TABLE IF EXISTS `parking_area`;
CREATE TABLE `parking_area` (
  `pa_id` varchar(30) NOT NULL COMMENT '停车场ID',
  `community_id` varchar(30) NOT NULL COMMENT '小区ID',
  `num` varchar(12) NOT NULL COMMENT '停车场编号',
  `type_cd` varchar(12) NOT NULL COMMENT '停车场类型，1001 地上停车场 2001 地下停车场',
  `remark` varchar(300) DEFAULT NULL COMMENT '备注',
  `ext_pa_id` varchar(64) DEFAULT NULL COMMENT '三方停车场ID',
  `create_time` timestamp NOT NULL DEFAULT CURRENT_TIMESTAMP COMMENT '创建时间',
  `status_cd` varchar(2) NOT NULL DEFAULT '0' COMMENT '数据状态，详细参考c_status表，S 保存，0, 在用 1失效',
  UNIQUE KEY `pa_id` (`pa_id`) USING BTREE
) ENGINE=InnoDB DEFAULT CHARSET=utf8mb4 COLLATE=utf8mb4_0900_ai_ci;

-- ----------------------------
-- Records of parking_area
-- ----------------------------
INSERT INTO `parking_area` VALUES ('102023061679340015', '2023052267100146', '1', '1001', '导入数据', null, '2024-02-15 16:47:05', '0');
INSERT INTO `parking_area` VALUES ('102023082372840004', '102023021386560001', '3', '1001', '', '', '2023-08-23 09:10:24', '1');
INSERT INTO `parking_area` VALUES ('102023082384250002', '102023021386560001', '2', '1001', '1', '1', '2023-08-23 09:07:59', '0');
INSERT INTO `parking_area` VALUES ('102023092143870036', '102023021386560001', '1', '1001', '1', '2', '2023-09-21 00:34:47', '0');
INSERT INTO `parking_area` VALUES ('102024012226070099', '2024012252790005', 'A1', '1001', '导入数据', null, '2024-01-22 15:12:11', '0');
INSERT INTO `parking_area` VALUES ('102024020823240095', '2023062100700008', '111', '1001', '导入数据', null, '2024-02-08 02:09:57', '0');
INSERT INTO `parking_area` VALUES ('102024021509840019', '2023052267100146', 'P3', '1001', '', '123123', '2024-02-15 09:52:41', '0');
INSERT INTO `parking_area` VALUES ('102024021932190140', '2023052267100146', 'P1', '1001', '', '', '2024-02-19 10:17:06', '0');
INSERT INTO `parking_area` VALUES ('102024022124196600', '2023052267100146', '52', '1001', '导入数据', null, '2024-02-26 09:55:16', '0');

-- ----------------------------
-- Table structure for parking_box
-- ----------------------------
DROP TABLE IF EXISTS `parking_box`;
CREATE TABLE `parking_box` (
  `box_id` varchar(30) NOT NULL COMMENT '岗亭ID',
  `box_name` varchar(64) NOT NULL COMMENT '岗亭名称',
  `community_id` varchar(30) NOT NULL COMMENT '小区ID',
  `temp_car_in` varchar(12) NOT NULL COMMENT '临时车是否进场 Y 进场 N 不进场',
  `fee` varchar(12) NOT NULL DEFAULT 'Y' COMMENT '岗亭是否 收费，主要考虑 岗亭嵌套问题 Y 收费 N 不收费',
  `blue_car_in` varchar(12) NOT NULL COMMENT '蓝牌车是否可以进场 Y 进场 N 不进场',
  `yelow_car_in` varchar(12) NOT NULL COMMENT '黄牌车是否可以进场 Y 进场 N 不进场',
  `remark` varchar(300) DEFAULT NULL COMMENT '备注',
  `create_time` timestamp NOT NULL DEFAULT CURRENT_TIMESTAMP COMMENT '创建时间',
  `status_cd` varchar(2) NOT NULL DEFAULT '0' COMMENT '数据状态，详细参考c_status表，S 保存，0, 在用 1失效',
  `temp_auth` varchar(12) NOT NULL DEFAULT 'N' COMMENT '临时车进入是否审核 Y 需要 N 不需',
  PRIMARY KEY (`box_id`)
) ENGINE=InnoDB DEFAULT CHARSET=utf8mb4 COLLATE=utf8mb4_0900_ai_ci;

-- ----------------------------
-- Records of parking_box
-- ----------------------------
INSERT INTO `parking_box` VALUES ('102023092124800021', '0012', '102023021386560001', 'Y', 'Y', 'Y', 'Y', '是', '2023-09-21 00:30:13', '1', 'Y');
INSERT INTO `parking_box` VALUES ('102023092180170031', '001', '102023021386560001', 'Y', 'Y', 'Y', 'Y', '试试', '2023-09-21 00:31:25', '1', 'Y');
INSERT INTO `parking_box` VALUES ('102024013105050002', '11', '2024012252790005', 'Y', 'Y', 'Y', 'Y', '', '2024-01-31 15:31:30', '0', 'Y');
INSERT INTO `parking_box` VALUES ('102024021907520113', '东门岗亭', '2023052267100146', 'Y', 'Y', 'N', 'N', '', '2024-02-19 09:41:29', '0', 'Y');
INSERT INTO `parking_box` VALUES ('102024022034440485', '002', '102023021386560001', 'Y', 'Y', 'N', 'N', '', '2024-02-20 09:21:58', '0', 'N');
INSERT INTO `parking_box` VALUES ('102024022053460494', '003', '102023021386560001', 'N', 'N', 'Y', 'Y', '', '2024-02-20 09:22:22', '0', 'N');

-- ----------------------------
-- Table structure for parking_box_area
-- ----------------------------
DROP TABLE IF EXISTS `parking_box_area`;
CREATE TABLE `parking_box_area` (
  `ba_id` varchar(30) NOT NULL COMMENT '关系ID',
  `box_id` varchar(30) NOT NULL COMMENT '岗亭ID',
  `pa_id` varchar(30) NOT NULL COMMENT '停车场ID',
  `community_id` varchar(30) NOT NULL COMMENT '小区ID',
  `default_area` varchar(12) NOT NULL COMMENT '是否默认停车场，主要用于临时车算费时的规则 Y 是 N 否',
  `remark` varchar(300) DEFAULT NULL COMMENT '备注',
  `create_time` timestamp NOT NULL DEFAULT CURRENT_TIMESTAMP COMMENT '创建时间',
  `status_cd` varchar(2) NOT NULL DEFAULT '0' COMMENT '数据状态，详细参考c_status表，S 保存，0, 在用 1失效',
  PRIMARY KEY (`ba_id`)
) ENGINE=InnoDB DEFAULT CHARSET=utf8mb4 COLLATE=utf8mb4_0900_ai_ci;

-- ----------------------------
-- Records of parking_box_area
-- ----------------------------
INSERT INTO `parking_box_area` VALUES ('102023092126920039', '102023092180170031', '102023092143870036', '102023021386560001', 'T', '试试', '2023-09-21 00:35:31', '0');
INSERT INTO `parking_box_area` VALUES ('102023092157740023', '102023092124800021', '102023082384250002', '102023021386560001', 'T', null, '2023-09-21 00:30:13', '0');
INSERT INTO `parking_box_area` VALUES ('102023092185080033', '102023092180170031', '102023082384250002', '102023021386560001', 'F', null, '2023-09-21 00:31:25', '1');
INSERT INTO `parking_box_area` VALUES ('102024013176260004', '102024013105050002', '102024012226070099', '2024012252790005', 'T', null, '2024-01-31 15:31:30', '0');
INSERT INTO `parking_box_area` VALUES ('102024021940030115', '102024021907520113', '102023061679340015', '2023052267100146', 'T', null, '2024-02-19 09:41:29', '0');
INSERT INTO `parking_box_area` VALUES ('102024022027730496', '102024022053460494', '102023082384250002', '102023021386560001', 'T', null, '2024-02-20 09:22:23', '0');
INSERT INTO `parking_box_area` VALUES ('102024022029270487', '102024022034440485', '102023092143870036', '102023021386560001', 'T', null, '2024-02-20 09:21:58', '0');
INSERT INTO `parking_box_area` VALUES ('102024022031910476', '102023092180170031', '102023082384250002', '102023021386560001', 'T', '', '2024-02-20 09:21:05', '0');
INSERT INTO `parking_box_area` VALUES ('102024022084180490', '102024022034440485', '102023082384250002', '102023021386560001', 'F', '', '2024-02-20 09:22:09', '0');

-- ----------------------------
-- Table structure for parking_coupon
-- ----------------------------
DROP TABLE IF EXISTS `parking_coupon`;
CREATE TABLE `parking_coupon` (
  `coupon_id` varchar(30) NOT NULL COMMENT '优惠券ID',
  `name` varchar(64) NOT NULL COMMENT '名称',
  `type_cd` varchar(12) NOT NULL COMMENT '时长减免 1001 金额减免 2002 折扣减免 3003 全免 4004',
  `community_id` varchar(30) NOT NULL COMMENT '小区',
  `pa_id` varchar(30) NOT NULL COMMENT '停车场ID',
  `value` varchar(30) NOT NULL COMMENT '面值',
  `value_price` decimal(10,2) NOT NULL COMMENT '售价',
  `status_cd` varchar(30) NOT NULL DEFAULT '0' COMMENT '数据状态',
  `create_time` timestamp NOT NULL DEFAULT CURRENT_TIMESTAMP COMMENT '创建时间',
  `pa_name` varchar(64) NOT NULL COMMENT '停车场名称',
  PRIMARY KEY (`coupon_id`)
) ENGINE=InnoDB DEFAULT CHARSET=utf8mb4 COLLATE=utf8mb4_0900_ai_ci;

-- ----------------------------
-- Records of parking_coupon
-- ----------------------------
INSERT INTO `parking_coupon` VALUES ('102023103009060008', '1', '2002', '102023021386560001', '102023092143870036', '2', '2.00', '1', '2023-10-30 01:09:57', '1');
INSERT INTO `parking_coupon` VALUES ('102023103009980003', '2小时优惠券', '1001', '102023021386560001', '102023092143870036', '2', '2.10', '0', '2023-10-30 01:07:19', '1');

-- ----------------------------
-- Table structure for parking_coupon_car
-- ----------------------------
DROP TABLE IF EXISTS `parking_coupon_car`;
CREATE TABLE `parking_coupon_car` (
  `pcc_id` varchar(30) NOT NULL COMMENT '主键ID',
  `coupon_id` varchar(30) NOT NULL COMMENT '优惠券ID',
  `coupon_shop_id` varchar(30) NOT NULL COMMENT '优惠券商户ID',
  `shop_id` varchar(30) NOT NULL COMMENT '商铺ID',
  `community_id` varchar(30) NOT NULL COMMENT '小区',
  `pa_id` varchar(30) NOT NULL COMMENT '停车场ID',
  `car_num` varchar(12) NOT NULL COMMENT '车牌号',
  `give_way` varchar(12) NOT NULL DEFAULT '1001' COMMENT '赠送方式 1001 扫码获取 2002 商家添加 3003 购物自动赠送',
  `type_cd` varchar(12) NOT NULL COMMENT '时长减免 1001 金额减免 2002 折扣减免 3003 全免 4004',
  `value` varchar(30) NOT NULL COMMENT '面值',
  `state` varchar(12) NOT NULL DEFAULT '1001' COMMENT '状态 1001 未使用 2002 已使用 3003 作废',
  `remark` varchar(512) DEFAULT NULL COMMENT '使用说明',
  `start_time` datetime NOT NULL COMMENT '开始时间',
  `end_time` datetime NOT NULL COMMENT '结束时间',
  `status_cd` varchar(30) NOT NULL DEFAULT '0' COMMENT '数据状态',
  `create_time` timestamp NOT NULL DEFAULT CURRENT_TIMESTAMP COMMENT '创建时间',
  PRIMARY KEY (`pcc_id`)
) ENGINE=InnoDB DEFAULT CHARSET=utf8mb4 COLLATE=utf8mb4_0900_ai_ci;

-- ----------------------------
-- Records of parking_coupon_car
-- ----------------------------
INSERT INTO `parking_coupon_car` VALUES ('102023121426360003', '102023103009980003', '102023103034940031', '502023103021650023', '102023021386560001', '102023092143870036', '青A88488', '2002', '1001', '2', '1001', null, '2023-12-14 23:29:02', '2023-12-15 23:29:02', '0', '2023-12-14 23:29:02');
INSERT INTO `parking_coupon_car` VALUES ('102023121429650010', '102023103009980003', '102023103034940031', '502023103021650023', '102023021386560001', '102023092143870036', '粤TLTTSU', '1001', '1001', '2', '1001', null, '2023-12-14 23:52:52', '2023-12-15 23:52:52', '0', '2023-12-14 23:52:53');

-- ----------------------------
-- Table structure for parking_coupon_car_order
-- ----------------------------
DROP TABLE IF EXISTS `parking_coupon_car_order`;
CREATE TABLE `parking_coupon_car_order` (
  `order_id` varchar(30) NOT NULL COMMENT '主键ID',
  `pcc_id` varchar(30) NOT NULL COMMENT '优惠券ID',
  `community_id` varchar(30) NOT NULL COMMENT '小区',
  `pa_id` varchar(30) NOT NULL COMMENT '停车场ID',
  `machine_id` varchar(30) NOT NULL COMMENT '停车设备ID',
  `machine_name` varchar(64) NOT NULL COMMENT '设备名称',
  `car_num` varchar(12) NOT NULL COMMENT '车牌号',
  `car_out_id` varchar(30) NOT NULL COMMENT '对应car_inout_detail 中的detail_id',
  `remark` varchar(512) DEFAULT NULL COMMENT '使用说明',
  `status_cd` varchar(30) NOT NULL DEFAULT '0' COMMENT '数据状态',
  `create_time` timestamp NOT NULL DEFAULT CURRENT_TIMESTAMP COMMENT '创建时间',
  PRIMARY KEY (`order_id`)
) ENGINE=InnoDB DEFAULT CHARSET=utf8mb4 COLLATE=utf8mb4_0900_ai_ci;

-- ----------------------------
-- Records of parking_coupon_car_order
-- ----------------------------

-- ----------------------------
-- Table structure for parking_coupon_order
-- ----------------------------
DROP TABLE IF EXISTS `parking_coupon_order`;
CREATE TABLE `parking_coupon_order` (
  `order_id` varchar(30) NOT NULL COMMENT '主键ID',
  `coupon_id` varchar(30) NOT NULL COMMENT '优惠券ID',
  `shop_id` varchar(64) NOT NULL COMMENT '商铺ID',
  `shop_name` varchar(64) NOT NULL COMMENT '商铺名称',
  `community_id` varchar(30) NOT NULL COMMENT '小区',
  `community_name` varchar(64) NOT NULL COMMENT '小区名称',
  `pa_id` varchar(30) NOT NULL COMMENT '停车场ID',
  `pa_name` varchar(64) NOT NULL COMMENT '停车场名称',
  `price` decimal(10,2) NOT NULL COMMENT '售价',
  `quantity` int NOT NULL COMMENT '数量',
  `receivable_amount` decimal(10,2) NOT NULL COMMENT '应收金额',
  `received_amount` decimal(10,2) NOT NULL COMMENT '实收金额',
  `remark` varchar(512) DEFAULT NULL COMMENT '备注',
  `status_cd` varchar(30) NOT NULL DEFAULT '0' COMMENT '数据状态',
  `create_time` timestamp NOT NULL DEFAULT CURRENT_TIMESTAMP COMMENT '创建时间',
  `pay_type` varchar(12) DEFAULT NULL COMMENT '支付方式 查看pay_fee_detail 支付方式',
  PRIMARY KEY (`order_id`)
) ENGINE=InnoDB DEFAULT CHARSET=utf8mb4 COLLATE=utf8mb4_0900_ai_ci;

-- ----------------------------
-- Records of parking_coupon_order
-- ----------------------------
INSERT INTO `parking_coupon_order` VALUES ('112023103079160033', '102023103009980003', '502023103021650023', '88488商家', '102023021386560001', '测试小区', '102023092143870036', '1', '2.10', '1', '2.10', '1.00', '1', '0', '2023-10-30 04:36:27', '7');
INSERT INTO `parking_coupon_order` VALUES ('112023121440280006', '102023103009980003', '502023103021650023', '88488商家', '102023021386560001', '测试小区', '102023092143870036', '1', '2.10', '100', '210.00', '210.00', '', '0', '2023-12-14 23:52:22', '7');
INSERT INTO `parking_coupon_order` VALUES ('112024022189270897', '102023103009980003', '502023103021650023', '88488商家', '102023021386560001', '测试小区', '102023092143870036', '1', '2.10', '100', '210.00', '210.00', '', '0', '2024-02-21 20:55:23', '1');

-- ----------------------------
-- Table structure for parking_coupon_shop
-- ----------------------------
DROP TABLE IF EXISTS `parking_coupon_shop`;
CREATE TABLE `parking_coupon_shop` (
  `coupon_shop_id` varchar(30) NOT NULL COMMENT '主键ID',
  `coupon_id` varchar(30) NOT NULL COMMENT '优惠券ID',
  `shop_id` varchar(64) NOT NULL COMMENT '商铺ID',
  `shop_name` varchar(64) NOT NULL COMMENT '商铺名称',
  `community_id` varchar(30) NOT NULL COMMENT '小区',
  `community_name` varchar(64) NOT NULL COMMENT '小区名称',
  `pa_id` varchar(30) NOT NULL COMMENT '停车场ID',
  `quantity` int NOT NULL COMMENT '数量',
  `start_time` datetime NOT NULL COMMENT '开始时间',
  `end_time` datetime NOT NULL COMMENT '结束时间',
  `status_cd` varchar(30) NOT NULL DEFAULT '0' COMMENT '数据状态',
  `create_time` timestamp NOT NULL DEFAULT CURRENT_TIMESTAMP COMMENT '创建时间',
  `pa_name` varchar(64) NOT NULL COMMENT '停车场名称',
  PRIMARY KEY (`coupon_shop_id`)
) ENGINE=InnoDB DEFAULT CHARSET=utf8mb4 COLLATE=utf8mb4_0900_ai_ci;

-- ----------------------------
-- Records of parking_coupon_shop
-- ----------------------------
INSERT INTO `parking_coupon_shop` VALUES ('102023103034940031', '102023103009980003', '502023103021650023', '88488商家', '102023021386560001', '测试小区', '102023092143870036', '199', '2023-10-30 04:36:27', '2050-01-01 00:00:00', '0', '2023-10-30 04:36:27', '1');

-- ----------------------------
-- Table structure for parking_region
-- ----------------------------
DROP TABLE IF EXISTS `parking_region`;
CREATE TABLE `parking_region` (
  `pr_id` varchar(30) NOT NULL COMMENT '区域ID',
  `community_id` varchar(30) NOT NULL COMMENT '小区ID',
  `region_code` varchar(12) NOT NULL COMMENT '停车场编号',
  `pa_id` varchar(30) NOT NULL COMMENT '停车场ID',
  `remark` varchar(300) DEFAULT NULL COMMENT '备注',
  `create_time` timestamp NOT NULL DEFAULT CURRENT_TIMESTAMP COMMENT '创建时间',
  `status_cd` varchar(2) NOT NULL DEFAULT '0' COMMENT '数据状态，详细参考c_status表，S 保存，0, 在用 1失效',
  PRIMARY KEY (`pr_id`)
) ENGINE=InnoDB DEFAULT CHARSET=utf8mb4 COLLATE=utf8mb4_0900_ai_ci;

-- ----------------------------
-- Records of parking_region
-- ----------------------------
INSERT INTO `parking_region` VALUES ('102024030818090012', '2023052267100146', 'A', '102024022124196600', 'A区', '2024-03-08 02:42:12', '0');
INSERT INTO `parking_region` VALUES ('102024030848470007', '2023052267100146', 'B', '102024022124196600', 'A区', '2024-03-08 02:40:13', '1');
INSERT INTO `parking_region` VALUES ('102024030854040011', '2023052267100146', 'A', '102023061679340015', '', '2024-03-08 04:27:54', '0');
INSERT INTO `parking_region` VALUES ('102024030857790014', '2023052267100146', 'B', '102023061679340015', '', '2024-03-08 04:27:59', '0');

-- ----------------------------
-- Table structure for parking_space
-- ----------------------------
DROP TABLE IF EXISTS `parking_space`;
CREATE TABLE `parking_space` (
  `ps_id` varchar(30) NOT NULL COMMENT '车位ID',
  `community_id` varchar(30) NOT NULL COMMENT '小区ID',
  `num` varchar(12) NOT NULL COMMENT '车位编号',
  `pa_id` varchar(30) NOT NULL COMMENT '停车场ID',
  `state` varchar(4) NOT NULL COMMENT '车位状态 出售 S，出租 H ，空闲 F',
  `remark` varchar(300) DEFAULT NULL COMMENT '备注',
  `create_time` timestamp NOT NULL DEFAULT CURRENT_TIMESTAMP COMMENT '创建时间',
  `status_cd` varchar(2) NOT NULL DEFAULT '0' COMMENT '数据状态，详细参考c_status表，S 保存，0, 在用 1失效',
  `parking_type` varchar(3) NOT NULL DEFAULT '1' COMMENT '1：普通车位  2：子母车位  3：豪华车位',
  `pr_id` varchar(30) DEFAULT NULL COMMENT '区域ID',
  PRIMARY KEY (`ps_id`)
) ENGINE=InnoDB DEFAULT CHARSET=utf8mb4 COLLATE=utf8mb4_0900_ai_ci;

-- ----------------------------
-- Records of parking_space
-- ----------------------------
INSERT INTO `parking_space` VALUES ('102023082355500021', '102023021386560001', 'ss', '102023082384250002', 'F', 'ss', '2023-08-23 14:47:05', '1', '1', null);
INSERT INTO `parking_space` VALUES ('102023082362950016', '102023021386560001', '1', '102023082384250002', 'H', '1', '2023-08-23 14:40:13', '0', '2', null);
INSERT INTO `parking_space` VALUES ('102023121413300013', '102023021386560001', '3', '102023092143870036', 'H', '3', '2023-12-14 14:56:05', '0', '1', null);
INSERT INTO `parking_space` VALUES ('102024021915420169', '2023052267100146', 'A1', '102023061679340015', 'H', '', '2024-02-19 10:28:51', '0', '1', '102024030857790014');
INSERT INTO `parking_space` VALUES ('102024021948850181', '2023052267100146', 'A1', '102024021932190140', 'H', '', '2024-02-19 10:30:10', '0', '1', null);
INSERT INTO `parking_space` VALUES ('102024021963150195', '2023052267100146', 'A2', '102024021932190140', 'H', '', '2024-02-19 10:32:45', '0', '1', null);
INSERT INTO `parking_space` VALUES ('102024022050870470', '102023021386560001', '1', '102023092143870036', 'F', '', '2024-02-20 09:20:37', '0', '1', null);
INSERT INTO `parking_space` VALUES ('102024022062330473', '102023021386560001', '2', '102023092143870036', 'F', '', '2024-02-20 09:20:43', '0', '1', null);
INSERT INTO `parking_space` VALUES ('102024022209291139', '2023062100700008', '0001', '102024020823240095', 'F', '1', '2024-02-22 17:39:51', '0', '1', null);
INSERT INTO `parking_space` VALUES ('102024030888860004', '2023052267100146', '33', '102024022124196600', 'F', '3', '2024-03-08 03:09:41', '0', '1', '102024030818090012');
INSERT INTO `parking_space` VALUES ('792023061609020032', '2023052267100146', 'A9', '102023061679340015', 'H', '导入数据', '2024-02-15 16:47:06', '0', '1', '102024030854040011');
INSERT INTO `parking_space` VALUES ('792023061679330031', '2023052267100146', 'A8', '102023061679340015', 'H', '导入数据', '2024-02-18 22:18:49', '0', '1', '102024030854040011');
INSERT INTO `parking_space` VALUES ('792023110665440003', '102023021386560001', '12', '102023092143870036', 'F', '导入数据', '2023-11-06 02:31:44', '0', '1', null);
INSERT INTO `parking_space` VALUES ('792023121675310005', '102023021386560001', '88', '102023092143870036', 'H', '导入数据', '2023-12-16 12:07:55', '0', '1', null);
INSERT INTO `parking_space` VALUES ('792024012215330044', '2024012252790005', '3', '102024012226070099', 'H', '导入数据', '2024-01-22 22:49:15', '0', '1', null);
INSERT INTO `parking_space` VALUES ('792024012254910032', '2024012252790005', '2', '102024012226070099', 'H', '导入数据', '2024-01-22 22:46:48', '0', '1', null);
INSERT INTO `parking_space` VALUES ('792024012264060059', '2024012252790005', '4', '102024012226070099', 'H', '导入数据', '2024-01-22 22:56:13', '0', '1', null);
INSERT INTO `parking_space` VALUES ('792024012283080071', '2024012252790005', '5', '102024012226070099', 'H', '导入数据', '2024-01-22 22:59:20', '0', '1', null);
INSERT INTO `parking_space` VALUES ('792024012295340107', '2024012252790005', 'B001', '102024012226070099', 'H', '导入数据', '2024-01-22 15:12:11', '0', '1', null);
INSERT INTO `parking_space` VALUES ('792024020895880103', '2023062100700008', '11', '102024020823240095', 'H', '导入数据', '2024-02-08 02:09:57', '0', '1', null);
INSERT INTO `parking_space` VALUES ('792024021810422264', '2023052267100146', '18', '102023061679340015', 'H', '导入数据', '2024-02-20 11:36:39', '0', '1', '102024030857790014');
INSERT INTO `parking_space` VALUES ('792024021818052258', '2023052267100146', '12', '102023061679340015', 'H', '导入数据', '2024-02-22 17:34:43', '0', '1', '102024030854040011');
INSERT INTO `parking_space` VALUES ('792024021833322262', '2023052267100146', '16', '102023061679340015', 'H', '导入数据', '2024-02-20 14:26:59', '0', '1', '102024030854040011');
INSERT INTO `parking_space` VALUES ('792024021837202261', '2023052267100146', '15', '102023061679340015', 'F', '导入数据', '2024-02-20 15:26:23', '0', '1', '102024030854040011');
INSERT INTO `parking_space` VALUES ('792024021869862263', '2023052267100146', '17', '102023061679340015', 'H', '导入数据', '2024-02-20 11:40:31', '0', '1', '102024030854040011');
INSERT INTO `parking_space` VALUES ('792024021873182265', '2023052267100146', '1216', '102023061679340015', 'H', '导入数据', '2024-02-19 06:45:07', '0', '1', '102024030854040011');
INSERT INTO `parking_space` VALUES ('792024022159440213', '2023052267100146', '1', '102024022124196600', 'H', '导入数据', '2024-02-26 09:55:16', '0', '1', '102024030818090012');

-- ----------------------------
-- Table structure for parking_space_machine
-- ----------------------------
DROP TABLE IF EXISTS `parking_space_machine`;
CREATE TABLE `parking_space_machine` (
  `machine_id` varchar(30) NOT NULL COMMENT '设备ID',
  `machine_code` varchar(30) NOT NULL COMMENT '设备编码',
  `machine_name` varchar(200) NOT NULL COMMENT '设备名称',
  `community_id` varchar(30) NOT NULL COMMENT '小区ID',
  `machine_ip` varchar(64) DEFAULT NULL COMMENT '设备IP',
  `machine_mac` varchar(64) DEFAULT NULL COMMENT '设备mac',
  `impl_bean` varchar(30) NOT NULL COMMENT '门禁厂家',
  `heartbeat_time` datetime NOT NULL COMMENT '设备心跳时间',
  `create_time` timestamp NOT NULL DEFAULT CURRENT_TIMESTAMP COMMENT '创建时间',
  `status_cd` varchar(2) NOT NULL DEFAULT '0' COMMENT '数据状态，详细参考c_status表，S 保存，0, 在用 1失效',
  PRIMARY KEY (`machine_id`),
  KEY `i_m_community_id` (`community_id`)
) ENGINE=InnoDB DEFAULT CHARSET=utf8;

-- ----------------------------
-- Records of parking_space_machine
-- ----------------------------
INSERT INTO `parking_space_machine` VALUES ('102024030614050002', '1231', '1231', '2023052267100146', '11', '11', '102024030543190016', '2024-03-06 01:19:22', '2024-03-06 01:19:22', '0');

-- ----------------------------
-- Table structure for parking_space_machine_rel
-- ----------------------------
DROP TABLE IF EXISTS `parking_space_machine_rel`;
CREATE TABLE `parking_space_machine_rel` (
  `rel_id` varchar(30) NOT NULL COMMENT '设备ID',
  `machine_id` varchar(30) NOT NULL COMMENT '设备ID',
  `community_id` varchar(30) NOT NULL COMMENT '小区ID',
  `ps_id` varchar(30) NOT NULL COMMENT '车位ID',
  `ps_name` varchar(64) NOT NULL COMMENT '车位名称',
  `ps_state` varchar(12) NOT NULL COMMENT '车位状态，FREE 空闲 OCCUPY 占用',
  `car_num` varchar(12) DEFAULT NULL COMMENT '车牌号',
  `lock_battery` varchar(12) DEFAULT NULL COMMENT '地锁电量',
  `lock_state` varchar(12) DEFAULT NULL COMMENT '地锁状态',
  `image_photo` varchar(512) DEFAULT NULL COMMENT '车位图片',
  `update_time` datetime NOT NULL COMMENT '修改时间',
  `create_time` timestamp NOT NULL DEFAULT CURRENT_TIMESTAMP COMMENT '创建时间',
  `status_cd` varchar(2) NOT NULL DEFAULT '0' COMMENT '数据状态，详细参考c_status表，S 保存，0, 在用 1失效',
  PRIMARY KEY (`rel_id`),
  KEY `i_m_community_id` (`community_id`)
) ENGINE=InnoDB DEFAULT CHARSET=utf8;

-- ----------------------------
-- Records of parking_space_machine_rel
-- ----------------------------
INSERT INTO `parking_space_machine_rel` VALUES ('112024030668780006', '102024030614050002', '2023052267100146', '792024021818052258', '1-12', 'OCCUPY', '青AGK916', '0', 'OFF', 'https://gej888.oss-cn-guangzhou.aliyuncs.com/picture/0/faaaed60-ada7ffe9/20240304/22/20240304_222134_114.jpg', '2024-03-06 01:19:23', '2024-03-06 01:19:23', '0');
INSERT INTO `parking_space_machine_rel` VALUES ('112024030672440004', '102024030614050002', '2023052267100146', '792024022159440213', '52-1', 'FREE', '无', '0', 'OFF', '', '2024-03-06 01:19:22', '2024-03-06 01:19:23', '0');

-- ----------------------------
-- Table structure for pass_qrcode
-- ----------------------------
DROP TABLE IF EXISTS `pass_qrcode`;
CREATE TABLE `pass_qrcode` (
  `pq_id` varchar(30) NOT NULL COMMENT '编号',
  `person_name` varchar(64) NOT NULL COMMENT '名称',
  `person_tel` varchar(64) NOT NULL COMMENT '手机号',
  `owner_id` varchar(30) NOT NULL COMMENT '业主ID',
  `community_id` varchar(30) NOT NULL COMMENT '小区ID',
  `open_id` varchar(64) NOT NULL COMMENT 'openId',
  `qrcode` varchar(128) NOT NULL COMMENT '通信码',
  `qrcode_time` datetime NOT NULL COMMENT '通信码刷新时间',
  `state` varchar(12) NOT NULL DEFAULT 'ON' COMMENT '状态 W 待审核，F 审核失败 C 审核完成',
  `remark` varchar(512) DEFAULT NULL COMMENT '审核说明',
  `create_time` timestamp NOT NULL DEFAULT CURRENT_TIMESTAMP COMMENT '创建时间',
  `status_cd` varchar(2) NOT NULL DEFAULT '0' COMMENT '数据状态 1表示 失效 0 有效',
  PRIMARY KEY (`pq_id`)
) ENGINE=InnoDB DEFAULT CHARSET=utf8mb4 COLLATE=utf8mb4_0900_ai_ci;

-- ----------------------------
-- Records of pass_qrcode
-- ----------------------------
INSERT INTO `pass_qrcode` VALUES ('102023122047680009', '123', '18909714545', '772023111038450017', '102023021386560001', '123123123', 'd52a68866aa2416f8170605d2c615a78', '2023-12-20 14:43:03', 'C', '同意', '2023-12-20 14:18:10', '1');
INSERT INTO `pass_qrcode` VALUES ('102023122058250008', '门禁测试人员', '18909712222', '772023111006680012', '102023021386560001', '123123123', 'eb40508e19c5447f8b75271f59594a99', '2023-12-20 18:39:29', 'C', '同意', '2023-12-20 17:49:25', '0');
INSERT INTO `pass_qrcode` VALUES ('112024020620320001', '张飞3', '18922224444', '772024012299410005', '2024012252790005', '-1', 'd897a71f5ab0463c9dfc6aaaa29c5363', '2024-02-18 20:33:59', 'C', '用户自行开通', '2024-02-06 16:42:26', '0');

-- ----------------------------
-- Table structure for pass_qrcode_setting
-- ----------------------------
DROP TABLE IF EXISTS `pass_qrcode_setting`;
CREATE TABLE `pass_qrcode_setting` (
  `pqs_id` varchar(30) NOT NULL COMMENT '编号',
  `qrcode_name` varchar(128) NOT NULL COMMENT '名称',
  `community_id` varchar(30) NOT NULL COMMENT '小区ID',
  `sms_validate` varchar(12) NOT NULL DEFAULT 'ON' COMMENT '验证，ON 短信验证码验证 OFF 不验证 ',
  `audit` varchar(12) NOT NULL DEFAULT 'ON' COMMENT '审核 Y 需要审核 N 不需要审核',
  `expired` int NOT NULL DEFAULT '120' COMMENT '失效时间，单位为分钟',
  `create_staff_id` varchar(30) NOT NULL COMMENT '员工ID',
  `create_staff_name` varchar(30) NOT NULL COMMENT '员工',
  `state` varchar(12) NOT NULL DEFAULT 'ON' COMMENT '状态 ON 启用，OFF 停用',
  `create_time` timestamp NOT NULL DEFAULT CURRENT_TIMESTAMP COMMENT '创建时间',
  `status_cd` varchar(2) NOT NULL DEFAULT '0' COMMENT '数据状态 1表示 失效 0 有效',
  `remark` varchar(512) DEFAULT NULL COMMENT '说明',
  PRIMARY KEY (`pqs_id`)
) ENGINE=InnoDB DEFAULT CHARSET=utf8mb4 COLLATE=utf8mb4_0900_ai_ci;

-- ----------------------------
-- Records of pass_qrcode_setting
-- ----------------------------
INSERT INTO `pass_qrcode_setting` VALUES ('102023122066540002', '通行码', '102023021386560001', 'ON', 'ON', '121', '302023021495090004', '演示物业', 'ON', '2023-12-20 02:08:56', '0', '');
INSERT INTO `pass_qrcode_setting` VALUES ('102023122072260007', '1', '102023021386560001', 'ON', 'ON', '1', '302023021495090004', '演示物业', 'ON', '2023-12-20 02:09:50', '1', '');
INSERT INTO `pass_qrcode_setting` VALUES ('102024020329930012', '业主通行码', '2024012252790005', 'ON', 'ON', '120', '302024012273480017', '物联网同步小区', 'ON', '2024-02-03 16:58:28', '0', '');

-- ----------------------------
-- Table structure for pay_fee_batch
-- ----------------------------
DROP TABLE IF EXISTS `pay_fee_batch`;
CREATE TABLE `pay_fee_batch` (
  `batch_id` varchar(30) CHARACTER SET utf8 COLLATE utf8_general_ci NOT NULL COMMENT '批次号',
  `community_id` varchar(30) CHARACTER SET utf8 COLLATE utf8_general_ci NOT NULL COMMENT '小区ID',
  `create_user_id` varchar(30) CHARACTER SET utf8 COLLATE utf8_general_ci NOT NULL COMMENT '创建人',
  `create_user_name` varchar(64) CHARACTER SET utf8 COLLATE utf8_general_ci NOT NULL COMMENT '创建人',
  `create_time` timestamp NOT NULL DEFAULT CURRENT_TIMESTAMP COMMENT '创建时间',
  `status_cd` varchar(2) CHARACTER SET utf8 COLLATE utf8_general_ci NOT NULL DEFAULT '0' COMMENT '数据状态，详细参考c_status表，S 保存，0, 在用 1失效',
  `state` varchar(12) CHARACTER SET utf8 COLLATE utf8_general_ci NOT NULL DEFAULT '2007001' COMMENT '状态 2007001待审核 2008001 审核通过 2009001 审核失败',
  `msg` varchar(512) CHARACTER SET utf8 COLLATE utf8_general_ci NOT NULL COMMENT '审核说明',
  `remark` varchar(512) CHARACTER SET utf8 COLLATE utf8_general_ci DEFAULT NULL COMMENT '备注'
) ENGINE=InnoDB DEFAULT CHARSET=utf8 ROW_FORMAT=DYNAMIC;

-- ----------------------------
-- Records of pay_fee_batch
-- ----------------------------

-- ----------------------------
-- Table structure for payment_adapt
-- ----------------------------
DROP TABLE IF EXISTS `payment_adapt`;
CREATE TABLE `payment_adapt` (
  `adapt_id` varchar(30) NOT NULL COMMENT '编号',
  `payment_type` varchar(64) NOT NULL COMMENT '支付厂家',
  `name` varchar(64) NOT NULL COMMENT '名称',
  `bean_jsapi` varchar(64) NOT NULL COMMENT 'jsapi 支付实现类',
  `bean_qrcode` varchar(64) DEFAULT NULL COMMENT '二维码支付实现类',
  `bean_native` varchar(64) DEFAULT NULL COMMENT 'native支付实现类',
  `create_time` timestamp NOT NULL DEFAULT CURRENT_TIMESTAMP COMMENT '创建时间',
  `status_cd` varchar(2) NOT NULL DEFAULT '0' COMMENT '数据状态0正常1失效',
  `bean_refund` varchar(128) DEFAULT NULL COMMENT '退费实现类',
  PRIMARY KEY (`adapt_id`)
) ENGINE=InnoDB DEFAULT CHARSET=utf8mb4 COLLATE=utf8mb4_0900_ai_ci;

-- ----------------------------
-- Records of payment_adapt
-- ----------------------------
INSERT INTO `payment_adapt` VALUES ('1', 'WECHAT', '微信支付', 'wechatPaymentFactory', '', 'wechatNativeQrcodePaymentFactory', '2023-10-26 11:42:04', '0', 'wechatRefundMoney');
INSERT INTO `payment_adapt` VALUES ('4', 'BBG', '北部湾银行支付', 'bbgPaymentFactoryAdapt', 'qrCodeBbgPaymentAdapt', 'bbgNativeQrcodePaymentFactoryAdapt', '2023-10-26 14:42:23', '1', null);

-- ----------------------------
-- Table structure for payment_key
-- ----------------------------
DROP TABLE IF EXISTS `payment_key`;
CREATE TABLE `payment_key` (
  `key_id` varchar(30) NOT NULL COMMENT '编号',
  `payment_type` varchar(64) NOT NULL COMMENT '支付厂家',
  `name` varchar(64) NOT NULL COMMENT '名称',
  `column_key` varchar(64) NOT NULL COMMENT '设置key',
  `remark` varchar(512) DEFAULT NULL COMMENT '备注信息',
  `create_time` timestamp NOT NULL DEFAULT CURRENT_TIMESTAMP COMMENT '创建时间',
  `status_cd` varchar(2) NOT NULL DEFAULT '0' COMMENT '数据状态0正常1失效',
  PRIMARY KEY (`key_id`)
) ENGINE=InnoDB DEFAULT CHARSET=utf8mb4 COLLATE=utf8mb4_0900_ai_ci;

-- ----------------------------
-- Records of payment_key
-- ----------------------------
INSERT INTO `payment_key` VALUES ('1', 'WECHAT', '商户ID', 'WECHAT_MCHID', '请输入微信商户ID', '2023-10-25 16:24:32', '0');
INSERT INTO `payment_key` VALUES ('10', 'BBG', 'productNo_SM4', 'productNo_SM4', '请输入productNo_SM4', '2023-10-26 14:11:55', '0');
INSERT INTO `payment_key` VALUES ('11', 'BBG', 'publicKey_SM4', 'publicKey_SM4', '请输入publicKey_SM4', '2023-10-26 14:11:55', '0');
INSERT INTO `payment_key` VALUES ('12', 'BBG', 'privateKey_SM4', 'privateKey_SM4', '请输入privateKey_SM4', '2023-10-26 14:11:55', '0');
INSERT INTO `payment_key` VALUES ('2', 'WECHAT', '支付密码', 'WECHAT_KEY', '请输入微信v2支付秘钥', '2023-10-25 16:25:08', '0');
INSERT INTO `payment_key` VALUES ('9', 'BBG', 'mchtNo_SM4', 'mchtNo_SM4', '请输入mchtNo_SM4', '2023-10-26 14:11:55', '0');

-- ----------------------------
-- Table structure for payment_pool
-- ----------------------------
DROP TABLE IF EXISTS `payment_pool`;
CREATE TABLE `payment_pool` (
  `pp_id` varchar(30) NOT NULL COMMENT '主键ID',
  `payment_name` varchar(64) NOT NULL COMMENT '优惠券名称',
  `payment_type` varchar(64) NOT NULL COMMENT '支付厂家',
  `community_id` varchar(30) NOT NULL COMMENT '小区ID',
  `cert_path` varchar(512) DEFAULT NULL COMMENT '证书地址',
  `create_time` timestamp NOT NULL DEFAULT CURRENT_TIMESTAMP COMMENT '创建时间',
  `status_cd` varchar(2) NOT NULL DEFAULT '0' COMMENT '数据状态，详细参考c_status表，S 保存，0, 在用 1失效',
  `state` varchar(12) NOT NULL DEFAULT 'Y' COMMENT 'Y 启用 N 停用',
  `remark` varchar(512) DEFAULT NULL COMMENT '使用说明',
  `pay_type` varchar(12) NOT NULL DEFAULT '1001' COMMENT '支付范围 1001 小区费用 2002 临时停车费 3003 选择费用项',
  PRIMARY KEY (`pp_id`)
) ENGINE=InnoDB DEFAULT CHARSET=utf8mb4 COLLATE=utf8mb4_0900_ai_ci;

-- ----------------------------
-- Records of payment_pool
-- ----------------------------
INSERT INTO `payment_pool` VALUES ('102023112413860021', '微信', 'WECHAT', '102023021386560001', '', '2023-11-24 01:06:15', '1', 'Y', '2', '1001');
INSERT INTO `payment_pool` VALUES ('102023112440040042', '微信支付', 'WECHAT', '102023021386560001', '', '2023-11-24 01:12:05', '1', 'Y', '1', '1001');

-- ----------------------------
-- Table structure for payment_pool_value
-- ----------------------------
DROP TABLE IF EXISTS `payment_pool_value`;
CREATE TABLE `payment_pool_value` (
  `value_id` varchar(30) NOT NULL COMMENT '编号',
  `pp_id` varchar(30) NOT NULL COMMENT '支付ID',
  `column_key` varchar(64) NOT NULL COMMENT '设置key',
  `column_value` varchar(4000) NOT NULL COMMENT '设置值',
  `community_id` varchar(30) NOT NULL COMMENT '小区ID',
  `create_time` timestamp NOT NULL DEFAULT CURRENT_TIMESTAMP COMMENT '创建时间',
  `status_cd` varchar(2) NOT NULL DEFAULT '0' COMMENT '数据状态0正常1失效',
  PRIMARY KEY (`value_id`)
) ENGINE=InnoDB DEFAULT CHARSET=utf8mb4 COLLATE=utf8mb4_0900_ai_ci;

-- ----------------------------
-- Records of payment_pool_value
-- ----------------------------
INSERT INTO `payment_pool_value` VALUES ('112023112402050044', '102023112440040042', 'WECHAT_MCHID', '1', '102023021386560001', '2023-11-24 01:12:05', '1');
INSERT INTO `payment_pool_value` VALUES ('112023112446590023', '102023112413860021', 'WECHAT_MCHID', '1', '102023021386560001', '2023-11-24 01:06:15', '1');
INSERT INTO `payment_pool_value` VALUES ('112023112477180046', '102023112440040042', 'WECHAT_KEY', '1', '102023021386560001', '2023-11-24 01:12:05', '1');
INSERT INTO `payment_pool_value` VALUES ('112023112485480025', '102023112413860021', 'WECHAT_KEY', '1', '102023021386560001', '2023-11-24 01:06:15', '1');
INSERT INTO `payment_pool_value` VALUES ('112023112485910037', '102023112413860021', 'WECHAT_KEY', '2', '102023021386560001', '2023-11-24 01:10:32', '0');
INSERT INTO `payment_pool_value` VALUES ('112023112492070035', '102023112413860021', 'WECHAT_MCHID', '1', '102023021386560001', '2023-11-24 01:10:32', '0');
INSERT INTO `payment_pool_value` VALUES ('112023120901230055', '102023112440040042', 'WECHAT_KEY', '2', '102023021386560001', '2023-12-09 23:47:00', '0');
INSERT INTO `payment_pool_value` VALUES ('112023120918980053', '102023112440040042', 'WECHAT_MCHID', '2', '102023021386560001', '2023-12-09 23:47:00', '0');

-- ----------------------------
-- Table structure for person_face
-- ----------------------------
DROP TABLE IF EXISTS `person_face`;
CREATE TABLE `person_face` (
  `pf_id` varchar(30) NOT NULL COMMENT '编号',
  `pfq_id` varchar(30) NOT NULL COMMENT '二维码ID',
  `community_id` varchar(30) NOT NULL COMMENT '小区ID',
  `room_id` varchar(30) NOT NULL COMMENT '房屋ID',
  `room_name` varchar(64) NOT NULL COMMENT '房屋名称',
  `person_name` varchar(64) NOT NULL COMMENT '人员名称',
  `person_tel` varchar(11) NOT NULL COMMENT '人员电话',
  `owner_type_cd` varchar(4) NOT NULL DEFAULT '1001' COMMENT '1001 业主本人 1002 家庭成员',
  `face_url` varchar(512) NOT NULL COMMENT '人脸',
  `open_id` varchar(64) NOT NULL COMMENT 'openId',
  `state` varchar(12) NOT NULL DEFAULT 'ON' COMMENT '状态 W 待审核，F 审核失败 C 审核完成',
  `remark` varchar(512) DEFAULT NULL COMMENT '审核说明',
  `create_time` timestamp NOT NULL DEFAULT CURRENT_TIMESTAMP COMMENT '创建时间',
  `status_cd` varchar(2) NOT NULL DEFAULT '0' COMMENT '数据状态 1表示 失效 0 有效',
  PRIMARY KEY (`pf_id`)
) ENGINE=InnoDB DEFAULT CHARSET=utf8mb4 COLLATE=utf8mb4_0900_ai_ci;

-- ----------------------------
-- Records of person_face
-- ----------------------------
INSERT INTO `person_face` VALUES ('102023121996160015', '102023121813910002', '102023021386560001', '752023080997680002', '1-1-1001', '吴学文2', '18909711443', '1001', 'img/20231219/839424af-c8ae-4779-b3b5-cce386475162.jpg', '123123123', 'C', '同意', '2023-12-19 16:16:06', '0');

-- ----------------------------
-- Table structure for person_face_qrcode
-- ----------------------------
DROP TABLE IF EXISTS `person_face_qrcode`;
CREATE TABLE `person_face_qrcode` (
  `pfq_id` varchar(30) NOT NULL COMMENT '编号',
  `qrcode_name` varchar(128) NOT NULL COMMENT '名称',
  `community_id` varchar(30) NOT NULL COMMENT '小区ID',
  `sms_validate` varchar(12) NOT NULL DEFAULT 'ON' COMMENT '验证，ON 短信验证码验证 OFF 不验证 ',
  `tel_validate` varchar(12) NOT NULL DEFAULT 'ON' COMMENT '手机号验证，ON 验证，OFF不验证',
  `audit` varchar(12) NOT NULL DEFAULT 'ON' COMMENT '审核 Y 需要审核 N 不需要审核',
  `invite` varchar(12) NOT NULL DEFAULT 'ON' COMMENT '邀请开关，ON 需要邀请码 OFF 不需要邀请码',
  `invite_code` varchar(64) DEFAULT NULL COMMENT '邀请码',
  `create_staff_id` varchar(30) NOT NULL COMMENT '员工ID',
  `create_staff_name` varchar(30) NOT NULL COMMENT '员工',
  `state` varchar(12) NOT NULL DEFAULT 'ON' COMMENT '状态 ON 启用，OFF 停用',
  `create_time` timestamp NOT NULL DEFAULT CURRENT_TIMESTAMP COMMENT '创建时间',
  `status_cd` varchar(2) NOT NULL DEFAULT '0' COMMENT '数据状态 1表示 失效 0 有效',
  `remark` varchar(512) DEFAULT NULL COMMENT '说明',
  PRIMARY KEY (`pfq_id`)
) ENGINE=InnoDB DEFAULT CHARSET=utf8mb4 COLLATE=utf8mb4_0900_ai_ci;

-- ----------------------------
-- Records of person_face_qrcode
-- ----------------------------
INSERT INTO `person_face_qrcode` VALUES ('102023121813910002', '一号楼二维码', '102023021386560001', 'OFF', 'ON', 'ON', 'OFF', '123456', '302023021495090004', '演示物业', 'ON', '2023-12-18 21:35:15', '0', '123');
INSERT INTO `person_face_qrcode` VALUES ('102023121876980007', '1', '102023021386560001', 'ON', 'ON', 'OFF', 'OFF', '', '302023021495090004', '演示物业', 'ON', '2023-12-18 21:40:46', '1', '1');
INSERT INTO `person_face_qrcode` VALUES ('102024020397200006', '人脸二维码', '2024012252790005', 'ON', 'ON', 'ON', 'OFF', '', '302024012273480017', '物联网同步小区', 'ON', '2024-02-03 16:44:52', '0', '');
INSERT INTO `person_face_qrcode` VALUES ('102024022185570825', '111', '102023021386560001', 'ON', 'ON', 'ON', 'OFF', '', '302023021495090004', '演示物业', 'ON', '2024-02-21 13:54:54', '0', 'aaa');

-- ----------------------------
-- Table structure for s_community
-- ----------------------------
DROP TABLE IF EXISTS `s_community`;
CREATE TABLE `s_community` (
  `community_id` varchar(30) NOT NULL COMMENT '小区ID',
  `name` varchar(100) NOT NULL COMMENT '小区名称',
  `address` varchar(200) NOT NULL COMMENT '小区地址',
  `city_code` varchar(12) NOT NULL COMMENT '根据定位获取城市编码',
  `tel` varchar(200) DEFAULT NULL COMMENT '联系方式',
  `ext_community_id` varchar(30) NOT NULL COMMENT '外部编码',
  `create_time` timestamp NOT NULL DEFAULT CURRENT_TIMESTAMP COMMENT '创建时间',
  `status_cd` varchar(2) NOT NULL DEFAULT '0' COMMENT '数据状态，详细参考c_status表，S 保存，0, 在用 1失效',
  `lat` varchar(32) DEFAULT NULL COMMENT '精度',
  `lng` varchar(32) DEFAULT NULL COMMENT '维度',
  PRIMARY KEY (`community_id`)
) ENGINE=InnoDB DEFAULT CHARSET=utf8mb4 COLLATE=utf8mb4_0900_ai_ci;

-- ----------------------------
-- Records of s_community
-- ----------------------------
INSERT INTO `s_community` VALUES ('102023021339210001', '皇家银行', '北京省北京市东城区123', '110101', '18909711442', '123', '2023-02-13 15:19:18', '1', null, null);
INSERT INTO `s_community` VALUES ('102023021386560001', '测试小区', '天津省天津市和平区无', '120101', '18909711443', '123', '2023-02-13 15:51:08', '0', '36.555953642148054', '101.72765546909386');
INSERT INTO `s_community` VALUES ('102024022629082373', '三国小区1', '广东省汕头市龙湖区三国小区1', '440507', '07546165888', '', '2024-02-26 13:32:41', '1', null, null);
INSERT INTO `s_community` VALUES ('102024022629692424', '西游小区', '广东省汕头市龙湖区西游小区', '440507', '075486188888', '', '2024-02-26 13:51:53', '0', null, null);
INSERT INTO `s_community` VALUES ('102024031119340004', 'xx', '天津省天津市河东区xx', '120102', '18909711443', 'ss', '2024-03-11 21:27:38', '0', '39.92570085668811', '116.38571331864239');
INSERT INTO `s_community` VALUES ('2023052267100146', 'HC演示小区3', '青海省西宁市城中区无', '630103', '18909711443', '2023052267100146', '2024-01-22 12:34:29', '0', '36.55595180701062', '101.72766832549269');
INSERT INTO `s_community` VALUES ('2023062100700008', 'xxx2', '天津省天津市和平区xx', '120101', '18966665555', '2023062100700008', '2024-02-08 02:03:37', '0', null, null);
INSERT INTO `s_community` VALUES ('2024012252790005', '物联网同步小区', '河北省秦皇岛市北戴河区无', '130304', '18966665555', '2024012252790005', '2024-01-22 15:12:08', '0', null, null);
INSERT INTO `s_community` VALUES ('2024021911282483', '万科森林公园', '安徽省合肥市庐阳区安徽省合肥市四里河路', '340103', '117232353', '2024021911282483', '2024-02-20 09:38:34', '0', null, null);
INSERT INTO `s_community` VALUES ('2024022327180323', '三国小区', '广东省汕头市龙湖区三国小区', '440507', '075486165888', '2024022327180323', '2024-02-23 10:09:15', '1', null, null);
INSERT INTO `s_community` VALUES ('2024022643710121', '一刀测试', '吉林省长春市朝阳区测试', '220104', '测试', '2024022643710121', '2024-02-26 14:35:15', '0', null, null);
INSERT INTO `s_community` VALUES ('2024022647620054', '西游小区', '广东省汕头市龙湖区西游小区', '440507', '075486188888', '2024022647620054', '2024-02-26 14:10:38', '0', null, null);

-- ----------------------------
-- Table structure for s_community_attr
-- ----------------------------
DROP TABLE IF EXISTS `s_community_attr`;
CREATE TABLE `s_community_attr` (
  `b_id` varchar(30) NOT NULL DEFAULT '-1' COMMENT '业务ID',
  `attr_id` varchar(30) NOT NULL COMMENT '属性id',
  `community_id` varchar(30) NOT NULL COMMENT '用户ID',
  `spec_cd` varchar(12) NOT NULL COMMENT '规格id,参考spec表',
  `VALUE` varchar(50) NOT NULL COMMENT '属性值',
  `create_time` timestamp NOT NULL DEFAULT CURRENT_TIMESTAMP COMMENT '创建时间',
  `status_cd` varchar(2) NOT NULL DEFAULT '0' COMMENT '数据状态，详细参考c_status表，S 保存，0, 在用 1失效',
  UNIQUE KEY `attr_id` (`attr_id`) USING BTREE,
  KEY `idx_community_attr_b_id` (`b_id`) USING BTREE,
  KEY `idx_attr_community_id` (`community_id`) USING BTREE
) ENGINE=InnoDB DEFAULT CHARSET=utf8mb4 COLLATE=utf8mb4_0900_ai_ci;

-- ----------------------------
-- Records of s_community_attr
-- ----------------------------

-- ----------------------------
-- Table structure for s_community_member
-- ----------------------------
DROP TABLE IF EXISTS `s_community_member`;
CREATE TABLE `s_community_member` (
  `community_member_id` varchar(30) NOT NULL COMMENT 'ID',
  `community_id` varchar(30) NOT NULL COMMENT '小区ID',
  `member_id` varchar(50) NOT NULL COMMENT '成员ID',
  `member_name` varchar(50) NOT NULL COMMENT '成员名称',
  `member_type_cd` varchar(12) NOT NULL COMMENT '成员类型见 community_member_type表',
  `create_time` timestamp NOT NULL DEFAULT CURRENT_TIMESTAMP COMMENT '创建时间',
  `status_cd` varchar(4) NOT NULL DEFAULT '0' COMMENT '数据状态',
  `start_time` datetime NOT NULL COMMENT '起租时间',
  `end_time` datetime NOT NULL COMMENT '截租时间',
  PRIMARY KEY (`community_member_id`),
  KEY `idx_s_community_member_id` (`community_id`) USING BTREE
) ENGINE=InnoDB DEFAULT CHARSET=utf8;

-- ----------------------------
-- Records of s_community_member
-- ----------------------------
INSERT INTO `s_community_member` VALUES ('102023021461710001', '2024022647620054', '102024022670762427', '演示物业', '800900000003', '2023-02-14 02:02:04', '1', '2023-02-14 02:02:02', '2050-01-01 00:00:00');
INSERT INTO `s_community_member` VALUES ('102023021493080009', '2024022647620054', '102024022670762427', '演示物业', '800900000003', '2023-02-14 00:53:39', '1', '2023-02-14 00:53:37', '2050-01-01 00:00:00');
INSERT INTO `s_community_member` VALUES ('102024022610902443', '2024022647620054', '102024022670762427', '西游物业', '800900000003', '2024-02-26 13:53:10', '1', '2024-02-26 13:53:10', '2038-01-01 00:00:00');
INSERT INTO `s_community_member` VALUES ('102024022623442591', '2024022647620054', '102024022670762427', '西游物业', '800900000003', '2024-02-26 14:17:34', '1', '2024-02-26 14:17:34', '2038-01-01 00:00:00');
INSERT INTO `s_community_member` VALUES ('102024022623792376', '2024022647620054', '102024022670762427', '三国物业', '800900000003', '2024-02-26 13:33:05', '1', '2024-02-26 13:33:05', '2038-01-01 00:00:00');
INSERT INTO `s_community_member` VALUES ('102024022634762662', '2024022647620054', '102024022670762427', '西游物业', '800900000003', '2024-02-26 14:18:08', '1', '2024-02-26 14:18:08', '2038-01-01 00:00:00');
INSERT INTO `s_community_member` VALUES ('102024022640902738', '2023052267100146', '102023021497100001', '演示物业', '800900000003', '2024-02-26 14:20:09', '0', '2024-02-26 14:20:09', '2038-01-01 00:00:00');
INSERT INTO `s_community_member` VALUES ('102024022645532558', '2024022647620054', '102024022670762427', '西游物业', '800900000003', '2024-02-26 14:17:34', '1', '2024-02-26 14:17:34', '2038-01-01 00:00:00');
INSERT INTO `s_community_member` VALUES ('102024022659472488', '2024022647620054', '102024022670762427', '物联网同步物业', '800900000003', '2024-02-26 14:08:50', '1', '2024-02-26 14:08:50', '2038-01-01 00:00:00');
INSERT INTO `s_community_member` VALUES ('102024022680302699', '2024022647620054', '102024022670762427', '西游物业', '800900000003', '2024-02-26 14:18:17', '0', '2024-02-26 14:18:16', '2038-01-01 00:00:00');
INSERT INTO `s_community_member` VALUES ('102024022685572628', '2024022647620054', '102024022670762427', '西游物业', '800900000003', '2024-02-26 14:18:01', '1', '2024-02-26 14:18:01', '2038-01-01 00:00:00');
INSERT INTO `s_community_member` VALUES ('102024022914890003', '2024012252790005', '102024012228150026', '物联网同步物业', '800900000003', '2024-02-29 00:12:42', '0', '2024-02-29 00:12:42', '2038-01-01 00:00:00');
INSERT INTO `s_community_member` VALUES ('112024012260280016', '2024022647620054', '102024022670762427', '物联网同步物业', '800900000003', '2024-01-22 15:12:09', '1', '2024-02-23 17:18:44', '2038-01-01 00:00:00');
INSERT INTO `s_community_member` VALUES ('112024012284230001', '2024022647620054', '102024022670762427', 'HC演示物业2', '800900000003', '2024-01-22 12:38:41', '1', '2024-02-26 09:55:46', '2038-01-01 00:00:00');
INSERT INTO `s_community_member` VALUES ('112024020809210060', '2024022647620054', '102024022670762427', '物联网同步物业', '800900000003', '2024-02-08 02:03:37', '1', '2024-02-23 17:18:49', '2038-01-01 00:00:00');
INSERT INTO `s_community_member` VALUES ('112024022038440536', '2024022647620054', '102024022670762427', '万科物业', '800900000003', '2024-02-20 09:38:34', '1', '2024-02-20 09:38:34', '2038-01-01 00:00:00');
INSERT INTO `s_community_member` VALUES ('112024022371251315', '2024022647620054', '102024022670762427', '三国物业', '800900000003', '2024-02-23 10:09:15', '1', '2024-02-23 10:09:15', '2038-01-01 00:00:00');
INSERT INTO `s_community_member` VALUES ('112024022636802772', '2024022647620054', '102024022603910075', '西游物业', '800900000003', '2024-02-26 14:28:30', '0', '2024-02-26 14:28:30', '2038-01-01 00:00:00');
INSERT INTO `s_community_member` VALUES ('112024022669682790', '2024022643710121', '102024022665340089', '一刀测试', '800900000003', '2024-02-26 14:35:16', '0', '2024-02-26 14:35:16', '2038-01-01 00:00:00');
INSERT INTO `s_community_member` VALUES ('112024022671902548', '2024022647620054', '102024022670762427', '西游物业', '800900000003', '2024-02-26 14:10:38', '1', '2024-02-26 14:10:38', '2038-01-01 00:00:00');

-- ----------------------------
-- Table structure for s_shop
-- ----------------------------
DROP TABLE IF EXISTS `s_shop`;
CREATE TABLE `s_shop` (
  `shop_id` varchar(30) NOT NULL COMMENT '店铺ID',
  `shop_logo` varchar(1024) NOT NULL COMMENT '店铺logo',
  `store_id` varchar(30) NOT NULL COMMENT '商户ID',
  `shop_name` varchar(128) NOT NULL COMMENT '店铺名称',
  `shop_desc` varchar(512) NOT NULL COMMENT '店铺描述',
  `map_x` varchar(20) NOT NULL DEFAULT '0.0' COMMENT '地区 x坐标',
  `map_y` varchar(20) NOT NULL DEFAULT '0.0' COMMENT '地区 y坐标',
  `send_address` varchar(512) NOT NULL COMMENT '发货地址',
  `return_address` varchar(512) NOT NULL COMMENT '退货地址',
  `return_person` varchar(512) NOT NULL COMMENT '退货联系人',
  `return_link` varchar(11) NOT NULL COMMENT '退货联系电话',
  `create_time` timestamp NOT NULL DEFAULT CURRENT_TIMESTAMP COMMENT '创建时间',
  `status_cd` varchar(2) NOT NULL DEFAULT '0' COMMENT '有效标识',
  `state` varchar(12) NOT NULL COMMENT '状态，001 提交 002 审核通过 003 审核不通过',
  `shop_type` varchar(30) NOT NULL COMMENT '店铺类型 ',
  `open_type` varchar(2) NOT NULL COMMENT '开店类型 \r\n1 商家  2 家政 3  全是',
  `area_code` varchar(12) DEFAULT NULL COMMENT '地域编码',
  PRIMARY KEY (`shop_id`)
) ENGINE=InnoDB DEFAULT CHARSET=utf8mb4 COLLATE=utf8mb4_0900_ai_ci;

-- ----------------------------
-- Records of s_shop
-- ----------------------------
INSERT INTO `s_shop` VALUES ('502023103021650023', '', '102023103012560007', '88488商家', '无', '1', '1', '无', '无', '无', '88488', '2023-10-30 04:36:10', '0', '002', '1012021070202890002', '1', '120101');
INSERT INTO `s_shop` VALUES ('502023103031920053', '', '102023103080230037', '测试商家', '无', '1', '1', '无', '无', '无', '18909711446', '2023-10-30 04:16:14', '1', '002', '1012021070202890002', '1', '120101');

-- ----------------------------
-- Table structure for s_shop_community
-- ----------------------------
DROP TABLE IF EXISTS `s_shop_community`;
CREATE TABLE `s_shop_community` (
  `sc_id` varchar(30) NOT NULL COMMENT '主键ID',
  `shop_id` varchar(30) NOT NULL COMMENT '商铺ID',
  `community_id` varchar(30) NOT NULL COMMENT '小区ID',
  `community_name` varchar(128) NOT NULL COMMENT '小区名称',
  `start_time` datetime NOT NULL COMMENT '开始时间',
  `end_time` datetime NOT NULL COMMENT '结束时间',
  `state` varchar(12) NOT NULL DEFAULT '12001' COMMENT '状态，12001 待审核，24002 审核通过 48004 审核失败',
  `message` varchar(512) DEFAULT NULL COMMENT '审核信息',
  `create_time` timestamp NOT NULL DEFAULT CURRENT_TIMESTAMP COMMENT '创建时间',
  `status_cd` varchar(2) NOT NULL DEFAULT '0' COMMENT '有效标识',
  `address` varchar(200) NOT NULL COMMENT '小区地址',
  `city_code` varchar(12) NOT NULL COMMENT '根据定位获取城市编码',
  `code_name` varchar(12) NOT NULL COMMENT '城市编码名称'
) ENGINE=InnoDB DEFAULT CHARSET=utf8mb4 COLLATE=utf8mb4_0900_ai_ci;

-- ----------------------------
-- Records of s_shop_community
-- ----------------------------
INSERT INTO `s_shop_community` VALUES ('102023103043950055', '502023103031920053', '102023021386560001', '测试小区', '2023-10-30 04:16:14', '2050-01-01 00:00:00', '24002', '物业添加', '2023-10-30 04:16:15', '1', '无', '120101', '无');
INSERT INTO `s_shop_community` VALUES ('102023103088100025', '502023103021650023', '102023021386560001', '测试小区', '2023-10-30 04:36:10', '2050-01-01 00:00:00', '24002', '物业添加', '2023-10-30 04:36:10', '0', '无', '120101', '无');

-- ----------------------------
-- Table structure for s_store
-- ----------------------------
DROP TABLE IF EXISTS `s_store`;
CREATE TABLE `s_store` (
  `store_id` varchar(30) NOT NULL COMMENT '商店ID',
  `name` varchar(100) NOT NULL COMMENT '店铺名称',
  `address` varchar(200) NOT NULL COMMENT '店铺地址',
  `tel` varchar(11) NOT NULL COMMENT '电话',
  `store_type_cd` varchar(12) DEFAULT NULL,
  `state` varchar(12) NOT NULL DEFAULT '48001' COMMENT '48001 商户正常状态 48002 限制商户登录',
  `create_user_id` varchar(30) NOT NULL COMMENT '用户ID',
  `create_time` timestamp NOT NULL DEFAULT CURRENT_TIMESTAMP COMMENT '创建时间',
  `status_cd` varchar(2) NOT NULL DEFAULT '0' COMMENT '数据状态，详细参考c_status表，S 保存，0, 在用 1失效',
  PRIMARY KEY (`store_id`)
) ENGINE=InnoDB DEFAULT CHARSET=utf8mb4 COLLATE=utf8mb4_0900_ai_ci COMMENT='商户表';

-- ----------------------------
-- Records of s_store
-- ----------------------------
INSERT INTO `s_store` VALUES ('102023021412090001', 'zhang', '11', '18909711445', '800900000003', '48001', '30518939884421922816', '2023-02-14 01:43:49', '1');
INSERT INTO `s_store` VALUES ('102023021497100001', '演示物业', '无', '18909715555', '800900000003', '48001', '30518939884421922816', '2023-02-14 00:53:30', '0');
INSERT INTO `s_store` VALUES ('10202305221014329108000168', 'HC演示物业2', '青海省西宁市城中区无', '18909711443', '800900000003', '48001', '30518939884421922816', '2024-01-22 12:38:41', '0');
INSERT INTO `s_store` VALUES ('102023103012560007', '88488商家', '无', '88488', '800900000005', '48001', '302023021495090004', '2023-10-30 04:36:09', '0');
INSERT INTO `s_store` VALUES ('102023103080230037', '测试商家', '无', '18909711446', '800900000005', '24002', '302023021495090004', '2023-10-30 04:16:14', '1');
INSERT INTO `s_store` VALUES ('102024012228150026', '物联网同步物业', '天津省天津市和平区xx', '18966665555', '800900000003', '48001', '30518939884421922816', '2024-01-22 15:12:09', '0');
INSERT INTO `s_store` VALUES ('102024021989652505', '万科物业', '安徽省合肥市庐阳区安徽省合肥市四里河路', '117232353', '800900000003', '48001', '30518939884421922816', '2024-02-20 09:38:34', '0');
INSERT INTO `s_store` VALUES ('102024022602012356', '三国物业', '三国物业', '1341101110', '800900000003', '48001', '30518939884421922816', '2024-02-26 13:30:54', '1');
INSERT INTO `s_store` VALUES ('102024022665340089', '一刀测试', '吉林省长春市朝阳区测试', '测试', '800900000003', '48001', '30518939884421922816', '2024-02-26 14:35:16', '0');
INSERT INTO `s_store` VALUES ('102024022670762427', '西游物业', '西游物业', '13333333333', '800900000003', '48001', '30518939884421922816', '2024-02-26 13:53:09', '0');
INSERT INTO `s_store` VALUES ('400000000000000001', 'HC小区运营团队', '广东省东莞市振兴路197号', '15818220066', '800900000001', '48001', '1', '2018-12-12 05:47:34', '0');
INSERT INTO `s_store` VALUES ('400000000000000002', 'HC小区开发团队', '广东省东莞市振兴路197号', '15818220066', '800900000000', '48001', '1', '2018-12-12 05:47:34', '0');

-- ----------------------------
-- Table structure for s_store_attr
-- ----------------------------
DROP TABLE IF EXISTS `s_store_attr`;
CREATE TABLE `s_store_attr` (
  `b_id` varchar(30) DEFAULT NULL COMMENT '业务ID',
  `attr_id` varchar(30) NOT NULL COMMENT '属性id',
  `store_id` varchar(30) NOT NULL COMMENT '用户ID',
  `spec_cd` varchar(12) NOT NULL COMMENT '规格id,参考spec表',
  `VALUE` varchar(50) NOT NULL COMMENT '属性值',
  `create_time` timestamp NOT NULL DEFAULT CURRENT_TIMESTAMP COMMENT '创建时间',
  `status_cd` varchar(2) NOT NULL DEFAULT '0' COMMENT '数据状态，详细参考c_status表，S 保存，0, 在用 1失效',
  UNIQUE KEY `attr_id` (`attr_id`) USING BTREE,
  KEY `idx_store_attr_b_id` (`b_id`) USING BTREE,
  KEY `idx_store_attr_store_id` (`store_id`) USING BTREE
) ENGINE=InnoDB DEFAULT CHARSET=utf8;

-- ----------------------------
-- Records of s_store_attr
-- ----------------------------
INSERT INTO `s_store_attr` VALUES (null, '112023021420880002', '102023021412090001', '100201903001', '11', '2023-02-14 01:43:50', '0');
INSERT INTO `s_store_attr` VALUES (null, '112023021435710003', '102023021412090001', '100201903003', '2023-02-14', '2023-02-14 01:43:51', '0');
INSERT INTO `s_store_attr` VALUES (null, '112023021466140002', '102023021497100001', '100201903001', '无', '2023-02-14 00:53:31', '0');
INSERT INTO `s_store_attr` VALUES (null, '112023021488840003', '102023021497100001', '100201903003', '2023-02-15', '2023-02-14 00:53:32', '0');
INSERT INTO `s_store_attr` VALUES (null, '112024022648692358', '102024022602012356', '100201903001', '曹操', '2024-02-26 13:30:54', '0');
INSERT INTO `s_store_attr` VALUES (null, '112024022651772429', '102024022670762427', '100201903001', '吴承恩', '2024-02-26 13:53:09', '0');
INSERT INTO `s_store_attr` VALUES (null, '112024022692952431', '102024022670762427', '100201903003', '2000-01-01', '2024-02-26 13:53:09', '0');
INSERT INTO `s_store_attr` VALUES (null, '112024022696672360', '102024022602012356', '100201903003', '2000-01-01', '2024-02-26 13:30:54', '0');

-- ----------------------------
-- Table structure for s_store_staff
-- ----------------------------
DROP TABLE IF EXISTS `s_store_staff`;
CREATE TABLE `s_store_staff` (
  `store_staff_id` varchar(30) NOT NULL COMMENT '代理商用户ID',
  `store_id` varchar(30) NOT NULL COMMENT '商户ID',
  `staff_id` varchar(30) NOT NULL COMMENT '用户ID',
  `staff_name` varchar(64) NOT NULL COMMENT '用户名称',
  `tel` varchar(11) NOT NULL COMMENT '手机号',
  `admin_flag` varchar(30) NOT NULL DEFAULT 'N' COMMENT '管理员 Y 是 N 否',
  `create_time` timestamp NOT NULL DEFAULT CURRENT_TIMESTAMP COMMENT '创建时间',
  `status_cd` varchar(2) NOT NULL DEFAULT '0' COMMENT '数据状态，详细参考c_status表，S 保存，0, 在用 1失效',
  PRIMARY KEY (`store_staff_id`)
) ENGINE=InnoDB DEFAULT CHARSET=utf8mb4 COLLATE=utf8mb4_0900_ai_ci;

-- ----------------------------
-- Records of s_store_staff
-- ----------------------------
INSERT INTO `s_store_staff` VALUES ('102023021406140005', '102023021497100001', '302023021495090004', '演示物业', '18909715555', 'Y', '2023-02-14 00:53:35', '0');
INSERT INTO `s_store_staff` VALUES ('102023021499330005', '102023021497100001', '302023021454670001', 'zhang', '18909711445', 'Y', '2023-02-14 01:43:54', '1');
INSERT INTO `s_store_staff` VALUES ('102023103060820041', '102023103080230037', '302023103002190039', '测试商家', '18909711446', 'Y', '2023-10-30 04:16:14', '0');
INSERT INTO `s_store_staff` VALUES ('102023103094060011', '102023103012560007', '302023103086860009', '88488商家', '88488', 'Y', '2023-10-30 04:36:10', '0');
INSERT INTO `s_store_staff` VALUES ('102024012207400018', '102024012228150026', '302024012273480017', '物联网同步物业', '18966665555', 'Y', '2024-01-22 15:12:09', '0');
INSERT INTO `s_store_staff` VALUES ('102024012269520003', '10202305221014329108000168', '302024012204210002', 'HC演示物业2', '18909711443', 'Y', '2024-01-22 12:38:41', '0');
INSERT INTO `s_store_staff` VALUES ('102024022087560538', '102024021989652505', '302024022009650537', '万科物业', '117232353', 'Y', '2024-02-20 09:38:34', '0');
INSERT INTO `s_store_staff` VALUES ('102024022622492792', '102024022665340089', '302024022653532791', '一刀测试', '测试', 'Y', '2024-02-26 14:35:16', '0');
INSERT INTO `s_store_staff` VALUES ('102024022666862364', '102024022602012356', '302024022600382362', '三国物业', '1341101110', 'Y', '2024-02-26 13:30:54', '0');
INSERT INTO `s_store_staff` VALUES ('102024022673552435', '102024022670762427', '302024022622672433', '西游物业', '13333333333', 'Y', '2024-02-26 13:53:10', '0');
INSERT INTO `s_store_staff` VALUES ('112024012458620002', '102024012228150026', '302024012497590002', '张飞', '18897174321', 'N', '2024-01-24 11:09:39', '0');
INSERT INTO `s_store_staff` VALUES ('112024020612350003', '102024012228150026', '302024020663670065', 'bbbb', '14545456666', 'N', '2024-02-06 15:04:57', '0');
INSERT INTO `s_store_staff` VALUES ('112024020695180001', '102024012228150026', '302024020685720042', '物业员工', '15595623623', 'N', '2024-02-06 15:03:46', '0');
INSERT INTO `s_store_staff` VALUES ('112024020809730061', '102024012228150026', '302024012404270040', '王帽子', '18909745556', 'N', '2024-02-08 02:03:38', '0');
INSERT INTO `s_store_staff` VALUES ('112024020849190063', '102024012228150026', '302024012463110033', '王王', '18900001443', 'N', '2024-02-08 02:03:39', '0');
INSERT INTO `s_store_staff` VALUES ('112024021569640024', '400000000000000001', '302024021564470324', '张三', '13789564585', 'N', '2024-02-15 15:50:53', '0');
INSERT INTO `s_store_staff` VALUES ('112024021807210055', '10202305221014329108000168', '302024021861111923', 'aaaaa', '19173406239', 'N', '2024-02-18 20:18:46', '0');
INSERT INTO `s_store_staff` VALUES ('112024021912860075', '102024021989652505', '302024021945972511', '万科物业', '15956590988', 'N', '2024-02-19 07:09:14', '0');
INSERT INTO `s_store_staff` VALUES ('112024021958690356', '400000000000000001', '302024021914113246', 'wym', '15618611116', 'N', '2024-02-19 14:20:30', '0');
INSERT INTO `s_store_staff` VALUES ('112024022000540707', '10202305221014329108000168', '302024022059245947', '11', '18092923751', 'N', '2024-02-20 15:40:31', '0');
INSERT INTO `s_store_staff` VALUES ('112024022019750599', '10202305221014329108000168', '302024022077105316', '维修师傅', '18512341234', 'N', '2024-02-20 13:54:26', '0');
INSERT INTO `s_store_staff` VALUES ('112024022190940795', '102024022134146881', '302024022107986887', '111', '13512341236', 'N', '2024-02-21 10:15:18', '0');
INSERT INTO `s_store_staff` VALUES ('112024022199420796', '400000000000000001', '302024022170156996', '111', '22122', 'N', '2024-02-21 10:19:52', '0');
INSERT INTO `s_store_staff` VALUES ('112024022199490797', '10202305221014329108000168', '302024022107117014', '阿姨', '18900110011', 'N', '2024-02-21 10:20:26', '0');
INSERT INTO `s_store_staff` VALUES ('112024022329111275', '102024022393920348', '302024022327600354', '三国物业', '1341101110', 'N', '2024-02-23 09:58:57', '0');
INSERT INTO `s_store_staff` VALUES ('112024022330631838', '102024022305732931', '302024022392812937', '中航物业', '13800000000', 'N', '2024-02-23 17:31:46', '0');
INSERT INTO `s_store_staff` VALUES ('112024022350531331', '10202305221014329108000168', '302024022367830997', '123123', '13212321321', 'N', '2024-02-23 10:40:06', '0');
INSERT INTO `s_store_staff` VALUES ('112024022382931285', '102024022393920348', '302024022380750787', '贾诩', '1311101111', 'N', '2024-02-23 10:02:07', '0');
INSERT INTO `s_store_staff` VALUES ('112024022457411935', '400000000000000001', '302024022434513355', '小艺哥', '13639399343', 'N', '2024-02-24 08:48:28', '0');
INSERT INTO `s_store_staff` VALUES ('112024022635842811', '10202305221014329108000168', '302024022607020217', '管理', '13021212321', 'N', '2024-02-26 17:30:07', '0');
INSERT INTO `s_store_staff` VALUES ('112024022652752314', '10202305221014329108000168', '302024022671240712', '11', '1', 'N', '2024-02-26 11:27:01', '0');
INSERT INTO `s_store_staff` VALUES ('112024022655112816', '102024022691780413', '302024022652140419', 'YF物业', '18502260001', 'N', '2024-02-26 19:42:19', '0');
INSERT INTO `s_store_staff` VALUES ('112024022663862771', '102024022665340089', '302024022695990095', '一刀测试', '15044108708', 'N', '2024-02-26 14:27:23', '0');
INSERT INTO `s_store_staff` VALUES ('112024022684962476', '102024022603910075', '302024022634540081', '西游物业', '13333333333', 'N', '2024-02-26 13:56:11', '0');
INSERT INTO `s_store_staff` VALUES ('112024022686082080', '102024022637410237', '302024022667390243', 'ceshi', '18093827429', 'N', '2024-02-26 09:55:10', '0');
INSERT INTO `s_store_staff` VALUES ('112024022780442835', '102024022691780413', '302024022721000307', 'zs', '12', 'N', '2024-02-27 09:21:13', '0');
INSERT INTO `s_store_staff` VALUES ('452019013038670004', '400000000000000001', '30518939884421922816', 'admin', '17797173944', 'Y', '2019-03-30 08:31:29', '0');
INSERT INTO `s_store_staff` VALUES ('452019062708080001', '400000000000000002', '30520751775595118592', 'dev', '17797173944', 'Y', '2019-03-30 08:31:29', '0');
INSERT INTO `s_store_staff` VALUES ('452023021439830002', '102023021497100001', '302023021454670001', 'xxxx', '15626323222', 'N', '2023-02-14 16:59:53', '1');
INSERT INTO `s_store_staff` VALUES ('452023021477770002', '102023021497100001', '302023021479540001', '张三三', '18909711443', 'N', '2023-02-14 17:15:54', '0');
INSERT INTO `s_store_staff` VALUES ('452023021479130002', '102023021497100001', '302023021454670001', '张三', '18909719999', 'N', '2023-02-14 15:22:12', '1');
INSERT INTO `s_store_staff` VALUES ('452023111055090005', '102023021497100001', '302023111050190003', '员工门禁', '18809711111', 'N', '2023-11-10 22:52:51', '1');
INSERT INTO `s_store_staff` VALUES ('452023111077380028', '102023021497100001', '302023111064540026', '员工门禁', '18909715555', 'N', '2023-11-10 18:33:04', '0');
INSERT INTO `s_store_staff` VALUES ('452023121617120010', '102023021497100001', '302023121633940008', 'ailiwen', '13456781234', 'N', '2023-12-16 12:13:27', '0');
INSERT INTO `s_store_staff` VALUES ('452024011851130041', '102023021497100001', '302024011896400039', 'test9989', '18903214568', 'N', '2024-01-18 17:18:02', '0');

-- ----------------------------
-- Table structure for small_wechat
-- ----------------------------
DROP TABLE IF EXISTS `small_wechat`;
CREATE TABLE `small_wechat` (
  `wechat_id` varchar(30) CHARACTER SET utf8 COLLATE utf8_bin NOT NULL COMMENT '微信ID',
  `b_id` varchar(30) CHARACTER SET utf8 COLLATE utf8_bin DEFAULT '-1' COMMENT '业务ID',
  `store_Id` varchar(30) CHARACTER SET utf8 COLLATE utf8_bin NOT NULL COMMENT '商户ID',
  `name` varchar(100) CHARACTER SET utf8 COLLATE utf8_bin NOT NULL COMMENT '小程序名称',
  `wechat_type` varchar(4) CHARACTER SET utf8 COLLATE utf8_bin NOT NULL COMMENT '配置类型1000微信小程序1100微信公众号',
  `appId` varchar(100) CHARACTER SET utf8 COLLATE utf8_bin NOT NULL COMMENT '小程序appid',
  `appSecret` varchar(200) CHARACTER SET utf8 COLLATE utf8_bin NOT NULL COMMENT '应用密钥',
  `pay_password` varchar(200) CHARACTER SET utf8 COLLATE utf8_bin NOT NULL COMMENT '支付密码',
  `obj_id` varchar(30) CHARACTER SET utf8 COLLATE utf8_bin NOT NULL COMMENT 'obj_type为当前小区时为小区id，为所有小区时allCommunity表示作用与所有小区',
  `obj_type` varchar(4) CHARACTER SET utf8 COLLATE utf8_bin NOT NULL COMMENT '配置作用范围 1000当前小区，1100所有小区',
  `mch_id` varchar(200) CHARACTER SET utf8 COLLATE utf8_bin NOT NULL COMMENT 'mch_id',
  `remarks` varchar(200) CHARACTER SET utf8 COLLATE utf8_bin DEFAULT NULL COMMENT '备注信息',
  `create_time` timestamp NOT NULL DEFAULT CURRENT_TIMESTAMP COMMENT '创建时间',
  `status_cd` varchar(30) CHARACTER SET utf8 COLLATE utf8_bin NOT NULL DEFAULT '0' COMMENT '数据状态',
  `cert_path` varchar(512) CHARACTER SET utf8 COLLATE utf8_bin DEFAULT NULL COMMENT '证书地址',
  `mch_name` varchar(128) CHARACTER SET utf8 COLLATE utf8_bin NOT NULL DEFAULT '无' COMMENT '商户名称',
  PRIMARY KEY (`wechat_id`) USING BTREE
) ENGINE=InnoDB DEFAULT CHARSET=utf8 COLLATE=utf8_bin ROW_FORMAT=DYNAMIC;

-- ----------------------------
-- Records of small_wechat
-- ----------------------------
INSERT INTO `small_wechat` VALUES ('712023112473040002', '-1', '102023021497100001', '业主', '1100', '2', '2', '1', '102023021386560001', '1000', '1', '1', '2023-11-24 00:41:55', '0', '', '1');

-- ----------------------------
-- Table structure for space_machine_factory
-- ----------------------------
DROP TABLE IF EXISTS `space_machine_factory`;
CREATE TABLE `space_machine_factory` (
  `factory_id` varchar(30) NOT NULL COMMENT '厂家ID',
  `factory_name` varchar(64) NOT NULL COMMENT '厂家名称',
  `bean_impl` varchar(512) NOT NULL COMMENT '厂家处理类',
  `remark` varchar(512) DEFAULT NULL COMMENT '备注',
  `create_time` timestamp NOT NULL DEFAULT CURRENT_TIMESTAMP COMMENT '创建时间',
  `status_cd` varchar(2) NOT NULL DEFAULT '0' COMMENT '数据状态',
  PRIMARY KEY (`factory_id`) USING BTREE
) ENGINE=InnoDB DEFAULT CHARSET=utf8mb4 COLLATE=utf8mb4_0900_ai_ci;

-- ----------------------------
-- Records of space_machine_factory
-- ----------------------------
INSERT INTO `space_machine_factory` VALUES ('102024030543190016', '松饼车位地磁', 'songBingParkingSpaceMachineAdapt', '设备对接由松饼团队完成，设备购买调试请联系松饼团队\nhttp://shop.songbingcloud.com/', '2024-03-05 22:30:07', '0');
INSERT INTO `space_machine_factory` VALUES ('102024030544720007', '1', '2', '2', '2024-03-05 22:29:41', '1');

-- ----------------------------
-- Table structure for store_type
-- ----------------------------
DROP TABLE IF EXISTS `store_type`;
CREATE TABLE `store_type` (
  `id` int NOT NULL AUTO_INCREMENT COMMENT 'id',
  `store_type_cd` varchar(12) NOT NULL COMMENT '店铺编码',
  `name` varchar(50) NOT NULL COMMENT '店铺种类编码',
  `description` varchar(200) DEFAULT NULL COMMENT '描述',
  `create_time` timestamp NOT NULL DEFAULT CURRENT_TIMESTAMP COMMENT '创建时间',
  `is_show` varchar(2) DEFAULT NULL,
  PRIMARY KEY (`id`),
  UNIQUE KEY `store_type_cd` (`store_type_cd`) USING BTREE
) ENGINE=InnoDB AUTO_INCREMENT=10 DEFAULT CHARSET=utf8mb4 COLLATE=utf8mb4_0900_ai_ci;

-- ----------------------------
-- Records of store_type
-- ----------------------------
INSERT INTO `store_type` VALUES ('1', '800900000001', '运营团队', '运营团队', '2018-12-12 12:09:02', '1');
INSERT INTO `store_type` VALUES ('3', '800900000003', '物业', '物业', '2018-12-12 12:27:11', '0');
INSERT INTO `store_type` VALUES ('9', '800900000000', '开发团队', '开发团队', '2018-12-12 12:09:02', '1');

-- ----------------------------
-- Table structure for system_info
-- ----------------------------
DROP TABLE IF EXISTS `system_info`;
CREATE TABLE `system_info` (
  `system_id` int NOT NULL AUTO_INCREMENT COMMENT 'id',
  `system_title` varchar(64) NOT NULL COMMENT '标题名称',
  `sub_system_title` varchar(64) NOT NULL COMMENT '副标题',
  `company_name` varchar(128) DEFAULT NULL COMMENT '公司名称',
  `logo_url` varchar(200) DEFAULT NULL COMMENT 'logo地址',
  `img_url` varchar(512) DEFAULT NULL COMMENT '静态url',
  `default_community_id` varchar(30) DEFAULT NULL COMMENT '默认小区编号',
  `owner_title` varchar(64) DEFAULT NULL COMMENT '业主标题',
  `property_title` varchar(64) DEFAULT NULL COMMENT '物业手机标题',
  `qq_map_key` varchar(64) DEFAULT NULL COMMENT 'qq地图key',
  `mall_url` varchar(128) DEFAULT NULL COMMENT '商城地址',
  `create_time` timestamp NOT NULL DEFAULT CURRENT_TIMESTAMP COMMENT '创建时间',
  `status_cd` varchar(2) NOT NULL DEFAULT '0' COMMENT '数据状态，详细参考c_status表，S 保存，0, 在用 1失效',
  `system_simple_title` varchar(64) NOT NULL COMMENT '简写名称',
  PRIMARY KEY (`system_id`)
) ENGINE=InnoDB AUTO_INCREMENT=2 DEFAULT CHARSET=utf8;

-- ----------------------------
-- Records of system_info
-- ----------------------------
INSERT INTO `system_info` VALUES ('1', 'HC物联网管理系统', '智慧物联网系统', 'java110团队', '/img/logo.png', 'http://iot.homecommunity.cn', '2022051971920001', 'xx', 'xx', '123123', 'http://mallapp.homecommunity.cn', '2022-08-17 01:13:25', '0', 'HCIOT');

-- ----------------------------
-- Table structure for t_dict
-- ----------------------------
DROP TABLE IF EXISTS `t_dict`;
CREATE TABLE `t_dict` (
  `id` int NOT NULL AUTO_INCREMENT,
  `status_cd` varchar(64) NOT NULL COMMENT '表字段状态 取值',
  `name` varchar(50) NOT NULL COMMENT '名称',
  `description` varchar(200) DEFAULT NULL COMMENT '描述',
  `create_time` timestamp NOT NULL DEFAULT CURRENT_TIMESTAMP COMMENT '创建时间',
  `table_name` varchar(50) DEFAULT NULL,
  `table_columns` varchar(50) DEFAULT NULL COMMENT '表字段说明',
  PRIMARY KEY (`id`)
) ENGINE=InnoDB AUTO_INCREMENT=626423 DEFAULT CHARSET=utf8mb4 COLLATE=utf8mb4_0900_ai_ci;

-- ----------------------------
-- Records of t_dict
-- ----------------------------
INSERT INTO `t_dict` VALUES ('22', '1', '总公司', '公司级', '2019-10-06 09:43:55', 'u_org', 'org_level');
INSERT INTO `t_dict` VALUES ('23', '2', '分公司', '分公司级', '2019-10-06 09:44:16', 'u_org', 'org_level');
INSERT INTO `t_dict` VALUES ('24', '3', '部门', '部门级', '2019-10-06 09:44:26', 'u_org', 'org_level');
INSERT INTO `t_dict` VALUES ('32', '9901', '家用小汽车', '家用小汽车', '2019-10-15 09:47:21', 'owner_car', 'car_type');
INSERT INTO `t_dict` VALUES ('33', '9902', '客车', '客车', '2019-10-15 09:47:21', 'owner_car', 'car_type');
INSERT INTO `t_dict` VALUES ('34', '9903', '货车', '货车', '2019-10-15 09:47:21', 'owner_car', 'car_type');
INSERT INTO `t_dict` VALUES ('90', '1000', '待审核', '待审核', '2019-12-01 14:46:47', 'building_owner', 'state');
INSERT INTO `t_dict` VALUES ('91', '2000', '审核完成', '审核完成', '2019-12-01 14:46:47', 'building_owner', 'state');
INSERT INTO `t_dict` VALUES ('92', '3000', '审核拒绝', '审核拒绝', '2019-12-01 14:46:47', 'building_owner', 'state');
INSERT INTO `t_dict` VALUES ('93', '1001', '业主', '业主(不能动)', '2019-12-01 14:46:47', 'building_owner', 'owner_type_cd');
INSERT INTO `t_dict` VALUES ('94', '1002', '家庭成员', '家庭成员', '2019-12-01 14:46:47', 'building_owner', 'owner_type_cd');
INSERT INTO `t_dict` VALUES ('95', '1003', '房屋租客', '房屋租客', '2019-12-01 14:46:47', 'building_owner', 'owner_type_cd');
INSERT INTO `t_dict` VALUES ('96', '1004', '临时人员', '临时人员', '2019-12-01 14:46:47', 'building_owner', 'owner_type_cd');
INSERT INTO `t_dict` VALUES ('118', 'T', '允许前台操作', '允许前台操作', '2019-12-22 00:39:35', 'u_org', 'allow_operation');
INSERT INTO `t_dict` VALUES ('119', 'F', '不允许前台操作', '不允许前台操作', '2019-12-22 00:39:48', 'u_org', 'allow_operation');
INSERT INTO `t_dict` VALUES ('120', 'FLOOR', '楼栋授权', '楼栋授权', '2019-12-22 00:39:35', 'access_control_face', 'come_type');
INSERT INTO `t_dict` VALUES ('121', 'OWNER', '人员授权', '人员授权', '2019-12-22 00:39:35', 'access_control_face', 'come_type');
INSERT INTO `t_dict` VALUES ('122', 'STAFF', '员工授权', '员工授权', '2019-12-22 00:39:35', 'access_control_face', 'come_type');
INSERT INTO `t_dict` VALUES ('123', 'W', '待下发', '待下发', '2019-12-22 00:39:35', 'access_control_face', 'state');
INSERT INTO `t_dict` VALUES ('124', 'F', '下发失败', '下发失败', '2019-12-22 00:39:35', 'access_control_face', 'state');
INSERT INTO `t_dict` VALUES ('125', 'C', '下发成功', '下发成功', '2019-12-22 00:39:35', 'access_control_face', 'state');
INSERT INTO `t_dict` VALUES ('126', '10001', '请求成功', '请求成功', '2019-12-22 00:39:35', 'access_control_log', 'state');
INSERT INTO `t_dict` VALUES ('127', '10002', '返回成功', '返回成功', '2019-12-22 00:39:35', 'access_control_log', 'state');
INSERT INTO `t_dict` VALUES ('128', '10003', '操作失败', '操作失败', '2019-12-22 00:39:35', 'access_control_log', 'state');
INSERT INTO `t_dict` VALUES ('139', '1111', '黑名单', '黑名单', '2020-01-25 23:00:50', 'car_black_white', 'black_white');
INSERT INTO `t_dict` VALUES ('140', '2222', '白名单', '白名单', '2020-01-25 23:01:32', 'car_black_white', 'black_white');
INSERT INTO `t_dict` VALUES ('161', '9999', '隶属所有小区', '隶属所有小区', '2020-02-15 08:53:08', 'u_org', 'belong_community_id');
INSERT INTO `t_dict` VALUES ('162', '8888', '隶属部分小区', '隶属部分小区，请查看u_org_community', '2020-02-15 08:53:53', 'u_org', 'belong_community_id');
INSERT INTO `t_dict` VALUES ('303', '1000', '小区', '小区', '2019-11-11 21:54:14', 'machine_location', 'location_type');
INSERT INTO `t_dict` VALUES ('304', '2000', '单元', '单元', '2019-11-11 21:54:14', 'machine_location', 'location_type');
INSERT INTO `t_dict` VALUES ('305', '3000', '房屋', '房屋', '2019-11-11 21:54:14', 'machine_location', 'location_type');
INSERT INTO `t_dict` VALUES ('307', 'http://iot-community', '资产服务(iot-community)', '资产服务(iot-community)', '2019-11-11 21:54:14', 'c_service', 'url');
INSERT INTO `t_dict` VALUES ('309', 'http://iot-dev', '开发服务(iot-dev)', '开发服务(iot-dev)', '2019-11-11 21:54:14', 'c_service', 'url');
INSERT INTO `t_dict` VALUES ('310', 'http://iot-user', '用户服务(iot-user)', '用户服务(iot-user)', '2019-11-11 21:54:14', 'c_service', 'url');
INSERT INTO `t_dict` VALUES ('312', 'http://iot-job', '定时服务(iot-job)', '定时服务(iot-job)', '2019-11-11 21:54:14', 'c_service', 'url');
INSERT INTO `t_dict` VALUES ('313', 'http://iot-accessControl', '门禁服务(iot-access-control)', '门禁服务(iot-accessControl)', '2019-11-11 21:54:14', 'c_service', 'url');
INSERT INTO `t_dict` VALUES ('314', 'http://iot-openapi', 'openApi服务(iot-openapi)', 'openApi服务(iot-openapi)', '2019-11-11 21:54:14', 'c_service', 'url');
INSERT INTO `t_dict` VALUES ('315', 'http://iot-barrier', '道闸服务(iot-barrier)', '道闸服务(iot-barrier)', '2019-11-11 21:54:14', 'c_service', 'url');
INSERT INTO `t_dict` VALUES ('316', 'http://iot-car', '车辆服务(iot-car)', '车辆服务(iot-car)', '2019-11-11 21:54:14', 'c_service', 'url');
INSERT INTO `t_dict` VALUES ('317', 'http://iot-monitor', '监控服务(iot-monitor)', '监控服务(iot-monitor)', '2019-11-11 21:54:14', 'c_service', 'url');
INSERT INTO `t_dict` VALUES ('318', 'http://iot-system', '平台服务(iot-system)', '平台服务(iot-system)', '2019-11-11 21:54:14', 'c_service', 'url');
INSERT INTO `t_dict` VALUES ('319', 'http://iot-charge', '充电服务(iot-charge)', '充电服务(iot-charge)', '2019-11-11 21:54:14', 'c_service', 'url');
INSERT INTO `t_dict` VALUES ('320', 'http://iot-acct', '账户服务(iot-acct)', '账户服务(iot-acct)', '2019-11-11 21:54:14', 'c_service', 'url');
INSERT INTO `t_dict` VALUES ('321', 'http://iot-meter', '抄表服务(iot-meter)', '抄表服务(iot-meter)', '2019-11-11 21:54:14', 'c_service', 'url');
INSERT INTO `t_dict` VALUES ('322', 'http://iot-lift', '梯控服务(iot-lift)', '梯控服务(iot-lift)', '2019-11-11 21:54:14', 'c_service', 'url');
INSERT INTO `t_dict` VALUES ('323', 'http://iot-lamp', '路灯服务(iot-lamp)', '路灯服务(iot-lamp)', '2019-11-11 21:54:14', 'c_service', 'url');
INSERT INTO `t_dict` VALUES ('324', 'http://iot-monitor', '监控服务(iot-monitor)', '监控服务(iot-monitor)', '2019-11-11 21:54:14', 'c_service', 'url');
INSERT INTO `t_dict` VALUES ('325', 'http://iot-lock', '门锁服务(iot-lock)', '门锁服务(iot-lock)', '2019-11-11 21:54:14', 'c_service', 'url');
INSERT INTO `t_dict` VALUES ('329', '1001', '正常', '正常', '2019-10-15 09:47:21', 'owner_car', 'state');
INSERT INTO `t_dict` VALUES ('330', '2002', '欠费', '欠费', '2019-10-15 09:47:21', 'owner_car', 'state');
INSERT INTO `t_dict` VALUES ('331', '3003', '车位释放', '正常', '2019-10-15 09:47:21', 'owner_car', 'state');
INSERT INTO `t_dict` VALUES ('381', '2002', '未销售', '未销售', '2019-10-30 20:57:36', 'building_room', 'state');
INSERT INTO `t_dict` VALUES ('382', '2001', '已入住', '已入住', '2019-10-30 20:57:36', 'building_room', 'state');
INSERT INTO `t_dict` VALUES ('383', '2003', '已交房', '已交房', '2019-10-30 20:57:36', 'building_room', 'state');
INSERT INTO `t_dict` VALUES ('384', '2005', '已装修', '已装修', '2019-10-30 20:57:36', 'building_room', 'state');
INSERT INTO `t_dict` VALUES ('385', '2004', '未入住', '未入住', '2019-10-30 20:57:36', 'building_room', 'state');
INSERT INTO `t_dict` VALUES ('401', 'http://shop.songbingcloud.com', '供应链入口', '供应链入口', '2023-09-14 20:57:54', 'microIndustry_platform', 'domain_name');
INSERT INTO `t_dict` VALUES ('402', '123', 'appid', 'appid', '2023-09-14 21:00:29', 'microIndustry_platform', 'appid');
INSERT INTO `t_dict` VALUES ('403', '123', 'key', 'key', '2023-09-14 21:01:26', 'microIndustry_platform', 'key');
INSERT INTO `t_dict` VALUES ('427', '1', '现金', '现金', '2020-12-18 10:12:43', 'pay_fee_detail', 'prime_rate');
INSERT INTO `t_dict` VALUES ('428', '2', 'POS刷卡', 'POS刷卡', '2020-12-18 10:13:45', 'pay_fee_detail', 'prime_rate');
INSERT INTO `t_dict` VALUES ('429', '3', '微信二维码', '微信二维码', '2020-12-18 10:14:34', 'pay_fee_detail', 'prime_rate');
INSERT INTO `t_dict` VALUES ('430', '4', '支付宝二维码', '支付宝二维码', '2020-12-18 10:15:10', 'pay_fee_detail', 'prime_rate');
INSERT INTO `t_dict` VALUES ('431', '5', '微信公众号支付', '微信公众号支付', '2020-12-18 10:16:00', 'pay_fee_detail', 'prime_rate');
INSERT INTO `t_dict` VALUES ('437', '6', '微信小程序支付', '微信小程序支付', '2020-12-18 17:52:39', 'pay_fee_detail', 'prime_rate');
INSERT INTO `t_dict` VALUES ('440', '4000', '岗亭', '岗亭', '2019-11-11 21:54:14', 'machine_location', 'location_type');
INSERT INTO `t_dict` VALUES ('450', '9904', '电动车', '电动车', '2019-10-15 09:47:21', 'owner_car', 'car_type');
INSERT INTO `t_dict` VALUES ('451', '9905', '三轮车', '三轮车', '2019-10-15 09:47:21', 'owner_car', 'car_type');
INSERT INTO `t_dict` VALUES ('454', '2006', '已出租', '已出租', '2019-10-30 20:57:36', 'building_room', 'state');
INSERT INTO `t_dict` VALUES ('455', '2007', '已出售', '已出售', '2019-10-30 20:57:36', 'building_room', 'state');
INSERT INTO `t_dict` VALUES ('456', '2008', '空闲', '空闲', '2019-10-30 20:57:36', 'building_room', 'state');
INSERT INTO `t_dict` VALUES ('468', '9901', '家用小汽车', '家用小汽车', '2019-10-15 09:47:21', 'temp_car_fee_config', 'car_type');
INSERT INTO `t_dict` VALUES ('469', '9902', '客车', '客车', '2019-10-15 09:47:21', 'temp_car_fee_config', 'car_type');
INSERT INTO `t_dict` VALUES ('470', '9903', '货车', '货车', '2019-10-15 09:47:21', 'temp_car_fee_config', 'car_type');
INSERT INTO `t_dict` VALUES ('471', '9904', '电动车', '电动车', '2019-10-15 09:47:21', 'temp_car_fee_config', 'car_type');
INSERT INTO `t_dict` VALUES ('472', '9905', '三轮车', '三轮车', '2019-10-15 09:47:21', 'temp_car_fee_config', 'car_type');
INSERT INTO `t_dict` VALUES ('483', '5000', '部门', '部门', '2019-11-11 21:54:14', 'machine_location', 'location_type');
INSERT INTO `t_dict` VALUES ('502', '2009', '装修中', '装修中', '2021-02-18 16:47:36', 'building_room', 'state');
INSERT INTO `t_dict` VALUES ('511', '1001', '启用', '电梯启用', '2023-09-20 08:51:03', 'lift_machine', 'state');
INSERT INTO `t_dict` VALUES ('512', '2002', '停止', '电梯停止', '2023-09-20 08:51:03', 'lift_machine', 'state');
INSERT INTO `t_dict` VALUES ('521', '10001', '请求成功', '电梯相关请求成功', '2023-09-20 08:51:03', 'lift_machine_log', 'state');
INSERT INTO `t_dict` VALUES ('522', '10002', '返回成功', '电梯相关返回成功', '2023-09-20 08:51:03', 'lift_machine_log', 'state');
INSERT INTO `t_dict` VALUES ('523', '10003', '操作失败', '电梯相关操作失败', '2023-09-20 08:51:03', 'lift_machine_log', 'state');
INSERT INTO `t_dict` VALUES ('531', 'running', '电梯启动', '电梯启动', '2023-09-20 08:51:03', 'lift_machine_log', 'log_action');
INSERT INTO `t_dict` VALUES ('532', 'stopping', '电梯停止', '电梯停止', '2023-09-20 08:51:03', 'lift_machine_log', 'log_action');
INSERT INTO `t_dict` VALUES ('541', '1001', '门禁', '门禁预约电梯', '2023-09-20 08:51:03', 'lift_machine_reservation', 'res_way');
INSERT INTO `t_dict` VALUES ('542', '2002', '手机', '手机预约电梯', '2023-09-20 08:51:03', 'lift_machine_reservation', 'res_way');
INSERT INTO `t_dict` VALUES ('551', '1001', '访客', '人员类型', '2023-09-20 08:51:03', 'lift_machine_reservation', 'person_way');
INSERT INTO `t_dict` VALUES ('552', '2002', '业主', '人员类型', '2023-09-20 08:51:03', 'lift_machine_reservation', 'person_way');
INSERT INTO `t_dict` VALUES ('553', '3003', '物业人员', '人员类型', '2023-09-20 08:51:03', 'lift_machine_reservation', 'person_way');
INSERT INTO `t_dict` VALUES ('561', 'open', '打开', '打开', '2023-09-20 08:51:03', 'lamp_machine_operation', 'type');
INSERT INTO `t_dict` VALUES ('562', 'close', '关闭', '关闭', '2023-09-20 08:51:03', 'lamp_machine_operation', 'type');
INSERT INTO `t_dict` VALUES ('571', '1001', '打开中', '路灯打开中', '2023-09-20 08:51:03', 'lamp_machine', 'state');
INSERT INTO `t_dict` VALUES ('572', '1002', '关闭中', '路灯关闭中', '2023-09-20 08:51:03', 'lamp_machine', 'state');
INSERT INTO `t_dict` VALUES ('601', '', '全部', '全部', '2023-09-15 17:58:31', 'product', 'category');
INSERT INTO `t_dict` VALUES ('602', '102024010210950023', '门禁设备', '门禁设备', '2023-09-15 17:58:31', 'product', 'category');
INSERT INTO `t_dict` VALUES ('603', '102024010224560032', '充电设备', '充电设备', '2023-09-15 17:58:31', 'product', 'category');
INSERT INTO `t_dict` VALUES ('604', '102024010228750035', '水电表', '水电表', '2023-09-15 17:58:31', 'product', 'category');
INSERT INTO `t_dict` VALUES ('605', '102024010234910029', '道闸设备', '道闸设备', '2023-09-15 17:58:31', 'product', 'category');
INSERT INTO `t_dict` VALUES ('606', '102024010246180050', '消防安全', '消防安全', '2023-09-15 17:58:31', 'product', 'category');
INSERT INTO `t_dict` VALUES ('607', '102024010251120044', '路灯', '路灯', '2023-09-15 17:58:31', 'product', 'category');
INSERT INTO `t_dict` VALUES ('608', '102024010267670056', '电子工牌', '电子工牌', '2023-09-15 17:58:31', 'product', 'category');
INSERT INTO `t_dict` VALUES ('609', '102024010295840038', '门锁', '门锁', '2023-09-15 17:58:31', 'product', 'category');
INSERT INTO `t_dict` VALUES ('610', '102024011732070017', '插件模块', '插件模块', '2023-09-15 17:58:31', 'product', 'category');
INSERT INTO `t_dict` VALUES ('619', '7', '转账', '转账', '2020-12-18 17:52:39', 'pay_fee_detail', 'prime_rate');
INSERT INTO `t_dict` VALUES ('701', 'SMS-ALI', '阿里云短信', '通知方式', '2023-09-27 11:28:26', 'event_template', 'event_way');
INSERT INTO `t_dict` VALUES ('702', 'DINGDING', '钉钉群通知', '通知方式', '2023-09-27 11:28:26', 'event_template', 'event_way');
INSERT INTO `t_dict` VALUES ('703', 'WECHAT', '企业微信群通知', '通知方式', '2023-09-27 11:28:26', 'event_template', 'event_way');
INSERT INTO `t_dict` VALUES ('711', '1001', '门禁', '/accessControl.listAccessControl', '2023-09-28 10:30:32', 'event_object', 'obj_type');
INSERT INTO `t_dict` VALUES ('712', '2002', '道闸', '/barrier.listBarrier', '2023-09-28 10:30:32', 'event_object', 'obj_type');
INSERT INTO `t_dict` VALUES ('713', '3003', '充电桩', '/chargeMachine.listChargeMachine', '2023-09-28 10:30:32', 'event_object', 'obj_type');
INSERT INTO `t_dict` VALUES ('714', '4004', '智能水电表', '/meterMachine.listMeterMachine', '2023-09-28 10:30:32', 'event_object', 'obj_type');
INSERT INTO `t_dict` VALUES ('715', '5005', '电梯', '/liftMachine.listLiftMachine', '2023-09-28 10:30:32', 'event_object', 'obj_type');
INSERT INTO `t_dict` VALUES ('716', '6006', '路灯', '/lampMachine.listLampMachine', '2023-09-28 10:30:32', 'event_object', 'obj_type');
INSERT INTO `t_dict` VALUES ('717', '7007', '监控', '/monitorMachine.listMonitorMachine', '2023-09-28 10:30:32', 'event_object', 'obj_type');
INSERT INTO `t_dict` VALUES ('718', '8008', '门锁', '/lockMachineFactory.listLockMachineFactory', '2023-09-28 10:30:32', 'event_object', 'obj_type');
INSERT INTO `t_dict` VALUES ('731', '1001', '设备离线', '事件类型', '2023-10-08 09:53:57', 'event_pool', 'event_type');
INSERT INTO `t_dict` VALUES ('732', '2002', '温度过高', '事件类型', '2023-10-08 09:53:57', 'event_pool', 'event_type');
INSERT INTO `t_dict` VALUES ('733', '3003', '未知异常', '事件类型', '2023-10-08 09:53:57', 'event_pool', 'event_type');
INSERT INTO `t_dict` VALUES ('761', 'GB28181', 'GB28181', '监控协议', '2023-10-18 11:24:58', 'monitor_machine', 'protocol');
INSERT INTO `t_dict` VALUES ('762', 'RTSP', 'RTSP', '监控协议', '2023-10-18 11:24:58', 'monitor_machine', 'protocol');
INSERT INTO `t_dict` VALUES ('781', '1001', '高空抛物', '监控类型', '2023-10-20 10:42:09', 'monitor_pool', 'monitor_type');
INSERT INTO `t_dict` VALUES ('782', '2002', '违规停车', '监控类型', '2023-10-20 10:42:09', 'monitor_pool', 'monitor_type');
INSERT INTO `t_dict` VALUES ('783', '3003', '电动车进电梯', '监控类型', '2023-10-20 10:42:09', 'monitor_pool', 'monitor_type');
INSERT INTO `t_dict` VALUES ('801', '1001', '获取令牌', '获取令牌', '2023-11-10 15:17:23', 'lock_log', 'log_action');
INSERT INTO `t_dict` VALUES ('802', '1002', '刷新令牌', '刷新令牌', '2023-11-10 15:17:23', 'lock_log', 'log_action');
INSERT INTO `t_dict` VALUES ('803', '1003', '添加自定义密码', '添加自定义密码', '2023-11-10 15:17:23', 'lock_log', 'log_action');
INSERT INTO `t_dict` VALUES ('804', '1004', '修改密码', '修改密码', '2023-11-10 15:17:23', 'lock_log', 'log_action');
INSERT INTO `t_dict` VALUES ('805', '1005', '开锁', '开锁', '2023-11-10 15:17:23', 'lock_log', 'log_action');
INSERT INTO `t_dict` VALUES ('831', '1001', '压力传感器', '传感器类型', '2023-11-23 17:23:01', 'instrument_sensor', 'sensor_type');
INSERT INTO `t_dict` VALUES ('832', '2002', '液位传感器', '传感器类型', '2023-11-23 17:23:01', 'instrument_sensor', 'sensor_type');
INSERT INTO `t_dict` VALUES ('833', '3003', '温湿度传感器', '传感器类型', '2023-11-23 17:23:01', 'instrument_sensor', 'sensor_type');
INSERT INTO `t_dict` VALUES ('834', '4004', '温度传感器', '传感器类型', '2023-11-23 17:23:01', 'instrument_sensor', 'sensor_type');
INSERT INTO `t_dict` VALUES ('835', '5005', '水质传感器', '传感器类型', '2023-11-23 17:23:01', 'instrument_sensor', 'sensor_type');
INSERT INTO `t_dict` VALUES ('836', '6006', '可燃气体', '传感器类型', '2023-11-23 17:23:01', 'instrument_sensor', 'sensor_type');
INSERT INTO `t_dict` VALUES ('837', '7007', '水浸传感器', '传感器类型', '2023-11-23 17:23:01', 'instrument_sensor', 'sensor_type');
INSERT INTO `t_dict` VALUES ('851', 'FACE', '人脸', '通行方式', '2023-12-11 16:22:06', 'visit_type', 'visit_way');
INSERT INTO `t_dict` VALUES ('852', 'QRCODE', '访客码', '通行方式', '2023-12-11 16:22:06', 'visit_type', 'visit_way');
INSERT INTO `t_dict` VALUES ('853', '1001', '物业审核', '审核方式', '2023-12-11 16:22:06', 'visit_type', 'audit_way');
INSERT INTO `t_dict` VALUES ('854', '2002', '业主审核', '审核方式', '2023-12-11 16:22:06', 'visit_type', 'audit_way');
INSERT INTO `t_dict` VALUES ('855', '0', '未审核', '审核状态', '2023-12-11 16:22:06', 'visit', 'state');
INSERT INTO `t_dict` VALUES ('856', '1', '审核通过', '审核状态', '2023-12-11 16:22:06', 'visit', 'state');
INSERT INTO `t_dict` VALUES ('857', '2', '审核拒绝', '审核状态', '2023-12-11 16:22:06', 'visit', 'state');
INSERT INTO `t_dict` VALUES ('861', 'ROOM', '房屋方式', '查询方式', '2023-12-19 14:17:07', 'meter_qrcode', 'query_way');
INSERT INTO `t_dict` VALUES ('862', 'ADDRESS', '表号方式', '查询方式', '2023-12-19 14:17:07', 'meter_qrcode', 'query_way');
INSERT INTO `t_dict` VALUES ('1001', 'exportOwnerCar', '业主车辆', '业主车辆', '2023-12-05 11:32:07', 'user_download_file', 'file_type');
INSERT INTO `t_dict` VALUES ('6114', '6000', '楼栋', '楼栋', '2019-11-11 21:54:14', 'machine_location', 'location_type');
INSERT INTO `t_dict` VALUES ('6125', '110', '住宅', '住宅', '2019-10-30 20:57:36', 'building_room', 'room_sub_type');
INSERT INTO `t_dict` VALUES ('6126', '120', '办公室', '办公室', '2019-10-30 20:57:36', 'building_room', 'room_sub_type');
INSERT INTO `t_dict` VALUES ('6127', '119', '宿舍', '宿舍', '2019-10-30 20:57:36', 'building_room', 'room_sub_type');
INSERT INTO `t_dict` VALUES ('6223', '2006001', '正常', '正常', '2021-09-01 22:30:06', 'pay_fee_batch', 'state');
INSERT INTO `t_dict` VALUES ('6224', '2007001', '申请取消', '申请取消', '2021-09-01 22:30:06', 'pay_fee_batch', 'state');
INSERT INTO `t_dict` VALUES ('6225', '2008001', '审核通过', '审核通过', '2021-09-01 22:30:06', 'pay_fee_batch', 'state');
INSERT INTO `t_dict` VALUES ('6226', '2009001', '审核失败', '审核失败', '2021-09-01 22:30:06', 'pay_fee_batch', 'state');
INSERT INTO `t_dict` VALUES ('6229', '1001', '主车辆', '主车辆', '2019-10-15 09:47:21', 'owner_car', 'car_type_cd');
INSERT INTO `t_dict` VALUES ('6230', '1002', '成员车辆', '成员车辆', '2019-10-15 09:47:21', 'owner_car', 'car_type_cd');
INSERT INTO `t_dict` VALUES ('6231', '1003', '临时车', '临时车', '2019-10-15 09:47:21', 'owner_car', 'car_type_cd');
INSERT INTO `t_dict` VALUES ('6239', '1', '现金', '现金', '2021-08-28 16:00:50', 'car_inout_payment', 'pay_type');
INSERT INTO `t_dict` VALUES ('6240', '2', '微信', '微信', '2021-08-28 16:00:50', 'car_inout_payment', 'pay_type');
INSERT INTO `t_dict` VALUES ('6241', '3', '支付宝', '支付宝', '2021-08-28 16:00:50', 'car_inout_payment', 'pay_type');
INSERT INTO `t_dict` VALUES ('626039', '7000', '停车场', '停车场', '2019-11-12 05:54:14', 'machine_location', 'location_type');
INSERT INTO `t_dict` VALUES ('626057', '1005', '其他', '其他', '2022-04-28 14:14:36', 'building_owner', 'owner_type_cd');
INSERT INTO `t_dict` VALUES ('626098', 'H', '月租车', '月租车', '2021-03-13 08:57:06', 'owner_car', 'lease_type');
INSERT INTO `t_dict` VALUES ('626099', 'S', '出售车', '出售车', '2021-03-13 08:57:06', 'owner_car', 'lease_type');
INSERT INTO `t_dict` VALUES ('626100', 'I', '内部车', '内部车', '2021-03-13 08:57:06', 'owner_car', 'lease_type');
INSERT INTO `t_dict` VALUES ('626101', 'NM', '免费车', '免费车', '2021-03-13 08:57:06', 'owner_car', 'lease_type');
INSERT INTO `t_dict` VALUES ('626104', 'R', '预约车', '预约车', '2022-09-06 17:18:44', 'owner_car', 'lease_type');
INSERT INTO `t_dict` VALUES ('626234', '9906', '信用期车辆(1个月)', '信用期车辆', '2019-10-15 09:47:21', 'owner_car', 'car_type');
INSERT INTO `t_dict` VALUES ('626245', '128', '储物间', '储物间', '2023-01-30 18:04:28', 'building_room', 'room_sub_type');
INSERT INTO `t_dict` VALUES ('626248', '1001', '充电中', '充电中', '2019-10-15 09:47:21', 'charge_machine_order', 'state');
INSERT INTO `t_dict` VALUES ('626249', '2002', '充电完成', '充电完成', '2019-10-15 09:47:21', 'charge_machine_order', 'state');
INSERT INTO `t_dict` VALUES ('626250', '3003', '充电失败', '充电失败', '2019-10-15 09:47:21', 'charge_machine_order', 'state');
INSERT INTO `t_dict` VALUES ('626252', 'FREE', '空闲', '空闲', '2019-10-15 09:47:21', 'charge_machine_port', 'state');
INSERT INTO `t_dict` VALUES ('626253', 'WORKING', '充电中', '充电中', '2019-10-15 09:47:21', 'charge_machine_port', 'state');
INSERT INTO `t_dict` VALUES ('626254', 'BREAKDOWN', '故障', '故障', '2019-10-15 09:47:21', 'charge_machine_port', 'state');
INSERT INTO `t_dict` VALUES ('626361', '1001', '电动摩托车', '电动摩托车', '2023-08-21 09:01:05', null, 'charge_type');
INSERT INTO `t_dict` VALUES ('626362', '1002', '电动汽车', '电动汽车', '2023-08-21 09:01:05', null, 'charge_type暂时不用');
INSERT INTO `t_dict` VALUES ('626363', '100300', '进场状态', '进场状态', '2020-01-26 13:55:33', 'car_inout', 'state');
INSERT INTO `t_dict` VALUES ('626364', '100400', '支付完成', '支付完成', '2020-01-26 13:55:54', 'car_inout', 'state');
INSERT INTO `t_dict` VALUES ('626365', '100500', '离场状态', '离场状态', '2020-01-26 13:56:18', 'car_inout', 'state');
INSERT INTO `t_dict` VALUES ('626366', '100600', '支付超时重新支付', '支付超时重新支付', '2020-01-26 13:56:34', 'car_inout', 'state');
INSERT INTO `t_dict` VALUES ('626367', '100301', '开门失败', '开门失败', '2020-01-26 13:55:33', 'car_inout', 'state');
INSERT INTO `t_dict` VALUES ('626368', '1001', '时长减免', '时长减免', '2019-10-15 09:47:21', 'parking_coupon', 'type_cd');
INSERT INTO `t_dict` VALUES ('626369', '2002', '金额减免', '金额减免', '2019-10-15 09:47:21', 'parking_coupon', 'type_cd');
INSERT INTO `t_dict` VALUES ('626370', '3003', '折扣减免', '折扣减免', '2019-10-15 09:47:21', 'parking_coupon', 'type_cd');
INSERT INTO `t_dict` VALUES ('626371', '4004', '全免', '全免', '2019-10-15 09:47:21', 'parking_coupon', 'type_cd');
INSERT INTO `t_dict` VALUES ('626372', '1', '现金', '现金', '2020-12-18 10:12:43', 'parking_coupon_order', 'pay_type');
INSERT INTO `t_dict` VALUES ('626373', '2', 'POS刷卡', 'POS刷卡', '2020-12-18 10:13:45', 'parking_coupon_order', 'pay_type');
INSERT INTO `t_dict` VALUES ('626374', '3', '微信二维码', '微信二维码', '2020-12-18 10:14:34', 'parking_coupon_order', 'pay_type');
INSERT INTO `t_dict` VALUES ('626375', '4', '支付宝二维码', '支付宝二维码', '2020-12-18 10:15:10', 'parking_coupon_order', 'pay_type');
INSERT INTO `t_dict` VALUES ('626376', '5', '微信公众号支付', '微信公众号支付', '2020-12-18 10:16:00', 'parking_coupon_order', 'pay_type');
INSERT INTO `t_dict` VALUES ('626377', '6', '微信小程序支付', '微信小程序支付', '2020-12-18 17:52:39', 'parking_coupon_order', 'pay_type');
INSERT INTO `t_dict` VALUES ('626378', '7', '转账', '转账', '2020-12-18 17:52:39', 'parking_coupon_order', 'pay_type');
INSERT INTO `t_dict` VALUES ('626379', 'importMeterMachine', '水电表导入', '水电表导入', '2020-05-12 13:46:12', 'asset_import_log', 'log_type');
INSERT INTO `t_dict` VALUES ('626380', 'importRoomOwner', '房产导入', '房产导入', '2020-05-12 13:46:12', 'asset_import_log', 'log_type');
INSERT INTO `t_dict` VALUES ('626381', 'importOwnerCar', '车辆导入', '车辆导入', '2020-05-12 13:46:12', 'asset_import_log', 'log_type');
INSERT INTO `t_dict` VALUES ('626382', '00', '系统管理员', '系统管理员', '2019-10-06 09:43:55', 'u_user', 'level_cd');
INSERT INTO `t_dict` VALUES ('626383', '01', '员工', '员工', '2019-10-06 09:43:55', 'u_user', 'level_cd');
INSERT INTO `t_dict` VALUES ('626384', '02', '普通用户', '普通用户', '2019-10-06 09:43:55', 'u_user', 'level_cd');
INSERT INTO `t_dict` VALUES ('626385', '03', '商城用户', '商城用户', '2019-10-06 09:43:55', 'u_user', 'level_cd');
INSERT INTO `t_dict` VALUES ('626386', '04', '手机用户', '手机用户', '2019-10-06 09:43:55', 'u_user', 'level_cd');
INSERT INTO `t_dict` VALUES ('626387', '2003', '现金账户', '现金账户', '2019-11-11 21:54:14', 'account', 'acct_type');
INSERT INTO `t_dict` VALUES ('626388', '2004', '积分账户', '积分账户', '2019-11-11 21:54:14', 'account', 'acct_type');
INSERT INTO `t_dict` VALUES ('626389', '2005', '优惠券账户', '优惠券账户', '2019-11-11 21:54:14', 'account', 'acct_type');
INSERT INTO `t_dict` VALUES ('626390', 'floor', '楼栋', '楼栋', '2019-11-11 21:54:14', 'dt_modal', 'modal_type');
INSERT INTO `t_dict` VALUES ('626391', 'car', '车辆', '车辆', '2019-11-11 21:54:14', 'dt_modal', 'modal_type');
INSERT INTO `t_dict` VALUES ('626392', 'person', '人', '人', '2019-11-11 21:54:14', 'dt_modal', 'modal_type');
INSERT INTO `t_dict` VALUES ('626393', 'access_control', '门禁', '门禁', '2019-11-11 21:54:14', 'dt_modal', 'modal_type');
INSERT INTO `t_dict` VALUES ('626394', 'barrier', '道闸', '道闸', '2019-11-11 21:54:14', 'dt_modal', 'modal_type');
INSERT INTO `t_dict` VALUES ('626395', 'charge_machine', '充电桩', '充电桩', '2019-11-11 21:54:14', 'dt_modal', 'modal_type');
INSERT INTO `t_dict` VALUES ('626396', 'meter', '水电表', '水电表', '2019-11-11 21:54:14', 'dt_modal', 'modal_type');
INSERT INTO `t_dict` VALUES ('626397', 'lift', '电梯', '电梯', '2019-11-11 21:54:14', 'dt_modal', 'modal_type');
INSERT INTO `t_dict` VALUES ('626398', 'lamp', '路灯', '路灯', '2019-11-11 21:54:14', 'dt_modal', 'modal_type');
INSERT INTO `t_dict` VALUES ('626399', 'monitor', '摄像头', '摄像头', '2019-11-11 21:54:14', 'dt_modal', 'modal_type');
INSERT INTO `t_dict` VALUES ('626400', 'lock', '门锁', '门锁', '2019-11-11 21:54:14', 'dt_modal', 'modal_type');
INSERT INTO `t_dict` VALUES ('626401', 'instrument', '仪表', '仪表', '2019-11-11 21:54:14', 'dt_modal', 'modal_type');
INSERT INTO `t_dict` VALUES ('626402', 'template', '模版', '模版', '2023-11-11 21:54:14', 'dt_modal', 'modal_type');
INSERT INTO `t_dict` VALUES ('626404', '1001', '时长减免', '时长减免', '2019-10-15 09:47:21', 'parking_coupon_car', 'type_cd');
INSERT INTO `t_dict` VALUES ('626405', '2002', '金额减免', '金额减免', '2019-10-15 09:47:21', 'parking_coupon_car', 'type_cd');
INSERT INTO `t_dict` VALUES ('626406', '3003', '折扣减免', '折扣减免', '2019-10-15 09:47:21', 'parking_coupon_car', 'type_cd');
INSERT INTO `t_dict` VALUES ('626407', '4004', '全免', '全免', '2019-10-15 09:47:21', 'parking_coupon_car', 'type_cd');
INSERT INTO `t_dict` VALUES ('626408', '1001', '扫码获取', '扫码获取', '2019-10-15 09:47:21', 'parking_coupon_car', 'give_way');
INSERT INTO `t_dict` VALUES ('626409', '2002', '商家添加', '商家添加', '2019-10-15 09:47:21', 'parking_coupon_car', 'give_way');
INSERT INTO `t_dict` VALUES ('626410', '3003', '购物自动赠送', '购物自动赠送', '2019-10-15 09:47:21', 'parking_coupon_car', 'give_way');
INSERT INTO `t_dict` VALUES ('626411', '1001', '未使用', '未使用', '2019-10-15 09:47:21', 'parking_coupon_car', 'state');
INSERT INTO `t_dict` VALUES ('626412', '2002', '已使用', '已使用', '2019-10-15 09:47:21', 'parking_coupon_car', 'state');
INSERT INTO `t_dict` VALUES ('626413', '3003', '作废', '作废', '2019-10-15 09:47:21', 'parking_coupon_car', 'state');
INSERT INTO `t_dict` VALUES ('626414', '4004', '物业缴费赠送', '物业缴费赠送', '2019-10-15 09:47:21', 'parking_coupon_car', 'give_way');
INSERT INTO `t_dict` VALUES ('626415', 'W', '待审核', '待审核', '2020-01-26 13:56:18', 'person_face', 'state');
INSERT INTO `t_dict` VALUES ('626416', 'F', '审核失败', '审核失败', '2020-01-26 13:56:18', 'person_face', 'state');
INSERT INTO `t_dict` VALUES ('626417', 'C', '审核完成', '审核完成', '2020-01-26 13:56:18', 'person_face', 'state');
INSERT INTO `t_dict` VALUES ('626418', 'ADD_FACE', '添加人脸', '添加人脸', '2020-01-26 13:56:18', 'access_control_log', 'log_cmd');
INSERT INTO `t_dict` VALUES ('626419', 'UPDATE_FACE', '修改人脸', '修改人脸', '2020-01-26 13:56:18', 'access_control_log', 'log_cmd');
INSERT INTO `t_dict` VALUES ('626420', 'DELETE_FACE', '删除人脸', '删除人脸', '2020-01-26 13:56:18', 'access_control_log', 'log_cmd');
INSERT INTO `t_dict` VALUES ('626421', 'REBOOT', '重启', '重启', '2020-01-26 13:56:18', 'access_control_log', 'log_cmd');
INSERT INTO `t_dict` VALUES ('626422', 'OPEN_DOOR', '开门', '开门', '2020-01-26 13:56:18', 'access_control_log', 'log_cmd');

-- ----------------------------
-- Table structure for t_dict_spec
-- ----------------------------
DROP TABLE IF EXISTS `t_dict_spec`;
CREATE TABLE `t_dict_spec` (
  `spec_id` varchar(30) NOT NULL COMMENT '规格ID',
  `spec_name` varchar(64) NOT NULL COMMENT '规格名称',
  `table_name` varchar(64) NOT NULL COMMENT '表名称',
  `table_columns` varchar(64) NOT NULL COMMENT '类名称',
  `create_time` timestamp NOT NULL DEFAULT CURRENT_TIMESTAMP COMMENT '创建时间',
  `status_cd` varchar(2) NOT NULL DEFAULT '0' COMMENT '数据状态，详细参考c_status表，S 保存，0, 在用 1失效',
  PRIMARY KEY (`spec_id`)
) ENGINE=InnoDB DEFAULT CHARSET=utf8mb4 COLLATE=utf8mb4_0900_ai_ci;

-- ----------------------------
-- Records of t_dict_spec
-- ----------------------------
INSERT INTO `t_dict_spec` VALUES ('1', '门禁人员来源', 'access_control_face', 'come_type', '2023-08-16 10:47:55', '0');

-- ----------------------------
-- Table structure for task
-- ----------------------------
DROP TABLE IF EXISTS `task`;
CREATE TABLE `task` (
  `task_id` varchar(30) NOT NULL COMMENT '任务ID',
  `b_id` varchar(30) DEFAULT '-1' COMMENT '业务ID',
  `task_name` varchar(100) NOT NULL COMMENT '任务名称',
  `template_id` varchar(30) NOT NULL COMMENT '模板ID',
  `task_cron` varchar(50) NOT NULL COMMENT '定时时间',
  `state` varchar(12) NOT NULL COMMENT '状态 001 停止 002 运行 ',
  `status_cd` varchar(30) NOT NULL DEFAULT '0' COMMENT '状态',
  `create_time` timestamp NOT NULL DEFAULT CURRENT_TIMESTAMP COMMENT '创建时间'
) ENGINE=InnoDB DEFAULT CHARSET=utf8;

-- ----------------------------
-- Records of task
-- ----------------------------

-- ----------------------------
-- Table structure for temp_car_fee_config
-- ----------------------------
DROP TABLE IF EXISTS `temp_car_fee_config`;
CREATE TABLE `temp_car_fee_config` (
  `config_id` varchar(30) NOT NULL COMMENT '临时车收费标准ID',
  `fee_name` varchar(64) NOT NULL COMMENT '收费标准名称',
  `b_id` varchar(30) DEFAULT '-1' COMMENT '业务ID',
  `pa_id` varchar(30) NOT NULL COMMENT '停车场ID',
  `area_num` varchar(30) NOT NULL COMMENT '停车场编码',
  `car_type` varchar(12) NOT NULL COMMENT '车辆类型',
  `rule_id` varchar(30) NOT NULL COMMENT '收费规则',
  `community_id` varchar(30) NOT NULL COMMENT '小区ID',
  `start_time` datetime NOT NULL COMMENT '开始时间',
  `end_time` datetime NOT NULL COMMENT '结束时间',
  `create_time` timestamp NOT NULL DEFAULT CURRENT_TIMESTAMP COMMENT '创建时间',
  `status_cd` varchar(2) NOT NULL DEFAULT '0' COMMENT '数据状态，详细参考c_status表，S 保存，0, 在用 1失效',
  PRIMARY KEY (`config_id`),
  KEY `tcfc_community_id` (`community_id`),
  KEY `tcfc_pa_id` (`pa_id`)
) ENGINE=InnoDB DEFAULT CHARSET=utf8;

-- ----------------------------
-- Records of temp_car_fee_config
-- ----------------------------
INSERT INTO `temp_car_fee_config` VALUES ('922023092292110003', '测试标准', '-1', '102023092143870036', '1', '9901', '6700012001', '102023021386560001', '2023-09-01 00:00:00', '2023-10-31 00:00:00', '2023-09-22 22:24:12', '0');
INSERT INTO `temp_car_fee_config` VALUES ('922023120901170003', 'sss', '-1', '102023092143870036', '1', '9901', '6700012001', '102023021386560001', '2023-12-01 00:00:00', '2024-01-16 00:00:00', '2023-12-09 14:26:36', '1');
INSERT INTO `temp_car_fee_config` VALUES ('922023120919080014', '1', '-1', '102023082384250002', '2', '9901', '6700012001', '102023021386560001', '2023-12-01 00:00:00', '2023-12-31 00:00:00', '2023-12-09 15:50:30', '1');
INSERT INTO `temp_car_fee_config` VALUES ('922023120923060014', '1', '-1', '102023092143870036', '1', '9901', '6700012001', '102023021386560001', '2023-12-01 00:00:00', '2023-12-31 00:00:00', '2023-12-09 15:57:17', '1');
INSERT INTO `temp_car_fee_config` VALUES ('922023120955430005', '1', '-1', '102023092143870036', '1', '9901', '6700012001', '102023021386560001', '2023-12-01 00:00:00', '2023-12-31 00:00:00', '2023-12-09 14:41:42', '1');
INSERT INTO `temp_car_fee_config` VALUES ('922024020158500013', '1', '-1', '102024012226070099', 'A1', '9901', '6700012001', '2024012252790005', '2024-02-01 00:00:00', '2027-01-01 00:00:00', '2024-02-01 15:40:17', '0');

-- ----------------------------
-- Table structure for temp_car_fee_config_attr
-- ----------------------------
DROP TABLE IF EXISTS `temp_car_fee_config_attr`;
CREATE TABLE `temp_car_fee_config_attr` (
  `config_id` varchar(30) NOT NULL COMMENT '标准ID',
  `b_id` varchar(30) DEFAULT '-1' COMMENT '业务ID',
  `community_id` varchar(30) NOT NULL COMMENT '小区ID',
  `attr_id` varchar(30) NOT NULL COMMENT '属性id',
  `spec_cd` varchar(12) NOT NULL COMMENT '规格id',
  `value` varchar(500) NOT NULL COMMENT '属性值',
  `status_cd` varchar(2) NOT NULL DEFAULT '0' COMMENT '数据状态，详细参考c_status表，S 保存，0, 在用 1失效',
  `create_time` timestamp NOT NULL DEFAULT CURRENT_TIMESTAMP COMMENT '创建时间'
) ENGINE=InnoDB DEFAULT CHARSET=utf8;

-- ----------------------------
-- Records of temp_car_fee_config_attr
-- ----------------------------
INSERT INTO `temp_car_fee_config_attr` VALUES ('922023092292110003', '-1', '102023021386560001', '112023092295300004', '5600012001', '31', '0', '2023-09-22 22:24:11');
INSERT INTO `temp_car_fee_config_attr` VALUES ('922023092292110003', '-1', '102023021386560001', '112023092232270006', '5600012009', '12', '0', '2023-09-22 22:24:12');
INSERT INTO `temp_car_fee_config_attr` VALUES ('922023092292110003', '-1', '102023021386560001', '112023092285190008', '5600012002', '60', '0', '2023-09-22 22:24:12');
INSERT INTO `temp_car_fee_config_attr` VALUES ('922023092292110003', '-1', '102023021386560001', '112023092268790010', '5600012003', '5', '0', '2023-09-22 22:24:12');
INSERT INTO `temp_car_fee_config_attr` VALUES ('922023092292110003', '-1', '102023021386560001', '112023092253460012', '5600012004', '60', '0', '2023-09-22 22:24:12');
INSERT INTO `temp_car_fee_config_attr` VALUES ('922023092292110003', '-1', '102023021386560001', '112023092256150014', '5600012005', '2', '0', '2023-09-22 22:24:12');
INSERT INTO `temp_car_fee_config_attr` VALUES ('922023092292110003', '-1', '102023021386560001', '112023092294080016', '5600012006', '480', '0', '2023-09-22 22:24:12');
INSERT INTO `temp_car_fee_config_attr` VALUES ('922023092292110003', '-1', '102023021386560001', '112023092248840018', '5600012007', '60', '0', '2023-09-22 22:24:12');
INSERT INTO `temp_car_fee_config_attr` VALUES ('922023092292110003', '-1', '102023021386560001', '112023092206590020', '5600012008', '2', '0', '2023-09-22 22:24:12');
INSERT INTO `temp_car_fee_config_attr` VALUES ('922023120901170003', '-1', '102023021386560001', '112023120984120004', '5600012001', '1', '1', '2023-12-09 14:26:35');
INSERT INTO `temp_car_fee_config_attr` VALUES ('922023120901170003', '-1', '102023021386560001', '112023120953600006', '5600012009', '1', '1', '2023-12-09 14:26:35');
INSERT INTO `temp_car_fee_config_attr` VALUES ('922023120901170003', '-1', '102023021386560001', '112023120973220008', '5600012002', '1', '1', '2023-12-09 14:26:35');
INSERT INTO `temp_car_fee_config_attr` VALUES ('922023120901170003', '-1', '102023021386560001', '112023120995460010', '5600012003', '1', '1', '2023-12-09 14:26:35');
INSERT INTO `temp_car_fee_config_attr` VALUES ('922023120901170003', '-1', '102023021386560001', '112023120955640012', '5600012004', '1', '1', '2023-12-09 14:26:35');
INSERT INTO `temp_car_fee_config_attr` VALUES ('922023120901170003', '-1', '102023021386560001', '112023120933710014', '5600012005', '1', '1', '2023-12-09 14:26:35');
INSERT INTO `temp_car_fee_config_attr` VALUES ('922023120901170003', '-1', '102023021386560001', '112023120939480016', '5600012006', '1', '0', '2023-12-09 14:26:35');
INSERT INTO `temp_car_fee_config_attr` VALUES ('922023120901170003', '-1', '102023021386560001', '112023120901440018', '5600012007', '1', '0', '2023-12-09 14:26:36');
INSERT INTO `temp_car_fee_config_attr` VALUES ('922023120901170003', '-1', '102023021386560001', '112023120983980020', '5600012008', '1', '0', '2023-12-09 14:26:36');
INSERT INTO `temp_car_fee_config_attr` VALUES ('922023120955430005', '-1', '102023021386560001', '112023120970530006', '5600012001', '1', '1', '2023-12-09 14:41:41');
INSERT INTO `temp_car_fee_config_attr` VALUES ('922023120955430005', '-1', '102023021386560001', '112023120938510008', '5600012009', '1', '1', '2023-12-09 14:41:41');
INSERT INTO `temp_car_fee_config_attr` VALUES ('922023120955430005', '-1', '102023021386560001', '112023120940420010', '5600012002', '1', '1', '2023-12-09 14:41:42');
INSERT INTO `temp_car_fee_config_attr` VALUES ('922023120955430005', '-1', '102023021386560001', '112023120925700012', '5600012003', '1', '1', '2023-12-09 14:41:42');
INSERT INTO `temp_car_fee_config_attr` VALUES ('922023120955430005', '-1', '102023021386560001', '112023120940760014', '5600012004', '1', '1', '2023-12-09 14:41:42');
INSERT INTO `temp_car_fee_config_attr` VALUES ('922023120955430005', '-1', '102023021386560001', '112023120950620016', '5600012005', '1', '0', '2023-12-09 14:41:42');
INSERT INTO `temp_car_fee_config_attr` VALUES ('922023120955430005', '-1', '102023021386560001', '112023120920080018', '5600012006', '1', '0', '2023-12-09 14:41:42');
INSERT INTO `temp_car_fee_config_attr` VALUES ('922023120955430005', '-1', '102023021386560001', '112023120976040020', '5600012007', '1', '0', '2023-12-09 14:41:42');
INSERT INTO `temp_car_fee_config_attr` VALUES ('922023120955430005', '-1', '102023021386560001', '112023120913230022', '5600012008', '1', '0', '2023-12-09 14:41:42');
INSERT INTO `temp_car_fee_config_attr` VALUES ('922023120919080014', '-1', '102023021386560001', '112023120967860015', '5600012001', '1', '1', '2023-12-09 15:50:29');
INSERT INTO `temp_car_fee_config_attr` VALUES ('922023120919080014', '-1', '102023021386560001', '112023120939750017', '5600012009', '1', '1', '2023-12-09 15:50:29');
INSERT INTO `temp_car_fee_config_attr` VALUES ('922023120919080014', '-1', '102023021386560001', '112023120937700019', '5600012002', '1', '1', '2023-12-09 15:50:29');
INSERT INTO `temp_car_fee_config_attr` VALUES ('922023120919080014', '-1', '102023021386560001', '112023120965950021', '5600012003', '1', '1', '2023-12-09 15:50:29');
INSERT INTO `temp_car_fee_config_attr` VALUES ('922023120919080014', '-1', '102023021386560001', '112023120967580023', '5600012004', '1', '1', '2023-12-09 15:50:29');
INSERT INTO `temp_car_fee_config_attr` VALUES ('922023120919080014', '-1', '102023021386560001', '112023120977070025', '5600012005', '1', '1', '2023-12-09 15:50:29');
INSERT INTO `temp_car_fee_config_attr` VALUES ('922023120919080014', '-1', '102023021386560001', '112023120941830027', '5600012006', '1', '1', '2023-12-09 15:50:29');
INSERT INTO `temp_car_fee_config_attr` VALUES ('922023120919080014', '-1', '102023021386560001', '112023120958790029', '5600012007', '1', '1', '2023-12-09 15:50:29');
INSERT INTO `temp_car_fee_config_attr` VALUES ('922023120919080014', '-1', '102023021386560001', '112023120914120031', '5600012008', '1', '1', '2023-12-09 15:50:30');
INSERT INTO `temp_car_fee_config_attr` VALUES ('922023120923060014', '-1', '102023021386560001', '112023120943510015', '5600012001', '1', '1', '2023-12-09 15:57:16');
INSERT INTO `temp_car_fee_config_attr` VALUES ('922023120923060014', '-1', '102023021386560001', '112023120938450017', '5600012009', '1', '1', '2023-12-09 15:57:16');
INSERT INTO `temp_car_fee_config_attr` VALUES ('922023120923060014', '-1', '102023021386560001', '112023120969490019', '5600012002', '1', '1', '2023-12-09 15:57:17');
INSERT INTO `temp_car_fee_config_attr` VALUES ('922023120923060014', '-1', '102023021386560001', '112023120998700021', '5600012003', '1', '1', '2023-12-09 15:57:17');
INSERT INTO `temp_car_fee_config_attr` VALUES ('922023120923060014', '-1', '102023021386560001', '112023120920150023', '5600012004', '1', '1', '2023-12-09 15:57:17');
INSERT INTO `temp_car_fee_config_attr` VALUES ('922023120923060014', '-1', '102023021386560001', '112023120900110025', '5600012005', '1', '1', '2023-12-09 15:57:17');
INSERT INTO `temp_car_fee_config_attr` VALUES ('922023120923060014', '-1', '102023021386560001', '112023120907250027', '5600012006', '1', '1', '2023-12-09 15:57:17');
INSERT INTO `temp_car_fee_config_attr` VALUES ('922023120923060014', '-1', '102023021386560001', '112023120930220029', '5600012007', '1', '1', '2023-12-09 15:57:17');
INSERT INTO `temp_car_fee_config_attr` VALUES ('922023120923060014', '-1', '102023021386560001', '112023120986740031', '5600012008', '1', '1', '2023-12-09 15:57:17');
INSERT INTO `temp_car_fee_config_attr` VALUES ('922024020158500013', '-1', '2024012252790005', '112024020106430014', '5600012001', '30', '0', '2024-02-01 15:40:15');
INSERT INTO `temp_car_fee_config_attr` VALUES ('922024020158500013', '-1', '2024012252790005', '112024020193770016', '5600012009', '0.1', '0', '2024-02-01 15:40:15');
INSERT INTO `temp_car_fee_config_attr` VALUES ('922024020158500013', '-1', '2024012252790005', '112024020143750018', '5600012002', '60', '0', '2024-02-01 15:40:15');
INSERT INTO `temp_car_fee_config_attr` VALUES ('922024020158500013', '-1', '2024012252790005', '112024020133150020', '5600012003', '0.1', '0', '2024-02-01 15:40:15');
INSERT INTO `temp_car_fee_config_attr` VALUES ('922024020158500013', '-1', '2024012252790005', '112024020137460022', '5600012004', '120', '0', '2024-02-01 15:40:15');
INSERT INTO `temp_car_fee_config_attr` VALUES ('922024020158500013', '-1', '2024012252790005', '112024020169170024', '5600012005', '0.1', '0', '2024-02-01 15:40:16');
INSERT INTO `temp_car_fee_config_attr` VALUES ('922024020158500013', '-1', '2024012252790005', '112024020125050026', '5600012006', '480', '0', '2024-02-01 15:40:16');
INSERT INTO `temp_car_fee_config_attr` VALUES ('922024020158500013', '-1', '2024012252790005', '112024020145970028', '5600012007', '60', '0', '2024-02-01 15:40:16');
INSERT INTO `temp_car_fee_config_attr` VALUES ('922024020158500013', '-1', '2024012252790005', '112024020125280030', '5600012008', '0.1', '0', '2024-02-01 15:40:16');

-- ----------------------------
-- Table structure for temp_car_fee_rule
-- ----------------------------
DROP TABLE IF EXISTS `temp_car_fee_rule`;
CREATE TABLE `temp_car_fee_rule` (
  `rule_id` varchar(30) NOT NULL COMMENT '收费规则ID',
  `rule_name` varchar(64) NOT NULL COMMENT '收费规则，如标准收费，按次收费',
  `bean_name` varchar(128) NOT NULL COMMENT '规则处理类',
  `remark` varchar(512) DEFAULT NULL COMMENT '备注',
  `create_time` timestamp NOT NULL DEFAULT CURRENT_TIMESTAMP COMMENT '创建时间',
  `status_cd` varchar(2) NOT NULL DEFAULT '0' COMMENT '数据状态，详细参考c_status表，S 保存，0, 在用 1失效',
  PRIMARY KEY (`rule_id`)
) ENGINE=InnoDB DEFAULT CHARSET=utf8;

-- ----------------------------
-- Records of temp_car_fee_rule
-- ----------------------------
INSERT INTO `temp_car_fee_rule` VALUES ('6700012001', '标准收费', '123123', '标准收费', '2021-01-16 14:18:42', '0');
INSERT INTO `temp_car_fee_rule` VALUES ('6700012005', '标准收费2', '123123', '标准收费2', '2021-01-16 14:19:56', '0');

-- ----------------------------
-- Table structure for temp_car_fee_rule_spec
-- ----------------------------
DROP TABLE IF EXISTS `temp_car_fee_rule_spec`;
CREATE TABLE `temp_car_fee_rule_spec` (
  `spec_id` varchar(30) NOT NULL COMMENT '规格ID',
  `rule_id` varchar(64) NOT NULL COMMENT '规则ID',
  `spec_name` varchar(64) NOT NULL COMMENT '规格名称',
  `create_time` timestamp NOT NULL DEFAULT CURRENT_TIMESTAMP COMMENT '创建时间',
  `status_cd` varchar(2) NOT NULL DEFAULT '0' COMMENT '数据状态',
  `remark` varchar(256) DEFAULT NULL COMMENT '描述',
  `seq` int NOT NULL COMMENT '页面排序',
  PRIMARY KEY (`spec_id`)
) ENGINE=InnoDB DEFAULT CHARSET=utf8;

-- ----------------------------
-- Records of temp_car_fee_rule_spec
-- ----------------------------
INSERT INTO `temp_car_fee_rule_spec` VALUES ('5600012001', '6700012001', '免费时间(分钟)', '2021-01-16 14:35:14', '0', '必填,请填写免费停车时间', '1');
INSERT INTO `temp_car_fee_rule_spec` VALUES ('5600012002', '6700012001', '首段时长(分钟)', '2021-01-16 14:36:26', '0', '必填,请填写首段时长', '3');
INSERT INTO `temp_car_fee_rule_spec` VALUES ('5600012003', '6700012001', '首段时长收费', '2021-01-16 14:36:51', '0', '必填,请填写首段时长收费', '4');
INSERT INTO `temp_car_fee_rule_spec` VALUES ('5600012004', '6700012001', '超过首段(分钟)', '2021-01-16 14:38:46', '0', '必填,请填写超过首段后每多少分钟', '5');
INSERT INTO `temp_car_fee_rule_spec` VALUES ('5600012005', '6700012001', '超过首段收费', '2021-01-16 14:38:46', '0', '必填,请填写超过首段后每多少分钟按多少收费', '6');
INSERT INTO `temp_car_fee_rule_spec` VALUES ('5600012006', '6700012001', '停车超过(分钟)', '2021-01-16 14:41:12', '0', '必填,请填写停车超过多少分钟后', '7');
INSERT INTO `temp_car_fee_rule_spec` VALUES ('5600012007', '6700012001', '每多少分钟', '2021-01-16 14:41:12', '0', '必填,请填写超过多少分钟后每多少分钟', '8');
INSERT INTO `temp_car_fee_rule_spec` VALUES ('5600012008', '6700012001', '停车超过收费', '2021-01-16 14:41:49', '0', '必填,请填写超过多少分钟后每多少分钟按多少收费', '9');
INSERT INTO `temp_car_fee_rule_spec` VALUES ('5600012009', '6700012001', '最高收费', '2021-01-16 14:42:34', '0', '必填,请填写单次进出最高收费', '2');
INSERT INTO `temp_car_fee_rule_spec` VALUES ('5600012010', '6700012005', '免费时间(分钟)', '2021-01-16 14:35:14', '0', '必填,请填写免费停车时间', '1');
INSERT INTO `temp_car_fee_rule_spec` VALUES ('5600012011', '6700012005', '超过免费(分钟)', '2021-01-16 14:35:14', '0', '必填,请填写超过免费后每多少分钟', '2');
INSERT INTO `temp_car_fee_rule_spec` VALUES ('5600012012', '6700012005', '超过免费收费', '2021-01-16 14:35:14', '0', '必填,请填写超过免费后每多少分钟按多少收费', '3');
INSERT INTO `temp_car_fee_rule_spec` VALUES ('5600012013', '6700012005', '首段最高时间(分钟)', '2021-01-16 14:35:14', '0', '必填,请填写超过首段多少分钟', '4');
INSERT INTO `temp_car_fee_rule_spec` VALUES ('5600012014', '6700012005', '首段最高收费', '2021-01-16 14:35:14', '0', '必填,请填写首段最高收费', '5');
INSERT INTO `temp_car_fee_rule_spec` VALUES ('5600012015', '6700012005', '超过首段(分钟)', '2021-01-16 14:35:14', '0', '必填,请填写超过首段后每多少分钟', '6');
INSERT INTO `temp_car_fee_rule_spec` VALUES ('5600012016', '6700012005', '超过首段收费', '2021-01-16 14:35:14', '0', '必填,请填写超过首段后每多少分钟按多少收费', '7');
INSERT INTO `temp_car_fee_rule_spec` VALUES ('5600012017', '6700012005', '最高时间(分钟)', '2021-01-16 14:35:14', '0', '必填,请填写最高多少分钟', '8');
INSERT INTO `temp_car_fee_rule_spec` VALUES ('5600012018', '6700012005', '最高收费', '2021-01-16 14:35:14', '0', '必填,请填写最高收费', '9');

-- ----------------------------
-- Table structure for u_org
-- ----------------------------
DROP TABLE IF EXISTS `u_org`;
CREATE TABLE `u_org` (
  `org_id` varchar(30) NOT NULL COMMENT '组织ID',
  `b_id` varchar(30) DEFAULT NULL COMMENT '业务ID',
  `store_id` varchar(30) NOT NULL COMMENT '商户ID',
  `org_name` varchar(200) NOT NULL COMMENT '组织名称',
  `org_level` varchar(10) NOT NULL COMMENT '组织级别1 公司级 2 分公司级，3 部门级 查看t_dict表',
  `parent_org_id` varchar(30) NOT NULL COMMENT '上级组织ID，一级时填写org_id',
  `description` varchar(200) DEFAULT NULL COMMENT '组织描述',
  `create_time` timestamp NOT NULL DEFAULT CURRENT_TIMESTAMP COMMENT '创建时间',
  `status_cd` varchar(2) NOT NULL DEFAULT '0' COMMENT '数据状态，详细参考c_status表，0在用，1失效',
  `belong_community_id` varchar(30) NOT NULL COMMENT '归属小区，9999 归属于入驻的所有小区，否则是为小区ID',
  `allow_operation` varchar(12) NOT NULL DEFAULT 'T' COMMENT '允许前台操作数据，T可以，F不可以',
  PRIMARY KEY (`org_id`)
) ENGINE=InnoDB DEFAULT CHARSET=utf8;

-- ----------------------------
-- Records of u_org
-- ----------------------------
INSERT INTO `u_org` VALUES ('102023021493920001', null, '102023021497100001', '124', '2', '842023021459120006', '123', '2023-02-14 14:09:43', '1', '', 'T');
INSERT INTO `u_org` VALUES ('102023120147310034', null, '102023021497100001', '12', '2', '842023021459120006', '1', '2023-12-01 14:38:24', '0', '', 'T');
INSERT INTO `u_org` VALUES ('102024020801330069', null, '102024012228150026', '12', '2', '842024012240960019', '2', '2024-02-08 02:11:38', '0', '', 'T');
INSERT INTO `u_org` VALUES ('842023021414710006', null, '102023021412090001', 'zhang', '1', '-1', null, '2023-02-14 01:43:55', '0', '9999', 'F');
INSERT INTO `u_org` VALUES ('842023021459120006', null, '102023021497100001', '演示物业', '1', '-1', null, '2023-02-14 00:53:36', '0', '9999', 'F');
INSERT INTO `u_org` VALUES ('842023103016150043', null, '102023103080230037', '测试商家', '1', '842023103016150043', null, '2023-10-30 04:16:14', '0', '9999', 'F');
INSERT INTO `u_org` VALUES ('842023103033080015', null, '102023103012560007', '公司总部', '2', '842023103089150013', null, '2023-10-30 04:36:10', '0', '9999', 'F');
INSERT INTO `u_org` VALUES ('842023103041580017', null, '102023103012560007', '总部办公室', '3', '842023103033080015', null, '2023-10-30 04:36:10', '0', '9999', 'F');
INSERT INTO `u_org` VALUES ('842023103062920047', null, '102023103080230037', '总部办公室', '3', '842023103079540045', null, '2023-10-30 04:16:14', '0', '9999', 'F');
INSERT INTO `u_org` VALUES ('842023103079540045', null, '102023103080230037', '公司总部', '2', '842023103016150043', null, '2023-10-30 04:16:14', '0', '9999', 'F');
INSERT INTO `u_org` VALUES ('842023103089150013', null, '102023103012560007', '88488商家', '1', '842023103089150013', null, '2023-10-30 04:36:10', '0', '9999', 'F');
INSERT INTO `u_org` VALUES ('842024012212120004', null, '10202305221014329108000168', 'HC演示物业2', '1', '-1', null, '2024-01-22 12:38:41', '0', '9999', 'F');
INSERT INTO `u_org` VALUES ('842024012240960019', null, '102024012228150026', '物联网同步物业', '1', '-1', null, '2024-01-22 15:12:09', '0', '9999', 'F');
INSERT INTO `u_org` VALUES ('842024022086890539', null, '102024021989652505', '万科物业', '1', '-1', null, '2024-02-20 09:38:35', '0', '9999', 'F');
INSERT INTO `u_org` VALUES ('842024022648782437', null, '102024022670762427', '西游物业', '1', '-1', null, '2024-02-26 13:53:10', '0', '9999', 'F');
INSERT INTO `u_org` VALUES ('842024022679552366', null, '102024022602012356', '三国物业', '1', '-1', null, '2024-02-26 13:30:54', '0', '9999', 'F');
INSERT INTO `u_org` VALUES ('842024022695002793', null, '102024022665340089', '一刀测试', '1', '-1', null, '2024-02-26 14:35:16', '0', '9999', 'F');

-- ----------------------------
-- Table structure for u_org_community
-- ----------------------------
DROP TABLE IF EXISTS `u_org_community`;
CREATE TABLE `u_org_community` (
  `org_community_id` varchar(30) NOT NULL COMMENT '组织ID',
  `org_id` varchar(30) NOT NULL COMMENT '组织ID',
  `community_id` varchar(30) NOT NULL COMMENT '小区ID',
  `community_name` varchar(200) NOT NULL COMMENT '小区名称',
  `b_id` varchar(30) NOT NULL COMMENT '业务Id',
  `store_id` varchar(30) NOT NULL COMMENT '商户ID',
  `org_name` varchar(200) NOT NULL COMMENT '组织名称',
  `create_time` timestamp NOT NULL DEFAULT CURRENT_TIMESTAMP COMMENT '创建时间',
  `status_cd` varchar(2) NOT NULL DEFAULT '0' COMMENT '数据状态，详细参考c_status表，0在用，1失效'
) ENGINE=InnoDB DEFAULT CHARSET=utf8;

-- ----------------------------
-- Records of u_org_community
-- ----------------------------

-- ----------------------------
-- Table structure for u_org_staff_rel
-- ----------------------------
DROP TABLE IF EXISTS `u_org_staff_rel`;
CREATE TABLE `u_org_staff_rel` (
  `rel_id` varchar(30) NOT NULL COMMENT '组织员工ID',
  `b_id` varchar(30) DEFAULT NULL COMMENT '业务ID',
  `org_id` varchar(30) NOT NULL COMMENT '组织ID',
  `staff_id` varchar(30) NOT NULL COMMENT '员工ID',
  `rel_cd` varchar(30) NOT NULL COMMENT '关系角色，10000 普通员工， 20000部门经理 查看t_dict表',
  `create_time` timestamp NOT NULL DEFAULT CURRENT_TIMESTAMP COMMENT '创建时间',
  `status_cd` varchar(2) NOT NULL DEFAULT '0' COMMENT '数据状态，详细参考c_status表，0在用，1失效',
  `store_id` varchar(30) NOT NULL COMMENT '商户ID'
) ENGINE=InnoDB DEFAULT CHARSET=utf8;

-- ----------------------------
-- Records of u_org_staff_rel
-- ----------------------------
INSERT INTO `u_org_staff_rel` VALUES ('102023021490160007', null, '842023021459120006', '302023021495090004', '600311000001', '2023-02-14 00:53:37', '0', '102023021497100001');
INSERT INTO `u_org_staff_rel` VALUES ('102023021495190007', null, '842023021414710006', '302023021402690004', '600311000001', '2023-02-14 01:43:57', '0', '102023021412090001');
INSERT INTO `u_org_staff_rel` VALUES ('842023021449330003', null, '842023021459120006', '302023021443960001', '', '2023-02-14 15:22:13', '0', '102023021497100001');
INSERT INTO `u_org_staff_rel` VALUES ('842023021441010003', null, '842023021459120006', '302023021454670001', '', '2023-02-14 16:59:54', '0', '102023021497100001');
INSERT INTO `u_org_staff_rel` VALUES ('842023021464230003', null, '842023021459120006', '302023021479540001', '', '2023-02-14 17:15:56', '0', '102023021497100001');
INSERT INTO `u_org_staff_rel` VALUES ('102023103035580049', null, '842023103062920047', '302023103002190039', '600311000001', '2023-10-30 04:16:14', '0', '102023103080230037');
INSERT INTO `u_org_staff_rel` VALUES ('102023103065910019', null, '842023103041580017', '302023103086860009', '600311000001', '2023-10-30 04:36:10', '0', '102023103012560007');
INSERT INTO `u_org_staff_rel` VALUES ('842023111045660030', null, '842023021459120006', '302023111064540026', '', '2023-11-10 18:33:05', '0', '102023021497100001');
INSERT INTO `u_org_staff_rel` VALUES ('842023111034750007', null, '842023021459120006', '302023111050190003', '', '2023-11-10 22:52:51', '0', '102023021497100001');
INSERT INTO `u_org_staff_rel` VALUES ('842023121637780012', null, '842023021459120006', '302023121633940008', '', '2023-12-16 12:13:27', '0', '102023021497100001');
INSERT INTO `u_org_staff_rel` VALUES ('842024011870460043', null, '842023021459120006', '302024011896400039', '', '2024-01-18 17:18:02', '0', '102023021497100001');
INSERT INTO `u_org_staff_rel` VALUES ('102024012214840005', null, '842024012212120004', '302024012204210002', '600311000001', '2024-01-22 12:38:41', '0', '10202305221014329108000168');
INSERT INTO `u_org_staff_rel` VALUES ('102024012237400020', null, '842024012240960019', '302024012273480017', '600311000001', '2024-01-22 15:12:09', '0', '102024012228150026');
INSERT INTO `u_org_staff_rel` VALUES ('112024012423200003', null, '842024012240960019', '302024012497590002', '600311000001', '2024-01-24 11:09:39', '0', '102024012228150026');
INSERT INTO `u_org_staff_rel` VALUES ('112024020603320002', null, '842024012240960019', '302024020685720042', '600311000001', '2024-02-06 15:03:46', '0', '102024012228150026');
INSERT INTO `u_org_staff_rel` VALUES ('112024020685560004', null, '842024012240960019', '302024020663670065', '600311000001', '2024-02-06 15:04:57', '0', '102024012228150026');
INSERT INTO `u_org_staff_rel` VALUES ('112024020824590062', null, '842024012240960019', '302024012404270040', '600311000001', '2024-02-08 02:03:38', '0', '102024012228150026');
INSERT INTO `u_org_staff_rel` VALUES ('112024020826390064', null, '842024012240960019', '302024012463110033', '600311000001', '2024-02-08 02:03:39', '0', '102024012228150026');
INSERT INTO `u_org_staff_rel` VALUES ('112024021852110056', null, '842024012212120004', '302024021861111923', '600311000001', '2024-02-18 20:18:46', '0', '10202305221014329108000168');
INSERT INTO `u_org_staff_rel` VALUES ('102024022042460540', null, '842024022086890539', '302024022009650537', '600311000001', '2024-02-20 09:38:35', '0', '102024021989652505');
INSERT INTO `u_org_staff_rel` VALUES ('112024022092240600', null, '842024012212120004', '302024022077105316', '600311000001', '2024-02-20 13:54:27', '0', '10202305221014329108000168');
INSERT INTO `u_org_staff_rel` VALUES ('112024022010070708', null, '842024012212120004', '302024022059245947', '600311000001', '2024-02-20 15:40:31', '0', '10202305221014329108000168');
INSERT INTO `u_org_staff_rel` VALUES ('112024022192350798', null, '842024012212120004', '302024022107117014', '600311000001', '2024-02-21 10:20:26', '0', '10202305221014329108000168');
INSERT INTO `u_org_staff_rel` VALUES ('112024022374711332', null, '842024012212120004', '302024022367830997', '600311000001', '2024-02-23 10:40:06', '0', '10202305221014329108000168');
INSERT INTO `u_org_staff_rel` VALUES ('112024022676152315', null, '842024012212120004', '302024022671240712', '600311000001', '2024-02-26 11:27:02', '0', '10202305221014329108000168');
INSERT INTO `u_org_staff_rel` VALUES ('102024022692702368', null, '842024022679552366', '302024022600382362', '600311000001', '2024-02-26 13:30:54', '0', '102024022602012356');
INSERT INTO `u_org_staff_rel` VALUES ('102024022697482439', null, '842024022648782437', '302024022622672433', '600311000001', '2024-02-26 13:53:10', '0', '102024022670762427');
INSERT INTO `u_org_staff_rel` VALUES ('102024022620482794', null, '842024022695002793', '302024022653532791', '600311000001', '2024-02-26 14:35:16', '0', '102024022665340089');
INSERT INTO `u_org_staff_rel` VALUES ('112024022635182812', null, '842024012212120004', '302024022607020217', '600311000001', '2024-02-26 17:30:07', '0', '10202305221014329108000168');

-- ----------------------------
-- Table structure for u_role_community
-- ----------------------------
DROP TABLE IF EXISTS `u_role_community`;
CREATE TABLE `u_role_community` (
  `rc_id` varchar(30) NOT NULL COMMENT '主键ID',
  `role_id` varchar(30) NOT NULL COMMENT '权限标志 是 1是权限组 0是权限',
  `community_id` varchar(30) NOT NULL COMMENT '小区ID',
  `create_time` timestamp NOT NULL DEFAULT CURRENT_TIMESTAMP COMMENT '创建时间',
  `status_cd` varchar(2) NOT NULL DEFAULT '0' COMMENT '数据状态，详细参考c_status表，0在用，1失效',
  `store_id` varchar(30) NOT NULL COMMENT '商户ID',
  `community_name` varchar(128) NOT NULL COMMENT '小区名称',
  PRIMARY KEY (`rc_id`)
) ENGINE=InnoDB DEFAULT CHARSET=utf8;

-- ----------------------------
-- Records of u_role_community
-- ----------------------------
INSERT INTO `u_role_community` VALUES ('102023021425540002', '102023021406960001', '102023021386560001', '2023-02-14 18:33:04', '0', '102023021497100001', '测试小区');
INSERT INTO `u_role_community` VALUES ('102023021441820001', '102023021406960001', '102023021386560001', '2023-02-14 18:31:57', '1', '102023021497100001', '测试小区');

-- ----------------------------
-- Table structure for u_user
-- ----------------------------
DROP TABLE IF EXISTS `u_user`;
CREATE TABLE `u_user` (
  `user_id` varchar(30) NOT NULL COMMENT '用户ID',
  `name` varchar(50) NOT NULL COMMENT '名称',
  `email` varchar(30) DEFAULT NULL COMMENT '邮箱地址',
  `address` varchar(200) DEFAULT NULL COMMENT '现居住地址',
  `password` varchar(128) DEFAULT NULL COMMENT '用户密码，加密过后',
  `sex` varchar(1) DEFAULT NULL COMMENT '性别，0表示男孩 1表示女孩',
  `tel` varchar(11) NOT NULL,
  `level_cd` varchar(2) NOT NULL DEFAULT '0' COMMENT '用户级别,关联user_level',
  `create_time` timestamp NOT NULL DEFAULT CURRENT_TIMESTAMP COMMENT '创建时间',
  `status_cd` varchar(2) NOT NULL DEFAULT '0' COMMENT '数据状态，详细参考c_status表，S 保存，0, 在用 1失效',
  `face_url` varchar(512) DEFAULT NULL COMMENT '人员人脸',
  PRIMARY KEY (`user_id`)
) ENGINE=InnoDB DEFAULT CHARSET=utf8mb4 COLLATE=utf8mb4_0900_ai_ci COMMENT='用户';

-- ----------------------------
-- Records of u_user
-- ----------------------------
INSERT INTO `u_user` VALUES ('302023021402690004', 'zhang', '无', '11', '59998353e9361079efaca8c0e60b3a7c', '1', '18909711445', '00', '2023-02-14 01:43:53', '1', null);
INSERT INTO `u_user` VALUES ('302023021443960001', '张三1', '', '试试', '208f4e16c4094c5e8d17830750b83d56', '0', '18909719999', '01', '2023-02-14 15:22:10', '1', null);
INSERT INTO `u_user` VALUES ('302023021454670001', 'xxxx', 'xx@qq.com', 'xx', '5b7ac7ba433dc0842fb8d3bc15e4b2aa', '0', '15626323222', '01', '2023-02-14 16:59:52', '1', null);
INSERT INTO `u_user` VALUES ('302023021479540001', '张三三', '928255095@qq.com', 'xxx', '5b7ac7ba433dc0842fb8d3bc15e4b2aa', '0', '18909711443', '01', '2023-02-14 17:15:53', '1', null);
INSERT INTO `u_user` VALUES ('302023021495090004', '演示物业', '无', '无', '5b7ac7ba433dc0842fb8d3bc15e4b2aa', '1', '18909715555', '00', '2023-02-14 00:53:33', '0', null);
INSERT INTO `u_user` VALUES ('30202305221014327189000174', 'HC演示物业2', '无', '无', '5b7ac7ba433dc0842fb8d3bc15e4b2aa', '1', '18909711443', '01', '2024-01-22 12:38:42', '0', null);
INSERT INTO `u_user` VALUES ('302023071089700002', 'ddysdd', '无', '无', '5b7ac7ba433dc0842fb8d3bc15e4b2aa', '1', '15597142532', '01', '2024-01-22 12:38:41', '0', null);
INSERT INTO `u_user` VALUES ('302023103002190039', '测试商家', '无', '无', '5b7ac7ba433dc0842fb8d3bc15e4b2aa', '1', '18909711446', '00', '2023-10-30 04:16:14', '1', null);
INSERT INTO `u_user` VALUES ('302023103086860009', '88488商家', '无', '无', '6bfbbf80b9b031617ceed03ad494b4c9', '1', '88488', '00', '2023-10-30 04:36:09', '0', null);
INSERT INTO `u_user` VALUES ('302023111050190003', '员工门禁', '', '无', '5b7ac7ba433dc0842fb8d3bc15e4b2aa', '0', '18809711111', '01', '2023-11-10 22:52:51', '1', 'img/20231110/0a1e7114-7f30-452c-b4c4-3b4906c85e76.jpg');
INSERT INTO `u_user` VALUES ('302023111828410002', '18909710002', null, null, '5b7ac7ba433dc0842fb8d3bc15e4b2aa', null, '18909710002', '04', '2023-11-18 17:00:52', '0', null);
INSERT INTO `u_user` VALUES ('302023111847680001', '18909710001', null, null, '5b7ac7ba433dc0842fb8d3bc15e4b2aa', null, '18909710001', '04', '2023-11-18 16:56:42', '0', null);
INSERT INTO `u_user` VALUES ('302023121633940008', 'ailiwen', '', 'usa', '5b7ac7ba433dc0842fb8d3bc15e4b2aa', '0', '13456781234', '01', '2023-12-16 12:13:27', '0', '');
INSERT INTO `u_user` VALUES ('302024011896400039', 'test9989', '', 's', '5b7ac7ba433dc0842fb8d3bc15e4b2aa', '0', '18903214568', '01', '2024-01-18 17:18:02', '0', '');
INSERT INTO `u_user` VALUES ('302024012204210002', 'HC演示物业2', '无', '青海省西宁市城中区无', 'fe1eeb91266b4e9e3dba8039ccfb7c5f', '1', '18909711443', '00', '2024-01-22 12:38:41', '0', null);
INSERT INTO `u_user` VALUES ('302024012273480017', '物联网同步物业', '无', '天津省天津市和平区xx', '570ac7f62c3c8ea93fc0a5040b72a602', '1', '18966665555', '00', '2024-01-22 15:12:09', '0', null);
INSERT INTO `u_user` VALUES ('302024012404270040', '王帽子', '无', '无', '5b7ac7ba433dc0842fb8d3bc15e4b2aa', '1', '18909745556', '01', '2024-02-08 02:03:38', '0', '');
INSERT INTO `u_user` VALUES ('302024012463110033', '王王', '无', '无', '5b7ac7ba433dc0842fb8d3bc15e4b2aa', '1', '18900001443', '01', '2024-02-08 02:03:38', '0', '');
INSERT INTO `u_user` VALUES ('302024012497590002', '张飞', '无', '无', '5b7ac7ba433dc0842fb8d3bc15e4b2aa', '1', '18897174323', '01', '2024-01-24 11:09:39', '0', '');
INSERT INTO `u_user` VALUES ('302024020591700001', '18909711449', null, null, '5b7ac7ba433dc0842fb8d3bc15e4b2aa', null, '18909711449', '04', '2024-02-05 20:04:07', '0', null);
INSERT INTO `u_user` VALUES ('302024020663670065', 'bbbb', '无', '无', '5b7ac7ba433dc0842fb8d3bc15e4b2aa', '1', '14545456666', '01', '2024-02-06 15:04:57', '0', '');
INSERT INTO `u_user` VALUES ('302024020685720042', '物业员工', '无', '无', '5b7ac7ba433dc0842fb8d3bc15e4b2aa', '1', '15595623623', '01', '2024-02-06 15:03:46', '0', '');
INSERT INTO `u_user` VALUES ('302024021564470324', '张三', '无', '无', '5b7ac7ba433dc0842fb8d3bc15e4b2aa', '1', '13639369573', '01', '2024-02-15 15:50:53', '0', '');
INSERT INTO `u_user` VALUES ('302024021861111923', 'aaaaa', '无', '无', '5b7ac7ba433dc0842fb8d3bc15e4b2aa', '1', '19173406239', '01', '2024-02-18 20:18:46', '0', 'img/20240219/f6897817-8a8b-4462-b023-f2ceab65e989.jpg');
INSERT INTO `u_user` VALUES ('302024021914113246', 'wym', '无', '无', '5b7ac7ba433dc0842fb8d3bc15e4b2aa', '1', '15618611116', '01', '2024-02-19 14:20:30', '0', '');
INSERT INTO `u_user` VALUES ('302024021945972511', '万科物业', '无', '无', '5b7ac7ba433dc0842fb8d3bc15e4b2aa', '1', '15956590988', '01', '2024-02-19 07:09:14', '0', '');
INSERT INTO `u_user` VALUES ('302024022009650537', '万科物业', '无', '安徽省合肥市庐阳区安徽省合肥市四里河路', '21acbb56d6d2468581d4acf6d9fbdf95', '1', '117232353', '00', '2024-02-20 09:38:34', '0', null);
INSERT INTO `u_user` VALUES ('302024022059245947', '11', '无', '无', '5b7ac7ba433dc0842fb8d3bc15e4b2aa', '1', '18092923751', '01', '2024-02-20 15:40:31', '0', '');
INSERT INTO `u_user` VALUES ('302024022077105316', '维修师傅', '无', '无', '5b7ac7ba433dc0842fb8d3bc15e4b2aa', '1', '18512341234', '01', '2024-02-20 13:54:26', '0', '');
INSERT INTO `u_user` VALUES ('302024022107117014', '阿姨', '无', '无', '5b7ac7ba433dc0842fb8d3bc15e4b2aa', '1', '18900110011', '01', '2024-02-21 10:20:26', '0', '');
INSERT INTO `u_user` VALUES ('302024022107986887', '111', '无', '无', '5b7ac7ba433dc0842fb8d3bc15e4b2aa', '1', '13512341236', '01', '2024-02-21 10:15:18', '0', '');
INSERT INTO `u_user` VALUES ('302024022170156996', '111', '无', '无', '5b7ac7ba433dc0842fb8d3bc15e4b2aa', '1', '22122', '01', '2024-02-21 10:19:52', '0', '');
INSERT INTO `u_user` VALUES ('302024022327600354', '三国物业', '无', '无', '5b7ac7ba433dc0842fb8d3bc15e4b2aa', '1', '1341101110', '01', '2024-02-23 09:58:57', '0', '');
INSERT INTO `u_user` VALUES ('302024022367830997', '123123', '无', '无', '5b7ac7ba433dc0842fb8d3bc15e4b2aa', '1', '13212321321', '01', '2024-02-23 10:40:06', '0', '');
INSERT INTO `u_user` VALUES ('302024022380750787', '贾诩', '无', '无', '5b7ac7ba433dc0842fb8d3bc15e4b2aa', '1', '1311101111', '01', '2024-02-23 10:02:07', '0', '');
INSERT INTO `u_user` VALUES ('302024022392812937', '中航物业', '无', '无', '5b7ac7ba433dc0842fb8d3bc15e4b2aa', '1', '13800000000', '01', '2024-02-23 17:31:46', '0', '');
INSERT INTO `u_user` VALUES ('302024022434513355', '小艺哥', '无', '无', '5b7ac7ba433dc0842fb8d3bc15e4b2aa', '1', '13639399343', '01', '2024-02-24 08:48:28', '0', '');
INSERT INTO `u_user` VALUES ('302024022600382362', '三国物业', '无', '三国物业', '876fa128c47f5e54af5da6b34603959e', '1', '1341101110', '00', '2024-02-26 13:30:54', '0', null);
INSERT INTO `u_user` VALUES ('302024022607020217', '管理', '无', '无', '5b7ac7ba433dc0842fb8d3bc15e4b2aa', '1', '13021212321', '01', '2024-02-26 17:30:06', '0', '');
INSERT INTO `u_user` VALUES ('302024022622672433', '西游物业', '无', '西游物业', '9e578b3306261628207555a001d579ec', '1', '13333333333', '00', '2024-02-26 13:53:09', '0', null);
INSERT INTO `u_user` VALUES ('302024022634540081', '西游物业', '无', '无', '5b7ac7ba433dc0842fb8d3bc15e4b2aa', '1', '13333333333', '01', '2024-02-26 13:56:11', '0', '');
INSERT INTO `u_user` VALUES ('302024022652140419', 'YF物业', '无', '无', '5b7ac7ba433dc0842fb8d3bc15e4b2aa', '1', '18502260001', '01', '2024-02-26 19:42:18', '0', '');
INSERT INTO `u_user` VALUES ('302024022653532791', '一刀测试', '无', '吉林省长春市朝阳区测试', 'f05b007f85757a33d3d02e987d9c36ea', '1', '测试', '00', '2024-02-26 14:35:16', '0', null);
INSERT INTO `u_user` VALUES ('302024022667390243', 'ceshi', '无', '无', '5b7ac7ba433dc0842fb8d3bc15e4b2aa', '1', '18093827429', '01', '2024-02-26 09:55:10', '0', '');
INSERT INTO `u_user` VALUES ('302024022671240712', '11', '无', '无', '5b7ac7ba433dc0842fb8d3bc15e4b2aa', '1', '1', '01', '2024-02-26 11:27:01', '0', '');
INSERT INTO `u_user` VALUES ('302024022695990095', '一刀测试', '无', '无', '5b7ac7ba433dc0842fb8d3bc15e4b2aa', '1', '15044108708', '01', '2024-02-26 14:27:23', '0', '');
INSERT INTO `u_user` VALUES ('302024022721000307', 'zs', '无', '无', '5b7ac7ba433dc0842fb8d3bc15e4b2aa', '1', '12', '01', '2024-02-27 09:21:13', '0', '');
INSERT INTO `u_user` VALUES ('30518939884421922816', 'admin', 'sss@sf.com', 'ccc地方都是', '3ad352384261cbc2c7462210dbb3ce61', '0', '17797173944', '00', '2018-12-02 16:01:50', '0', null);
INSERT INTO `u_user` VALUES ('30520751775595118592', 'dev', '129@qq.com', 'Qingdao', '109c333b381580e1fe8a5ff630c398a7', '0', '17797173942', '00', '2018-12-07 16:01:38', '0', null);

-- ----------------------------
-- Table structure for u_user_attr
-- ----------------------------
DROP TABLE IF EXISTS `u_user_attr`;
CREATE TABLE `u_user_attr` (
  `id` int NOT NULL AUTO_INCREMENT COMMENT 'id',
  `attr_id` varchar(30) NOT NULL COMMENT '属性id',
  `user_id` varchar(30) NOT NULL COMMENT '用户ID',
  `spec_cd` varchar(12) NOT NULL COMMENT '规格id,参考spec表',
  `value` varchar(50) NOT NULL COMMENT '属性值',
  `b_id` varchar(30) DEFAULT NULL COMMENT '业务ID',
  `create_time` timestamp NOT NULL DEFAULT CURRENT_TIMESTAMP COMMENT '创建时间',
  `status_cd` varchar(2) NOT NULL DEFAULT '0' COMMENT '数据状态，详细参考c_status表，S 保存，0在用，1失效',
  PRIMARY KEY (`id`),
  KEY `i_attr_id` (`attr_id`),
  KEY `i_user_id` (`user_id`)
) ENGINE=InnoDB DEFAULT CHARSET=utf8mb4 COLLATE=utf8mb4_0900_ai_ci;

-- ----------------------------
-- Records of u_user_attr
-- ----------------------------

-- ----------------------------
-- Table structure for unitem_log
-- ----------------------------
DROP TABLE IF EXISTS `unitem_log`;
CREATE TABLE `unitem_log` (
  `b_id` varchar(30) NOT NULL COMMENT '业务Id',
  `o_id` varchar(30) NOT NULL COMMENT '订单ID',
  `create_time` timestamp NOT NULL DEFAULT CURRENT_TIMESTAMP COMMENT '创建时间',
  `service_name` varchar(256) DEFAULT NULL COMMENT '服务名称，事务失败时回滚调用微服务名称',
  `log_text` longtext NOT NULL COMMENT '回滚内容',
  `status_cd` varchar(2) NOT NULL COMMENT '数据状态，详细参考c_status表',
  UNIQUE KEY `b_id` (`b_id`) USING BTREE
) ENGINE=InnoDB DEFAULT CHARSET=utf8;

-- ----------------------------
-- Records of unitem_log
-- ----------------------------
INSERT INTO `unitem_log` VALUES ('202024030417150009', '102024030403460008', '2024-03-04 18:32:13', 'iot-boot', '{\"afterValue\":[{\"staff_name\":\"\'ailiwen\'\",\"store_id\":\"\'102023021497100001\'\",\"address\":\"\'无\'\",\"charge\":\"\'100.00\'\",\"create_time\":\"\'2024-02-29 15:36:23\'\",\"machine_id\":\"\'102024022920950002\'\",\"lon\":\"\'36.557327\'\",\"machine_name\":\"\'测试工牌\'\",\"machine_code\":\"\'16059631666\'\",\"impl_bean\":\"\'102024022955330002\'\",\"heartbeat_time\":\"\'2024-03-04 18:31:44\'\",\"pos_upload_sec\":\"\'60\'\",\"status_cd\":\"\'0\'\",\"staff_id\":\"\'302023121633940008\'\",\"lat\":\"\'101.725748\'\"}],\"preValue\":[{\"staff_name\":\"\'ailiwen\'\",\"store_id\":\"\'102023021497100001\'\",\"address\":\"\'无\'\",\"charge\":\"\'100.00\'\",\"create_time\":\"\'2024-02-29 15:36:23\'\",\"machine_id\":\"\'102024022920950002\'\",\"lon\":\"\'36.557327\'\",\"machine_name\":\"\'测试工牌\'\",\"machine_code\":\"\'16059631666\'\",\"impl_bean\":\"\'102024022955330002\'\",\"heartbeat_time\":\"\'2024-03-04 18:31:44\'\",\"pos_upload_sec\":\"\'180\'\",\"status_cd\":\"\'0\'\",\"staff_id\":\"\'302023121633940008\'\",\"lat\":\"\'101.725748\'\"}]}', '0');
INSERT INTO `unitem_log` VALUES ('202024030423550005', '102024030488380003', '2024-03-04 18:31:41', 'iot-boot', '{\"afterValue\":[{\"owe_prompt\":\"\'123123\'\",\"machine_ip\":\"\'11\'\",\"machine_id\":\"\'102024030437870004\'\",\"machine_name\":\"\'11\'\",\"location_id\":\"\'102024030458000091\'\",\"prompt_switch\":\"\'ON\'\",\"machine_code\":\"\'11\'\",\"impl_bean\":\"\'22\'\",\"heartbeat_time\":\"\'2024-03-04 18:31:41\'\",\"location_name\":\"\'1\'\",\"community_id\":\"\'2023052267100146\'\",\"machine_mac\":\"\'11\'\",\"normal_prompt\":\"\'123123\'\",\"direction\":\"\'3306\'\"}],\"preValue\":[]}', '0');
INSERT INTO `unitem_log` VALUES ('202024030433640007', '102024030475730006', '2024-03-04 18:31:48', 'iot-boot', '{\"afterValue\":[{\"owe_prompt\":\"\'123123\'\",\"create_time\":\"\'2024-03-04 18:31:41\'\",\"machine_ip\":\"\'11\'\",\"machine_id\":\"\'102024030437870004\'\",\"machine_name\":\"\'11\'\",\"location_id\":\"\'102024030458000091\'\",\"prompt_switch\":\"\'ON\'\",\"machine_code\":\"\'11\'\",\"impl_bean\":\"\'22\'\",\"community_id\":\"\'2023052267100146\'\",\"heartbeat_time\":\"\'2024-03-04 18:31:41\'\",\"location_name\":\"\'1\'\",\"machine_mac\":\"\'11\'\",\"status_cd\":\"\'0\'\",\"normal_prompt\":\"\'123124\'\",\"direction\":\"\'3306\'\"}],\"preValue\":[{\"owe_prompt\":\"\'123123\'\",\"create_time\":\"\'2024-03-04 18:31:41\'\",\"machine_ip\":\"\'11\'\",\"machine_id\":\"\'102024030437870004\'\",\"machine_name\":\"\'11\'\",\"location_id\":\"\'102024030458000091\'\",\"prompt_switch\":\"\'ON\'\",\"machine_code\":\"\'11\'\",\"impl_bean\":\"\'22\'\",\"community_id\":\"\'2023052267100146\'\",\"heartbeat_time\":\"\'2024-03-04 18:31:41\'\",\"location_name\":\"\'1\'\",\"machine_mac\":\"\'11\'\",\"status_cd\":\"\'0\'\",\"normal_prompt\":\"\'123123\'\",\"direction\":\"\'3306\'\"}]}', '0');
INSERT INTO `unitem_log` VALUES ('202024030508830014', '102024030512060013', '2024-03-05 22:30:01', 'iot-boot', '{\"afterValue\":[{\"factory_id\":\"\'102024030544720007\'\",\"create_time\":\"\'2024-03-05 22:29:41\'\",\"status_cd\":\"\'1\'\",\"bean_impl\":\"\'2\'\",\"factory_name\":\"\'1\'\",\"remark\":\"\'2\'\"}],\"preValue\":[{\"factory_id\":\"\'102024030544720007\'\",\"create_time\":\"\'2024-03-05 22:29:41\'\",\"status_cd\":\"\'0\'\",\"bean_impl\":\"\'2\'\",\"factory_name\":\"\'1\'\",\"remark\":\"\'2\'\"}]}', '0');
INSERT INTO `unitem_log` VALUES ('202024030530950017', '102024030503820015', '2024-03-05 22:30:07', 'iot-boot', '{\"afterValue\":[{\"factory_id\":\"\'102024030543190016\'\",\"bean_impl\":\"\'2\'\",\"factory_name\":\"\'2\'\",\"remark\":\"\'2\'\"}],\"preValue\":[]}', '0');
INSERT INTO `unitem_log` VALUES ('202024030545130008', '102024030524110006', '2024-03-05 22:29:41', 'iot-boot', '{\"afterValue\":[{\"factory_id\":\"\'102024030544720007\'\",\"bean_impl\":\"\'1\'\",\"factory_name\":\"\'1\'\",\"remark\":\"\'1\'\"}],\"preValue\":[]}', '0');
INSERT INTO `unitem_log` VALUES ('202024030554510032', '102024030533660030', '2024-03-05 23:31:33', 'iot-boot', '{\"afterValue\":[{\"impl_bean\":\"\'102024030543190016\'\",\"community_id\":\"\'2023052267100146\'\",\"machine_mac\":\"\'1\'\",\"machine_ip\":\"\'1\'\",\"machine_id\":\"\'102024030588940031\'\",\"machine_name\":\"\'1\'\",\"machine_code\":\"\'11\'\"}],\"preValue\":[]}', '0');
INSERT INTO `unitem_log` VALUES ('202024030582960012', '102024030549850011', '2024-03-05 22:29:55', 'iot-boot', '{\"afterValue\":[{\"factory_id\":\"\'102024030544720007\'\",\"create_time\":\"\'2024-03-05 22:29:41\'\",\"status_cd\":\"\'0\'\",\"bean_impl\":\"\'2\'\",\"factory_name\":\"\'1\'\",\"remark\":\"\'2\'\"}],\"preValue\":[{\"factory_id\":\"\'102024030544720007\'\",\"create_time\":\"\'2024-03-05 22:29:41\'\",\"status_cd\":\"\'0\'\",\"bean_impl\":\"\'1\'\",\"factory_name\":\"\'1\'\",\"remark\":\"\'2\'\"}]}', '0');
INSERT INTO `unitem_log` VALUES ('202024030597940010', '102024030508160009', '2024-03-05 22:29:48', 'iot-boot', '{\"afterValue\":[{\"factory_id\":\"\'102024030544720007\'\",\"create_time\":\"\'2024-03-05 22:29:41\'\",\"status_cd\":\"\'0\'\",\"bean_impl\":\"\'1\'\",\"factory_name\":\"\'1\'\",\"remark\":\"\'2\'\"}],\"preValue\":[{\"factory_id\":\"\'102024030544720007\'\",\"create_time\":\"\'2024-03-05 22:29:41\'\",\"status_cd\":\"\'0\'\",\"bean_impl\":\"\'1\'\",\"factory_name\":\"\'1\'\",\"remark\":\"\'1\'\"}]}', '0');
INSERT INTO `unitem_log` VALUES ('202024030615200015', '102024030658470009', '2024-03-06 00:10:56', 'iot-boot', '{\"afterValue\":[{\"ps_state\":\"\'FREE\'\",\"ps_name\":\"\'1-12\'\",\"update_time\":\"\'2024-03-06 00:10:55\'\",\"community_id\":\"\'2023052267100146\'\",\"lock_state\":\"\'OFF\'\",\"lock_battery\":\"\'0\'\",\"ps_id\":\"\'792024021818052258\'\",\"car_num\":\"\'无\'\",\"machine_id\":\"\'102024030609090010\'\",\"rel_id\":\"\'112024030678480014\'\"}],\"preValue\":[]}', '0');
INSERT INTO `unitem_log` VALUES ('202024030616990007', '102024030637890001', '2024-03-06 01:19:23', 'iot-boot', '{\"afterValue\":[{\"ps_state\":\"\'FREE\'\",\"ps_name\":\"\'1-12\'\",\"update_time\":\"\'2024-03-06 01:19:23\'\",\"community_id\":\"\'2023052267100146\'\",\"lock_state\":\"\'OFF\'\",\"lock_battery\":\"\'0\'\",\"ps_id\":\"\'792024021818052258\'\",\"car_num\":\"\'无\'\",\"machine_id\":\"\'102024030614050002\'\",\"rel_id\":\"\'112024030668780006\'\"}],\"preValue\":[]}', '0');
INSERT INTO `unitem_log` VALUES ('202024030621060003', '102024030637890001', '2024-03-06 01:19:22', 'iot-boot', '{\"afterValue\":[{\"impl_bean\":\"\'102024030543190016\'\",\"community_id\":\"\'2023052267100146\'\",\"heartbeat_time\":\"\'2024-03-06 01:19:22\'\",\"machine_mac\":\"\'11\'\",\"machine_ip\":\"\'11\'\",\"machine_id\":\"\'102024030614050002\'\",\"machine_name\":\"\'1231\'\",\"machine_code\":\"\'1231\'\"}],\"preValue\":[]}', '0');
INSERT INTO `unitem_log` VALUES ('202024030625730005', '102024030611500001', '2024-03-06 00:09:48', 'iot-boot', '{\"afterValue\":[{\"ps_state\":\"\'FREE\'\",\"ps_name\":\"\'52-1\'\",\"update_time\":\"\'2024-03-06 00:09:48\'\",\"community_id\":\"\'2023052267100146\'\",\"lock_state\":\"\'OFF\'\",\"lock_battery\":\"\'0\'\",\"ps_id\":\"\'792024022159440213\'\",\"car_num\":\"\'无\'\",\"machine_id\":\"\'102024030654090002\'\",\"rel_id\":\"\'112024030651450004\'\"}],\"preValue\":[]}', '0');
INSERT INTO `unitem_log` VALUES ('202024030635170023', '102024030670120017', '2024-03-06 00:11:42', 'iot-boot', '{\"afterValue\":[{\"ps_state\":\"\'FREE\'\",\"ps_name\":\"\'1-12\'\",\"update_time\":\"\'2024-03-06 00:11:42\'\",\"community_id\":\"\'2023052267100146\'\",\"lock_state\":\"\'OFF\'\",\"lock_battery\":\"\'0\'\",\"ps_id\":\"\'792024021818052258\'\",\"car_num\":\"\'无\'\",\"machine_id\":\"\'102024030610150018\'\",\"rel_id\":\"\'112024030633990022\'\"}],\"preValue\":[]}', '0');
INSERT INTO `unitem_log` VALUES ('202024030635510021', '102024030670120017', '2024-03-06 00:11:42', 'iot-boot', '{\"afterValue\":[{\"ps_state\":\"\'FREE\'\",\"ps_name\":\"\'52-1\'\",\"update_time\":\"\'2024-03-06 00:11:42\'\",\"community_id\":\"\'2023052267100146\'\",\"lock_state\":\"\'OFF\'\",\"lock_battery\":\"\'0\'\",\"ps_id\":\"\'792024022159440213\'\",\"car_num\":\"\'无\'\",\"machine_id\":\"\'102024030610150018\'\",\"rel_id\":\"\'112024030633910020\'\"}],\"preValue\":[]}', '0');
INSERT INTO `unitem_log` VALUES ('202024030637810003', '102024030611500001', '2024-03-06 00:09:48', 'iot-boot', '{\"afterValue\":[{\"impl_bean\":\"\'102024030543190016\'\",\"community_id\":\"\'2023052267100146\'\",\"machine_mac\":\"\'1\'\",\"machine_ip\":\"\'1\'\",\"machine_id\":\"\'102024030654090002\'\",\"machine_name\":\"\'1\'\",\"machine_code\":\"\'1\'\"}],\"preValue\":[]}', '0');
INSERT INTO `unitem_log` VALUES ('202024030644260013', '102024030658470009', '2024-03-06 00:10:55', 'iot-boot', '{\"afterValue\":[{\"ps_state\":\"\'FREE\'\",\"ps_name\":\"\'52-1\'\",\"update_time\":\"\'2024-03-06 00:10:55\'\",\"community_id\":\"\'2023052267100146\'\",\"lock_state\":\"\'OFF\'\",\"lock_battery\":\"\'0\'\",\"ps_id\":\"\'792024022159440213\'\",\"car_num\":\"\'无\'\",\"machine_id\":\"\'102024030609090010\'\",\"rel_id\":\"\'112024030687690012\'\"}],\"preValue\":[]}', '0');
INSERT INTO `unitem_log` VALUES ('202024030644420005', '102024030637890001', '2024-03-06 01:19:22', 'iot-boot', '{\"afterValue\":[{\"ps_state\":\"\'FREE\'\",\"ps_name\":\"\'52-1\'\",\"update_time\":\"\'2024-03-06 01:19:22\'\",\"community_id\":\"\'2023052267100146\'\",\"lock_state\":\"\'OFF\'\",\"lock_battery\":\"\'0\'\",\"ps_id\":\"\'792024022159440213\'\",\"car_num\":\"\'无\'\",\"machine_id\":\"\'102024030614050002\'\",\"rel_id\":\"\'112024030672440004\'\"}],\"preValue\":[]}', '0');
INSERT INTO `unitem_log` VALUES ('202024030650590013', '102024030680040012', '2024-03-06 02:41:33', 'iot-boot', '{\"afterValue\":[{\"factory_id\":\"\'102024030543190016\'\",\"create_time\":\"\'2024-03-05 22:30:07\'\",\"status_cd\":\"\'0\'\",\"bean_impl\":\"\'songBingParkingSpaceMachineAdapt\'\",\"factory_name\":\"\'松饼车位地磁\'\",\"remark\":\"\'设备对接由松饼团队完成，设备购买调试请联系松饼团队\\nhttp://shop.songbingcloud.com/\'\"}],\"preValue\":[{\"factory_id\":\"\'102024030543190016\'\",\"create_time\":\"\'2024-03-05 22:30:07\'\",\"status_cd\":\"\'0\'\",\"bean_impl\":\"\'2\'\",\"factory_name\":\"\'2\'\",\"remark\":\"\'2\'\"}]}', '0');
INSERT INTO `unitem_log` VALUES ('202024030670770006', '102024030640160005', '2024-03-06 00:38:21', 'iot-boot', '{\"afterValue\":[{\"impl_bean\":\"\'102024030543190016\'\",\"community_id\":\"\'2023052267100146\'\",\"machine_mac\":\"\'1\'\",\"create_time\":\"\'2024-03-06 00:11:42\'\",\"status_cd\":\"\'0\'\",\"machine_ip\":\"\'1\'\",\"machine_id\":\"\'102024030610150018\'\",\"machine_name\":\"\'2\'\",\"machine_code\":\"\'1\'\"}],\"preValue\":[{\"impl_bean\":\"\'102024030543190016\'\",\"community_id\":\"\'2023052267100146\'\",\"machine_mac\":\"\'1\'\",\"create_time\":\"\'2024-03-06 00:11:42\'\",\"status_cd\":\"\'0\'\",\"machine_ip\":\"\'1\'\",\"machine_id\":\"\'102024030610150018\'\",\"machine_name\":\"\'1\'\",\"machine_code\":\"\'1\'\"}]}', '0');
INSERT INTO `unitem_log` VALUES ('202024030671840011', '102024030658470009', '2024-03-06 00:10:55', 'iot-boot', '{\"afterValue\":[{\"impl_bean\":\"\'102024030543190016\'\",\"community_id\":\"\'2023052267100146\'\",\"machine_mac\":\"\'1\'\",\"machine_ip\":\"\'1\'\",\"machine_id\":\"\'102024030609090010\'\",\"machine_name\":\"\'1\'\",\"machine_code\":\"\'1\'\"}],\"preValue\":[]}', '0');
INSERT INTO `unitem_log` VALUES ('202024030671860009', '102024030640160005', '2024-03-06 00:38:21', 'iot-boot', '{\"afterValue\":[{\"ps_state\":\"\'FREE\'\",\"ps_name\":\"\'52-1\'\",\"update_time\":\"\'2024-03-06 00:38:21\'\",\"community_id\":\"\'2023052267100146\'\",\"lock_state\":\"\'OFF\'\",\"lock_battery\":\"\'0\'\",\"ps_id\":\"\'792024022159440213\'\",\"car_num\":\"\'无\'\",\"machine_id\":\"\'102024030610150018\'\",\"rel_id\":\"\'112024030685230008\'\"}],\"preValue\":[]}', '0');
INSERT INTO `unitem_log` VALUES ('202024030677180007', '102024030640160005', '2024-03-06 00:38:21', 'iot-boot', '{\"afterValue\":[{\"ps_name\":\"\'52-1\'\",\"ps_state\":\"\'FREE\'\",\"lock_state\":\"\'OFF\'\",\"create_time\":\"\'2024-03-06 00:11:42\'\",\"image_photo\":\"\'\'\",\"machine_id\":\"\'102024030610150018\'\",\"rel_id\":\"\'112024030633910020\'\",\"community_id\":\"\'2023052267100146\'\",\"update_time\":\"\'2024-03-06 00:11:42\'\",\"lock_battery\":\"\'0\'\",\"status_cd\":\"\'1\'\",\"ps_id\":\"\'792024022159440213\'\",\"car_num\":\"\'无\'\"},{\"ps_name\":\"\'1-12\'\",\"ps_state\":\"\'FREE\'\",\"lock_state\":\"\'OFF\'\",\"create_time\":\"\'2024-03-06 00:11:42\'\",\"image_photo\":\"\'\'\",\"machine_id\":\"\'102024030610150018\'\",\"rel_id\":\"\'112024030633990022\'\",\"community_id\":\"\'2023052267100146\'\",\"update_time\":\"\'2024-03-06 00:11:42\'\",\"lock_battery\":\"\'0\'\",\"status_cd\":\"\'1\'\",\"ps_id\":\"\'792024021818052258\'\",\"car_num\":\"\'无\'\"}],\"preValue\":[{\"ps_name\":\"\'52-1\'\",\"ps_state\":\"\'FREE\'\",\"lock_state\":\"\'OFF\'\",\"create_time\":\"\'2024-03-06 00:11:42\'\",\"image_photo\":\"\'\'\",\"machine_id\":\"\'102024030610150018\'\",\"rel_id\":\"\'112024030633910020\'\",\"community_id\":\"\'2023052267100146\'\",\"update_time\":\"\'2024-03-06 00:11:42\'\",\"lock_battery\":\"\'0\'\",\"status_cd\":\"\'0\'\",\"ps_id\":\"\'792024022159440213\'\",\"car_num\":\"\'无\'\"},{\"ps_name\":\"\'1-12\'\",\"ps_state\":\"\'FREE\'\",\"lock_state\":\"\'OFF\'\",\"create_time\":\"\'2024-03-06 00:11:42\'\",\"image_photo\":\"\'\'\",\"machine_id\":\"\'102024030610150018\'\",\"rel_id\":\"\'112024030633990022\'\",\"community_id\":\"\'2023052267100146\'\",\"update_time\":\"\'2024-03-06 00:11:42\'\",\"lock_battery\":\"\'0\'\",\"status_cd\":\"\'0\'\",\"ps_id\":\"\'792024021818052258\'\",\"car_num\":\"\'无\'\"}]}', '0');
INSERT INTO `unitem_log` VALUES ('202024030690980007', '102024030611500001', '2024-03-06 00:09:48', 'iot-boot', '{\"afterValue\":[{\"ps_state\":\"\'FREE\'\",\"ps_name\":\"\'1-12\'\",\"update_time\":\"\'2024-03-06 00:09:48\'\",\"community_id\":\"\'2023052267100146\'\",\"lock_state\":\"\'OFF\'\",\"lock_battery\":\"\'0\'\",\"ps_id\":\"\'792024021818052258\'\",\"car_num\":\"\'无\'\",\"machine_id\":\"\'102024030654090002\'\",\"rel_id\":\"\'112024030677130006\'\"}],\"preValue\":[]}', '0');
INSERT INTO `unitem_log` VALUES ('202024030693560019', '102024030670120017', '2024-03-06 00:11:42', 'iot-boot', '{\"afterValue\":[{\"impl_bean\":\"\'102024030543190016\'\",\"community_id\":\"\'2023052267100146\'\",\"machine_mac\":\"\'1\'\",\"machine_ip\":\"\'1\'\",\"machine_id\":\"\'102024030610150018\'\",\"machine_name\":\"\'1\'\",\"machine_code\":\"\'1\'\"}],\"preValue\":[]}', '0');
INSERT INTO `unitem_log` VALUES ('202024030697240003', '102024030623540001', '2024-03-06 00:47:27', 'iot-boot', '{\"afterValue\":[{\"impl_bean\":\"\'102024030543190016\'\",\"community_id\":\"\'2023052267100146\'\",\"machine_mac\":\"\'11\'\",\"machine_ip\":\"\'11\'\",\"machine_id\":\"\'102024030690230002\'\",\"machine_name\":\"\'1231\'\",\"machine_code\":\"\'1231\'\"}],\"preValue\":[]}', '0');
INSERT INTO `unitem_log` VALUES ('202024030699150002', '102024030644810001', '2024-03-06 00:05:11', 'iot-boot', '{\"afterValue\":[{\"impl_bean\":\"\'102024030543190016\'\",\"community_id\":\"\'2023052267100146\'\",\"machine_mac\":\"\'1\'\",\"create_time\":\"\'2024-03-05 23:31:33\'\",\"status_cd\":\"\'1\'\",\"machine_ip\":\"\'1\'\",\"machine_id\":\"\'102024030588940031\'\",\"machine_name\":\"\'1\'\",\"machine_code\":\"\'11\'\"}],\"preValue\":[{\"impl_bean\":\"\'102024030543190016\'\",\"community_id\":\"\'2023052267100146\'\",\"machine_mac\":\"\'1\'\",\"create_time\":\"\'2024-03-05 23:31:33\'\",\"status_cd\":\"\'0\'\",\"machine_ip\":\"\'1\'\",\"machine_id\":\"\'102024030588940031\'\",\"machine_name\":\"\'1\'\",\"machine_code\":\"\'11\'\"}]}', '0');
INSERT INTO `unitem_log` VALUES ('202024030804640015', '102024030847250013', '2024-03-08 04:27:59', 'iot-boot', '{\"afterValue\":[{\"community_id\":\"\'2023052267100146\'\",\"pr_id\":\"\'102024030857790014\'\",\"pa_id\":\"\'102023061679340015\'\",\"region_code\":\"\'B\'\"}],\"preValue\":[]}', '0');
INSERT INTO `unitem_log` VALUES ('202024030805780005', '102024030876900003', '2024-03-08 03:09:41', 'iot-boot', '{\"afterValue\":[{\"community_id\":\"\'2023052267100146\'\",\"num\":\"\'33\'\",\"ps_id\":\"\'102024030888860004\'\",\"pr_id\":\"\'102024030818090012\'\",\"remark\":\"\'3\'\",\"state\":\"\'F\'\",\"parking_type\":\"\'1\'\",\"pa_id\":\"\'102024022124196600\'\"}],\"preValue\":[]}', '0');
INSERT INTO `unitem_log` VALUES ('202024030808680027', '102024030835190026', '2024-03-08 04:28:35', 'iot-boot', '{\"afterValue\":[{\"community_id\":\"\'2023052267100146\'\",\"create_time\":\"\'2024-02-19 10:28:51\'\",\"status_cd\":\"\'0\'\",\"ps_id\":\"\'102024021915420169\'\",\"num\":\"\'A1\'\",\"pr_id\":\"\'102024030857790014\'\",\"remark\":\"\'\'\",\"state\":\"\'H\'\",\"parking_type\":\"\'1\'\",\"pa_id\":\"\'102023061679340015\'\"}],\"preValue\":[{\"community_id\":\"\'2023052267100146\'\",\"create_time\":\"\'2024-02-19 10:28:51\'\",\"status_cd\":\"\'0\'\",\"ps_id\":\"\'102024021915420169\'\",\"num\":\"\'A1\'\",\"pr_id\":\"\'\'\",\"remark\":\"\'\'\",\"state\":\"\'H\'\",\"parking_type\":\"\'1\'\",\"pa_id\":\"\'102023061679340015\'\"}]}', '0');
INSERT INTO `unitem_log` VALUES ('202024030809600019', '102024030800180018', '2024-03-08 04:28:17', 'iot-boot', '{\"afterValue\":[{\"community_id\":\"\'2023052267100146\'\",\"create_time\":\"\'2024-02-20 15:26:23\'\",\"status_cd\":\"\'0\'\",\"ps_id\":\"\'792024021837202261\'\",\"num\":\"\'15\'\",\"pr_id\":\"\'102024030854040011\'\",\"remark\":\"\'导入数据\'\",\"state\":\"\'F\'\",\"parking_type\":\"\'1\'\",\"pa_id\":\"\'102023061679340015\'\"}],\"preValue\":[{\"community_id\":\"\'2023052267100146\'\",\"create_time\":\"\'2024-02-20 15:26:23\'\",\"status_cd\":\"\'0\'\",\"ps_id\":\"\'792024021837202261\'\",\"num\":\"\'15\'\",\"pr_id\":\"\'\'\",\"remark\":\"\'导入数据\'\",\"state\":\"\'F\'\",\"parking_type\":\"\'1\'\",\"pa_id\":\"\'102023061679340015\'\"}]}', '0');
INSERT INTO `unitem_log` VALUES ('202024030823640015', '102024030878530014', '2024-03-08 02:42:19', 'iot-boot', '{\"afterValue\":[{\"community_id\":\"\'2023052267100146\'\",\"create_time\":\"\'2024-03-08 02:40:13\'\",\"status_cd\":\"\'1\'\",\"pr_id\":\"\'102024030848470007\'\",\"remark\":\"\'A区\'\",\"pa_id\":\"\'102024022124196600\'\",\"region_code\":\"\'B\'\"}],\"preValue\":[{\"community_id\":\"\'2023052267100146\'\",\"create_time\":\"\'2024-03-08 02:40:13\'\",\"status_cd\":\"\'0\'\",\"pr_id\":\"\'102024030848470007\'\",\"remark\":\"\'A区\'\",\"pa_id\":\"\'102024022124196600\'\",\"region_code\":\"\'B\'\"}]}', '0');
INSERT INTO `unitem_log` VALUES ('202024030827860012', '102024030872230010', '2024-03-08 04:27:54', 'iot-boot', '{\"afterValue\":[{\"community_id\":\"\'2023052267100146\'\",\"pr_id\":\"\'102024030854040011\'\",\"pa_id\":\"\'102023061679340015\'\",\"region_code\":\"\'A\'\"}],\"preValue\":[]}', '0');
INSERT INTO `unitem_log` VALUES ('202024030829120025', '102024030887930024', '2024-03-08 04:28:30', 'iot-boot', '{\"afterValue\":[{\"community_id\":\"\'2023052267100146\'\",\"create_time\":\"\'2024-02-20 11:36:39\'\",\"status_cd\":\"\'0\'\",\"ps_id\":\"\'792024021810422264\'\",\"num\":\"\'18\'\",\"pr_id\":\"\'102024030857790014\'\",\"remark\":\"\'导入数据\'\",\"state\":\"\'H\'\",\"parking_type\":\"\'1\'\",\"pa_id\":\"\'102023061679340015\'\"}],\"preValue\":[{\"community_id\":\"\'2023052267100146\'\",\"create_time\":\"\'2024-02-20 11:36:39\'\",\"status_cd\":\"\'0\'\",\"ps_id\":\"\'792024021810422264\'\",\"num\":\"\'18\'\",\"pr_id\":\"\'\'\",\"remark\":\"\'导入数据\'\",\"state\":\"\'H\'\",\"parking_type\":\"\'1\'\",\"pa_id\":\"\'102023061679340015\'\"}]}', '0');
INSERT INTO `unitem_log` VALUES ('202024030831010008', '102024030897220006', '2024-03-08 02:40:13', 'iot-boot', '{\"afterValue\":[{\"community_id\":\"\'2023052267100146\'\",\"pr_id\":\"\'102024030848470007\'\",\"remark\":\"\'A区\'\",\"pa_id\":\"\'102024022124196600\'\",\"region_code\":\"\'A\'\"}],\"preValue\":[]}', '0');
INSERT INTO `unitem_log` VALUES ('202024030840180002', '102024030844960001', '2024-03-08 03:07:25', 'iot-boot', '{\"afterValue\":[{\"community_id\":\"\'2023052267100146\'\",\"create_time\":\"\'2024-02-26 09:55:16\'\",\"status_cd\":\"\'0\'\",\"ps_id\":\"\'792024022159440213\'\",\"num\":\"\'1\'\",\"pr_id\":\"\'\'\",\"remark\":\"\'导入数据\'\",\"state\":\"\'H\'\",\"parking_type\":\"\'1\'\",\"pa_id\":\"\'102024022124196600\'\"}],\"preValue\":[{\"community_id\":\"\'2023052267100146\'\",\"create_time\":\"\'2024-02-26 09:55:16\'\",\"status_cd\":\"\'0\'\",\"ps_id\":\"\'792024022159440213\'\",\"num\":\"\'1\'\",\"pr_id\":\"\'\'\",\"remark\":\"\'导入数据\'\",\"state\":\"\'H\'\",\"parking_type\":\"\'1\'\",\"pa_id\":\"\'102024022124196600\'\"}]}', '0');
INSERT INTO `unitem_log` VALUES ('202024030853270010', '102024030862900009', '2024-03-08 02:41:57', 'iot-boot', '{\"afterValue\":[{\"community_id\":\"\'2023052267100146\'\",\"create_time\":\"\'2024-03-08 02:40:13\'\",\"status_cd\":\"\'0\'\",\"pr_id\":\"\'102024030848470007\'\",\"remark\":\"\'A区\'\",\"pa_id\":\"\'102024022124196600\'\",\"region_code\":\"\'B\'\"}],\"preValue\":[{\"community_id\":\"\'2023052267100146\'\",\"create_time\":\"\'2024-03-08 02:40:13\'\",\"status_cd\":\"\'0\'\",\"pr_id\":\"\'102024030848470007\'\",\"remark\":\"\'A区\'\",\"pa_id\":\"\'102024022124196600\'\",\"region_code\":\"\'A\'\"}]}', '0');
INSERT INTO `unitem_log` VALUES ('202024030868210013', '102024030854010011', '2024-03-08 02:42:12', 'iot-boot', '{\"afterValue\":[{\"community_id\":\"\'2023052267100146\'\",\"pr_id\":\"\'102024030818090012\'\",\"remark\":\"\'A区\'\",\"pa_id\":\"\'102024022124196600\'\",\"region_code\":\"\'A\'\"}],\"preValue\":[]}', '0');
INSERT INTO `unitem_log` VALUES ('202024030877650017', '102024030838750016', '2024-03-08 04:28:11', 'iot-boot', '{\"afterValue\":[{\"community_id\":\"\'2023052267100146\'\",\"create_time\":\"\'2024-02-22 17:34:43\'\",\"status_cd\":\"\'0\'\",\"ps_id\":\"\'792024021818052258\'\",\"num\":\"\'12\'\",\"pr_id\":\"\'102024030854040011\'\",\"remark\":\"\'导入数据\'\",\"state\":\"\'H\'\",\"parking_type\":\"\'1\'\",\"pa_id\":\"\'102023061679340015\'\"}],\"preValue\":[{\"community_id\":\"\'2023052267100146\'\",\"create_time\":\"\'2024-02-22 17:34:43\'\",\"status_cd\":\"\'0\'\",\"ps_id\":\"\'792024021818052258\'\",\"num\":\"\'12\'\",\"pr_id\":\"\'\'\",\"remark\":\"\'导入数据\'\",\"state\":\"\'H\'\",\"parking_type\":\"\'1\'\",\"pa_id\":\"\'102023061679340015\'\"}]}', '0');
INSERT INTO `unitem_log` VALUES ('202024030877820033', '102024030839160032', '2024-03-08 04:28:51', 'iot-boot', '{\"afterValue\":[{\"community_id\":\"\'2023052267100146\'\",\"create_time\":\"\'2024-02-15 16:47:06\'\",\"status_cd\":\"\'0\'\",\"ps_id\":\"\'792023061609020032\'\",\"num\":\"\'A9\'\",\"pr_id\":\"\'102024030854040011\'\",\"remark\":\"\'导入数据\'\",\"state\":\"\'H\'\",\"parking_type\":\"\'1\'\",\"pa_id\":\"\'102023061679340015\'\"}],\"preValue\":[{\"community_id\":\"\'2023052267100146\'\",\"create_time\":\"\'2024-02-15 16:47:06\'\",\"status_cd\":\"\'0\'\",\"ps_id\":\"\'792023061609020032\'\",\"num\":\"\'A9\'\",\"pr_id\":\"\'\'\",\"remark\":\"\'导入数据\'\",\"state\":\"\'H\'\",\"parking_type\":\"\'1\'\",\"pa_id\":\"\'102023061679340015\'\"}]}', '0');
INSERT INTO `unitem_log` VALUES ('202024030878760031', '102024030893180030', '2024-03-08 04:28:47', 'iot-boot', '{\"afterValue\":[{\"community_id\":\"\'2023052267100146\'\",\"create_time\":\"\'2024-02-18 22:18:49\'\",\"status_cd\":\"\'0\'\",\"ps_id\":\"\'792023061679330031\'\",\"num\":\"\'A8\'\",\"pr_id\":\"\'102024030854040011\'\",\"remark\":\"\'导入数据\'\",\"state\":\"\'H\'\",\"parking_type\":\"\'1\'\",\"pa_id\":\"\'102023061679340015\'\"}],\"preValue\":[{\"community_id\":\"\'2023052267100146\'\",\"create_time\":\"\'2024-02-18 22:18:49\'\",\"status_cd\":\"\'0\'\",\"ps_id\":\"\'792023061679330031\'\",\"num\":\"\'A8\'\",\"pr_id\":\"\'\'\",\"remark\":\"\'导入数据\'\",\"state\":\"\'H\'\",\"parking_type\":\"\'1\'\",\"pa_id\":\"\'102023061679340015\'\"}]}', '0');
INSERT INTO `unitem_log` VALUES ('202024030880050023', '102024030812450022', '2024-03-08 04:28:24', 'iot-boot', '{\"afterValue\":[{\"community_id\":\"\'2023052267100146\'\",\"create_time\":\"\'2024-02-20 11:40:31\'\",\"status_cd\":\"\'0\'\",\"ps_id\":\"\'792024021869862263\'\",\"num\":\"\'17\'\",\"pr_id\":\"\'102024030854040011\'\",\"remark\":\"\'导入数据\'\",\"state\":\"\'H\'\",\"parking_type\":\"\'1\'\",\"pa_id\":\"\'102023061679340015\'\"}],\"preValue\":[{\"community_id\":\"\'2023052267100146\'\",\"create_time\":\"\'2024-02-20 11:40:31\'\",\"status_cd\":\"\'0\'\",\"ps_id\":\"\'792024021869862263\'\",\"num\":\"\'17\'\",\"pr_id\":\"\'\'\",\"remark\":\"\'导入数据\'\",\"state\":\"\'H\'\",\"parking_type\":\"\'1\'\",\"pa_id\":\"\'102023061679340015\'\"}]}', '0');
INSERT INTO `unitem_log` VALUES ('202024030891050002', '102024030897310001', '2024-03-08 03:15:45', 'iot-boot', '{\"afterValue\":[{\"community_id\":\"\'2023052267100146\'\",\"create_time\":\"\'2024-02-26 09:55:16\'\",\"status_cd\":\"\'0\'\",\"ps_id\":\"\'792024022159440213\'\",\"num\":\"\'1\'\",\"pr_id\":\"\'102024030818090012\'\",\"remark\":\"\'导入数据\'\",\"state\":\"\'H\'\",\"parking_type\":\"\'1\'\",\"pa_id\":\"\'102024022124196600\'\"}],\"preValue\":[{\"community_id\":\"\'2023052267100146\'\",\"create_time\":\"\'2024-02-26 09:55:16\'\",\"status_cd\":\"\'0\'\",\"ps_id\":\"\'792024022159440213\'\",\"num\":\"\'1\'\",\"pr_id\":\"\'\'\",\"remark\":\"\'导入数据\'\",\"state\":\"\'H\'\",\"parking_type\":\"\'1\'\",\"pa_id\":\"\'102024022124196600\'\"}]}', '0');
INSERT INTO `unitem_log` VALUES ('202024030891680029', '102024030837560028', '2024-03-08 04:28:43', 'iot-boot', '{\"afterValue\":[{\"community_id\":\"\'2023052267100146\'\",\"create_time\":\"\'2024-02-19 06:45:07\'\",\"status_cd\":\"\'0\'\",\"ps_id\":\"\'792024021873182265\'\",\"num\":\"\'1216\'\",\"pr_id\":\"\'102024030854040011\'\",\"remark\":\"\'导入数据\'\",\"state\":\"\'H\'\",\"parking_type\":\"\'1\'\",\"pa_id\":\"\'102023061679340015\'\"}],\"preValue\":[{\"community_id\":\"\'2023052267100146\'\",\"create_time\":\"\'2024-02-19 06:45:07\'\",\"status_cd\":\"\'0\'\",\"ps_id\":\"\'792024021873182265\'\",\"num\":\"\'1216\'\",\"pr_id\":\"\'\'\",\"remark\":\"\'导入数据\'\",\"state\":\"\'H\'\",\"parking_type\":\"\'1\'\",\"pa_id\":\"\'102023061679340015\'\"}]}', '0');
INSERT INTO `unitem_log` VALUES ('202024030891910021', '102024030824750020', '2024-03-08 04:28:20', 'iot-boot', '{\"afterValue\":[{\"community_id\":\"\'2023052267100146\'\",\"create_time\":\"\'2024-02-20 14:26:59\'\",\"status_cd\":\"\'0\'\",\"ps_id\":\"\'792024021833322262\'\",\"num\":\"\'16\'\",\"pr_id\":\"\'102024030854040011\'\",\"remark\":\"\'导入数据\'\",\"state\":\"\'H\'\",\"parking_type\":\"\'1\'\",\"pa_id\":\"\'102023061679340015\'\"}],\"preValue\":[{\"community_id\":\"\'2023052267100146\'\",\"create_time\":\"\'2024-02-20 14:26:59\'\",\"status_cd\":\"\'0\'\",\"ps_id\":\"\'792024021833322262\'\",\"num\":\"\'16\'\",\"pr_id\":\"\'\'\",\"remark\":\"\'导入数据\'\",\"state\":\"\'H\'\",\"parking_type\":\"\'1\'\",\"pa_id\":\"\'102023061679340015\'\"}]}', '0');
INSERT INTO `unitem_log` VALUES ('202024030929390004', '102024030911230003', '2024-03-09 12:40:38', 'iot-boot', '{\"afterValue\":[{\"impl_bean\":\"\'17\'\",\"box_id\":\"\'102024021907520113\'\",\"community_id\":\"\'2023052267100146\'\",\"heartbeat_time\":\"\'2024-02-20 20:55:20\'\",\"create_time\":\"\'2024-02-20 20:55:20\'\",\"status_cd\":\"\'0\'\",\"machine_ip\":\"\'1982.168.1.19\'\",\"machine_id\":\"\'102024022008200773\'\",\"machine_name\":\"\'测试设备出\'\",\"machine_code\":\"\'5ba83610-2ad83b19\'\",\"direction\":\"\'3307\'\"}],\"preValue\":[{\"impl_bean\":\"\'15\'\",\"box_id\":\"\'102024021907520113\'\",\"community_id\":\"\'2023052267100146\'\",\"heartbeat_time\":\"\'2024-02-20 20:55:20\'\",\"create_time\":\"\'2024-02-20 20:55:20\'\",\"status_cd\":\"\'0\'\",\"machine_ip\":\"\'1982.168.1.19\'\",\"machine_id\":\"\'102024022008200773\'\",\"machine_name\":\"\'测试设备出\'\",\"machine_code\":\"\'5ba83610-2ad83b19\'\",\"direction\":\"\'3307\'\"}]}', '0');
INSERT INTO `unitem_log` VALUES ('202024030936020005', '102024030985770004', '2024-03-09 12:32:47', 'iot-boot', '{\"afterValue\":[{\"impl_bean\":\"\'15\'\",\"box_id\":\"\'102024021907520113\'\",\"community_id\":\"\'2023052267100146\'\",\"heartbeat_time\":\"\'2024-02-20 20:55:20\'\",\"create_time\":\"\'2024-02-20 20:55:20\'\",\"status_cd\":\"\'0\'\",\"machine_ip\":\"\'5ba83610-2ad83b19\'\",\"machine_id\":\"\'102024022008200773\'\",\"machine_name\":\"\'测试设备出\'\",\"machine_code\":\"\'A0002\'\",\"direction\":\"\'3307\'\"}],\"preValue\":[{\"impl_bean\":\"\'15\'\",\"box_id\":\"\'102024021907520113\'\",\"community_id\":\"\'2023052267100146\'\",\"heartbeat_time\":\"\'2024-02-20 20:55:20\'\",\"create_time\":\"\'2024-02-20 20:55:20\'\",\"status_cd\":\"\'0\'\",\"machine_ip\":\"\'1982.168.1.19\'\",\"machine_id\":\"\'102024022008200773\'\",\"machine_name\":\"\'测试设备出\'\",\"machine_code\":\"\'A0002\'\",\"direction\":\"\'3307\'\"}]}', '0');
INSERT INTO `unitem_log` VALUES ('202024030945040096', '102024030945760095', '2024-03-09 12:18:49', 'iot-boot', '{\"afterValue\":[{\"domain_name\":\"\'臻识云\'\",\"create_time\":\"\'2024-03-09 12:17:36\'\",\"status_cd\":\"\'0\'\",\"domain\":\"\'VZICLOUD\'\",\"remark\":\"\'请填写臻云极致的AccessKeyId和AccessKeySecret，请到这里申请臻云极致(https://open.vzicloud.com)\'\",\"id\":\"\'102024030912650093\'\",\"seq\":\"\'9\'\"}],\"preValue\":[{\"domain_name\":\"\'臻识云\'\",\"create_time\":\"\'2024-03-09 12:17:36\'\",\"status_cd\":\"\'0\'\",\"domain\":\"\'VZICLOUD\'\",\"remark\":\"\'1\'\",\"id\":\"\'102024030912650093\'\",\"seq\":\"\'9\'\"}]}', '0');
INSERT INTO `unitem_log` VALUES ('202024030945120003', '102024030983560002', '2024-03-09 12:32:31', 'iot-boot', '{\"afterValue\":[{\"impl_bean\":\"\'15\'\",\"box_id\":\"\'102024021907520113\'\",\"community_id\":\"\'2023052267100146\'\",\"heartbeat_time\":\"\'2024-02-20 20:54:41\'\",\"create_time\":\"\'2024-02-20 20:54:41\'\",\"status_cd\":\"\'0\'\",\"machine_ip\":\"\'192.168.1.18\'\",\"machine_id\":\"\'102024022027080770\'\",\"machine_name\":\"\'测试设备入\'\",\"machine_code\":\"\'e1530b10-7e2d4f37\'\",\"direction\":\"\'3306\'\"}],\"preValue\":[{\"impl_bean\":\"\'15\'\",\"box_id\":\"\'102024021907520113\'\",\"community_id\":\"\'2023052267100146\'\",\"heartbeat_time\":\"\'2024-02-20 20:54:41\'\",\"create_time\":\"\'2024-02-20 20:54:41\'\",\"status_cd\":\"\'0\'\",\"machine_ip\":\"\'192.168.1.18\'\",\"machine_id\":\"\'102024022027080770\'\",\"machine_name\":\"\'测试设备入\'\",\"machine_code\":\"\'A0001\'\",\"direction\":\"\'3306\'\"}]}', '0');
INSERT INTO `unitem_log` VALUES ('202024030951170007', '102024030904060006', '2024-03-09 12:32:59', 'iot-boot', '{\"afterValue\":[{\"impl_bean\":\"\'15\'\",\"box_id\":\"\'102024021907520113\'\",\"community_id\":\"\'2023052267100146\'\",\"heartbeat_time\":\"\'2024-02-20 20:55:20\'\",\"create_time\":\"\'2024-02-20 20:55:20\'\",\"status_cd\":\"\'0\'\",\"machine_ip\":\"\'1982.168.1.19\'\",\"machine_id\":\"\'102024022008200773\'\",\"machine_name\":\"\'测试设备出\'\",\"machine_code\":\"\'5ba83610-2ad83b19\'\",\"direction\":\"\'3307\'\"}],\"preValue\":[{\"impl_bean\":\"\'15\'\",\"box_id\":\"\'102024021907520113\'\",\"community_id\":\"\'2023052267100146\'\",\"heartbeat_time\":\"\'2024-02-20 20:55:20\'\",\"create_time\":\"\'2024-02-20 20:55:20\'\",\"status_cd\":\"\'0\'\",\"machine_ip\":\"\'5ba83610-2ad83b19\'\",\"machine_id\":\"\'102024022008200773\'\",\"machine_name\":\"\'测试设备出\'\",\"machine_code\":\"\'A0002\'\",\"direction\":\"\'3307\'\"}]}', '0');
INSERT INTO `unitem_log` VALUES ('202024030976670002', '102024030968860001', '2024-03-09 12:40:33', 'iot-boot', '{\"afterValue\":[{\"impl_bean\":\"\'17\'\",\"box_id\":\"\'102024021907520113\'\",\"community_id\":\"\'2023052267100146\'\",\"heartbeat_time\":\"\'2024-02-20 20:54:41\'\",\"create_time\":\"\'2024-02-20 20:54:41\'\",\"status_cd\":\"\'0\'\",\"machine_ip\":\"\'192.168.1.18\'\",\"machine_id\":\"\'102024022027080770\'\",\"machine_name\":\"\'测试设备入\'\",\"machine_code\":\"\'e1530b10-7e2d4f37\'\",\"direction\":\"\'3306\'\"}],\"preValue\":[{\"impl_bean\":\"\'15\'\",\"box_id\":\"\'102024021907520113\'\",\"community_id\":\"\'2023052267100146\'\",\"heartbeat_time\":\"\'2024-02-20 20:54:41\'\",\"create_time\":\"\'2024-02-20 20:54:41\'\",\"status_cd\":\"\'0\'\",\"machine_ip\":\"\'192.168.1.18\'\",\"machine_id\":\"\'102024022027080770\'\",\"machine_name\":\"\'测试设备入\'\",\"machine_code\":\"\'e1530b10-7e2d4f37\'\",\"direction\":\"\'3306\'\"}]}', '0');
INSERT INTO `unitem_log` VALUES ('202024030987720094', '102024030956340092', '2024-03-09 12:17:36', 'iot-boot', '{\"afterValue\":[{\"domain_name\":\"\'臻识云\'\",\"domain\":\"\'VZICLOUD\'\",\"remark\":\"\'1\'\",\"id\":\"\'102024030912650093\'\",\"seq\":\"\'9\'\"}],\"preValue\":[]}', '0');
INSERT INTO `unitem_log` VALUES ('202024031102710012', '102024031112530010', '2024-03-11 17:31:36', 'iot-boot', '{\"afterValue\":[{\"community_id\":\"\'2023052267100146\'\",\"lng\":\"\'101.72843543896965\'\",\"user_id\":\"\'302023021495090004\'\",\"floor_num\":\"\'3\'\",\"name\":\"\'3号楼\'\",\"floor_area\":\"\'100\'\",\"floor_id\":\"\'732024031104470011\'\",\"remark\":\"\'22\'\",\"seq\":\"4\",\"lat\":\"\'36.55645444148856\'\"}],\"preValue\":[]}', '0');
INSERT INTO `unitem_log` VALUES ('202024031105050004', '102024031111090003', '2024-03-11 21:31:29', 'iot-boot', '{\"afterValue\":[{\"community_id\":\"\'102023021386560001\'\",\"address\":\"\'天津省天津市和平区无\'\",\"create_time\":\"\'2023-02-13 15:51:08\'\",\"lng\":\"\'101.72765546909386\'\",\"status_cd\":\"\'0\'\",\"ext_community_id\":\"\'123\'\",\"name\":\"\'测试小区\'\",\"city_code\":\"\'120101\'\",\"tel\":\"\'18909711443\'\",\"lat\":\"\'36.555953642148054\'\"}],\"preValue\":[{\"community_id\":\"\'102023021386560001\'\",\"address\":\"\'天津省天津市和平区无\'\",\"create_time\":\"\'2023-02-13 15:51:08\'\",\"lng\":\"\'101.72704381557764\'\",\"status_cd\":\"\'0\'\",\"ext_community_id\":\"\'123\'\",\"name\":\"\'测试小区\'\",\"city_code\":\"\'120101\'\",\"tel\":\"\'18909711443\'\",\"lat\":\"\'36.555939717010645\'\"}]}', '0');
INSERT INTO `unitem_log` VALUES ('202024031114920006', '102024031166500005', '2024-03-11 21:32:11', 'iot-boot', '{\"afterValue\":[{\"community_id\":\"\'2023052267100146\'\",\"address\":\"\'青海省西宁市城中区无\'\",\"create_time\":\"\'2024-01-22 12:34:29\'\",\"lng\":\"\'101.72766832549269\'\",\"status_cd\":\"\'0\'\",\"ext_community_id\":\"\'2023052267100146\'\",\"name\":\"\'HC演示小区3\'\",\"city_code\":\"\'630103\'\",\"tel\":\"\'18909711443\'\",\"lat\":\"\'36.55595180701062\'\"}],\"preValue\":[{\"community_id\":\"\'2023052267100146\'\",\"address\":\"\'青海省西宁市城中区无\'\",\"create_time\":\"\'2024-01-22 12:34:29\'\",\"lng\":\"\'\'\",\"status_cd\":\"\'0\'\",\"ext_community_id\":\"\'2023052267100146\'\",\"name\":\"\'HC演示小区3\'\",\"city_code\":\"\'630103\'\",\"tel\":\"\'18909711443\'\",\"lat\":\"\'\'\"}]}', '0');
INSERT INTO `unitem_log` VALUES ('202024031115500002', '102024031158830001', '2024-03-11 21:31:19', 'iot-boot', '{\"afterValue\":[{\"community_id\":\"\'102023021386560001\'\",\"address\":\"\'天津省天津市和平区无\'\",\"create_time\":\"\'2023-02-13 15:51:08\'\",\"lng\":\"\'101.72704381557764\'\",\"status_cd\":\"\'0\'\",\"ext_community_id\":\"\'123\'\",\"name\":\"\'测试小区\'\",\"city_code\":\"\'120101\'\",\"tel\":\"\'18909711443\'\",\"lat\":\"\'36.555939717010645\'\"}],\"preValue\":[{\"community_id\":\"\'102023021386560001\'\",\"address\":\"\'天津省天津市和平区无\'\",\"create_time\":\"\'2023-02-13 15:51:08\'\",\"lng\":\"\'101.72765502928189\'\",\"status_cd\":\"\'0\'\",\"ext_community_id\":\"\'123\'\",\"name\":\"\'测试小区\'\",\"city_code\":\"\'120101\'\",\"tel\":\"\'18909711443\'\",\"lat\":\"\'36.5559138186624\'\"}]}', '0');
INSERT INTO `unitem_log` VALUES ('202024031122540014', '102024031120300013', '2024-03-11 21:18:26', 'iot-boot', '{\"afterValue\":[{\"community_id\":\"\'2024022643710121\'\",\"address\":\"\'吉林省长春市朝阳区测试\'\",\"create_time\":\"\'2024-02-26 14:35:15\'\",\"lng\":\"\'\'\",\"status_cd\":\"\'0\'\",\"ext_community_id\":\"\'2024022643710121\'\",\"name\":\"\'一刀测试\'\",\"city_code\":\"\'220104\'\",\"tel\":\"\'测试\'\",\"lat\":\"\'\'\"}],\"preValue\":[{\"community_id\":\"\'2024022643710121\'\",\"address\":\"\'吉林省长春市朝阳区测试\'\",\"create_time\":\"\'2024-02-26 14:35:15\'\",\"lng\":\"\'\'\",\"status_cd\":\"\'0\'\",\"ext_community_id\":\"\'2024022643710121\'\",\"name\":\"\'一刀测试\'\",\"city_code\":\"\'220104\'\",\"tel\":\"\'测试\'\",\"lat\":\"\'\'\"}]}', '0');
INSERT INTO `unitem_log` VALUES ('202024031131590008', '102024031190910006', '2024-03-11 18:14:25', 'iot-boot', '{\"afterValue\":[{\"community_id\":\"\'2023052267100146\'\",\"lng\":\"\'101.72843543896965\'\",\"user_id\":\"\'302023021495090004\'\",\"floor_num\":\"\'3\'\",\"name\":\"\'3号楼\'\",\"floor_area\":\"\'100\'\",\"floor_id\":\"\'732024031108360007\'\",\"remark\":\"\'22\'\",\"seq\":\"4\",\"lat\":\"\'36.55645444148856\'\"}],\"preValue\":[]}', '0');
INSERT INTO `unitem_log` VALUES ('202024031151340009', '102024031185760008', '2024-03-11 17:28:22', 'iot-boot', '{\"afterValue\":[{\"create_time\":\"\'2024-01-22 14:28:25\'\",\"lng\":\"\'101.72936566489\'\",\"floor_num\":\"\'1\'\",\"floor_area\":\"\'1.00\'\",\"remark\":\"\'房产导入\'\",\"community_id\":\"\'2023052267100146\'\",\"b_id\":\"\'-1\'\",\"user_id\":\"\'302023021495090004\'\",\"status_cd\":\"\'0\'\",\"name\":\"\'1栋\'\",\"floor_id\":\"\'732023120568080332\'\",\"seq\":\"1\",\"lat\":\"\'36.55555316626285\'\"}],\"preValue\":[{\"create_time\":\"\'2024-01-22 14:28:25\'\",\"lng\":\"\'\'\",\"floor_num\":\"\'1\'\",\"floor_area\":\"\'1.00\'\",\"remark\":\"\'房产导入\'\",\"community_id\":\"\'2023052267100146\'\",\"b_id\":\"\'-1\'\",\"user_id\":\"\'30518939884421922816\'\",\"status_cd\":\"\'0\'\",\"name\":\"\'1栋\'\",\"floor_id\":\"\'732023120568080332\'\",\"seq\":\"\'1\'\",\"lat\":\"\'\'\"}]}', '0');
INSERT INTO `unitem_log` VALUES ('202024031151450021', '102024031186310020', '2024-03-11 23:58:22', 'iot-boot', '{\"afterValue\":[{\"create_time\":\"\'2024-01-22 14:28:25\'\",\"lng\":\"\'101.72947134191872\'\",\"floor_num\":\"\'1\'\",\"floor_area\":\"\'1.00\'\",\"remark\":\"\'房产导入\'\",\"community_id\":\"\'2023052267100146\'\",\"b_id\":\"\'-1\'\",\"user_id\":\"\'302023021495090004\'\",\"status_cd\":\"\'0\'\",\"name\":\"\'1栋\'\",\"floor_id\":\"\'732023120568080332\'\",\"seq\":\"1\",\"lat\":\"\'36.555605856905565\'\"}],\"preValue\":[{\"create_time\":\"\'2024-01-22 14:28:25\'\",\"lng\":\"\'101.72936566489\'\",\"floor_num\":\"\'1\'\",\"floor_area\":\"\'1.00\'\",\"remark\":\"\'房产导入\'\",\"community_id\":\"\'2023052267100146\'\",\"b_id\":\"\'-1\'\",\"user_id\":\"\'302023021495090004\'\",\"status_cd\":\"\'0\'\",\"name\":\"\'1栋\'\",\"floor_id\":\"\'732023120568080332\'\",\"seq\":\"\'1\'\",\"lat\":\"\'36.55555316626285\'\"}]}', '0');
INSERT INTO `unitem_log` VALUES ('202024031152800019', '102024031138740018', '2024-03-11 22:04:20', 'iot-boot', '{\"afterValue\":[{\"create_time\":\"\'2024-02-19 10:58:35\'\",\"lng\":\"\'101.72916251048696\'\",\"floor_num\":\"\'2\'\",\"floor_area\":\"\'1.00\'\",\"remark\":\"\'房产导入\'\",\"community_id\":\"\'2023052267100146\'\",\"b_id\":\"\'-1\'\",\"user_id\":\"\'302023021495090004\'\",\"status_cd\":\"\'0\'\",\"name\":\"\'2栋\'\",\"floor_id\":\"\'732024021518860179\'\",\"seq\":\"1\",\"lat\":\"\'36.555852797432564\'\"}],\"preValue\":[{\"create_time\":\"\'2024-02-19 10:58:35\'\",\"lng\":\"\'\'\",\"floor_num\":\"\'2\'\",\"floor_area\":\"\'1.00\'\",\"remark\":\"\'房产导入\'\",\"community_id\":\"\'2023052267100146\'\",\"b_id\":\"\'-1\'\",\"user_id\":\"\'30518939884421922816\'\",\"status_cd\":\"\'0\'\",\"name\":\"\'2栋\'\",\"floor_id\":\"\'732024021518860179\'\",\"seq\":\"\'1\'\",\"lat\":\"\'\'\"}]}', '0');
INSERT INTO `unitem_log` VALUES ('202024031156210013', '102024031116110012', '2024-03-11 21:38:44', 'iot-boot', '{\"afterValue\":[{\"create_time\":\"\'2024-02-23 17:18:22\'\",\"lng\":\"\'101.7281202309116\'\",\"floor_num\":\"\'1232\'\",\"floor_area\":\"\'1.00\'\",\"remark\":\"\'房产导入\'\",\"community_id\":\"\'2023052267100146\'\",\"b_id\":\"\'-1\'\",\"user_id\":\"\'302023021495090004\'\",\"status_cd\":\"\'0\'\",\"name\":\"\'1232栋\'\",\"floor_id\":\"\'732024022269670256\'\",\"seq\":\"1\",\"lat\":\"\'36.556866202015996\'\"}],\"preValue\":[{\"create_time\":\"\'2024-02-23 17:18:22\'\",\"lng\":\"\'\'\",\"floor_num\":\"\'1232\'\",\"floor_area\":\"\'1.00\'\",\"remark\":\"\'房产导入\'\",\"community_id\":\"\'2023052267100146\'\",\"b_id\":\"\'-1\'\",\"user_id\":\"\'30518939884421922816\'\",\"status_cd\":\"\'0\'\",\"name\":\"\'1232栋\'\",\"floor_id\":\"\'732024022269670256\'\",\"seq\":\"\'1\'\",\"lat\":\"\'\'\"}]}', '0');
INSERT INTO `unitem_log` VALUES ('202024031162050015', '102024031124450014', '2024-03-11 22:03:35', 'iot-boot', '{\"afterValue\":[{\"create_time\":\"\'2024-02-23 17:18:22\'\",\"lng\":\"\'101.72862267278413\'\",\"floor_num\":\"\'4\'\",\"floor_area\":\"\'1.00\'\",\"remark\":\"\'房产导入\'\",\"community_id\":\"\'2023052267100146\'\",\"b_id\":\"\'-1\'\",\"user_id\":\"\'302023021495090004\'\",\"status_cd\":\"\'0\'\",\"name\":\"\'4栋\'\",\"floor_id\":\"\'732024022269670256\'\",\"seq\":\"1\",\"lat\":\"\'36.55637988685319\'\"}],\"preValue\":[{\"create_time\":\"\'2024-02-23 17:18:22\'\",\"lng\":\"\'101.7281202309116\'\",\"floor_num\":\"\'1232\'\",\"floor_area\":\"\'1.00\'\",\"remark\":\"\'房产导入\'\",\"community_id\":\"\'2023052267100146\'\",\"b_id\":\"\'-1\'\",\"user_id\":\"\'302023021495090004\'\",\"status_cd\":\"\'0\'\",\"name\":\"\'1232栋\'\",\"floor_id\":\"\'732024022269670256\'\",\"seq\":\"\'1\'\",\"lat\":\"\'36.556866202015996\'\"}]}', '0');
INSERT INTO `unitem_log` VALUES ('202024031165510005', '102024031176380003', '2024-03-11 21:27:38', 'iot-boot', '{\"afterValue\":[{\"community_id\":\"\'102024031119340004\'\",\"address\":\"\'天津省天津市河东区xx\'\",\"lng\":\"\'116.38571331864239\'\",\"ext_community_id\":\"\'ss\'\",\"name\":\"\'xx\'\",\"city_code\":\"\'120102\'\",\"tel\":\"\'18909711443\'\",\"lat\":\"\'39.92570085668811\'\"}],\"preValue\":[]}', '0');
INSERT INTO `unitem_log` VALUES ('202024031167110016', '102024031141090014', '2024-03-11 17:31:46', 'iot-boot', '{\"afterValue\":[{\"community_id\":\"\'2023052267100146\'\",\"lng\":\"\'101.72843543896965\'\",\"user_id\":\"\'302023021495090004\'\",\"floor_num\":\"\'3\'\",\"name\":\"\'3号楼\'\",\"floor_area\":\"\'100\'\",\"floor_id\":\"\'732024031146710015\'\",\"remark\":\"\'22\'\",\"seq\":\"4\",\"lat\":\"\'36.55645444148856\'\"}],\"preValue\":[]}', '0');
INSERT INTO `unitem_log` VALUES ('202024031175590023', '102024031169260022', '2024-03-11 23:58:55', 'iot-boot', '{\"afterValue\":[{\"create_time\":\"\'2024-01-22 14:28:25\'\",\"lng\":\"\'101.72927460947176\'\",\"floor_num\":\"\'1\'\",\"floor_area\":\"\'1.00\'\",\"remark\":\"\'房产导入\'\",\"community_id\":\"\'2023052267100146\'\",\"b_id\":\"\'-1\'\",\"user_id\":\"\'302023021495090004\'\",\"status_cd\":\"\'0\'\",\"name\":\"\'1栋\'\",\"floor_id\":\"\'732023120568080332\'\",\"seq\":\"1\",\"lat\":\"\'36.555503507089135\'\"}],\"preValue\":[{\"create_time\":\"\'2024-01-22 14:28:25\'\",\"lng\":\"\'101.72947134191872\'\",\"floor_num\":\"\'1\'\",\"floor_area\":\"\'1.00\'\",\"remark\":\"\'房产导入\'\",\"community_id\":\"\'2023052267100146\'\",\"b_id\":\"\'-1\'\",\"user_id\":\"\'302023021495090004\'\",\"status_cd\":\"\'0\'\",\"name\":\"\'1栋\'\",\"floor_id\":\"\'732023120568080332\'\",\"seq\":\"\'1\'\",\"lat\":\"\'36.555605856905565\'\"}]}', '0');
INSERT INTO `unitem_log` VALUES ('202024031180200017', '102024031135400016', '2024-03-11 22:03:56', 'iot-boot', '{\"afterValue\":[{\"create_time\":\"\'2024-03-11 18:14:25\'\",\"lng\":\"\'101.72887797073201\'\",\"floor_num\":\"\'3\'\",\"floor_area\":\"\'100.00\'\",\"remark\":\"\'22\'\",\"community_id\":\"\'2023052267100146\'\",\"b_id\":\"\'\'\",\"user_id\":\"\'302023021495090004\'\",\"status_cd\":\"\'0\'\",\"name\":\"\'3号楼\'\",\"floor_id\":\"\'732024031108360007\'\",\"seq\":\"4\",\"lat\":\"\'36.55611918441651\'\"}],\"preValue\":[{\"create_time\":\"\'2024-03-11 18:14:25\'\",\"lng\":\"\'101.72843543896965\'\",\"floor_num\":\"\'3\'\",\"floor_area\":\"\'100.00\'\",\"remark\":\"\'22\'\",\"community_id\":\"\'2023052267100146\'\",\"b_id\":\"\'\'\",\"user_id\":\"\'302023021495090004\'\",\"status_cd\":\"\'0\'\",\"name\":\"\'3号楼\'\",\"floor_id\":\"\'732024031108360007\'\",\"seq\":\"\'4\'\",\"lat\":\"\'36.55645444148856\'\"}]}', '0');
INSERT INTO `unitem_log` VALUES ('202024031189730002', '102024031110640001', '2024-03-11 21:24:20', 'iot-boot', '{\"afterValue\":[{\"community_id\":\"\'102023021386560001\'\",\"address\":\"\'天津省天津市和平区无\'\",\"create_time\":\"\'2023-02-13 15:51:08\'\",\"lng\":\"\'101.72765502928189\'\",\"status_cd\":\"\'0\'\",\"ext_community_id\":\"\'123\'\",\"name\":\"\'测试小区\'\",\"city_code\":\"\'120101\'\",\"tel\":\"\'18909711443\'\",\"lat\":\"\'36.5559138186624\'\"}],\"preValue\":[{\"community_id\":\"\'102023021386560001\'\",\"address\":\"\'天津省天津市和平区无\'\",\"create_time\":\"\'2023-02-13 15:51:08\'\",\"lng\":\"\'\'\",\"status_cd\":\"\'0\'\",\"ext_community_id\":\"\'123\'\",\"name\":\"\'测试小区\'\",\"city_code\":\"\'120101\'\",\"tel\":\"\'18909711443\'\",\"lat\":\"\'\'\"}]}', '0');

-- ----------------------------
-- Table structure for user_download_file
-- ----------------------------
DROP TABLE IF EXISTS `user_download_file`;
CREATE TABLE `user_download_file` (
  `download_id` varchar(30) CHARACTER SET utf8mb4 COLLATE utf8mb4_0900_ai_ci NOT NULL COMMENT '下载ID',
  `name` varchar(50) CHARACTER SET utf8mb4 COLLATE utf8mb4_0900_ai_ci NOT NULL COMMENT '名称',
  `community_id` varchar(30) CHARACTER SET utf8mb4 COLLATE utf8mb4_0900_ai_ci NOT NULL COMMENT '小区ID',
  `download_user_id` varchar(30) CHARACTER SET utf8mb4 COLLATE utf8mb4_0900_ai_ci DEFAULT NULL COMMENT '用户ID',
  `download_user_name` varchar(200) CHARACTER SET utf8mb4 COLLATE utf8mb4_0900_ai_ci DEFAULT NULL COMMENT '用户名称',
  `file_type` varchar(128) CHARACTER SET utf8mb4 COLLATE utf8mb4_0900_ai_ci DEFAULT NULL COMMENT '文件类型',
  `state` varchar(12) CHARACTER SET utf8mb4 COLLATE utf8mb4_0900_ai_ci NOT NULL DEFAULT '1001' COMMENT '等待 1001 生成中 2002 生成完成 3003',
  `temp_url` varchar(1024) CHARACTER SET utf8mb4 COLLATE utf8mb4_0900_ai_ci DEFAULT NULL COMMENT '文件地址',
  `b_id` varchar(30) CHARACTER SET utf8mb4 COLLATE utf8mb4_0900_ai_ci DEFAULT NULL COMMENT '业务ID',
  `create_time` timestamp NOT NULL DEFAULT CURRENT_TIMESTAMP COMMENT '创建时间',
  `status_cd` varchar(2) CHARACTER SET utf8mb4 COLLATE utf8mb4_0900_ai_ci NOT NULL DEFAULT '0' COMMENT '数据状态，详细参考c_status表，S 保存，0, 在用 1失效',
  `remark` varchar(1024) CHARACTER SET utf8mb4 COLLATE utf8mb4_0900_ai_ci DEFAULT NULL COMMENT '备注',
  PRIMARY KEY (`download_id`) USING BTREE
) ENGINE=InnoDB DEFAULT CHARSET=utf8mb4 COLLATE=utf8mb4_0900_ai_ci ROW_FORMAT=DYNAMIC;

-- ----------------------------
-- Records of user_download_file
-- ----------------------------
INSERT INTO `user_download_file` VALUES ('102023120588830022', '3196665cffe44152b2bb2d89eba9a770.xlsx', '102023021386560001', '302023021495090004', '演示物业', 'exportOwnerCar', '3003', 'hc/temp/export/data/exportOwnerCar/2023-12-05/3196665cffe44152b2bb2d89eba9a770.xlsx', null, '2023-12-05 11:25:21', '0', '下载完成');

-- ----------------------------
-- Table structure for visit
-- ----------------------------
DROP TABLE IF EXISTS `visit`;
CREATE TABLE `visit` (
  `visit_id` varchar(30) NOT NULL COMMENT '拜访ID',
  `name` varchar(255) NOT NULL COMMENT '姓名',
  `visit_gender` varchar(1) NOT NULL COMMENT '性别',
  `phone_number` varchar(11) NOT NULL COMMENT '电话号码',
  `community_id` varchar(30) DEFAULT NULL COMMENT '小区ID',
  `room_name` varchar(64) NOT NULL COMMENT '拜访房屋',
  `room_id` varchar(64) NOT NULL COMMENT '拜访房屋',
  `owner_id` varchar(30) DEFAULT NULL COMMENT '拜访业主',
  `owner_name` varchar(30) DEFAULT NULL COMMENT '拜访业主',
  `type_id` varchar(30) NOT NULL COMMENT '访客类型',
  `visit_case` varchar(255) DEFAULT NULL COMMENT '拜访事由',
  `visit_time` datetime DEFAULT NULL COMMENT '拜访时间',
  `departure_time` datetime DEFAULT NULL COMMENT '访客离开时间',
  `face_path` varchar(256) DEFAULT NULL COMMENT '访客人脸，类型为人脸时 存人脸',
  `qrcode` varchar(256) DEFAULT NULL COMMENT '访客二维码,类型为访客二维码 存二维码信息',
  `state` varchar(10) NOT NULL COMMENT '审核状态 0表示未审核；1表示审核通过；2表示审核拒绝',
  `msg` varchar(255) DEFAULT NULL COMMENT '审核备注',
  `create_time` datetime NOT NULL DEFAULT CURRENT_TIMESTAMP COMMENT '记录创建时间',
  `status_cd` varchar(2) NOT NULL COMMENT '数据状态，详细参考c_status表，S 保存，0, 在用 1失效',
  PRIMARY KEY (`visit_id`)
) ENGINE=InnoDB DEFAULT CHARSET=utf8;

-- ----------------------------
-- Records of visit
-- ----------------------------
INSERT INTO `visit` VALUES ('102023121308640002', 'zhangsan', '0', '13345674567', '102023021386560001', '1-1-3004', '752023110693110003', '772023110609760004', '吴学文2', '102023121237570002', '123', '2023-12-13 10:00:00', '2023-12-14 10:00:00', '', 'd0fc07d3908c4c83ac97b1a1fb123c62', '1', '通过', '2023-12-13 15:06:56', '0');
INSERT INTO `visit` VALUES ('102023121384100005', 'lisi', '1', '13456785678', '102023021386560001', '1-1-3003', '752023110696240003', '772023111006680012', '门禁测试人员', '102023121356890003', 'qwe', '2023-12-15 02:00:00', '2023-12-16 02:00:00', '', '1b300b54ec824888b4ff77719dd26668', '1', '', '2023-12-13 15:07:41', '0');
INSERT INTO `visit` VALUES ('102023121924190003', '赵六', '1', '13845674567', '102023021386560001', '1-1-1001', '752023080997680002', '772023111038450017', '123', '102023121356890003', '测试', '2023-12-20 17:12:27', '2023-12-21 17:12:27', null, 'b532e43118b241a3a1f201a5bb1f474c', '0', null, '2023-12-19 17:13:16', '0');
INSERT INTO `visit` VALUES ('102023121932180005', '张三', '0', '18756244581', '102023021386560001', '1-1-4004', '752023121245770012', null, null, '102023121356890003', '探亲', '2023-12-19 10:19:04', '2023-12-20 10:19:04', null, 'bb159f07f71d4436a9fd0b64db0e34e4', '0', null, '2023-12-19 10:15:01', '0');
INSERT INTO `visit` VALUES ('102023121945460003', '钱七', '0', '13788888888', '102023021386560001', '1-1-3004', '752023110693110003', '772023110609760004', '吴学文2', '102023121356890003', '测试', '2023-12-19 17:23:52', '2023-12-20 17:23:52', null, '1b2a11bc83634c96a5e8cebc9d9a8686', '0', null, '2023-12-19 17:22:49', '0');
INSERT INTO `visit` VALUES ('102023121964870002', 'wangwu', '0', '13567896789', '102023021386560001', '1-1-1001', '752023080997680002', '772023111038450017', '123', '102023121356890003', 'qqq', '2023-12-19 10:52:23', '2023-12-20 10:52:23', null, '6627ebb2fa024a2bbe22a23c7032f324', '0', null, '2023-12-19 10:09:29', '0');

-- ----------------------------
-- Table structure for visit_type
-- ----------------------------
DROP TABLE IF EXISTS `visit_type`;
CREATE TABLE `visit_type` (
  `type_id` varchar(30) NOT NULL COMMENT '类型ID',
  `name` varchar(30) NOT NULL COMMENT '类型名称',
  `visit_way` varchar(12) NOT NULL COMMENT '通行方式，FACE 人脸 QRCODE 访客码',
  `audit_way` varchar(12) NOT NULL COMMENT '审核方式，1001 物业审核 2002 业主审核',
  `visit_day` int NOT NULL DEFAULT '1' COMMENT '拜访天数，默认1天',
  `remark` varchar(512) DEFAULT NULL COMMENT '备注',
  `community_id` varchar(30) NOT NULL COMMENT '小区ID',
  `create_time` timestamp NOT NULL DEFAULT CURRENT_TIMESTAMP COMMENT '创建时间',
  `status_cd` varchar(2) NOT NULL DEFAULT '0' COMMENT '数据状态，详细参考t_dict表，0, 在用 1失效',
  PRIMARY KEY (`type_id`)
) ENGINE=InnoDB DEFAULT CHARSET=utf8;

-- ----------------------------
-- Records of visit_type
-- ----------------------------
INSERT INTO `visit_type` VALUES ('102023121237570002', '测试类型1', 'QRCODE', '1001', '1', '', '102023021386560001', '2023-12-12 09:15:10', '0');
INSERT INTO `visit_type` VALUES ('102023121356890003', '测试类型2', 'QRCODE', '2002', '1', '', '102023021386560001', '2023-12-13 13:56:37', '0');
INSERT INTO `visit_type` VALUES ('102024020342440009', '普通访客', 'QRCODE', '1001', '10', '', '2024012252790005', '2024-02-03 16:52:01', '0');

-- ----------------------------
-- Table structure for work_license_factory
-- ----------------------------
DROP TABLE IF EXISTS `work_license_factory`;
CREATE TABLE `work_license_factory` (
  `factory_id` varchar(30) NOT NULL COMMENT '厂家ID',
  `factory_name` varchar(64) NOT NULL COMMENT '厂家名称',
  `bean_impl` varchar(512) NOT NULL COMMENT '厂家处理类',
  `remark` varchar(512) DEFAULT NULL COMMENT '备注',
  `create_time` timestamp NOT NULL DEFAULT CURRENT_TIMESTAMP COMMENT '创建时间',
  `status_cd` varchar(2) NOT NULL DEFAULT '0' COMMENT '数据状态',
  PRIMARY KEY (`factory_id`) USING BTREE
) ENGINE=InnoDB DEFAULT CHARSET=utf8mb4 COLLATE=utf8mb4_0900_ai_ci;

-- ----------------------------
-- Records of work_license_factory
-- ----------------------------
INSERT INTO `work_license_factory` VALUES ('102024022955330002', '松饼厂家', 'hcWorkLicenseFactoryAdapt', 'xx1', '2024-02-29 02:18:50', '0');

-- ----------------------------
-- Table structure for work_license_log
-- ----------------------------
DROP TABLE IF EXISTS `work_license_log`;
CREATE TABLE `work_license_log` (
  `log_id` varchar(64) NOT NULL COMMENT '日志ID',
  `machine_id` varchar(64) NOT NULL COMMENT '设备ID',
  `store_id` varchar(30) NOT NULL COMMENT '商户ID',
  `log_action` varchar(256) NOT NULL COMMENT '日志动作 tts 语音下发 param 参数下发',
  `staff_id` varchar(64) DEFAULT NULL COMMENT '员工ID',
  `staff_name` varchar(200) DEFAULT NULL COMMENT '员工名称',
  `req_param` longtext COMMENT '请求报文',
  `res_param` longtext COMMENT '返回报文',
  `state` varchar(12) NOT NULL COMMENT '状态，请求成功 10001,返回成功10002,操作失败 10003',
  `create_time` timestamp NOT NULL DEFAULT CURRENT_TIMESTAMP COMMENT '创建时间',
  `log_cmd` varchar(12) DEFAULT NULL COMMENT '消息ID',
  PRIMARY KEY (`log_id`)
) ENGINE=InnoDB DEFAULT CHARSET=utf8mb4 COLLATE=utf8mb4_0900_ai_ci;

-- ----------------------------
-- Records of work_license_log
-- ----------------------------
INSERT INTO `work_license_log` VALUES ('112024030121310002', '102024022920950002', '102023021497100001', 'tts', '302023121633940008', 'ailiwen', '{\"ttsText\":\"爱我一万年\",\"ttsTextBin\":\"7e8300000b016059631666003008b0aeced2d2bbcdf2c4eae17e\"}', null, 'W', '2024-03-01 17:43:39', '8300');
INSERT INTO `work_license_log` VALUES ('112024030121870001', '102024022920950002', '102023021497100001', 'tts', '302023121633940008', 'ailiwen', '{\"ttsText\":\"111\",\"ttsTextBin\":\"7e8300000401605963166600ee083131317b7e\"}', null, 'W', '2024-03-01 23:49:52', '8300');
INSERT INTO `work_license_log` VALUES ('112024030131460005', '102024022920950002', '102023021497100001', 'tts', '302023121633940008', 'ailiwen', '{\"ttsText\":\"123456\",\"ttsTextBin\":\"7e83000007016059631666000008313233343536a07e\"}', null, 'W', '2024-03-01 17:49:17', '8300');

-- ----------------------------
-- Table structure for work_license_machine
-- ----------------------------
DROP TABLE IF EXISTS `work_license_machine`;
CREATE TABLE `work_license_machine` (
  `machine_id` varchar(30) NOT NULL COMMENT '设备ID',
  `machine_name` varchar(200) NOT NULL COMMENT '名称',
  `machine_code` varchar(64) NOT NULL COMMENT '工牌编号',
  `staff_id` varchar(30) NOT NULL COMMENT '员工ID',
  `staff_name` varchar(64) NOT NULL COMMENT '员工名称',
  `pos_upload_sec` int NOT NULL COMMENT '位置上报间隔，单位秒',
  `lat` varchar(32) DEFAULT NULL COMMENT '精度',
  `lon` varchar(32) DEFAULT NULL COMMENT '维度',
  `address` varchar(256) DEFAULT NULL COMMENT '位置',
  `charge` decimal(10,2) NOT NULL DEFAULT '0.00' COMMENT '剩余电量，百分比',
  `impl_bean` varchar(30) NOT NULL COMMENT '工牌厂家',
  `store_id` varchar(30) NOT NULL COMMENT '商户ID',
  `heartbeat_time` datetime NOT NULL COMMENT '设备心跳时间',
  `create_time` timestamp NOT NULL DEFAULT CURRENT_TIMESTAMP COMMENT '创建时间',
  `status_cd` varchar(2) NOT NULL DEFAULT '0' COMMENT '数据状态，详细参考c_status表，S 保存，0, 在用 1失效',
  PRIMARY KEY (`machine_id`) USING BTREE
) ENGINE=InnoDB DEFAULT CHARSET=utf8mb4 COLLATE=utf8mb4_0900_ai_ci;

-- ----------------------------
-- Records of work_license_machine
-- ----------------------------
INSERT INTO `work_license_machine` VALUES ('102024022920950002', '测试工牌', '16059631666', '302023121633940008', 'ailiwen', '60', '101.754631', '36.58628', '无', '100.00', '102024022955330002', '102023021497100001', '2024-03-13 16:40:55', '2024-02-29 15:36:23', '0');
INSERT INTO `work_license_machine` VALUES ('102024022932820007', 'sss', 'sss', '302024011896400039', 'test9989', '10', '101.726021', '36.557445', '无', '100.00', '102024022955330002', '102023021497100001', '2024-02-29 16:59:08', '2024-02-29 16:29:08', '0');

-- ----------------------------
-- Table structure for work_license_pos
-- ----------------------------
DROP TABLE IF EXISTS `work_license_pos`;
CREATE TABLE `work_license_pos` (
  `wlt_id` varchar(30) NOT NULL COMMENT '轨迹ID',
  `machine_id` varchar(30) NOT NULL COMMENT '设备ID',
  `machine_code` varchar(64) NOT NULL COMMENT '工牌编号',
  `upload_date` varchar(32) NOT NULL COMMENT '上报日期，YYYYMMDD',
  `staff_id` varchar(30) NOT NULL COMMENT '员工ID',
  `staff_name` varchar(64) NOT NULL COMMENT '员工名称',
  `pos_type` varchar(12) NOT NULL COMMENT '位置类型 1001 普通上报 2002 告警上报',
  `lat` varchar(32) DEFAULT NULL COMMENT '精度',
  `lon` varchar(32) DEFAULT NULL COMMENT '维度',
  `store_id` varchar(30) NOT NULL COMMENT '商户ID',
  `create_time` timestamp NOT NULL DEFAULT CURRENT_TIMESTAMP COMMENT '创建时间',
  `status_cd` varchar(2) NOT NULL DEFAULT '0' COMMENT '数据状态，详细参考c_status表，S 保存，0, 在用 1失效',
  PRIMARY KEY (`wlt_id`)
) ENGINE=InnoDB DEFAULT CHARSET=utf8mb4 COLLATE=utf8mb4_0900_ai_ci;

-- ----------------------------
-- Records of work_license_pos
-- ----------------------------
INSERT INTO `work_license_pos` VALUES ('112024030101530001', '102024022920950002', '16059631666', '2024-03-02', '302023121633940008', 'ailiwen', '1001', '101.722353', '36.558741', '102023021497100001', '2024-03-01 01:54:24', '0');
INSERT INTO `work_license_pos` VALUES ('112024030107620003', '102024022920950002', '16059631666', '2024-03-01', '302023121633940008', 'ailiwen', '1001', '0.0', '0.0', '102023021497100001', '2024-03-01 17:40:52', '0');
INSERT INTO `work_license_pos` VALUES ('112024030108430008', '102024022920950002', '16059631666', '2024-03-01', '302023121633940008', 'ailiwen', '1001', '0.0', '0.0', '102023021497100001', '2024-03-01 19:08:40', '0');
INSERT INTO `work_license_pos` VALUES ('112024030108590016', '102024022920950002', '16059631666', '2024-03-01', '302023121633940008', 'ailiwen', '1001', '0.0', '0.0', '102023021497100001', '2024-03-01 19:44:40', '0');
INSERT INTO `work_license_pos` VALUES ('112024030123260011', '102024022920950002', '16059631666', '2024-03-01', '302023121633940008', 'ailiwen', '1001', '0.0', '0.0', '102023021497100001', '2024-03-01 19:17:40', '0');
INSERT INTO `work_license_pos` VALUES ('112024030127190007', '102024022920950002', '16059631666', '2024-03-01', '302023121633940008', 'ailiwen', '1001', '0.0', '0.0', '102023021497100001', '2024-03-01 17:53:29', '0');
INSERT INTO `work_license_pos` VALUES ('112024030128170011', '102024022920950002', '16059631666', '2024-03-02', '302023121633940008', 'ailiwen', '1001', '101.726677', '36.555366', '102023021497100001', '2024-03-01 16:02:00', '0');
INSERT INTO `work_license_pos` VALUES ('112024030129030010', '102024022920950002', '16059631666', '2024-03-01', '302023121633940008', 'ailiwen', '1001', '0.0', '0.0', '102023021497100001', '2024-03-01 19:14:40', '0');
INSERT INTO `work_license_pos` VALUES ('112024030130520003', '102024022920950002', '16059631666', '2024-03-01', '302023121633940008', 'ailiwen', '1001', '0.0', '0.0', '102023021497100001', '2024-03-01 17:44:30', '0');
INSERT INTO `work_license_pos` VALUES ('112024030135560006', '102024022920950002', '16059631666', '2024-03-01', '302023121633940008', 'ailiwen', '1001', '0.0', '0.0', '102023021497100001', '2024-03-01 17:50:29', '0');
INSERT INTO `work_license_pos` VALUES ('112024030137370006', '102024022920950002', '16059631666', '2024-03-01', '302023121633940008', 'ailiwen', '1001', '0.0', '0.0', '102023021497100001', '2024-03-01 15:50:00', '0');
INSERT INTO `work_license_pos` VALUES ('112024030137490001', '102024022920950002', '16059631666', '2024-03-01', '302023121633940008', 'ailiwen', '1001', '0.0', '0.0', '102023021497100001', '2024-03-01 15:35:01', '0');
INSERT INTO `work_license_pos` VALUES ('112024030139460004', '102024022920950002', '16059631666', '2024-03-01', '302023121633940008', 'ailiwen', '1001', '0.0', '0.0', '102023021497100001', '2024-03-01 13:00:07', '0');
INSERT INTO `work_license_pos` VALUES ('112024030142610008', '102024022920950002', '16059631666', '2024-03-02', '302023121633940008', 'ailiwen', '1001', '101.726021', '36.557445', '102023021497100001', '2024-03-01 15:56:00', '0');
INSERT INTO `work_license_pos` VALUES ('112024030146470004', '102024022920950002', '16059631666', '2024-03-01', '302023121633940008', 'ailiwen', '1001', '0.0', '0.0', '102023021497100001', '2024-03-01 18:56:40', '0');
INSERT INTO `work_license_pos` VALUES ('112024030146560004', '102024022920950002', '16059631666', '2024-03-01', '302023121633940008', 'ailiwen', '1001', '0.0', '0.0', '102023021497100001', '2024-03-01 15:44:01', '0');
INSERT INTO `work_license_pos` VALUES ('112024030149970009', '102024022920950002', '16059631666', '2024-03-01', '302023121633940008', 'ailiwen', '1001', '0.0', '0.0', '102023021497100001', '2024-03-01 15:59:00', '0');
INSERT INTO `work_license_pos` VALUES ('112024030154050001', '102024022920950002', '16059631666', '2024-03-01', '302023121633940008', 'ailiwen', '1001', '0.0', '0.0', '102023021497100001', '2024-03-01 12:42:55', '0');
INSERT INTO `work_license_pos` VALUES ('112024030157900003', '102024022920950002', '16059631666', '2024-03-01', '302023121633940008', 'ailiwen', '1001', '0.0', '0.0', '102023021497100001', '2024-03-01 12:45:29', '0');
INSERT INTO `work_license_pos` VALUES ('112024030159800002', '102024022920950002', '16059631666', '2024-03-01', '302023121633940008', 'ailiwen', '1001', '0.0', '0.0', '102023021497100001', '2024-03-01 15:38:00', '0');
INSERT INTO `work_license_pos` VALUES ('112024030162910014', '102024022920950002', '16059631666', '2024-03-01', '302023121633940008', 'ailiwen', '1001', '0.0', '0.0', '102023021497100001', '2024-03-01 19:32:40', '0');
INSERT INTO `work_license_pos` VALUES ('112024030165110005', '102024022920950002', '16059631666', '2024-03-01', '302023121633940008', 'ailiwen', '1001', '0.0', '0.0', '102023021497100001', '2024-03-01 15:47:01', '0');
INSERT INTO `work_license_pos` VALUES ('112024030167320007', '102024022920950002', '16059631666', '2024-03-01', '302023121633940008', 'ailiwen', '1001', '0.0', '0.0', '102023021497100001', '2024-03-01 19:05:40', '0');
INSERT INTO `work_license_pos` VALUES ('112024030167830006', '102024022920950002', '16059631666', '2024-03-01', '302023121633940008', 'ailiwen', '1001', '0.0', '0.0', '102023021497100001', '2024-03-01 19:02:40', '0');
INSERT INTO `work_license_pos` VALUES ('112024030170030009', '102024022920950002', '16059631666', '2024-03-01', '302023121633940008', 'ailiwen', '1001', '0.0', '0.0', '102023021497100001', '2024-03-01 19:11:40', '0');
INSERT INTO `work_license_pos` VALUES ('112024030170190001', '102024022920950002', '16059631666', '2024-03-01', '302023121633940008', 'ailiwen', '1001', '0.0', '0.0', '102023021497100001', '2024-03-01 17:37:53', '0');
INSERT INTO `work_license_pos` VALUES ('112024030174200003', '102024022920950002', '16059631666', '2024-03-01', '302023121633940008', 'ailiwen', '1001', '0.0', '0.0', '102023021497100001', '2024-03-01 18:53:40', '0');
INSERT INTO `work_license_pos` VALUES ('112024030176200007', '102024022920950002', '16059631666', '2024-03-01', '302023121633940008', 'ailiwen', '1001', '0.0', '0.0', '102023021497100001', '2024-03-01 15:53:01', '0');
INSERT INTO `work_license_pos` VALUES ('112024030182120004', '102024022920950002', '16059631666', '2024-03-01', '302023121633940008', 'ailiwen', '1001', '0.0', '0.0', '102023021497100001', '2024-03-01 17:47:29', '0');
INSERT INTO `work_license_pos` VALUES ('112024030183100012', '102024022920950002', '16059631666', '2024-03-01', '302023121633940008', 'ailiwen', '1001', '0.0', '0.0', '102023021497100001', '2024-03-01 19:23:40', '0');
INSERT INTO `work_license_pos` VALUES ('112024030183490001', '102024022920950002', '16059631666', '2024-03-01', '302023121633940008', 'ailiwen', '1001', '0.0', '0.0', '102023021497100001', '2024-03-01 13:47:53', '0');
INSERT INTO `work_license_pos` VALUES ('112024030186390013', '102024022920950002', '16059631666', '2024-03-01', '302023121633940008', 'ailiwen', '1001', '0.0', '0.0', '102023021497100001', '2024-03-01 16:11:01', '0');
INSERT INTO `work_license_pos` VALUES ('112024030186440001', '102024022920950002', '16059631666', '2024-03-01', '302023121633940008', 'ailiwen', '1001', '0.0', '0.0', '102023021497100001', '2024-03-01 18:47:41', '0');
INSERT INTO `work_license_pos` VALUES ('112024030187890012', '102024022920950002', '16059631666', '2024-03-02', '302023121633940008', 'ailiwen', '1001', '101.724919', '36.555106', '102023021497100001', '2024-03-01 16:05:00', '0');
INSERT INTO `work_license_pos` VALUES ('112024030188850002', '102024022920950002', '16059631666', '2024-03-01', '302023121633940008', 'ailiwen', '1001', '0.0', '0.0', '102023021497100001', '2024-03-01 18:50:40', '0');
INSERT INTO `work_license_pos` VALUES ('112024030192500013', '102024022920950002', '16059631666', '2024-03-01', '302023121633940008', 'ailiwen', '1001', '0.0', '0.0', '102023021497100001', '2024-03-01 19:29:40', '0');
INSERT INTO `work_license_pos` VALUES ('112024030195510005', '102024022920950002', '16059631666', '2024-03-01', '302023121633940008', 'ailiwen', '1001', '0.0', '0.0', '102023021497100001', '2024-03-01 18:59:40', '0');
INSERT INTO `work_license_pos` VALUES ('112024030195700015', '102024022920950002', '16059631666', '2024-03-01', '302023121633940008', 'ailiwen', '1001', '0.0', '0.0', '102023021497100001', '2024-03-01 19:38:40', '0');
INSERT INTO `work_license_pos` VALUES ('112024030198830003', '102024022920950002', '16059631666', '2024-03-01', '302023121633940008', 'ailiwen', '1001', '0.0', '0.0', '102023021497100001', '2024-03-01 15:41:01', '0');
INSERT INTO `work_license_pos` VALUES ('112024030201600025', '102024022920950002', '16059631666', '2024-03-02', '302023121633940008', 'ailiwen', '1001', '101.72689', '36.556319', '102023021497100001', '2024-03-02 16:57:50', '0');
INSERT INTO `work_license_pos` VALUES ('112024030202280034', '102024022920950002', '16059631666', '2024-03-02', '302023121633940008', 'ailiwen', '1001', '101.724552', '36.557197', '102023021497100001', '2024-03-02 17:24:30', '0');
INSERT INTO `work_license_pos` VALUES ('112024030203270042', '102024022920950002', '16059631666', '2024-03-02', '302023121633940008', 'ailiwen', '1001', '101.726191', '36.557204', '102023021497100001', '2024-03-02 17:48:30', '0');
INSERT INTO `work_license_pos` VALUES ('112024030205890004', '102024022920950002', '16059631666', '2024-03-02', '302023121633940008', 'ailiwen', '1001', '101.73234', '36.574588', '102023021497100001', '2024-03-02 18:58:28', '0');
INSERT INTO `work_license_pos` VALUES ('112024030207600011', '102024022920950002', '16059631666', '2024-03-02', '302023121633940008', 'ailiwen', '1001', '101.874256', '36.588238', '102023021497100001', '2024-03-02 18:58:31', '0');
INSERT INTO `work_license_pos` VALUES ('112024030208390009', '102024022920950002', '16059631666', '2024-03-02', '302023121633940008', 'ailiwen', '1001', '101.814577', '36.622389', '102023021497100001', '2024-03-02 18:58:30', '0');
INSERT INTO `work_license_pos` VALUES ('112024030208560006', '102024022920950002', '16059631666', '2024-03-02', '302023121633940008', 'ailiwen', '1001', '101.751097', '36.596576', '102023021497100001', '2024-03-02 18:58:29', '0');
INSERT INTO `work_license_pos` VALUES ('112024030212290012', '102024022920950002', '16059631666', '2024-03-02', '302023121633940008', 'ailiwen', '1001', '101.72679', '36.557002', '102023021497100001', '2024-03-02 16:18:30', '0');
INSERT INTO `work_license_pos` VALUES ('112024030212390001', '102024022920950002', '16059631666', '2024-03-02', '302023121633940008', 'ailiwen', '1001', '101.725937', '36.557379', '102023021497100001', '2024-03-02 15:39:30', '0');
INSERT INTO `work_license_pos` VALUES ('112024030218260035', '102024022920950002', '16059631666', '2024-03-02', '302023121633940008', 'ailiwen', '1001', '101.725619', '36.55756', '102023021497100001', '2024-03-02 17:27:50', '0');
INSERT INTO `work_license_pos` VALUES ('112024030221770005', '102024022920950002', '16059631666', '2024-03-02', '302023121633940008', 'ailiwen', '1001', '101.73234', '36.574588', '102023021497100001', '2024-03-02 18:58:28', '0');
INSERT INTO `work_license_pos` VALUES ('112024030222440001', '102024022920950002', '16059631666', '2024-03-02', '302023121633940008', 'ailiwen', '1001', '101.730376', '36.574074', '102023021497100001', '2024-03-02 18:33:50', '0');
INSERT INTO `work_license_pos` VALUES ('112024030224010043', '102024022920950002', '16059631666', '2024-03-02', '302023121633940008', 'ailiwen', '1001', '101.726348', '36.557211', '102023021497100001', '2024-03-02 17:51:50', '0');
INSERT INTO `work_license_pos` VALUES ('112024030225270005', '102024022920950002', '16059631666', '2024-03-02', '302023121633940008', 'ailiwen', '1001', '101.724013', '36.560437', '102023021497100001', '2024-03-02 15:57:30', '0');
INSERT INTO `work_license_pos` VALUES ('112024030228790017', '102024022920950002', '16059631666', '2024-03-02', '302023121633940008', 'ailiwen', '1001', '101.726012', '36.5573', '102023021497100001', '2024-03-02 16:33:50', '0');
INSERT INTO `work_license_pos` VALUES ('112024030229280003', '102024022920950002', '16059631666', '2024-03-02', '302023121633940008', 'ailiwen', '1001', '101.732455', '36.574382', '102023021497100001', '2024-03-02 18:34:01', '0');
INSERT INTO `work_license_pos` VALUES ('112024030229530007', '102024022920950002', '16059631666', '2024-03-02', '302023121633940008', 'ailiwen', '1001', '101.755259', '36.61323', '102023021497100001', '2024-03-02 18:58:29', '0');
INSERT INTO `work_license_pos` VALUES ('112024030234930018', '102024022920950002', '16059631666', '2024-03-02', '302023121633940008', 'ailiwen', '1001', '101.969557', '36.843939', '102023021497100001', '2024-03-02 19:19:21', '0');
INSERT INTO `work_license_pos` VALUES ('112024030236350028', '102024022920950002', '16059631666', '2024-03-02', '302023121633940008', 'ailiwen', '1001', '101.725823', '36.557549', '102023021497100001', '2024-03-02 17:06:30', '0');
INSERT INTO `work_license_pos` VALUES ('112024030237900016', '102024022920950002', '16059631666', '2024-03-02', '302023121633940008', 'ailiwen', '1001', '101.959401', '36.829694', '102023021497100001', '2024-03-02 19:13:21', '0');
INSERT INTO `work_license_pos` VALUES ('112024030238250036', '102024022920950002', '16059631666', '2024-03-02', '302023121633940008', 'ailiwen', '1001', '101.725998', '36.55737', '102023021497100001', '2024-03-02 17:30:30', '0');
INSERT INTO `work_license_pos` VALUES ('112024030240140039', '102024022920950002', '16059631666', '2024-03-02', '302023121633940008', 'ailiwen', '1001', '101.727224', '36.557093', '102023021497100001', '2024-03-02 17:39:51', '0');
INSERT INTO `work_license_pos` VALUES ('112024030241400040', '102024022920950002', '16059631666', '2024-03-02', '302023121633940008', 'ailiwen', '1001', '101.726309', '36.55726', '102023021497100001', '2024-03-02 17:42:30', '0');
INSERT INTO `work_license_pos` VALUES ('112024030242800037', '102024022920950002', '16059631666', '2024-03-02', '302023121633940008', 'ailiwen', '1001', '101.725802', '36.557538', '102023021497100001', '2024-03-02 17:33:50', '0');
INSERT INTO `work_license_pos` VALUES ('112024030243810006', '102024022920950002', '16059631666', '2024-03-02', '302023121633940008', 'ailiwen', '1001', '101.724872', '36.558913', '102023021497100001', '2024-03-02 16:00:30', '0');
INSERT INTO `work_license_pos` VALUES ('112024030249550038', '102024022920950002', '16059631666', '2024-03-02', '302023121633940008', 'ailiwen', '1001', '101.725446', '36.557939', '102023021497100001', '2024-03-02 17:36:30', '0');
INSERT INTO `work_license_pos` VALUES ('112024030249900015', '102024022920950002', '16059631666', '2024-03-02', '302023121633940008', 'ailiwen', '1001', '101.729928', '36.553971', '102023021497100001', '2024-03-02 16:27:50', '0');
INSERT INTO `work_license_pos` VALUES ('112024030254720018', '102024022920950002', '16059631666', '2024-03-02', '302023121633940008', 'ailiwen', '1001', '101.726141', '36.557305', '102023021497100001', '2024-03-02 16:36:30', '0');
INSERT INTO `work_license_pos` VALUES ('112024030255470027', '102024022920950002', '16059631666', '2024-03-02', '302023121633940008', 'ailiwen', '1001', '101.72613', '36.557232', '102023021497100001', '2024-03-02 17:03:50', '0');
INSERT INTO `work_license_pos` VALUES ('112024030256940017', '102024022920950002', '16059631666', '2024-03-02', '302023121633940008', 'ailiwen', '1001', '101.970788', '36.839985', '102023021497100001', '2024-03-02 19:16:41', '0');
INSERT INTO `work_license_pos` VALUES ('112024030257340010', '102024022920950002', '16059631666', '2024-03-02', '302023121633940008', 'ailiwen', '1001', '101.726775', '36.557048', '102023021497100001', '2024-03-02 16:13:26', '0');
INSERT INTO `work_license_pos` VALUES ('112024030258070002', '102024022920950002', '16059631666', '2024-03-02', '302023121633940008', 'ailiwen', '1001', '101.732156', '36.574519', '102023021497100001', '2024-03-02 18:33:51', '0');
INSERT INTO `work_license_pos` VALUES ('112024030259710009', '102024022920950002', '16059631666', '2024-03-02', '302023121633940008', 'ailiwen', '1001', '101.72688', '36.556904', '102023021497100001', '2024-03-02 16:09:50', '0');
INSERT INTO `work_license_pos` VALUES ('112024030264270013', '102024022920950002', '16059631666', '2024-03-02', '302023121633940008', 'ailiwen', '1001', '101.726606', '36.556859', '102023021497100001', '2024-03-02 16:21:50', '0');
INSERT INTO `work_license_pos` VALUES ('112024030264410019', '102024022920950002', '16059631666', '2024-03-02', '302023121633940008', 'ailiwen', '1001', '101.969516', '36.843957', '102023021497100001', '2024-03-02 19:22:20', '0');
INSERT INTO `work_license_pos` VALUES ('112024030264720007', '102024022920950002', '16059631666', '2024-03-02', '302023121633940008', 'ailiwen', '1001', '101.726351', '36.556918', '102023021497100001', '2024-03-02 16:03:30', '0');
INSERT INTO `work_license_pos` VALUES ('112024030266100003', '102024022920950002', '16059631666', '2024-03-02', '302023121633940008', 'ailiwen', '1001', '101.725828', '36.557685', '102023021497100001', '2024-03-02 15:45:30', '0');
INSERT INTO `work_license_pos` VALUES ('112024030268280044', '102024022920950002', '16059631666', '2024-03-02', '302023121633940008', 'ailiwen', '1001', '101.726073', '36.557382', '102023021497100001', '2024-03-02 17:54:30', '0');
INSERT INTO `work_license_pos` VALUES ('112024030268490014', '102024022920950002', '16059631666', '2024-03-02', '302023121633940008', 'ailiwen', '1001', '101.92967', '36.77198', '102023021497100001', '2024-03-02 19:07:20', '0');
INSERT INTO `work_license_pos` VALUES ('112024030272100004', '102024022920950002', '16059631666', '2024-03-02', '302023121633940008', 'ailiwen', '1001', '101.725792', '36.557651', '102023021497100001', '2024-03-02 15:48:50', '0');
INSERT INTO `work_license_pos` VALUES ('112024030273730008', '102024022920950002', '16059631666', '2024-03-02', '302023121633940008', 'ailiwen', '1001', '101.725898', '36.557588', '102023021497100001', '2024-03-02 16:06:30', '0');
INSERT INTO `work_license_pos` VALUES ('112024030274270002', '102024022920950002', '16059631666', '2024-03-02', '302023121633940008', 'ailiwen', '1001', '101.725925', '36.557544', '102023021497100001', '2024-03-02 15:42:50', '0');
INSERT INTO `work_license_pos` VALUES ('112024030274720014', '102024022920950002', '16059631666', '2024-03-02', '302023121633940008', 'ailiwen', '1001', '101.721506', '36.564248', '102023021497100001', '2024-03-02 16:24:30', '0');
INSERT INTO `work_license_pos` VALUES ('112024030276080029', '102024022920950002', '16059631666', '2024-03-02', '302023121633940008', 'ailiwen', '1001', '101.726084', '36.557367', '102023021497100001', '2024-03-02 17:09:51', '0');
INSERT INTO `work_license_pos` VALUES ('112024030276250024', '102024022920950002', '16059631666', '2024-03-02', '302023121633940008', 'ailiwen', '1001', '101.725603', '36.557781', '102023021497100001', '2024-03-02 16:54:30', '0');
INSERT INTO `work_license_pos` VALUES ('112024030276710008', '102024022920950002', '16059631666', '2024-03-02', '302023121633940008', 'ailiwen', '1001', '101.775518', '36.641411', '102023021497100001', '2024-03-02 18:58:30', '0');
INSERT INTO `work_license_pos` VALUES ('112024030277390033', '102024022920950002', '16059631666', '2024-03-02', '302023121633940008', 'ailiwen', '1001', '101.725669', '36.557667', '102023021497100001', '2024-03-02 17:21:50', '0');
INSERT INTO `work_license_pos` VALUES ('112024030277480021', '102024022920950002', '16059631666', '2024-03-02', '302023121633940008', 'ailiwen', '1001', '101.776151', '36.52242', '102023021497100001', '2024-03-02 16:45:50', '0');
INSERT INTO `work_license_pos` VALUES ('112024030280200016', '102024022920950002', '16059631666', '2024-03-02', '302023121633940008', 'ailiwen', '1001', '101.726661', '36.556504', '102023021497100001', '2024-03-02 16:30:30', '0');
INSERT INTO `work_license_pos` VALUES ('112024030282920020', '102024022920950002', '16059631666', '2024-03-02', '302023121633940008', 'ailiwen', '1001', '101.725945', '36.557557', '102023021497100001', '2024-03-02 16:42:30', '0');
INSERT INTO `work_license_pos` VALUES ('112024030283700019', '102024022920950002', '16059631666', '2024-03-02', '302023121633940008', 'ailiwen', '1001', '101.726049', '36.557386', '102023021497100001', '2024-03-02 16:39:50', '0');
INSERT INTO `work_license_pos` VALUES ('112024030286520032', '102024022920950002', '16059631666', '2024-03-02', '302023121633940008', 'ailiwen', '1001', '101.726182', '36.557567', '102023021497100001', '2024-03-02 17:18:30', '0');
INSERT INTO `work_license_pos` VALUES ('112024030286610031', '102024022920950002', '16059631666', '2024-03-02', '302023121633940008', 'ailiwen', '1001', '101.726309', '36.557351', '102023021497100001', '2024-03-02 17:15:50', '0');
INSERT INTO `work_license_pos` VALUES ('112024030286980011', '102024022920950002', '16059631666', '2024-03-02', '302023121633940008', 'ailiwen', '1001', '101.726539', '36.557047', '102023021497100001', '2024-03-02 16:15:50', '0');
INSERT INTO `work_license_pos` VALUES ('112024030288220023', '102024022920950002', '16059631666', '2024-03-02', '302023121633940008', 'ailiwen', '1001', '101.732194', '36.54869', '102023021497100001', '2024-03-02 16:51:50', '0');
INSERT INTO `work_license_pos` VALUES ('112024030290260010', '102024022920950002', '16059631666', '2024-03-02', '302023121633940008', 'ailiwen', '1001', '101.842256', '36.594488', '102023021497100001', '2024-03-02 18:58:31', '0');
INSERT INTO `work_license_pos` VALUES ('112024030290290026', '102024022920950002', '16059631666', '2024-03-02', '302023121633940008', 'ailiwen', '1001', '101.726038', '36.557348', '102023021497100001', '2024-03-02 17:00:30', '0');
INSERT INTO `work_license_pos` VALUES ('112024030290360022', '102024022920950002', '16059631666', '2024-03-02', '302023121633940008', 'ailiwen', '1001', '101.836135', '36.484804', '102023021497100001', '2024-03-02 16:48:30', '0');
INSERT INTO `work_license_pos` VALUES ('112024030291180030', '102024022920950002', '16059631666', '2024-03-02', '302023121633940008', 'ailiwen', '1001', '101.725652', '36.557533', '102023021497100001', '2024-03-02 17:12:30', '0');
INSERT INTO `work_license_pos` VALUES ('112024030292320015', '102024022920950002', '16059631666', '2024-03-02', '302023121633940008', 'ailiwen', '1001', '101.943262', '36.805416', '102023021497100001', '2024-03-02 19:10:41', '0');
INSERT INTO `work_license_pos` VALUES ('112024030294190041', '102024022920950002', '16059631666', '2024-03-02', '302023121633940008', 'ailiwen', '1001', '101.727493', '36.556893', '102023021497100001', '2024-03-02 17:45:50', '0');
INSERT INTO `work_license_pos` VALUES ('112024030294400012', '102024022920950002', '16059631666', '2024-03-02', '302023121633940008', 'ailiwen', '1001', '101.883181', '36.628949', '102023021497100001', '2024-03-02 18:58:32', '0');
INSERT INTO `work_license_pos` VALUES ('112024030299910013', '102024022920950002', '16059631666', '2024-03-02', '302023121633940008', 'ailiwen', '1001', '101.915166', '36.738455', '102023021497100001', '2024-03-02 19:05:21', '0');
INSERT INTO `work_license_pos` VALUES ('112024030300680030', '102024022920950002', '16059631666', '2024-03-03', '302023121633940008', 'ailiwen', '1001', '101.822658', '36.61644', '102023021497100001', '2024-03-03 18:01:31', '0');
INSERT INTO `work_license_pos` VALUES ('112024030307670021', '102024022920950002', '16059631666', '2024-03-03', '302023121633940008', 'ailiwen', '1001', '101.969952', '36.839658', '102023021497100001', '2024-03-03 17:33:27', '0');
INSERT INTO `work_license_pos` VALUES ('112024030308940035', '102024022920950002', '16059631666', '2024-03-03', '302023121633940008', 'ailiwen', '1001', '101.73681', '36.580712', '102023021497100001', '2024-03-03 18:16:31', '0');
INSERT INTO `work_license_pos` VALUES ('112024030315380029', '102024022920950002', '16059631666', '2024-03-03', '302023121633940008', 'ailiwen', '1001', '101.845841', '36.591582', '102023021497100001', '2024-03-03 17:58:52', '0');
INSERT INTO `work_license_pos` VALUES ('112024030317660038', '102024022920950002', '16059631666', '2024-03-03', '302023121633940008', 'ailiwen', '1001', '101.724367', '36.554934', '102023021497100001', '2024-03-03 18:25:51', '0');
INSERT INTO `work_license_pos` VALUES ('112024030320910040', '102024022920950002', '16059631666', '2024-03-03', '302023121633940008', 'ailiwen', '1001', '101.725045', '36.554307', '102023021497100001', '2024-03-03 18:29:16', '0');
INSERT INTO `work_license_pos` VALUES ('112024030321710022', '102024022920950002', '16059631666', '2024-03-03', '302023121633940008', 'ailiwen', '1001', '101.959715', '36.830164', '102023021497100001', '2024-03-03 17:36:48', '0');
INSERT INTO `work_license_pos` VALUES ('112024030323710025', '102024022920950002', '16059631666', '2024-03-03', '302023121633940008', 'ailiwen', '1001', '101.912089', '36.73477', '102023021497100001', '2024-03-03 17:45:27', '0');
INSERT INTO `work_license_pos` VALUES ('112024030329640031', '102024022920950002', '16059631666', '2024-03-03', '302023121633940008', 'ailiwen', '1001', '101.789474', '36.637261', '102023021497100001', '2024-03-03 18:04:31', '0');
INSERT INTO `work_license_pos` VALUES ('112024030333330028', '102024022920950002', '16059631666', '2024-03-03', '302023121633940008', 'ailiwen', '1001', '101.872163', '36.586595', '102023021497100001', '2024-03-03 17:55:31', '0');
INSERT INTO `work_license_pos` VALUES ('112024030336220039', '102024022920950002', '16059631666', '2024-03-03', '302023121633940008', 'ailiwen', '1001', '101.724347', '36.554868', '102023021497100001', '2024-03-03 18:28:31', '0');
INSERT INTO `work_license_pos` VALUES ('112024030337340027', '102024022920950002', '16059631666', '2024-03-03', '302023121633940008', 'ailiwen', '1001', '101.882907', '36.613357', '102023021497100001', '2024-03-03 17:52:32', '0');
INSERT INTO `work_license_pos` VALUES ('112024030343630032', '102024022920950002', '16059631666', '2024-03-03', '302023121633940008', 'ailiwen', '1001', '101.766306', '36.63276', '102023021497100001', '2024-03-03 18:07:51', '0');
INSERT INTO `work_license_pos` VALUES ('112024030347710037', '102024022920950002', '16059631666', '2024-03-03', '302023121633940008', 'ailiwen', '1001', '101.723147', '36.556889', '102023021497100001', '2024-03-03 18:22:31', '0');
INSERT INTO `work_license_pos` VALUES ('112024030363310020', '102024022920950002', '16059631666', '2024-03-03', '302023121633940008', 'ailiwen', '1001', '101.9689', '36.843371', '102023021497100001', '2024-03-03 17:30:48', '0');
INSERT INTO `work_license_pos` VALUES ('112024030365600041', '102024022920950002', '16059631666', '2024-03-03', '302023121633940008', 'ailiwen', '1001', '101.726797', '36.556224', '102023021497100001', '2024-03-03 18:32:15', '0');
INSERT INTO `work_license_pos` VALUES ('112024030382490024', '102024022920950002', '16059631666', '2024-03-03', '302023121633940008', 'ailiwen', '1001', '101.932823', '36.780491', '102023021497100001', '2024-03-03 17:42:48', '0');
INSERT INTO `work_license_pos` VALUES ('112024030382650033', '102024022920950002', '16059631666', '2024-03-03', '302023121633940008', 'ailiwen', '1001', '101.752835', '36.605283', '102023021497100001', '2024-03-03 18:10:31', '0');
INSERT INTO `work_license_pos` VALUES ('112024030384570023', '102024022920950002', '16059631666', '2024-03-03', '302023121633940008', 'ailiwen', '1001', '101.949026', '36.817502', '102023021497100001', '2024-03-03 17:39:27', '0');
INSERT INTO `work_license_pos` VALUES ('112024030384890034', '102024022920950002', '16059631666', '2024-03-03', '302023121633940008', 'ailiwen', '1001', '101.751326', '36.599248', '102023021497100001', '2024-03-03 18:13:51', '0');
INSERT INTO `work_license_pos` VALUES ('112024030385500026', '102024022920950002', '16059631666', '2024-03-03', '302023121633940008', 'ailiwen', '1001', '101.898102', '36.689085', '102023021497100001', '2024-03-03 17:48:48', '0');
INSERT INTO `work_license_pos` VALUES ('112024030391640036', '102024022920950002', '16059631666', '2024-03-03', '302023121633940008', 'ailiwen', '1001', '101.719302', '36.563022', '102023021497100001', '2024-03-03 18:19:51', '0');
INSERT INTO `work_license_pos` VALUES ('112024030396330042', '102024022920950002', '16059631666', '2024-03-03', '302023121633940008', 'ailiwen', '1001', '101.726052', '36.557183', '102023021497100001', '2024-03-03 19:34:14', '0');
INSERT INTO `work_license_pos` VALUES ('112024030402420014', '102024022920950002', '16059631666', '2024-03-04', '302023121633940008', 'ailiwen', '1001', '101.726083', '36.557121', '102023021497100001', '2024-03-04 18:59:09', '0');
INSERT INTO `work_license_pos` VALUES ('112024030406160129', '102024022920950002', '16059631666', '2024-03-04', '302023121633940008', 'ailiwen', '1001', '101.7257', '36.55718', '102023021497100001', '2024-03-04 13:20:55', '0');
INSERT INTO `work_license_pos` VALUES ('112024030418210013', '102024022920950002', '16059631666', '2024-03-04', '302023121633940008', 'ailiwen', '1001', '101.726288', '36.556469', '102023021497100001', '2024-03-04 18:56:04', '0');
INSERT INTO `work_license_pos` VALUES ('112024030432820016', '102024022920950002', '16059631666', '2024-03-04', '302023121633940008', 'ailiwen', '1001', '101.725975', '36.557652', '102023021497100001', '2024-03-04 19:02:12', '0');
INSERT INTO `work_license_pos` VALUES ('112024030438720012', '102024022920950002', '16059631666', '2024-03-04', '302023121633940008', 'ailiwen', '1001', '101.725714', '36.557715', '102023021497100001', '2024-03-04 18:53:18', '0');
INSERT INTO `work_license_pos` VALUES ('112024030438970130', '102024022920950002', '16059631666', '2024-03-04', '302023121633940008', 'ailiwen', '1001', '101.726185', '36.557341', '102023021497100001', '2024-03-04 13:24:15', '0');
INSERT INTO `work_license_pos` VALUES ('112024030442100010', '102024022920950002', '16059631666', '2024-03-04', '302023121633940008', 'ailiwen', '1001', '101.72658', '36.556495', '102023021497100001', '2024-03-04 18:53:17', '0');
INSERT INTO `work_license_pos` VALUES ('112024030442850132', '102024022920950002', '16059631666', '2024-03-04', '302023121633940008', 'ailiwen', '1001', '101.723985', '36.556483', '102023021497100001', '2024-03-04 16:53:26', '0');
INSERT INTO `work_license_pos` VALUES ('112024030450430128', '102024022920950002', '16059631666', '2024-03-04', '302023121633940008', 'ailiwen', '1001', '101.724752', '36.555787', '102023021497100001', '2024-03-04 13:18:15', '0');
INSERT INTO `work_license_pos` VALUES ('112024030457300131', '102024022920950002', '16059631666', '2024-03-04', '302023121633940008', 'ailiwen', '1001', '101.725398', '36.557107', '102023021497100001', '2024-03-04 16:50:26', '0');
INSERT INTO `work_license_pos` VALUES ('112024030469540015', '102024022920950002', '16059631666', '2024-03-04', '302023121633940008', 'ailiwen', '1001', '101.726423', '36.557151', '102023021497100001', '2024-03-04 18:59:32', '0');
INSERT INTO `work_license_pos` VALUES ('112024030472120001', '102024022920950002', '16059631666', '2024-03-04', '302023121633940008', 'ailiwen', '1001', '101.725748', '36.557327', '102023021497100001', '2024-03-04 18:18:28', '0');
INSERT INTO `work_license_pos` VALUES ('112024030475160126', '102024022920950002', '16059631666', '2024-03-04', '302023121633940008', 'ailiwen', '1001', '101.725517', '36.557406', '102023021497100001', '2024-03-04 12:57:45', '0');
INSERT INTO `work_license_pos` VALUES ('112024030481790127', '102024022920950002', '16059631666', '2024-03-04', '302023121633940008', 'ailiwen', '1001', '101.724387', '36.556304', '102023021497100001', '2024-03-04 13:14:56', '0');
INSERT INTO `work_license_pos` VALUES ('112024030494350011', '102024022920950002', '16059631666', '2024-03-04', '302023121633940008', 'ailiwen', '1001', '101.725843', '36.557532', '102023021497100001', '2024-03-04 18:53:18', '0');
INSERT INTO `work_license_pos` VALUES ('112024030500040021', '102024022920950002', '16059631666', '2024-03-05', '302023121633940008', 'ailiwen', '1001', '101.723149', '36.556388', '102023021497100001', '2024-03-05 17:01:24', '0');
INSERT INTO `work_license_pos` VALUES ('112024030501010023', '102024022920950002', '16059631666', '2024-03-05', '302023121633940008', 'ailiwen', '1001', '101.724988', '36.557124', '102023021497100001', '2024-03-05 17:04:44', '0');
INSERT INTO `work_license_pos` VALUES ('112024030514820002', '102024022920950002', '16059631666', '2024-03-05', '302023121633940008', 'ailiwen', '1001', '101.726036', '36.557571', '102023021497100001', '2024-03-05 22:23:52', '0');
INSERT INTO `work_license_pos` VALUES ('112024030518440004', '102024022920950002', '16059631666', '2024-03-05', '302023121633940008', 'ailiwen', '1001', '101.726036', '36.557571', '102023021497100001', '2024-03-05 22:24:59', '0');
INSERT INTO `work_license_pos` VALUES ('112024030519940024', '102024022920950002', '16059631666', '2024-03-05', '302023121633940008', 'ailiwen', '1001', '101.726005', '36.557462', '102023021497100001', '2024-03-05 19:18:26', '0');
INSERT INTO `work_license_pos` VALUES ('112024030521050026', '102024022920950002', '16059631666', '2024-03-05', '302023121633940008', 'ailiwen', '1001', '101.726005', '36.557462', '102023021497100001', '2024-03-05 19:20:26', '0');
INSERT INTO `work_license_pos` VALUES ('112024030525080017', '102024022920950002', '16059631666', '2024-03-05', '302023121633940008', 'ailiwen', '1001', '101.725292', '36.556777', '102023021497100001', '2024-03-05 16:55:44', '0');
INSERT INTO `work_license_pos` VALUES ('112024030541770003', '102024022920950002', '16059631666', '2024-03-05', '302023121633940008', 'ailiwen', '1001', '101.726036', '36.557571', '102023021497100001', '2024-03-05 22:24:52', '0');
INSERT INTO `work_license_pos` VALUES ('112024030543760022', '102024022920950002', '16059631666', '2024-03-05', '302023121633940008', 'ailiwen', '1001', '101.724988', '36.557124', '102023021497100001', '2024-03-05 17:04:44', '0');
INSERT INTO `work_license_pos` VALUES ('112024030544980018', '102024022920950002', '16059631666', '2024-03-05', '302023121633940008', 'ailiwen', '1001', '101.725292', '36.556777', '102023021497100001', '2024-03-05 16:55:45', '0');
INSERT INTO `work_license_pos` VALUES ('112024030557450020', '102024022920950002', '16059631666', '2024-03-05', '302023121633940008', 'ailiwen', '1001', '101.723132', '36.55639', '102023021497100001', '2024-03-05 16:58:44', '0');
INSERT INTO `work_license_pos` VALUES ('112024030563930019', '102024022920950002', '16059631666', '2024-03-05', '302023121633940008', 'ailiwen', '1001', '101.723132', '36.55639', '102023021497100001', '2024-03-05 16:58:44', '0');
INSERT INTO `work_license_pos` VALUES ('112024030572780027', '102024022920950002', '16059631666', '2024-03-05', '302023121633940008', 'ailiwen', '1001', '101.726005', '36.557462', '102023021497100001', '2024-03-05 19:20:50', '0');
INSERT INTO `work_license_pos` VALUES ('112024030588230025', '102024022920950002', '16059631666', '2024-03-05', '302023121633940008', 'ailiwen', '1001', '101.726005', '36.557462', '102023021497100001', '2024-03-05 19:19:26', '0');
INSERT INTO `work_license_pos` VALUES ('112024030592600001', '102024022920950002', '16059631666', '2024-03-05', '302023121633940008', 'ailiwen', '1001', '101.726036', '36.557571', '102023021497100001', '2024-03-05 22:22:52', '0');
INSERT INTO `work_license_pos` VALUES ('112024030600170030', '102024022920950002', '16059631666', '2024-03-06', '302023121633940008', 'ailiwen', '1001', '101.725871', '36.557267', '102023021497100001', '2024-03-06 17:04:20', '0');
INSERT INTO `work_license_pos` VALUES ('112024030600580033', '102024022920950002', '16059631666', '2024-03-06', '302023121633940008', 'ailiwen', '1001', '101.724048', '36.555491', '102023021497100001', '2024-03-06 17:04:43', '0');
INSERT INTO `work_license_pos` VALUES ('112024030602440043', '102024022920950002', '16059631666', '2024-03-06', '302023121633940008', 'ailiwen', '1001', '101.725741', '36.557475', '102023021497100001', '2024-03-06 17:09:29', '0');
INSERT INTO `work_license_pos` VALUES ('112024030603100053', '102024022920950002', '16059631666', '2024-03-06', '302023121633940008', 'ailiwen', '1001', '101.724884', '36.556763', '102023021497100001', '2024-03-06 18:59:33', '0');
INSERT INTO `work_license_pos` VALUES ('112024030604250093', '102024022920950002', '16059631666', '2024-03-06', '302023121633940008', 'ailiwen', '1001', '101.712224', '36.55318', '102023021497100001', '2024-03-06 20:48:47', '0');
INSERT INTO `work_license_pos` VALUES ('112024030606220092', '102024022920950002', '16059631666', '2024-03-06', '302023121633940008', 'ailiwen', '1001', '101.709152', '36.551651', '102023021497100001', '2024-03-06 20:48:03', '0');
INSERT INTO `work_license_pos` VALUES ('112024030606250020', '102024022920950002', '16059631666', '2024-03-06', '302023121633940008', 'ailiwen', '1001', '101.723126', '36.556351', '102023021497100001', '2024-03-06 16:59:43', '0');
INSERT INTO `work_license_pos` VALUES ('112024030606300031', '102024022920950002', '16059631666', '2024-03-06', '302023121633940008', 'ailiwen', '1001', '101.725889', '36.557269', '102023021497100001', '2024-03-06 17:04:21', '0');
INSERT INTO `work_license_pos` VALUES ('112024030606610085', '102024022920950002', '16059631666', '2024-03-06', '302023121633940008', 'ailiwen', '1001', '101.701583', '36.548798', '102023021497100001', '2024-03-06 20:45:12', '0');
INSERT INTO `work_license_pos` VALUES ('112024030607040083', '102024022920950002', '16059631666', '2024-03-06', '302023121633940008', 'ailiwen', '1001', '101.701445', '36.54887', '102023021497100001', '2024-03-06 20:45:11', '0');
INSERT INTO `work_license_pos` VALUES ('112024030607730052', '102024022920950002', '16059631666', '2024-03-06', '302023121633940008', 'ailiwen', '1001', '101.724915', '36.556784', '102023021497100001', '2024-03-06 18:59:33', '0');
INSERT INTO `work_license_pos` VALUES ('112024030610350040', '102024022920950002', '16059631666', '2024-03-06', '302023121633940008', 'ailiwen', '1001', '101.725741', '36.557475', '102023021497100001', '2024-03-06 17:07:25', '0');
INSERT INTO `work_license_pos` VALUES ('112024030611030016', '102024022920950002', '16059631666', '2024-03-06', '302023121633940008', 'ailiwen', '1001', '101.723617', '36.556545', '102023021497100001', '2024-03-06 16:58:29', '0');
INSERT INTO `work_license_pos` VALUES ('112024030611760110', '102024022920950002', '16059631666', '2024-03-06', '302023121633940008', 'ailiwen', '1001', '101.725358', '36.55517', '102023021497100001', '2024-03-06 20:53:03', '0');
INSERT INTO `work_license_pos` VALUES ('112024030612350049', '102024022920950002', '16059631666', '2024-03-06', '302023121633940008', 'ailiwen', '1001', '101.724987', '36.557769', '102023021497100001', '2024-03-06 18:54:37', '0');
INSERT INTO `work_license_pos` VALUES ('112024030613240012', '102024022920950002', '16059631666', '2024-03-06', '302023121633940008', 'ailiwen', '1001', '101.724325', '36.556591', '102023021497100001', '2024-03-06 16:57:35', '0');
INSERT INTO `work_license_pos` VALUES ('112024030614920008', '102024022920950002', '16059631666', '2024-03-06', '302023121633940008', 'ailiwen', '1001', '101.72595', '36.557387', '102023021497100001', '2024-03-06 00:59:45', '0');
INSERT INTO `work_license_pos` VALUES ('112024030615780078', '102024022920950002', '16059631666', '2024-03-06', '302023121633940008', 'ailiwen', '1001', '101.700701', '36.54851', '102023021497100001', '2024-03-06 19:07:41', '0');
INSERT INTO `work_license_pos` VALUES ('112024030618170112', '102024022920950002', '16059631666', '2024-03-06', '302023121633940008', 'ailiwen', '1001', '101.726648', '36.555963', '102023021497100001', '2024-03-06 20:53:33', '0');
INSERT INTO `work_license_pos` VALUES ('112024030618650028', '102024022920950002', '16059631666', '2024-03-06', '302023121633940008', 'ailiwen', '1001', '101.724939', '36.556664', '102023021497100001', '2024-03-06 17:03:03', '0');
INSERT INTO `work_license_pos` VALUES ('112024030618730001', '102024022920950002', '16059631666', '2024-03-06', '302023121633940008', 'ailiwen', '1001', '101.726095', '36.557213', '102023021497100001', '2024-03-06 00:34:22', '0');
INSERT INTO `work_license_pos` VALUES ('112024030619200038', '102024022920950002', '16059631666', '2024-03-06', '302023121633940008', 'ailiwen', '1001', '101.725103', '36.557666', '102023021497100001', '2024-03-06 17:05:05', '0');
INSERT INTO `work_license_pos` VALUES ('112024030620770036', '102024022920950002', '16059631666', '2024-03-06', '302023121633940008', 'ailiwen', '1001', '101.724412', '36.557855', '102023021497100001', '2024-03-06 17:05:01', '0');
INSERT INTO `work_license_pos` VALUES ('112024030622390024', '102024022920950002', '16059631666', '2024-03-06', '302023121633940008', 'ailiwen', '1001', '101.726177', '36.557712', '102023021497100001', '2024-03-06 00:14:16', '0');
INSERT INTO `work_license_pos` VALUES ('112024030624130002', '102024022920950002', '16059631666', '2024-03-06', '302023121633940008', 'ailiwen', '1001', '101.726095', '36.557213', '102023021497100001', '2024-03-06 00:35:22', '0');
INSERT INTO `work_license_pos` VALUES ('112024030624750102', '102024022920950002', '16059631666', '2024-03-06', '302023121633940008', 'ailiwen', '1001', '101.724444', '36.555359', '102023021497100001', '2024-03-06 20:52:17', '0');
INSERT INTO `work_license_pos` VALUES ('112024030626000027', '102024022920950002', '16059631666', '2024-03-06', '302023121633940008', 'ailiwen', '1001', '101.726177', '36.557712', '102023021497100001', '2024-03-06 00:16:27', '0');
INSERT INTO `work_license_pos` VALUES ('112024030627170023', '102024022920950002', '16059631666', '2024-03-06', '302023121633940008', 'ailiwen', '1001', '101.723254', '36.556349', '102023021497100001', '2024-03-06 17:00:46', '0');
INSERT INTO `work_license_pos` VALUES ('112024030628240050', '102024022920950002', '16059631666', '2024-03-06', '302023121633940008', 'ailiwen', '1001', '101.72584', '36.557484', '102023021497100001', '2024-03-06 18:54:59', '0');
INSERT INTO `work_license_pos` VALUES ('112024030628290067', '102024022920950002', '16059631666', '2024-03-06', '302023121633940008', 'ailiwen', '1001', '101.704933', '36.550126', '102023021497100001', '2024-03-06 19:03:01', '0');
INSERT INTO `work_license_pos` VALUES ('112024030630180065', '102024022920950002', '16059631666', '2024-03-06', '302023121633940008', 'ailiwen', '1001', '101.716544', '36.55605', '102023021497100001', '2024-03-06 19:01:01', '0');
INSERT INTO `work_license_pos` VALUES ('112024030630920014', '102024022920950002', '16059631666', '2024-03-06', '302023121633940008', 'ailiwen', '1001', '101.72388', '36.556352', '102023021497100001', '2024-03-06 16:58:09', '0');
INSERT INTO `work_license_pos` VALUES ('112024030631160032', '102024022920950002', '16059631666', '2024-03-06', '302023121633940008', 'ailiwen', '1001', '101.726', '36.55735', '102023021497100001', '2024-03-06 17:04:41', '0');
INSERT INTO `work_license_pos` VALUES ('112024030631890082', '102024022920950002', '16059631666', '2024-03-06', '302023121633940008', 'ailiwen', '1001', '101.701372', '36.548856', '102023021497100001', '2024-03-06 20:45:10', '0');
INSERT INTO `work_license_pos` VALUES ('112024030632190011', '102024022920950002', '16059631666', '2024-03-06', '302023121633940008', 'ailiwen', '1001', '101.726144', '36.556986', '102023021497100001', '2024-03-06 01:30:25', '0');
INSERT INTO `work_license_pos` VALUES ('112024030632400096', '102024022920950002', '16059631666', '2024-03-06', '302023121633940008', 'ailiwen', '1001', '101.722078', '36.558041', '102023021497100001', '2024-03-06 20:50:46', '0');
INSERT INTO `work_license_pos` VALUES ('112024030632710009', '102024022920950002', '16059631666', '2024-03-06', '302023121633940008', 'ailiwen', '1001', '101.726144', '36.556986', '102023021497100001', '2024-03-06 01:29:10', '0');
INSERT INTO `work_license_pos` VALUES ('112024030632740106', '102024022920950002', '16059631666', '2024-03-06', '302023121633940008', 'ailiwen', '1001', '101.724802', '36.555519', '102023021497100001', '2024-03-06 20:52:40', '0');
INSERT INTO `work_license_pos` VALUES ('112024030632890062', '102024022920950002', '16059631666', '2024-03-06', '302023121633940008', 'ailiwen', '1001', '101.722067', '36.558261', '102023021497100001', '2024-03-06 19:00:14', '0');
INSERT INTO `work_license_pos` VALUES ('112024030634340060', '102024022920950002', '16059631666', '2024-03-06', '302023121633940008', 'ailiwen', '1001', '101.722458', '36.557936', '102023021497100001', '2024-03-06 18:59:41', '0');
INSERT INTO `work_license_pos` VALUES ('112024030634350069', '102024022920950002', '16059631666', '2024-03-06', '302023121633940008', 'ailiwen', '1001', '101.701668', '36.548795', '102023021497100001', '2024-03-06 19:03:51', '0');
INSERT INTO `work_license_pos` VALUES ('112024030635600026', '102024022920950002', '16059631666', '2024-03-06', '302023121633940008', 'ailiwen', '1001', '101.724276', '36.556534', '102023021497100001', '2024-03-06 17:02:21', '0');
INSERT INTO `work_license_pos` VALUES ('112024030636050107', '102024022920950002', '16059631666', '2024-03-06', '302023121633940008', 'ailiwen', '1001', '101.724846', '36.555506', '102023021497100001', '2024-03-06 20:52:42', '0');
INSERT INTO `work_license_pos` VALUES ('112024030636170103', '102024022920950002', '16059631666', '2024-03-06', '302023121633940008', 'ailiwen', '1001', '101.724493', '36.555388', '102023021497100001', '2024-03-06 20:52:20', '0');
INSERT INTO `work_license_pos` VALUES ('112024030636460041', '102024022920950002', '16059631666', '2024-03-06', '302023121633940008', 'ailiwen', '1001', '101.725741', '36.557475', '102023021497100001', '2024-03-06 17:08:25', '0');
INSERT INTO `work_license_pos` VALUES ('112024030636600026', '102024022920950002', '16059631666', '2024-03-06', '302023121633940008', 'ailiwen', '1001', '101.726177', '36.557712', '102023021497100001', '2024-03-06 00:16:16', '0');
INSERT INTO `work_license_pos` VALUES ('112024030636770079', '102024022920950002', '16059631666', '2024-03-06', '302023121633940008', 'ailiwen', '1001', '101.700701', '36.54851', '102023021497100001', '2024-03-06 19:07:42', '0');
INSERT INTO `work_license_pos` VALUES ('112024030637070114', '102024022920950002', '16059631666', '2024-03-06', '302023121633940008', 'ailiwen', '1001', '101.726775', '36.55602', '102023021497100001', '2024-03-06 20:53:38', '0');
INSERT INTO `work_license_pos` VALUES ('112024030637770047', '102024022920950002', '16059631666', '2024-03-06', '302023121633940008', 'ailiwen', '1001', '101.725811', '36.557542', '102023021497100001', '2024-03-06 18:12:14', '0');
INSERT INTO `work_license_pos` VALUES ('112024030638550005', '102024022920950002', '16059631666', '2024-03-06', '302023121633940008', 'ailiwen', '1001', '101.726427', '36.557185', '102023021497100001', '2024-03-06 02:58:05', '0');
INSERT INTO `work_license_pos` VALUES ('112024030638560090', '102024022920950002', '16059631666', '2024-03-06', '302023121633940008', 'ailiwen', '1001', '101.699822', '36.547644', '102023021497100001', '2024-03-06 20:45:47', '0');
INSERT INTO `work_license_pos` VALUES ('112024030639730004', '102024022920950002', '16059631666', '2024-03-06', '302023121633940008', 'ailiwen', '1001', '101.726427', '36.557185', '102023021497100001', '2024-03-06 02:58:05', '0');
INSERT INTO `work_license_pos` VALUES ('112024030640360075', '102024022920950002', '16059631666', '2024-03-06', '302023121633940008', 'ailiwen', '1001', '101.700701', '36.54851', '102023021497100001', '2024-03-06 19:04:21', '0');
INSERT INTO `work_license_pos` VALUES ('112024030642320021', '102024022920950002', '16059631666', '2024-03-06', '302023121633940008', 'ailiwen', '1001', '101.723215', '36.556357', '102023021497100001', '2024-03-06 17:00:43', '0');
INSERT INTO `work_license_pos` VALUES ('112024030642490068', '102024022920950002', '16059631666', '2024-03-06', '302023121633940008', 'ailiwen', '1001', '101.701761', '36.548793', '102023021497100001', '2024-03-06 19:03:49', '0');
INSERT INTO `work_license_pos` VALUES ('112024030643080121', '102024022920950002', '16059631666', '2024-03-06', '302023121633940008', 'ailiwen', '1001', '101.725658', '36.558044', '102023021497100001', '2024-03-06 21:02:00', '0');
INSERT INTO `work_license_pos` VALUES ('112024030643220081', '102024022920950002', '16059631666', '2024-03-06', '302023121633940008', 'ailiwen', '1001', '101.701254', '36.548781', '102023021497100001', '2024-03-06 20:45:09', '0');
INSERT INTO `work_license_pos` VALUES ('112024030643810070', '102024022920950002', '16059631666', '2024-03-06', '302023121633940008', 'ailiwen', '1001', '101.701598', '36.548819', '102023021497100001', '2024-03-06 19:03:54', '0');
INSERT INTO `work_license_pos` VALUES ('112024030644760113', '102024022920950002', '16059631666', '2024-03-06', '302023121633940008', 'ailiwen', '1001', '101.726698', '36.555994', '102023021497100001', '2024-03-06 20:53:35', '0');
INSERT INTO `work_license_pos` VALUES ('112024030644930073', '102024022920950002', '16059631666', '2024-03-06', '302023121633940008', 'ailiwen', '1001', '101.70117', '36.548769', '102023021497100001', '2024-03-06 19:04:08', '0');
INSERT INTO `work_license_pos` VALUES ('112024030645940025', '102024022920950002', '16059631666', '2024-03-06', '302023121633940008', 'ailiwen', '1001', '101.723581', '36.55621', '102023021497100001', '2024-03-06 17:01:09', '0');
INSERT INTO `work_license_pos` VALUES ('112024030646250086', '102024022920950002', '16059631666', '2024-03-06', '302023121633940008', 'ailiwen', '1001', '101.699749', '36.547704', '102023021497100001', '2024-03-06 20:45:42', '0');
INSERT INTO `work_license_pos` VALUES ('112024030647420094', '102024022920950002', '16059631666', '2024-03-06', '302023121633940008', 'ailiwen', '1001', '101.715325', '36.555049', '102023021497100001', '2024-03-06 20:50:07', '0');
INSERT INTO `work_license_pos` VALUES ('112024030647580066', '102024022920950002', '16059631666', '2024-03-06', '302023121633940008', 'ailiwen', '1001', '101.712649', '36.553639', '102023021497100001', '2024-03-06 19:02:21', '0');
INSERT INTO `work_license_pos` VALUES ('112024030648320080', '102024022920950002', '16059631666', '2024-03-06', '302023121633940008', 'ailiwen', '1001', '101.701158', '36.548772', '102023021497100001', '2024-03-06 20:45:09', '0');
INSERT INTO `work_license_pos` VALUES ('112024030648970039', '102024022920950002', '16059631666', '2024-03-06', '302023121633940008', 'ailiwen', '1001', '101.725741', '36.557475', '102023021497100001', '2024-03-06 17:06:25', '0');
INSERT INTO `work_license_pos` VALUES ('112024030650940019', '102024022920950002', '16059631666', '2024-03-06', '302023121633940008', 'ailiwen', '1001', '101.723451', '36.556552', '102023021497100001', '2024-03-06 16:58:43', '0');
INSERT INTO `work_license_pos` VALUES ('112024030652460051', '102024022920950002', '16059631666', '2024-03-06', '302023121633940008', 'ailiwen', '1001', '101.724967', '36.556807', '102023021497100001', '2024-03-06 18:59:32', '0');
INSERT INTO `work_license_pos` VALUES ('112024030653400002', '102024022920950002', '16059631666', '2024-03-06', '302023121633940008', 'ailiwen', '1001', '101.726427', '36.557185', '102023021497100001', '2024-03-06 02:56:05', '0');
INSERT INTO `work_license_pos` VALUES ('112024030653970101', '102024022920950002', '16059631666', '2024-03-06', '302023121633940008', 'ailiwen', '1001', '101.724412', '36.555359', '102023021497100001', '2024-03-06 20:52:16', '0');
INSERT INTO `work_license_pos` VALUES ('112024030654520008', '102024022920950002', '16059631666', '2024-03-06', '302023121633940008', 'ailiwen', '1001', '101.726144', '36.556986', '102023021497100001', '2024-03-06 01:28:10', '0');
INSERT INTO `work_license_pos` VALUES ('112024030654890116', '102024022920950002', '16059631666', '2024-03-06', '302023121633940008', 'ailiwen', '1001', '101.726963', '36.556095', '102023021497100001', '2024-03-06 20:53:53', '0');
INSERT INTO `work_license_pos` VALUES ('112024030654990120', '102024022920950002', '16059631666', '2024-03-06', '302023121633940008', 'ailiwen', '1001', '101.725658', '36.558044', '102023021497100001', '2024-03-06 21:01:00', '0');
INSERT INTO `work_license_pos` VALUES ('112024030655050087', '102024022920950002', '16059631666', '2024-03-06', '302023121633940008', 'ailiwen', '1001', '101.699735', '36.547683', '102023021497100001', '2024-03-06 20:45:43', '0');
INSERT INTO `work_license_pos` VALUES ('112024030655420117', '102024022920950002', '16059631666', '2024-03-06', '302023121633940008', 'ailiwen', '1001', '101.727003', '36.556112', '102023021497100001', '2024-03-06 20:54:07', '0');
INSERT INTO `work_license_pos` VALUES ('112024030656500010', '102024022920950002', '16059631666', '2024-03-06', '302023121633940008', 'ailiwen', '1001', '101.726144', '36.556986', '102023021497100001', '2024-03-06 01:30:10', '0');
INSERT INTO `work_license_pos` VALUES ('112024030656530015', '102024022920950002', '16059631666', '2024-03-06', '302023121633940008', 'ailiwen', '1001', '101.723848', '36.556346', '102023021497100001', '2024-03-06 16:58:11', '0');
INSERT INTO `work_license_pos` VALUES ('112024030657940118', '102024022920950002', '16059631666', '2024-03-06', '302023121633940008', 'ailiwen', '1001', '101.725658', '36.558044', '102023021497100001', '2024-03-06 20:59:01', '0');
INSERT INTO `work_license_pos` VALUES ('112024030657980027', '102024022920950002', '16059631666', '2024-03-06', '302023121633940008', 'ailiwen', '1001', '101.72431', '36.556536', '102023021497100001', '2024-03-06 17:02:21', '0');
INSERT INTO `work_license_pos` VALUES ('112024030658230048', '102024022920950002', '16059631666', '2024-03-06', '302023121633940008', 'ailiwen', '1001', '101.725368', '36.557662', '102023021497100001', '2024-03-06 18:54:36', '0');
INSERT INTO `work_license_pos` VALUES ('112024030658330022', '102024022920950002', '16059631666', '2024-03-06', '302023121633940008', 'ailiwen', '1001', '101.723243', '36.556354', '102023021497100001', '2024-03-06 17:00:45', '0');
INSERT INTO `work_license_pos` VALUES ('112024030659590122', '102024022920950002', '16059631666', '2024-03-06', '302023121633940008', 'ailiwen', '1001', '101.725658', '36.558044', '102023021497100001', '2024-03-06 21:02:01', '0');
INSERT INTO `work_license_pos` VALUES ('112024030659990004', '102024022920950002', '16059631666', '2024-03-06', '302023121633940008', 'ailiwen', '1001', '101.726095', '36.557213', '102023021497100001', '2024-03-06 00:36:36', '0');
INSERT INTO `work_license_pos` VALUES ('112024030660220054', '102024022920950002', '16059631666', '2024-03-06', '302023121633940008', 'ailiwen', '1001', '101.724876', '36.556768', '102023021497100001', '2024-03-06 18:59:34', '0');
INSERT INTO `work_license_pos` VALUES ('112024030660440018', '102024022920950002', '16059631666', '2024-03-06', '302023121633940008', 'ailiwen', '1001', '101.723467', '36.55656', '102023021497100001', '2024-03-06 16:58:42', '0');
INSERT INTO `work_license_pos` VALUES ('112024030661750105', '102024022920950002', '16059631666', '2024-03-06', '302023121633940008', 'ailiwen', '1001', '101.724778', '36.555511', '102023021497100001', '2024-03-06 20:52:39', '0');
INSERT INTO `work_license_pos` VALUES ('112024030661910035', '102024022920950002', '16059631666', '2024-03-06', '302023121633940008', 'ailiwen', '1001', '101.724578', '36.557785', '102023021497100001', '2024-03-06 17:04:58', '0');
INSERT INTO `work_license_pos` VALUES ('112024030665250098', '102024022920950002', '16059631666', '2024-03-06', '302023121633940008', 'ailiwen', '1001', '101.72223', '36.557982', '102023021497100001', '2024-03-06 20:50:49', '0');
INSERT INTO `work_license_pos` VALUES ('112024030665870064', '102024022920950002', '16059631666', '2024-03-06', '302023121633940008', 'ailiwen', '1001', '101.721794', '36.55823', '102023021497100001', '2024-03-06 19:00:18', '0');
INSERT INTO `work_license_pos` VALUES ('112024030666970071', '102024022920950002', '16059631666', '2024-03-06', '302023121633940008', 'ailiwen', '1001', '101.701453', '36.548878', '102023021497100001', '2024-03-06 19:04:01', '0');
INSERT INTO `work_license_pos` VALUES ('112024030668470057', '102024022920950002', '16059631666', '2024-03-06', '302023121633940008', 'ailiwen', '1001', '101.723658', '36.556502', '102023021497100001', '2024-03-06 18:59:35', '0');
INSERT INTO `work_license_pos` VALUES ('112024030668570024', '102024022920950002', '16059631666', '2024-03-06', '302023121633940008', 'ailiwen', '1001', '101.723389', '36.55623', '102023021497100001', '2024-03-06 17:00:59', '0');
INSERT INTO `work_license_pos` VALUES ('112024030669140010', '102024022920950002', '16059631666', '2024-03-06', '302023121633940008', 'ailiwen', '1001', '101.72564', '36.55704', '102023021497100001', '2024-03-06 16:55:35', '0');
INSERT INTO `work_license_pos` VALUES ('112024030672010005', '102024022920950002', '16059631666', '2024-03-06', '302023121633940008', 'ailiwen', '1001', '101.72595', '36.557387', '102023021497100001', '2024-03-06 00:57:28', '0');
INSERT INTO `work_license_pos` VALUES ('112024030672660044', '102024022920950002', '16059631666', '2024-03-06', '302023121633940008', 'ailiwen', '1001', '101.725811', '36.557542', '102023021497100001', '2024-03-06 18:09:48', '0');
INSERT INTO `work_license_pos` VALUES ('112024030673760037', '102024022920950002', '16059631666', '2024-03-06', '302023121633940008', 'ailiwen', '1001', '101.725036', '36.55769', '102023021497100001', '2024-03-06 17:05:03', '0');
INSERT INTO `work_license_pos` VALUES ('112024030673770091', '102024022920950002', '16059631666', '2024-03-06', '302023121633940008', 'ailiwen', '1001', '101.703522', '36.549324', '102023021497100001', '2024-03-06 20:46:47', '0');
INSERT INTO `work_license_pos` VALUES ('112024030675240034', '102024022920950002', '16059631666', '2024-03-06', '302023121633940008', 'ailiwen', '1001', '101.724089', '36.555542', '102023021497100001', '2024-03-06 17:04:47', '0');
INSERT INTO `work_license_pos` VALUES ('112024030675360007', '102024022920950002', '16059631666', '2024-03-06', '302023121633940008', 'ailiwen', '1001', '101.72595', '36.557387', '102023021497100001', '2024-03-06 00:59:28', '0');
INSERT INTO `work_license_pos` VALUES ('112024030675950099', '102024022920950002', '16059631666', '2024-03-06', '302023121633940008', 'ailiwen', '1001', '101.723412', '36.556542', '102023021497100001', '2024-03-06 20:51:39', '0');
INSERT INTO `work_license_pos` VALUES ('112024030676590119', '102024022920950002', '16059631666', '2024-03-06', '302023121633940008', 'ailiwen', '1001', '101.725658', '36.558044', '102023021497100001', '2024-03-06 21:00:00', '0');
INSERT INTO `work_license_pos` VALUES ('112024030676880084', '102024022920950002', '16059631666', '2024-03-06', '302023121633940008', 'ailiwen', '1001', '101.701509', '36.548855', '102023021497100001', '2024-03-06 20:45:11', '0');
INSERT INTO `work_license_pos` VALUES ('112024030676970059', '102024022920950002', '16059631666', '2024-03-06', '302023121633940008', 'ailiwen', '1001', '101.72342', '36.556622', '102023021497100001', '2024-03-06 18:59:36', '0');
INSERT INTO `work_license_pos` VALUES ('112024030677190095', '102024022920950002', '16059631666', '2024-03-06', '302023121633940008', 'ailiwen', '1001', '101.717119', '36.556106', '102023021497100001', '2024-03-06 20:50:08', '0');
INSERT INTO `work_license_pos` VALUES ('112024030677620003', '102024022920950002', '16059631666', '2024-03-06', '302023121633940008', 'ailiwen', '1001', '101.726427', '36.557185', '102023021497100001', '2024-03-06 02:57:05', '0');
INSERT INTO `work_license_pos` VALUES ('112024030679490115', '102024022920950002', '16059631666', '2024-03-06', '302023121633940008', 'ailiwen', '1001', '101.726949', '36.556082', '102023021497100001', '2024-03-06 20:53:52', '0');
INSERT INTO `work_license_pos` VALUES ('112024030679980008', '102024022920950002', '16059631666', '2024-03-06', '302023121633940008', 'ailiwen', '1001', '101.725915', '36.557244', '102023021497100001', '2024-03-06 16:55:33', '0');
INSERT INTO `work_license_pos` VALUES ('112024030680760006', '102024022920950002', '16059631666', '2024-03-06', '302023121633940008', 'ailiwen', '1001', '101.72595', '36.557387', '102023021497100001', '2024-03-06 00:58:28', '0');
INSERT INTO `work_license_pos` VALUES ('112024030681510109', '102024022920950002', '16059631666', '2024-03-06', '302023121633940008', 'ailiwen', '1001', '101.725296', '36.555128', '102023021497100001', '2024-03-06 20:53:01', '0');
INSERT INTO `work_license_pos` VALUES ('112024030681610001', '102024022920950002', '16059631666', '2024-03-06', '302023121633940008', 'ailiwen', '1001', '101.726427', '36.557185', '102023021497100001', '2024-03-06 02:55:58', '0');
INSERT INTO `work_license_pos` VALUES ('112024030683200077', '102024022920950002', '16059631666', '2024-03-06', '302023121633940008', 'ailiwen', '1001', '101.700701', '36.54851', '102023021497100001', '2024-03-06 19:06:21', '0');
INSERT INTO `work_license_pos` VALUES ('112024030683520061', '102024022920950002', '16059631666', '2024-03-06', '302023121633940008', 'ailiwen', '1001', '101.722414', '36.557994', '102023021497100001', '2024-03-06 18:59:44', '0');
INSERT INTO `work_license_pos` VALUES ('112024030683640058', '102024022920950002', '16059631666', '2024-03-06', '302023121633940008', 'ailiwen', '1001', '101.723565', '36.55652', '102023021497100001', '2024-03-06 18:59:36', '0');
INSERT INTO `work_license_pos` VALUES ('112024030683950104', '102024022920950002', '16059631666', '2024-03-06', '302023121633940008', 'ailiwen', '1001', '101.724561', '36.555429', '102023021497100001', '2024-03-06 20:52:23', '0');
INSERT INTO `work_license_pos` VALUES ('112024030684630072', '102024022920950002', '16059631666', '2024-03-06', '302023121633940008', 'ailiwen', '1001', '101.701369', '36.54887', '102023021497100001', '2024-03-06 19:04:03', '0');
INSERT INTO `work_license_pos` VALUES ('112024030685470029', '102024022920950002', '16059631666', '2024-03-06', '302023121633940008', 'ailiwen', '1001', '101.725289', '36.556935', '102023021497100001', '2024-03-06 17:04:12', '0');
INSERT INTO `work_license_pos` VALUES ('112024030686250011', '102024022920950002', '16059631666', '2024-03-06', '302023121633940008', 'ailiwen', '1001', '101.725072', '36.556753', '102023021497100001', '2024-03-06 16:56:35', '0');
INSERT INTO `work_license_pos` VALUES ('112024030686640088', '102024022920950002', '16059631666', '2024-03-06', '302023121633940008', 'ailiwen', '1001', '101.699739', '36.547667', '102023021497100001', '2024-03-06 20:45:44', '0');
INSERT INTO `work_license_pos` VALUES ('112024030686700046', '102024022920950002', '16059631666', '2024-03-06', '302023121633940008', 'ailiwen', '1001', '101.725811', '36.557542', '102023021497100001', '2024-03-06 18:11:48', '0');
INSERT INTO `work_license_pos` VALUES ('112024030687000063', '102024022920950002', '16059631666', '2024-03-06', '302023121633940008', 'ailiwen', '1001', '101.721955', '36.558272', '102023021497100001', '2024-03-06 19:00:16', '0');
INSERT INTO `work_license_pos` VALUES ('112024030687570100', '102024022920950002', '16059631666', '2024-03-06', '302023121633940008', 'ailiwen', '1001', '101.724386', '36.55537', '102023021497100001', '2024-03-06 20:52:15', '0');
INSERT INTO `work_license_pos` VALUES ('112024030688430074', '102024022920950002', '16059631666', '2024-03-06', '302023121633940008', 'ailiwen', '1001', '101.700722', '36.548505', '102023021497100001', '2024-03-06 19:04:20', '0');
INSERT INTO `work_license_pos` VALUES ('112024030689630097', '102024022920950002', '16059631666', '2024-03-06', '302023121633940008', 'ailiwen', '1001', '101.722123', '36.558037', '102023021497100001', '2024-03-06 20:50:47', '0');
INSERT INTO `work_license_pos` VALUES ('112024030690030108', '102024022920950002', '16059631666', '2024-03-06', '302023121633940008', 'ailiwen', '1001', '101.725126', '36.555117', '102023021497100001', '2024-03-06 20:52:55', '0');
INSERT INTO `work_license_pos` VALUES ('112024030690810045', '102024022920950002', '16059631666', '2024-03-06', '302023121633940008', 'ailiwen', '1001', '101.725811', '36.557542', '102023021497100001', '2024-03-06 18:10:28', '0');
INSERT INTO `work_license_pos` VALUES ('112024030693030089', '102024022920950002', '16059631666', '2024-03-06', '302023121633940008', 'ailiwen', '1001', '101.699782', '36.547644', '102023021497100001', '2024-03-06 20:45:46', '0');
INSERT INTO `work_license_pos` VALUES ('112024030693610025', '102024022920950002', '16059631666', '2024-03-06', '302023121633940008', 'ailiwen', '1001', '101.726177', '36.557712', '102023021497100001', '2024-03-06 00:15:15', '0');
INSERT INTO `work_license_pos` VALUES ('112024030693620009', '102024022920950002', '16059631666', '2024-03-06', '302023121633940008', 'ailiwen', '1001', '101.725679', '36.557061', '102023021497100001', '2024-03-06 16:55:33', '0');
INSERT INTO `work_license_pos` VALUES ('112024030694020111', '102024022920950002', '16059631666', '2024-03-06', '302023121633940008', 'ailiwen', '1001', '101.726581', '36.555884', '102023021497100001', '2024-03-06 20:53:30', '0');
INSERT INTO `work_license_pos` VALUES ('112024030695400013', '102024022920950002', '16059631666', '2024-03-06', '302023121633940008', 'ailiwen', '1001', '101.723895', '36.556357', '102023021497100001', '2024-03-06 16:58:08', '0');
INSERT INTO `work_license_pos` VALUES ('112024030695430056', '102024022920950002', '16059631666', '2024-03-06', '302023121633940008', 'ailiwen', '1001', '101.724591', '36.556986', '102023021497100001', '2024-03-06 18:59:35', '0');
INSERT INTO `work_license_pos` VALUES ('112024030696010076', '102024022920950002', '16059631666', '2024-03-06', '302023121633940008', 'ailiwen', '1001', '101.700701', '36.54851', '102023021497100001', '2024-03-06 19:05:21', '0');
INSERT INTO `work_license_pos` VALUES ('112024030696330055', '102024022920950002', '16059631666', '2024-03-06', '302023121633940008', 'ailiwen', '1001', '101.724647', '36.557003', '102023021497100001', '2024-03-06 18:59:34', '0');
INSERT INTO `work_license_pos` VALUES ('112024030696400003', '102024022920950002', '16059631666', '2024-03-06', '302023121633940008', 'ailiwen', '1001', '101.726095', '36.557213', '102023021497100001', '2024-03-06 00:36:21', '0');
INSERT INTO `work_license_pos` VALUES ('112024030697220042', '102024022920950002', '16059631666', '2024-03-06', '302023121633940008', 'ailiwen', '1001', '101.725741', '36.557475', '102023021497100001', '2024-03-06 17:09:25', '0');
INSERT INTO `work_license_pos` VALUES ('112024030698930017', '102024022920950002', '16059631666', '2024-03-06', '302023121633940008', 'ailiwen', '1001', '101.723584', '36.556579', '102023021497100001', '2024-03-06 16:58:32', '0');
INSERT INTO `work_license_pos` VALUES ('112024030700480069', '102024022920950002', '16059631666', '2024-03-07', '302023121633940008', 'ailiwen', '1001', '101.721858', '36.55864', '102023021497100001', '2024-03-07 17:08:01', '0');
INSERT INTO `work_license_pos` VALUES ('112024030700490105', '102024022920950002', '16059631666', '2024-03-07', '302023121633940008', 'ailiwen', '1001', '101.687569', '36.547167', '102023021497100001', '2024-03-07 17:20:45', '0');
INSERT INTO `work_license_pos` VALUES ('112024030703120015', '102024022920950002', '16059631666', '2024-03-07', '302023121633940008', 'ailiwen', '1001', '101.725003', '36.556738', '102023021497100001', '2024-03-07 13:07:45', '0');
INSERT INTO `work_license_pos` VALUES ('112024030703330091', '102024022920950002', '16059631666', '2024-03-07', '302023121633940008', 'ailiwen', '1001', '101.673569', '36.543397', '102023021497100001', '2024-03-07 17:16:52', '0');
INSERT INTO `work_license_pos` VALUES ('112024030704390072', '102024022920950002', '16059631666', '2024-03-07', '302023121633940008', 'ailiwen', '1001', '101.718653', '36.56237', '102023021497100001', '2024-03-07 17:08:19', '0');
INSERT INTO `work_license_pos` VALUES ('112024030704430104', '102024022920950002', '16059631666', '2024-03-07', '302023121633940008', 'ailiwen', '1001', '101.687568', '36.547132', '102023021497100001', '2024-03-07 17:20:44', '0');
INSERT INTO `work_license_pos` VALUES ('112024030704460090', '102024022920950002', '16059631666', '2024-03-07', '302023121633940008', 'ailiwen', '1001', '101.678937', '36.545069', '102023021497100001', '2024-03-07 17:16:35', '0');
INSERT INTO `work_license_pos` VALUES ('112024030704990034', '102024022920950002', '16059631666', '2024-03-07', '302023121633940008', 'ailiwen', '1001', '101.726509', '36.55714', '102023021497100001', '2024-03-07 16:57:28', '0');
INSERT INTO `work_license_pos` VALUES ('112024030705020003', '102024022920950002', '16059631666', '2024-03-07', '302023121633940008', 'ailiwen', '1001', '101.726123', '36.557233', '102023021497100001', '2024-03-07 00:19:33', '0');
INSERT INTO `work_license_pos` VALUES ('112024030706340041', '102024022920950002', '16059631666', '2024-03-07', '302023121633940008', 'ailiwen', '1001', '101.725499', '36.555237', '102023021497100001', '2024-03-07 16:58:45', '0');
INSERT INTO `work_license_pos` VALUES ('112024030707540092', '102024022920950002', '16059631666', '2024-03-07', '302023121633940008', 'ailiwen', '1001', '101.673303', '36.543257', '102023021497100001', '2024-03-07 17:16:59', '0');
INSERT INTO `work_license_pos` VALUES ('112024030707920038', '102024022920950002', '16059631666', '2024-03-07', '302023121633940008', 'ailiwen', '1001', '101.726283', '36.555706', '102023021497100001', '2024-03-07 16:58:30', '0');
INSERT INTO `work_license_pos` VALUES ('112024030708000115', '102024022920950002', '16059631666', '2024-03-07', '302023121633940008', 'ailiwen', '1001', '101.703107', '36.552009', '102023021497100001', '2024-03-07 17:22:39', '0');
INSERT INTO `work_license_pos` VALUES ('112024030708210093', '102024022920950002', '16059631666', '2024-03-07', '302023121633940008', 'ailiwen', '1001', '101.67329', '36.543225', '102023021497100001', '2024-03-07 17:17:00', '0');
INSERT INTO `work_license_pos` VALUES ('112024030708720029', '102024022920950002', '16059631666', '2024-03-07', '302023121633940008', 'ailiwen', '1001', '101.725788', '36.557601', '102023021497100001', '2024-03-07 14:21:03', '0');
INSERT INTO `work_license_pos` VALUES ('112024030709040124', '102024022920950002', '16059631666', '2024-03-07', '302023121633940008', 'ailiwen', '1001', '101.711821', '36.554674', '102023021497100001', '2024-03-07 17:23:53', '0');
INSERT INTO `work_license_pos` VALUES ('112024030709450001', '102024022920950002', '16059631666', '2024-03-07', '302023121633940008', 'ailiwen', '1001', '101.726101', '36.557239', '102023021497100001', '2024-03-07 19:36:40', '0');
INSERT INTO `work_license_pos` VALUES ('112024030711510027', '102024022920950002', '16059631666', '2024-03-07', '302023121633940008', 'ailiwen', '1001', '101.725788', '36.557601', '102023021497100001', '2024-03-07 14:19:03', '0');
INSERT INTO `work_license_pos` VALUES ('112024030711950048', '102024022920950002', '16059631666', '2024-03-07', '302023121633940008', 'ailiwen', '1001', '101.723668', '36.556277', '102023021497100001', '2024-03-07 17:01:01', '0');
INSERT INTO `work_license_pos` VALUES ('112024030714960071', '102024022920950002', '16059631666', '2024-03-07', '302023121633940008', 'ailiwen', '1001', '101.718762', '36.562377', '102023021497100001', '2024-03-07 17:08:17', '0');
INSERT INTO `work_license_pos` VALUES ('112024030715370153', '102024022920950002', '16059631666', '2024-03-07', '302023121633940008', 'ailiwen', '1001', '101.725693', '36.557237', '102023021497100001', '2024-03-07 17:36:54', '0');
INSERT INTO `work_license_pos` VALUES ('112024030715390119', '102024022920950002', '16059631666', '2024-03-07', '302023121633940008', 'ailiwen', '1001', '101.708107', '36.553932', '102023021497100001', '2024-03-07 17:23:14', '0');
INSERT INTO `work_license_pos` VALUES ('112024030715540043', '102024022920950002', '16059631666', '2024-03-07', '302023121633940008', 'ailiwen', '1001', '101.725293', '36.55516', '102023021497100001', '2024-03-07 16:58:50', '0');
INSERT INTO `work_license_pos` VALUES ('112024030716150067', '102024022920950002', '16059631666', '2024-03-07', '302023121633940008', 'ailiwen', '1001', '101.721977', '36.558484', '102023021497100001', '2024-03-07 17:06:58', '0');
INSERT INTO `work_license_pos` VALUES ('112024030717300052', '102024022920950002', '16059631666', '2024-03-07', '302023121633940008', 'ailiwen', '1001', '101.723153', '36.556432', '102023021497100001', '2024-03-07 17:01:51', '0');
INSERT INTO `work_license_pos` VALUES ('112024030717580005', '102024022920950002', '16059631666', '2024-03-07', '302023121633940008', 'ailiwen', '1001', '101.726123', '36.557233', '102023021497100001', '2024-03-07 00:20:33', '0');
INSERT INTO `work_license_pos` VALUES ('112024030718020089', '102024022920950002', '16059631666', '2024-03-07', '302023121633940008', 'ailiwen', '1001', '101.687143', '36.547739', '102023021497100001', '2024-03-07 17:15:15', '0');
INSERT INTO `work_license_pos` VALUES ('112024030719010008', '102024022920950002', '16059631666', '2024-03-07', '302023121633940008', 'ailiwen', '1001', '101.726123', '36.557233', '102023021497100001', '2024-03-07 00:21:16', '0');
INSERT INTO `work_license_pos` VALUES ('112024030719280065', '102024022920950002', '16059631666', '2024-03-07', '302023121633940008', 'ailiwen', '1001', '101.721955', '36.558253', '102023021497100001', '2024-03-07 17:06:52', '0');
INSERT INTO `work_license_pos` VALUES ('112024030719340053', '102024022920950002', '16059631666', '2024-03-07', '302023121633940008', 'ailiwen', '1001', '17.174572', '36.556413', '102023021497100001', '2024-03-07 17:02:51', '0');
INSERT INTO `work_license_pos` VALUES ('112024030719580137', '102024022920950002', '16059631666', '2024-03-07', '302023121633940008', 'ailiwen', '1001', '101.724814', '36.556751', '102023021497100001', '2024-03-07 17:28:50', '0');
INSERT INTO `work_license_pos` VALUES ('112024030719740011', '102024022920950002', '16059631666', '2024-03-07', '302023121633940008', 'ailiwen', '1001', '101.724984', '36.556953', '102023021497100001', '2024-03-07 13:07:04', '0');
INSERT INTO `work_license_pos` VALUES ('112024030719900108', '102024022920950002', '16059631666', '2024-03-07', '302023121633940008', 'ailiwen', '1001', '101.687421', '36.547624', '102023021497100001', '2024-03-07 17:20:46', '0');
INSERT INTO `work_license_pos` VALUES ('112024030721080120', '102024022920950002', '16059631666', '2024-03-07', '302023121633940008', 'ailiwen', '1001', '101.709336', '36.553892', '102023021497100001', '2024-03-07 17:23:23', '0');
INSERT INTO `work_license_pos` VALUES ('112024030721170062', '102024022920950002', '16059631666', '2024-03-07', '302023121633940008', 'ailiwen', '1001', '101.717137', '36.555917', '102023021497100001', '2024-03-07 17:05:05', '0');
INSERT INTO `work_license_pos` VALUES ('112024030721470017', '102024022920950002', '16059631666', '2024-03-07', '302023121633940008', 'ailiwen', '1001', '101.725048', '36.556714', '102023021497100001', '2024-03-07 13:07:48', '0');
INSERT INTO `work_license_pos` VALUES ('112024030721510098', '102024022920950002', '16059631666', '2024-03-07', '302023121633940008', 'ailiwen', '1001', '17.174382', '36.541309', '102023021497100001', '2024-03-07 17:17:29', '0');
INSERT INTO `work_license_pos` VALUES ('112024030721520086', '102024022920950002', '16059631666', '2024-03-07', '302023121633940008', 'ailiwen', '1001', '101.693202', '36.549113', '102023021497100001', '2024-03-07 17:13:54', '0');
INSERT INTO `work_license_pos` VALUES ('112024030721840005', '102024022920950002', '16059631666', '2024-03-07', '302023121633940008', 'ailiwen', '1001', '101.726005', '36.557395', '102023021497100001', '2024-03-07 00:51:45', '0');
INSERT INTO `work_license_pos` VALUES ('112024030722720129', '102024022920950002', '16059631666', '2024-03-07', '302023121633940008', 'ailiwen', '1001', '101.722213', '36.558095', '102023021497100001', '2024-03-07 17:27:03', '0');
INSERT INTO `work_license_pos` VALUES ('112024030722820145', '102024022920950002', '16059631666', '2024-03-07', '302023121633940008', 'ailiwen', '1001', '101.725934', '36.557183', '102023021497100001', '2024-03-07 17:29:27', '0');
INSERT INTO `work_license_pos` VALUES ('112024030723000143', '102024022920950002', '16059631666', '2024-03-07', '302023121633940008', 'ailiwen', '1001', '33.951797', '36.557181', '102023021497100001', '2024-03-07 17:29:13', '0');
INSERT INTO `work_license_pos` VALUES ('112024030723140083', '102024022920950002', '16059631666', '2024-03-07', '302023121633940008', 'ailiwen', '1001', '101.705758', '36.55349', '102023021497100001', '2024-03-07 17:11:56', '0');
INSERT INTO `work_license_pos` VALUES ('112024030723410131', '102024022920950002', '16059631666', '2024-03-07', '302023121633940008', 'ailiwen', '1001', '101.72287', '36.557565', '102023021497100001', '2024-03-07 17:27:15', '0');
INSERT INTO `work_license_pos` VALUES ('112024030725260144', '102024022920950002', '16059631666', '2024-03-07', '302023121633940008', 'ailiwen', '1001', '101.725778', '36.557152', '102023021497100001', '2024-03-07 17:29:22', '0');
INSERT INTO `work_license_pos` VALUES ('112024030725420151', '102024022920950002', '16059631666', '2024-03-07', '302023121633940008', 'ailiwen', '1001', '101.725693', '36.557237', '102023021497100001', '2024-03-07 17:34:55', '0');
INSERT INTO `work_license_pos` VALUES ('112024030725480076', '102024022920950002', '16059631666', '2024-03-07', '302023121633940008', 'ailiwen', '1001', '101.71121', '36.555095', '102023021497100001', '2024-03-07 17:11:30', '0');
INSERT INTO `work_license_pos` VALUES ('112024030726370063', '102024022920950002', '16059631666', '2024-03-07', '302023121633940008', 'ailiwen', '1001', '101.717296', '36.556057', '102023021497100001', '2024-03-07 17:05:08', '0');
INSERT INTO `work_license_pos` VALUES ('112024030728690004', '102024022920950002', '16059631666', '2024-03-07', '302023121633940008', 'ailiwen', '1001', '101.726101', '36.557239', '102023021497100001', '2024-03-07 19:39:11', '0');
INSERT INTO `work_license_pos` VALUES ('112024030729080042', '102024022920950002', '16059631666', '2024-03-07', '302023121633940008', 'ailiwen', '1001', '101.725333', '36.555164', '102023021497100001', '2024-03-07 16:58:49', '0');
INSERT INTO `work_license_pos` VALUES ('112024030729590046', '102024022920950002', '16059631666', '2024-03-07', '302023121633940008', 'ailiwen', '1001', '101.724359', '36.555477', '102023021497100001', '2024-03-07 16:59:46', '0');
INSERT INTO `work_license_pos` VALUES ('112024030730190025', '102024022920950002', '16059631666', '2024-03-07', '302023121633940008', 'ailiwen', '1001', '101.726278', '36.557522', '102023021497100001', '2024-03-07 13:13:24', '0');
INSERT INTO `work_license_pos` VALUES ('112024030730440126', '102024022920950002', '16059631666', '2024-03-07', '302023121633940008', 'ailiwen', '1001', '101.712978', '36.553689', '102023021497100001', '2024-03-07 17:25:51', '0');
INSERT INTO `work_license_pos` VALUES ('112024030730460085', '102024022920950002', '16059631666', '2024-03-07', '302023121633940008', 'ailiwen', '1001', '101.693529', '36.549191', '102023021497100001', '2024-03-07 17:13:48', '0');
INSERT INTO `work_license_pos` VALUES ('112024030730610059', '102024022920950002', '16059631666', '2024-03-07', '302023121633940008', 'ailiwen', '1001', '101.718475', '36.554107', '102023021497100001', '2024-03-07 17:04:34', '0');
INSERT INTO `work_license_pos` VALUES ('112024030731030088', '102024022920950002', '16059631666', '2024-03-07', '302023121633940008', 'ailiwen', '1001', '101.687503', '36.547811', '102023021497100001', '2024-03-07 17:15:11', '0');
INSERT INTO `work_license_pos` VALUES ('112024030731060101', '102024022920950002', '16059631666', '2024-03-07', '302023121633940008', 'ailiwen', '1001', '101.680557', '36.54467', '102023021497100001', '2024-03-07 17:18:20', '0');
INSERT INTO `work_license_pos` VALUES ('112024030731650036', '102024022920950002', '16059631666', '2024-03-07', '302023121633940008', 'ailiwen', '1001', '101.727186', '36.556248', '102023021497100001', '2024-03-07 16:57:49', '0');
INSERT INTO `work_license_pos` VALUES ('112024030732200075', '102024022920950002', '16059631666', '2024-03-07', '302023121633940008', 'ailiwen', '1001', '101.711529', '36.555435', '102023021497100001', '2024-03-07 17:10:21', '0');
INSERT INTO `work_license_pos` VALUES ('112024030733000040', '102024022920950002', '16059631666', '2024-03-07', '302023121633940008', 'ailiwen', '1001', '101.725583', '36.555296', '102023021497100001', '2024-03-07 16:58:43', '0');
INSERT INTO `work_license_pos` VALUES ('112024030735260035', '102024022920950002', '16059631666', '2024-03-07', '302023121633940008', 'ailiwen', '1001', '101.727195', '36.556283', '102023021497100001', '2024-03-07 16:57:48', '0');
INSERT INTO `work_license_pos` VALUES ('112024030735380060', '102024022920950002', '16059631666', '2024-03-07', '302023121633940008', 'ailiwen', '1001', '101.717123', '36.555667', '102023021497100001', '2024-03-07 17:05:00', '0');
INSERT INTO `work_license_pos` VALUES ('112024030736150123', '102024022920950002', '16059631666', '2024-03-07', '302023121633940008', 'ailiwen', '1001', '101.711669', '36.55481', '102023021497100001', '2024-03-07 17:23:49', '0');
INSERT INTO `work_license_pos` VALUES ('112024030736940150', '102024022920950002', '16059631666', '2024-03-07', '302023121633940008', 'ailiwen', '1001', '101.725693', '36.557237', '102023021497100001', '2024-03-07 17:33:55', '0');
INSERT INTO `work_license_pos` VALUES ('112024030737310054', '102024022920950002', '16059631666', '2024-03-07', '302023121633940008', 'ailiwen', '1001', '101.72301', '36.556314', '102023021497100001', '2024-03-07 17:03:31', '0');
INSERT INTO `work_license_pos` VALUES ('112024030737460138', '102024022920950002', '16059631666', '2024-03-07', '302023121633940008', 'ailiwen', '1001', '101.724831', '36.556706', '102023021497100001', '2024-03-07 17:28:51', '0');
INSERT INTO `work_license_pos` VALUES ('112024030737840125', '102024022920950002', '16059631666', '2024-03-07', '302023121633940008', 'ailiwen', '1001', '101.712493', '36.553828', '102023021497100001', '2024-03-07 17:25:13', '0');
INSERT INTO `work_license_pos` VALUES ('112024030739560058', '102024022920950002', '16059631666', '2024-03-07', '302023121633940008', 'ailiwen', '1001', '101.718604', '36.554084', '102023021497100001', '2024-03-07 17:04:31', '0');
INSERT INTO `work_license_pos` VALUES ('112024030739620007', '102024022920950002', '16059631666', '2024-03-07', '302023121633940008', 'ailiwen', '1001', '101.72504', '36.55681', '102023021497100001', '2024-03-07 12:46:28', '0');
INSERT INTO `work_license_pos` VALUES ('112024030740180013', '102024022920950002', '16059631666', '2024-03-07', '302023121633940008', 'ailiwen', '1001', '101.725102', '36.556954', '102023021497100001', '2024-03-07 13:07:07', '0');
INSERT INTO `work_license_pos` VALUES ('112024030741920141', '102024022920950002', '16059631666', '2024-03-07', '302023121633940008', 'ailiwen', '1001', '101.725199', '36.556871', '102023021497100001', '2024-03-07 17:29:00', '0');
INSERT INTO `work_license_pos` VALUES ('112024030743810021', '102024022920950002', '16059631666', '2024-03-07', '302023121633940008', 'ailiwen', '1001', '101.726034', '36.557521', '102023021497100001', '2024-03-07 13:09:34', '0');
INSERT INTO `work_license_pos` VALUES ('112024030744220116', '102024022920950002', '16059631666', '2024-03-07', '302023121633940008', 'ailiwen', '1001', '101.704981', '36.552905', '102023021497100001', '2024-03-07 17:22:53', '0');
INSERT INTO `work_license_pos` VALUES ('112024030744700004', '102024022920950002', '16059631666', '2024-03-07', '302023121633940008', 'ailiwen', '1001', '101.726005', '36.557395', '102023021497100001', '2024-03-07 00:51:15', '0');
INSERT INTO `work_license_pos` VALUES ('112024030745350047', '102024022920950002', '16059631666', '2024-03-07', '302023121633940008', 'ailiwen', '1001', '101.723937', '36.555935', '102023021497100001', '2024-03-07 17:00:02', '0');
INSERT INTO `work_license_pos` VALUES ('112024030745350128', '102024022920950002', '16059631666', '2024-03-07', '302023121633940008', 'ailiwen', '1001', '101.721311', '36.557739', '102023021497100001', '2024-03-07 17:26:53', '0');
INSERT INTO `work_license_pos` VALUES ('112024030745880073', '102024022920950002', '16059631666', '2024-03-07', '302023121633940008', 'ailiwen', '1001', '101.718556', '36.5623', '102023021497100001', '2024-03-07 17:08:21', '0');
INSERT INTO `work_license_pos` VALUES ('112024030746780142', '102024022920950002', '16059631666', '2024-03-07', '302023121633940008', 'ailiwen', '1001', '101.725579', '36.55718', '102023021497100001', '2024-03-07 17:29:12', '0');
INSERT INTO `work_license_pos` VALUES ('112024030746820002', '102024022920950002', '16059631666', '2024-03-07', '302023121633940008', 'ailiwen', '1001', '101.725993', '36.557608', '102023021497100001', '2024-03-07 00:18:46', '0');
INSERT INTO `work_license_pos` VALUES ('112024030747030037', '102024022920950002', '16059631666', '2024-03-07', '302023121633940008', 'ailiwen', '1001', '101.72672', '36.555905', '102023021497100001', '2024-03-07 16:58:19', '0');
INSERT INTO `work_license_pos` VALUES ('112024030747030096', '102024022920950002', '16059631666', '2024-03-07', '302023121633940008', 'ailiwen', '1001', '101.674403', '36.541326', '102023021497100001', '2024-03-07 17:17:25', '0');
INSERT INTO `work_license_pos` VALUES ('112024030749300074', '102024022920950002', '16059631666', '2024-03-07', '302023121633940008', 'ailiwen', '1001', '101.711678', '36.555597', '102023021497100001', '2024-03-07 17:09:21', '0');
INSERT INTO `work_license_pos` VALUES ('112024030750720044', '102024022920950002', '16059631666', '2024-03-07', '302023121633940008', 'ailiwen', '1001', '101.725166', '36.55517', '102023021497100001', '2024-03-07 16:58:52', '0');
INSERT INTO `work_license_pos` VALUES ('112024030750860031', '102024022920950002', '16059631666', '2024-03-07', '302023121633940008', 'ailiwen', '1001', '101.726691', '36.557383', '102023021497100001', '2024-03-07 16:56:25', '0');
INSERT INTO `work_license_pos` VALUES ('112024030750860149', '102024022920950002', '16059631666', '2024-03-07', '302023121633940008', 'ailiwen', '1001', '101.725693', '36.557237', '102023021497100001', '2024-03-07 17:32:55', '0');
INSERT INTO `work_license_pos` VALUES ('112024030752250112', '102024022920950002', '16059631666', '2024-03-07', '302023121633940008', 'ailiwen', '1001', '101.702886', '36.55189', '102023021497100001', '2024-03-07 17:22:15', '0');
INSERT INTO `work_license_pos` VALUES ('112024030752470055', '102024022920950002', '16059631666', '2024-03-07', '302023121633940008', 'ailiwen', '1001', '101.721939', '36.555825', '102023021497100001', '2024-03-07 17:03:46', '0');
INSERT INTO `work_license_pos` VALUES ('112024030753680077', '102024022920950002', '16059631666', '2024-03-07', '302023121633940008', 'ailiwen', '1001', '101.710463', '36.554452', '102023021497100001', '2024-03-07 17:11:30', '0');
INSERT INTO `work_license_pos` VALUES ('112024030754190064', '102024022920950002', '16059631666', '2024-03-07', '302023121633940008', 'ailiwen', '1001', '101.721958', '36.558203', '102023021497100001', '2024-03-07 17:06:28', '0');
INSERT INTO `work_license_pos` VALUES ('112024030754630039', '102024022920950002', '16059631666', '2024-03-07', '302023121633940008', 'ailiwen', '1001', '101.726231', '36.555672', '102023021497100001', '2024-03-07 16:58:31', '0');
INSERT INTO `work_license_pos` VALUES ('112024030756190008', '102024022920950002', '16059631666', '2024-03-07', '302023121633940008', 'ailiwen', '1001', '101.724725', '36.556566', '102023021497100001', '2024-03-07 12:47:27', '0');
INSERT INTO `work_license_pos` VALUES ('112024030757250001', '102024022920950002', '16059631666', '2024-03-07', '302023121633940008', 'ailiwen', '1001', '101.726174', '36.557356', '102023021497100001', '2024-03-07 00:49:10', '0');
INSERT INTO `work_license_pos` VALUES ('112024030757400100', '102024022920950002', '16059631666', '2024-03-07', '302023121633940008', 'ailiwen', '1001', '101.679842', '36.543847', '102023021497100001', '2024-03-07 17:18:12', '0');
INSERT INTO `work_license_pos` VALUES ('112024030757840154', '102024022920950002', '16059631666', '2024-03-07', '302023121633940008', 'ailiwen', '1001', '101.725693', '36.557237', '102023021497100001', '2024-03-07 17:37:55', '0');
INSERT INTO `work_license_pos` VALUES ('112024030758480002', '102024022920950002', '16059631666', '2024-03-07', '302023121633940008', 'ailiwen', '1001', '101.726101', '36.557239', '102023021497100001', '2024-03-07 19:37:39', '0');
INSERT INTO `work_license_pos` VALUES ('112024030758900127', '102024022920950002', '16059631666', '2024-03-07', '302023121633940008', 'ailiwen', '1001', '101.713144', '36.55374', '102023021497100001', '2024-03-07 17:25:53', '0');
INSERT INTO `work_license_pos` VALUES ('112024030759580023', '102024022920950002', '16059631666', '2024-03-07', '302023121633940008', 'ailiwen', '1001', '101.726278', '36.557522', '102023021497100001', '2024-03-07 13:11:24', '0');
INSERT INTO `work_license_pos` VALUES ('112024030760460066', '102024022920950002', '16059631666', '2024-03-07', '302023121633940008', 'ailiwen', '1001', '101.722007', '36.558393', '102023021497100001', '2024-03-07 17:06:56', '0');
INSERT INTO `work_license_pos` VALUES ('112024030763430132', '102024022920950002', '16059631666', '2024-03-07', '302023121633940008', 'ailiwen', '1001', '101.72334', '36.556758', '102023021497100001', '2024-03-07 17:27:27', '0');
INSERT INTO `work_license_pos` VALUES ('112024030763500068', '102024022920950002', '16059631666', '2024-03-07', '302023121633940008', 'ailiwen', '1001', '101.721858', '36.55864', '102023021497100001', '2024-03-07 17:07:01', '0');
INSERT INTO `work_license_pos` VALUES ('112024030763510118', '102024022920950002', '16059631666', '2024-03-07', '302023121633940008', 'ailiwen', '1001', '101.707495', '36.55391', '102023021497100001', '2024-03-07 17:23:10', '0');
INSERT INTO `work_license_pos` VALUES ('112024030763860014', '102024022920950002', '16059631666', '2024-03-07', '302023121633940008', 'ailiwen', '1001', '101.724861', '36.55685', '102023021497100001', '2024-03-07 13:07:20', '0');
INSERT INTO `work_license_pos` VALUES ('112024030764030082', '102024022920950002', '16059631666', '2024-03-07', '302023121633940008', 'ailiwen', '1001', '101.706813', '36.553904', '102023021497100001', '2024-03-07 17:11:48', '0');
INSERT INTO `work_license_pos` VALUES ('112024030764380051', '102024022920950002', '16059631666', '2024-03-07', '302023121633940008', 'ailiwen', '1001', '101.723271', '36.556315', '102023021497100001', '2024-03-07 17:01:02', '0');
INSERT INTO `work_license_pos` VALUES ('112024030765050010', '102024022920950002', '16059631666', '2024-03-07', '302023121633940008', 'ailiwen', '1001', '101.724954', '36.556806', '102023021497100001', '2024-03-07 12:47:47', '0');
INSERT INTO `work_license_pos` VALUES ('112024030766280147', '102024022920950002', '16059631666', '2024-03-07', '302023121633940008', 'ailiwen', '1001', '101.725972', '36.557292', '102023021497100001', '2024-03-07 17:31:27', '0');
INSERT INTO `work_license_pos` VALUES ('112024030766730114', '102024022920950002', '16059631666', '2024-03-07', '302023121633940008', 'ailiwen', '1001', '101.702872', '36.551905', '102023021497100001', '2024-03-07 17:22:35', '0');
INSERT INTO `work_license_pos` VALUES ('112024030767030045', '102024022920950002', '16059631666', '2024-03-07', '302023121633940008', 'ailiwen', '1001', '101.725147', '36.555189', '102023021497100001', '2024-03-07 16:58:53', '0');
INSERT INTO `work_license_pos` VALUES ('112024030767200109', '102024022920950002', '16059631666', '2024-03-07', '302023121633940008', 'ailiwen', '1001', '101.687465', '36.547649', '102023021497100001', '2024-03-07 17:20:47', '0');
INSERT INTO `work_license_pos` VALUES ('112024030767210084', '102024022920950002', '16059631666', '2024-03-07', '302023121633940008', 'ailiwen', '1001', '101.698275', '36.550411', '102023021497100001', '2024-03-07 17:12:49', '0');
INSERT INTO `work_license_pos` VALUES ('112024030767230080', '102024022920950002', '16059631666', '2024-03-07', '302023121633940008', 'ailiwen', '1001', '101.708282', '36.553931', '102023021497100001', '2024-03-07 17:11:37', '0');
INSERT INTO `work_license_pos` VALUES ('112024030768170006', '102024022920950002', '16059631666', '2024-03-07', '302023121633940008', 'ailiwen', '1001', '101.725462', '36.556454', '102023021497100001', '2024-03-07 12:45:28', '0');
INSERT INTO `work_license_pos` VALUES ('112024030768610012', '102024022920950002', '16059631666', '2024-03-07', '302023121633940008', 'ailiwen', '1001', '101.725035', '36.556947', '102023021497100001', '2024-03-07 13:07:06', '0');
INSERT INTO `work_license_pos` VALUES ('112024030768710033', '102024022920950002', '16059631666', '2024-03-07', '302023121633940008', 'ailiwen', '1001', '101.726488', '36.557165', '102023021497100001', '2024-03-07 16:57:27', '0');
INSERT INTO `work_license_pos` VALUES ('112024030768900140', '102024022920950002', '16059631666', '2024-03-07', '302023121633940008', 'ailiwen', '1001', '101.725129', '36.556846', '102023021497100001', '2024-03-07 17:28:59', '0');
INSERT INTO `work_license_pos` VALUES ('112024030769070155', '102024022920950002', '16059631666', '2024-03-07', '302023121633940008', 'ailiwen', '1001', '101.725693', '36.557237', '102023021497100001', '2024-03-07 17:38:30', '0');
INSERT INTO `work_license_pos` VALUES ('112024030769360032', '102024022920950002', '16059631666', '2024-03-07', '302023121633940008', 'ailiwen', '1001', '101.726462', '36.5572', '102023021497100001', '2024-03-07 16:57:25', '0');
INSERT INTO `work_license_pos` VALUES ('112024030769620001', '102024022920950002', '16059631666', '2024-03-07', '302023121633940008', 'ailiwen', '1001', '101.726123', '36.557233', '102023021497100001', '2024-03-07 00:18:46', '0');
INSERT INTO `work_license_pos` VALUES ('112024030770600094', '102024022920950002', '16059631666', '2024-03-07', '302023121633940008', 'ailiwen', '1001', '101.673301', '36.543145', '102023021497100001', '2024-03-07 17:17:01', '0');
INSERT INTO `work_license_pos` VALUES ('112024030770670024', '102024022920950002', '16059631666', '2024-03-07', '302023121633940008', 'ailiwen', '1001', '101.726278', '36.557522', '102023021497100001', '2024-03-07 13:12:23', '0');
INSERT INTO `work_license_pos` VALUES ('112024030771680113', '102024022920950002', '16059631666', '2024-03-07', '302023121633940008', 'ailiwen', '1001', '101.702875', '36.551896', '102023021497100001', '2024-03-07 17:22:16', '0');
INSERT INTO `work_license_pos` VALUES ('112024030771810022', '102024022920950002', '16059631666', '2024-03-07', '302023121633940008', 'ailiwen', '1001', '101.726278', '36.557522', '102023021497100001', '2024-03-07 13:10:24', '0');
INSERT INTO `work_license_pos` VALUES ('112024030771960133', '102024022920950002', '16059631666', '2024-03-07', '302023121633940008', 'ailiwen', '1001', '101.724525', '36.556977', '102023021497100001', '2024-03-07 17:28:28', '0');
INSERT INTO `work_license_pos` VALUES ('112024030772160019', '102024022920950002', '16059631666', '2024-03-07', '302023121633940008', 'ailiwen', '1001', '101.725548', '36.557003', '102023021497100001', '2024-03-07 13:08:37', '0');
INSERT INTO `work_license_pos` VALUES ('112024030772280097', '102024022920950002', '16059631666', '2024-03-07', '302023121633940008', 'ailiwen', '1001', '101.674509', '36.541289', '102023021497100001', '2024-03-07 17:17:27', '0');
INSERT INTO `work_license_pos` VALUES ('112024030772890106', '102024022920950002', '16059631666', '2024-03-07', '302023121633940008', 'ailiwen', '1001', '101.68756', '36.547203', '102023021497100001', '2024-03-07 17:20:45', '0');
INSERT INTO `work_license_pos` VALUES ('112024030773400103', '102024022920950002', '16059631666', '2024-03-07', '302023121633940008', 'ailiwen', '1001', '101.687555', '36.547106', '102023021497100001', '2024-03-07 17:20:44', '0');
INSERT INTO `work_license_pos` VALUES ('112024030773510079', '102024022920950002', '16059631666', '2024-03-07', '302023121633940008', 'ailiwen', '1001', '101.709037', '36.553927', '102023021497100001', '2024-03-07 17:11:32', '0');
INSERT INTO `work_license_pos` VALUES ('112024030773850018', '102024022920950002', '16059631666', '2024-03-07', '302023121633940008', 'ailiwen', '1001', '101.725537', '36.556995', '102023021497100001', '2024-03-07 13:08:36', '0');
INSERT INTO `work_license_pos` VALUES ('112024030775150026', '102024022920950002', '16059631666', '2024-03-07', '302023121633940008', 'ailiwen', '1001', '101.726278', '36.557522', '102023021497100001', '2024-03-07 13:13:29', '0');
INSERT INTO `work_license_pos` VALUES ('112024030776260130', '102024022920950002', '16059631666', '2024-03-07', '302023121633940008', 'ailiwen', '1001', '101.722503', '36.558038', '102023021497100001', '2024-03-07 17:27:08', '0');
INSERT INTO `work_license_pos` VALUES ('112024030776880020', '102024022920950002', '16059631666', '2024-03-07', '302023121633940008', 'ailiwen', '1001', '101.725568', '36.557011', '102023021497100001', '2024-03-07 13:08:38', '0');
INSERT INTO `work_license_pos` VALUES ('112024030777220003', '102024022920950002', '16059631666', '2024-03-07', '302023121633940008', 'ailiwen', '1001', '101.726005', '36.557395', '102023021497100001', '2024-03-07 00:50:15', '0');
INSERT INTO `work_license_pos` VALUES ('112024030778570016', '102024022920950002', '16059631666', '2024-03-07', '302023121633940008', 'ailiwen', '1001', '101.725021', '36.55673', '102023021497100001', '2024-03-07 13:07:46', '0');
INSERT INTO `work_license_pos` VALUES ('112024030780340152', '102024022920950002', '16059631666', '2024-03-07', '302023121633940008', 'ailiwen', '1001', '101.725693', '36.557237', '102023021497100001', '2024-03-07 17:35:55', '0');
INSERT INTO `work_license_pos` VALUES ('112024030780490146', '102024022920950002', '16059631666', '2024-03-07', '302023121633940008', 'ailiwen', '1001', '101.725839', '36.557254', '102023021497100001', '2024-03-07 17:30:27', '0');
INSERT INTO `work_license_pos` VALUES ('112024030780870117', '102024022920950002', '16059631666', '2024-03-07', '302023121633940008', 'ailiwen', '1001', '101.707051', '36.553817', '102023021497100001', '2024-03-07 17:23:07', '0');
INSERT INTO `work_license_pos` VALUES ('112024030780950121', '102024022920950002', '16059631666', '2024-03-07', '302023121633940008', 'ailiwen', '1001', '101.709621', '36.553964', '102023021497100001', '2024-03-07 17:23:24', '0');
INSERT INTO `work_license_pos` VALUES ('112024030781430110', '102024022920950002', '16059631666', '2024-03-07', '302023121633940008', 'ailiwen', '1001', '101.694707', '36.549364', '102023021497100001', '2024-03-07 17:20:59', '0');
INSERT INTO `work_license_pos` VALUES ('112024030782170049', '102024022920950002', '16059631666', '2024-03-07', '302023121633940008', 'ailiwen', '1001', '101.723449', '36.556341', '102023021497100001', '2024-03-07 17:01:01', '0');
INSERT INTO `work_license_pos` VALUES ('112024030783820087', '102024022920950002', '16059631666', '2024-03-07', '302023121633940008', 'ailiwen', '1001', '101.687536', '36.547779', '102023021497100001', '2024-03-07 17:14:41', '0');
INSERT INTO `work_license_pos` VALUES ('112024030785350134', '102024022920950002', '16059631666', '2024-03-07', '302023121633940008', 'ailiwen', '1001', '101.724563', '36.556993', '102023021497100001', '2024-03-07 17:28:49', '0');
INSERT INTO `work_license_pos` VALUES ('112024030786020148', '102024022920950002', '16059631666', '2024-03-07', '302023121633940008', 'ailiwen', '1001', '101.725961', '36.557267', '102023021497100001', '2024-03-07 17:31:42', '0');
INSERT INTO `work_license_pos` VALUES ('112024030786280061', '102024022920950002', '16059631666', '2024-03-07', '302023121633940008', 'ailiwen', '1001', '101.717096', '36.555819', '102023021497100001', '2024-03-07 17:05:03', '0');
INSERT INTO `work_license_pos` VALUES ('112024030787010081', '102024022920950002', '16059631666', '2024-03-07', '302023121633940008', 'ailiwen', '1001', '101.707389', '36.553992', '102023021497100001', '2024-03-07 17:11:44', '0');
INSERT INTO `work_license_pos` VALUES ('112024030788580122', '102024022920950002', '16059631666', '2024-03-07', '302023121633940008', 'ailiwen', '1001', '101.711533', '36.554836', '102023021497100001', '2024-03-07 17:23:44', '0');
INSERT INTO `work_license_pos` VALUES ('112024030790210095', '102024022920950002', '16059631666', '2024-03-07', '302023121633940008', 'ailiwen', '1001', '101.673365', '36.543023', '102023021497100001', '2024-03-07 17:17:04', '0');
INSERT INTO `work_license_pos` VALUES ('112024030790240070', '102024022920950002', '16059631666', '2024-03-07', '302023121633940008', 'ailiwen', '1001', '101.71897', '36.562311', '102023021497100001', '2024-03-07 17:08:12', '0');
INSERT INTO `work_license_pos` VALUES ('112024030790760057', '102024022920950002', '16059631666', '2024-03-07', '302023121633940008', 'ailiwen', '1001', '101.718745', '36.554172', '102023021497100001', '2024-03-07 17:04:29', '0');
INSERT INTO `work_license_pos` VALUES ('112024030790790099', '102024022920950002', '16059631666', '2024-03-07', '302023121633940008', 'ailiwen', '1001', '101.674934', '36.541448', '102023021497100001', '2024-03-07 17:17:33', '0');
INSERT INTO `work_license_pos` VALUES ('112024030790810139', '102024022920950002', '16059631666', '2024-03-07', '302023121633940008', 'ailiwen', '1001', '101.725096', '36.556745', '102023021497100001', '2024-03-07 17:28:57', '0');
INSERT INTO `work_license_pos` VALUES ('112024030791070030', '102024022920950002', '16059631666', '2024-03-07', '302023121633940008', 'ailiwen', '1001', '101.725788', '36.557601', '102023021497100001', '2024-03-07 14:21:03', '0');
INSERT INTO `work_license_pos` VALUES ('112024030791960056', '102024022920950002', '16059631666', '2024-03-07', '302023121633940008', 'ailiwen', '1001', '101.719343', '36.554472', '102023021497100001', '2024-03-07 17:04:21', '0');
INSERT INTO `work_license_pos` VALUES ('112024030792180050', '102024022920950002', '16059631666', '2024-03-07', '302023121633940008', 'ailiwen', '1001', '101.723363', '36.556345', '102023021497100001', '2024-03-07 17:01:02', '0');
INSERT INTO `work_license_pos` VALUES ('112024030794210107', '102024022920950002', '16059631666', '2024-03-07', '302023121633940008', 'ailiwen', '1001', '101.687434', '36.547504', '102023021497100001', '2024-03-07 17:20:46', '0');
INSERT INTO `work_license_pos` VALUES ('112024030794850135', '102024022920950002', '16059631666', '2024-03-07', '302023121633940008', 'ailiwen', '1001', '101.72459', '36.556992', '102023021497100001', '2024-03-07 17:28:49', '0');
INSERT INTO `work_license_pos` VALUES ('112024030795060136', '102024022920950002', '16059631666', '2024-03-07', '302023121633940008', 'ailiwen', '1001', '101.724614', '36.55698', '102023021497100001', '2024-03-07 17:28:49', '0');
INSERT INTO `work_license_pos` VALUES ('112024030797520003', '102024022920950002', '16059631666', '2024-03-07', '302023121633940008', 'ailiwen', '1001', '101.726101', '36.557239', '102023021497100001', '2024-03-07 19:38:39', '0');
INSERT INTO `work_license_pos` VALUES ('112024030797750078', '102024022920950002', '16059631666', '2024-03-07', '302023121633940008', 'ailiwen', '1001', '101.709687', '36.554079', '102023021497100001', '2024-03-07 17:11:31', '0');
INSERT INTO `work_license_pos` VALUES ('112024030797860102', '102024022920950002', '16059631666', '2024-03-07', '302023121633940008', 'ailiwen', '1001', '101.681504', '36.545098', '102023021497100001', '2024-03-07 17:18:28', '0');
INSERT INTO `work_license_pos` VALUES ('112024030798990009', '102024022920950002', '16059631666', '2024-03-07', '302023121633940008', 'ailiwen', '1001', '101.724896', '36.556715', '102023021497100001', '2024-03-07 12:47:43', '0');
INSERT INTO `work_license_pos` VALUES ('112024030799160002', '102024022920950002', '16059631666', '2024-03-07', '302023121633940008', 'ailiwen', '1001', '101.726005', '36.557395', '102023021497100001', '2024-03-07 00:49:14', '0');
INSERT INTO `work_license_pos` VALUES ('112024030799280028', '102024022920950002', '16059631666', '2024-03-07', '302023121633940008', 'ailiwen', '1001', '101.725788', '36.557601', '102023021497100001', '2024-03-07 14:19:43', '0');
INSERT INTO `work_license_pos` VALUES ('112024030799880111', '102024022920950002', '16059631666', '2024-03-07', '302023121633940008', 'ailiwen', '1001', '101.702848', '36.551861', '102023021497100001', '2024-03-07 17:21:59', '0');
INSERT INTO `work_license_pos` VALUES ('112024030800320085', '102024022920950002', '16059631666', '2024-03-08', '302023121633940008', 'ailiwen', '1001', '101.725956', '36.557345', '102023021497100001', '2024-03-08 19:28:16', '0');
INSERT INTO `work_license_pos` VALUES ('112024030801030042', '102024022920950002', '16059631666', '2024-03-08', '302023121633940008', 'ailiwen', '1001', '101.723098', '36.555956', '102023021497100001', '2024-03-08 12:17:20', '0');
INSERT INTO `work_license_pos` VALUES ('112024030801830041', '102024022920950002', '16059631666', '2024-03-08', '302023121633940008', 'ailiwen', '1001', '101.723346', '36.556013', '102023021497100001', '2024-03-08 12:16:20', '0');
INSERT INTO `work_license_pos` VALUES ('112024030808280079', '102024022920950002', '16059631666', '2024-03-08', '302023121633940008', 'ailiwen', '1001', '101.725874', '36.557341', '102023021497100001', '2024-03-08 13:41:56', '0');
INSERT INTO `work_license_pos` VALUES ('112024030811540055', '102024022920950002', '16059631666', '2024-03-08', '302023121633940008', 'ailiwen', '1001', '101.723736', '36.556242', '102023021497100001', '2024-03-08 12:33:55', '0');
INSERT INTO `work_license_pos` VALUES ('112024030812620006', '102024022920950002', '16059631666', '2024-03-08', '302023121633940008', 'ailiwen', '1001', '101.726464', '36.55657', '102023021497100001', '2024-03-08 03:17:29', '0');
INSERT INTO `work_license_pos` VALUES ('112024030812940082', '102024022920950002', '16059631666', '2024-03-08', '302023121633940008', 'ailiwen', '1001', '101.725956', '36.557345', '102023021497100001', '2024-03-08 19:25:52', '0');
INSERT INTO `work_license_pos` VALUES ('112024030813600067', '102024022920950002', '16059631666', '2024-03-08', '302023121633940008', 'ailiwen', '1001', '101.724662', '36.556779', '102023021497100001', '2024-03-08 13:36:04', '0');
INSERT INTO `work_license_pos` VALUES ('112024030816140069', '102024022920950002', '16059631666', '2024-03-08', '302023121633940008', 'ailiwen', '1001', '101.724978', '36.556596', '102023021497100001', '2024-03-08 13:36:07', '0');
INSERT INTO `work_license_pos` VALUES ('112024030816820083', '102024022920950002', '16059631666', '2024-03-08', '302023121633940008', 'ailiwen', '1001', '101.725956', '36.557345', '102023021497100001', '2024-03-08 19:26:32', '0');
INSERT INTO `work_license_pos` VALUES ('112024030818930009', '102024022920950002', '16059631666', '2024-03-08', '302023121633940008', 'ailiwen', '1001', '101.726464', '36.55657', '102023021497100001', '2024-03-08 03:19:48', '0');
INSERT INTO `work_license_pos` VALUES ('112024030820770008', '102024022920950002', '16059631666', '2024-03-08', '302023121633940008', 'ailiwen', '1001', '101.726464', '36.55657', '102023021497100001', '2024-03-08 03:18:56', '0');
INSERT INTO `work_license_pos` VALUES ('112024030821530075', '102024022920950002', '16059631666', '2024-03-08', '302023121633940008', 'ailiwen', '1001', '101.727177', '36.556715', '102023021497100001', '2024-03-08 13:40:42', '0');
INSERT INTO `work_license_pos` VALUES ('112024030825800036', '102024022920950002', '16059631666', '2024-03-08', '302023121633940008', 'ailiwen', '1001', '101.724952', '36.556868', '102023021497100001', '2024-03-08 12:12:02', '0');
INSERT INTO `work_license_pos` VALUES ('112024030827010051', '102024022920950002', '16059631666', '2024-03-08', '302023121633940008', 'ailiwen', '1001', '101.723077', '36.556339', '102023021497100001', '2024-03-08 12:32:21', '0');
INSERT INTO `work_license_pos` VALUES ('112024030827500078', '102024022920950002', '16059631666', '2024-03-08', '302023121633940008', 'ailiwen', '1001', '101.725874', '36.557341', '102023021497100001', '2024-03-08 13:40:56', '0');
INSERT INTO `work_license_pos` VALUES ('112024030833230076', '102024022920950002', '16059631666', '2024-03-08', '302023121633940008', 'ailiwen', '1001', '101.726057', '36.557164', '102023021497100001', '2024-03-08 13:40:47', '0');
INSERT INTO `work_license_pos` VALUES ('112024030833980039', '102024022920950002', '16059631666', '2024-03-08', '302023121633940008', 'ailiwen', '1001', '101.723352', '36.55633', '102023021497100001', '2024-03-08 12:14:20', '0');
INSERT INTO `work_license_pos` VALUES ('112024030835270054', '102024022920950002', '16059631666', '2024-03-08', '302023121633940008', 'ailiwen', '1001', '101.723634', '36.55624', '102023021497100001', '2024-03-08 12:33:31', '0');
INSERT INTO `work_license_pos` VALUES ('112024030835530058', '102024022920950002', '16059631666', '2024-03-08', '302023121633940008', 'ailiwen', '1001', '101.724619', '36.556431', '102023021497100001', '2024-03-08 12:34:54', '0');
INSERT INTO `work_license_pos` VALUES ('112024030836490072', '102024022920950002', '16059631666', '2024-03-08', '302023121633940008', 'ailiwen', '1001', '101.725921', '36.557286', '102023021497100001', '2024-03-08 13:38:11', '0');
INSERT INTO `work_license_pos` VALUES ('112024030838010038', '102024022920950002', '16059631666', '2024-03-08', '302023121633940008', 'ailiwen', '1001', '101.723658', '36.556249', '102023021497100001', '2024-03-08 12:13:52', '0');
INSERT INTO `work_license_pos` VALUES ('112024030838270057', '102024022920950002', '16059631666', '2024-03-08', '302023121633940008', 'ailiwen', '1001', '101.723906', '36.556297', '102023021497100001', '2024-03-08 12:33:56', '0');
INSERT INTO `work_license_pos` VALUES ('112024030843570068', '102024022920950002', '16059631666', '2024-03-08', '302023121633940008', 'ailiwen', '1001', '101.724662', '36.556779', '102023021497100001', '2024-03-08 13:36:05', '0');
INSERT INTO `work_license_pos` VALUES ('112024030844160005', '102024022920950002', '16059631666', '2024-03-08', '302023121633940008', 'ailiwen', '1001', '101.726464', '36.55657', '102023021497100001', '2024-03-08 03:17:26', '0');
INSERT INTO `work_license_pos` VALUES ('112024030844470074', '102024022920950002', '16059631666', '2024-03-08', '302023121633940008', 'ailiwen', '1001', '101.726211', '36.557569', '102023021497100001', '2024-03-08 13:38:52', '0');
INSERT INTO `work_license_pos` VALUES ('112024030845020065', '102024022920950002', '16059631666', '2024-03-08', '302023121633940008', 'ailiwen', '1001', '101.724566', '36.557768', '102023021497100001', '2024-03-08 13:35:57', '0');
INSERT INTO `work_license_pos` VALUES ('112024030846750080', '102024022920950002', '16059631666', '2024-03-08', '302023121633940008', 'ailiwen', '1001', '101.725874', '36.557341', '102023021497100001', '2024-03-08 13:42:56', '0');
INSERT INTO `work_license_pos` VALUES ('112024030851380034', '102024022920950002', '16059631666', '2024-03-08', '302023121633940008', 'ailiwen', '1001', '101.725604', '36.556878', '102023021497100001', '2024-03-08 12:10:03', '0');
INSERT INTO `work_license_pos` VALUES ('112024030852480061', '102024022920950002', '16059631666', '2024-03-08', '302023121633940008', 'ailiwen', '1001', '101.724707', '36.556689', '102023021497100001', '2024-03-08 12:37:54', '0');
INSERT INTO `work_license_pos` VALUES ('112024030855110007', '102024022920950002', '16059631666', '2024-03-08', '302023121633940008', 'ailiwen', '1001', '101.726464', '36.55657', '102023021497100001', '2024-03-08 03:17:56', '0');
INSERT INTO `work_license_pos` VALUES ('112024030855570060', '102024022920950002', '16059631666', '2024-03-08', '302023121633940008', 'ailiwen', '1001', '101.724707', '36.556689', '102023021497100001', '2024-03-08 12:37:14', '0');
INSERT INTO `work_license_pos` VALUES ('112024030855920040', '102024022920950002', '16059631666', '2024-03-08', '302023121633940008', 'ailiwen', '1001', '101.722979', '36.556262', '102023021497100001', '2024-03-08 12:15:20', '0');
INSERT INTO `work_license_pos` VALUES ('112024030860010037', '102024022920950002', '16059631666', '2024-03-08', '302023121633940008', 'ailiwen', '1001', '101.724569', '36.556459', '102023021497100001', '2024-03-08 12:13:02', '0');
INSERT INTO `work_license_pos` VALUES ('112024030862220052', '102024022920950002', '16059631666', '2024-03-08', '302023121633940008', 'ailiwen', '1001', '101.723108', '36.556389', '102023021497100001', '2024-03-08 12:32:25', '0');
INSERT INTO `work_license_pos` VALUES ('112024030862620044', '102024022920950002', '16059631666', '2024-03-08', '302023121633940008', 'ailiwen', '1001', '101.723077', '36.556333', '102023021497100001', '2024-03-08 12:18:33', '0');
INSERT INTO `work_license_pos` VALUES ('112024030864500035', '102024022920950002', '16059631666', '2024-03-08', '302023121633940008', 'ailiwen', '1001', '101.72529', '36.55687', '102023021497100001', '2024-03-08 12:11:02', '0');
INSERT INTO `work_license_pos` VALUES ('112024030866680059', '102024022920950002', '16059631666', '2024-03-08', '302023121633940008', 'ailiwen', '1001', '101.724707', '36.556689', '102023021497100001', '2024-03-08 12:35:54', '0');
INSERT INTO `work_license_pos` VALUES ('112024030866950046', '102024022920950002', '16059631666', '2024-03-08', '302023121633940008', 'ailiwen', '1001', '101.723077', '36.556333', '102023021497100001', '2024-03-08 12:20:12', '0');
INSERT INTO `work_license_pos` VALUES ('112024030867110071', '102024022920950002', '16059631666', '2024-03-08', '302023121633940008', 'ailiwen', '1001', '101.72586', '36.557262', '102023021497100001', '2024-03-08 13:38:06', '0');
INSERT INTO `work_license_pos` VALUES ('112024030869580003', '102024022920950002', '16059631666', '2024-03-08', '302023121633940008', 'ailiwen', '1001', '101.725904', '36.557499', '102023021497100001', '2024-03-08 03:17:14', '0');
INSERT INTO `work_license_pos` VALUES ('112024030869580043', '102024022920950002', '16059631666', '2024-03-08', '302023121633940008', 'ailiwen', '1001', '101.723089', '36.555946', '102023021497100001', '2024-03-08 12:17:24', '0');
INSERT INTO `work_license_pos` VALUES ('112024030869610073', '102024022920950002', '16059631666', '2024-03-08', '302023121633940008', 'ailiwen', '1001', '101.725928', '36.557294', '102023021497100001', '2024-03-08 13:38:12', '0');
INSERT INTO `work_license_pos` VALUES ('112024030876040049', '102024022920950002', '16059631666', '2024-03-08', '302023121633940008', 'ailiwen', '1001', '101.722945', '36.556691', '102023021497100001', '2024-03-08 12:31:54', '0');
INSERT INTO `work_license_pos` VALUES ('112024030878290084', '102024022920950002', '16059631666', '2024-03-08', '302023121633940008', 'ailiwen', '1001', '101.725956', '36.557345', '102023021497100001', '2024-03-08 19:27:52', '0');
INSERT INTO `work_license_pos` VALUES ('112024030880200081', '102024022920950002', '16059631666', '2024-03-08', '302023121633940008', 'ailiwen', '1001', '101.725874', '36.557341', '102023021497100001', '2024-03-08 13:43:40', '0');
INSERT INTO `work_license_pos` VALUES ('112024030881360066', '102024022920950002', '16059631666', '2024-03-08', '302023121633940008', 'ailiwen', '1001', '101.724815', '36.557039', '102023021497100001', '2024-03-08 13:36:01', '0');
INSERT INTO `work_license_pos` VALUES ('112024030881450050', '102024022920950002', '16059631666', '2024-03-08', '302023121633940008', 'ailiwen', '1001', '101.722945', '36.556691', '102023021497100001', '2024-03-08 12:31:55', '0');
INSERT INTO `work_license_pos` VALUES ('112024030882500063', '102024022920950002', '16059631666', '2024-03-08', '302023121633940008', 'ailiwen', '1001', '101.724707', '36.556689', '102023021497100001', '2024-03-08 12:38:37', '0');
INSERT INTO `work_license_pos` VALUES ('112024030889430004', '102024022920950002', '16059631666', '2024-03-08', '302023121633940008', 'ailiwen', '1001', '101.726464', '36.55657', '102023021497100001', '2024-03-08 03:17:19', '0');
INSERT INTO `work_license_pos` VALUES ('112024030889940056', '102024022920950002', '16059631666', '2024-03-08', '302023121633940008', 'ailiwen', '1001', '101.723885', '36.556284', '102023021497100001', '2024-03-08 12:33:55', '0');
INSERT INTO `work_license_pos` VALUES ('112024030890330064', '102024022920950002', '16059631666', '2024-03-08', '302023121633940008', 'ailiwen', '1001', '101.724707', '36.556689', '102023021497100001', '2024-03-08 12:39:09', '0');
INSERT INTO `work_license_pos` VALUES ('112024030890680047', '102024022920950002', '16059631666', '2024-03-08', '302023121633940008', 'ailiwen', '1001', '101.723077', '36.556333', '102023021497100001', '2024-03-08 12:21:12', '0');
INSERT INTO `work_license_pos` VALUES ('112024030890960077', '102024022920950002', '16059631666', '2024-03-08', '302023121633940008', 'ailiwen', '1001', '101.725878', '36.557337', '102023021497100001', '2024-03-08 13:40:55', '0');
INSERT INTO `work_license_pos` VALUES ('112024030892670048', '102024022920950002', '16059631666', '2024-03-08', '302023121633940008', 'ailiwen', '1001', '101.723077', '36.556333', '102023021497100001', '2024-03-08 12:21:21', '0');
INSERT INTO `work_license_pos` VALUES ('112024030895260070', '102024022920950002', '16059631666', '2024-03-08', '302023121633940008', 'ailiwen', '1001', '101.72541', '36.55685', '102023021497100001', '2024-03-08 13:37:06', '0');
INSERT INTO `work_license_pos` VALUES ('112024030896850053', '102024022920950002', '16059631666', '2024-03-08', '302023121633940008', 'ailiwen', '1001', '101.723315', '36.556359', '102023021497100001', '2024-03-08 12:33:18', '0');
INSERT INTO `work_license_pos` VALUES ('112024030898560062', '102024022920950002', '16059631666', '2024-03-08', '302023121633940008', 'ailiwen', '1001', '101.724707', '36.556689', '102023021497100001', '2024-03-08 12:38:35', '0');
INSERT INTO `work_license_pos` VALUES ('112024030899320045', '102024022920950002', '16059631666', '2024-03-08', '302023121633940008', 'ailiwen', '1001', '101.723077', '36.556333', '102023021497100001', '2024-03-08 12:19:12', '0');
INSERT INTO `work_license_pos` VALUES ('112024030901340159', '102024022920950002', '16059631666', '2024-03-09', '302023121633940008', 'ailiwen', '1001', '101.969947', '36.844342', '102023021497100001', '2024-03-09 18:47:26', '0');
INSERT INTO `work_license_pos` VALUES ('112024030901350097', '102024022920950002', '16059631666', '2024-03-09', '302023121633940008', 'ailiwen', '1001', '101.88297', '36.606043', '102023021497100001', '2024-03-09 18:19:55', '0');
INSERT INTO `work_license_pos` VALUES ('112024030901640017', '102024022920950002', '16059631666', '2024-03-09', '302023121633940008', 'ailiwen', '1001', '101.724503', '36.556964', '102023021497100001', '2024-03-09 17:55:34', '0');
INSERT INTO `work_license_pos` VALUES ('112024030902030023', '102024022920950002', '16059631666', '2024-03-09', '302023121633940008', 'ailiwen', '1001', '101.719297', '36.561963', '102023021497100001', '2024-03-09 17:57:55', '0');
INSERT INTO `work_license_pos` VALUES ('112024030902730058', '102024022920950002', '16059631666', '2024-03-09', '302023121633940008', 'ailiwen', '1001', '101.777793', '36.641186', '102023021497100001', '2024-03-09 18:09:18', '0');
INSERT INTO `work_license_pos` VALUES ('112024030903370106', '102024022920950002', '16059631666', '2024-03-09', '302023121633940008', 'ailiwen', '1001', '101.900893', '36.721304', '102023021497100001', '2024-03-09 18:27:33', '0');
INSERT INTO `work_license_pos` VALUES ('112024030903580061', '102024022920950002', '16059631666', '2024-03-09', '302023121633940008', 'ailiwen', '1001', '101.793606', '36.635753', '102023021497100001', '2024-03-09 18:10:42', '0');
INSERT INTO `work_license_pos` VALUES ('112024030903800179', '102024022920950002', '16059631666', '2024-03-09', '302023121633940008', 'ailiwen', '1001', '101.969854', '36.843', '102023021497100001', '2024-03-09 21:18:03', '0');
INSERT INTO `work_license_pos` VALUES ('112024030903920085', '102024022920950002', '16059631666', '2024-03-09', '302023121633940008', 'ailiwen', '1001', '101.855741', '36.583375', '102023021497100001', '2024-03-09 18:17:19', '0');
INSERT INTO `work_license_pos` VALUES ('112024030904150059', '102024022920950002', '16059631666', '2024-03-09', '302023121633940008', 'ailiwen', '1001', '101.781008', '36.640251', '102023021497100001', '2024-03-09 18:09:37', '0');
INSERT INTO `work_license_pos` VALUES ('112024030904260115', '102024022920950002', '16059631666', '2024-03-09', '302023121633940008', 'ailiwen', '1001', '101.940032', '36.795705', '102023021497100001', '2024-03-09 18:32:49', '0');
INSERT INTO `work_license_pos` VALUES ('112024030904870032', '102024022920950002', '16059631666', '2024-03-09', '302023121633940008', 'ailiwen', '1001', '101.732989', '36.574938', '102023021497100001', '2024-03-09 17:59:28', '0');
INSERT INTO `work_license_pos` VALUES ('112024030905010138', '102024022920950002', '16059631666', '2024-03-09', '302023121633940008', 'ailiwen', '1001', '101.968439', '36.842502', '102023021497100001', '2024-03-09 18:40:50', '0');
INSERT INTO `work_license_pos` VALUES ('112024030905110101', '102024022920950002', '16059631666', '2024-03-09', '302023121633940008', 'ailiwen', '1001', '101.891394', '36.663554', '102023021497100001', '2024-03-09 18:23:49', '0');
INSERT INTO `work_license_pos` VALUES ('112024030905350025', '102024022920950002', '16059631666', '2024-03-09', '302023121633940008', 'ailiwen', '1001', '101.719135', '36.562391', '102023021497100001', '2024-03-09 17:58:00', '0');
INSERT INTO `work_license_pos` VALUES ('112024030905400051', '102024022920950002', '16059631666', '2024-03-09', '302023121633940008', 'ailiwen', '1001', '101.773443', '36.64047', '102023021497100001', '2024-03-09 18:08:52', '0');
INSERT INTO `work_license_pos` VALUES ('112024030905930087', '102024022920950002', '16059631666', '2024-03-09', '302023121633940008', 'ailiwen', '1001', '101.726073', '36.557167', '102023021497100001', '2024-03-09 04:18:26', '0');
INSERT INTO `work_license_pos` VALUES ('112024030906730148', '102024022920950002', '16059631666', '2024-03-09', '302023121633940008', 'ailiwen', '1001', '101.969771', '36.844138', '102023021497100001', '2024-03-09 18:42:12', '0');
INSERT INTO `work_license_pos` VALUES ('112024030907070074', '102024022920950002', '16059631666', '2024-03-09', '302023121633940008', 'ailiwen', '1001', '101.822632', '36.616544', '102023021497100001', '2024-03-09 18:13:23', '0');
INSERT INTO `work_license_pos` VALUES ('112024030907440083', '102024022920950002', '16059631666', '2024-03-09', '302023121633940008', 'ailiwen', '1001', '101.852611', '36.584979', '102023021497100001', '2024-03-09 18:17:02', '0');
INSERT INTO `work_license_pos` VALUES ('112024030907600019', '102024022920950002', '16059631666', '2024-03-09', '302023121633940008', 'ailiwen', '1001', '101.723597', '36.556521', '102023021497100001', '2024-03-09 17:55:51', '0');
INSERT INTO `work_license_pos` VALUES ('112024030908910009', '102024022920950002', '16059631666', '2024-03-09', '302023121633940008', 'ailiwen', '1001', '101.724048', '36.558463', '102023021497100001', '2024-03-09 12:37:16', '0');
INSERT INTO `work_license_pos` VALUES ('112024030909780163', '102024022920950002', '16059631666', '2024-03-09', '302023121633940008', 'ailiwen', '1001', '101.969384', '36.843924', '102023021497100001', '2024-03-09 18:49:00', '0');
INSERT INTO `work_license_pos` VALUES ('112024030910380007', '102024022920950002', '16059631666', '2024-03-09', '302023121633940008', 'ailiwen', '1001', '101.725841', '36.556754', '102023021497100001', '2024-03-09 12:49:49', '0');
INSERT INTO `work_license_pos` VALUES ('112024030910570161', '102024022920950002', '16059631666', '2024-03-09', '302023121633940008', 'ailiwen', '1001', '101.969384', '36.843924', '102023021497100001', '2024-03-09 18:47:40', '0');
INSERT INTO `work_license_pos` VALUES ('112024030911610136', '102024022920950002', '16059631666', '2024-03-09', '302023121633940008', 'ailiwen', '1001', '101.970879', '36.840568', '102023021497100001', '2024-03-09 18:40:23', '0');
INSERT INTO `work_license_pos` VALUES ('112024030912600102', '102024022920950002', '16059631666', '2024-03-09', '302023121633940008', 'ailiwen', '1001', '101.895853', '36.678838', '102023021497100001', '2024-03-09 18:24:49', '0');
INSERT INTO `work_license_pos` VALUES ('112024030913250052', '102024022920950002', '16059631666', '2024-03-09', '302023121633940008', 'ailiwen', '1001', '101.77362', '36.640676', '102023021497100001', '2024-03-09 18:08:54', '0');
INSERT INTO `work_license_pos` VALUES ('112024030914010147', '102024022920950002', '16059631666', '2024-03-09', '302023121633940008', 'ailiwen', '1001', '101.969791', '36.84413', '102023021497100001', '2024-03-09 18:42:11', '0');
INSERT INTO `work_license_pos` VALUES ('112024030914860171', '102024022920950002', '16059631666', '2024-03-09', '302023121633940008', 'ailiwen', '1001', '101.969059', '36.843919', '102023021497100001', '2024-03-09 19:42:17', '0');
INSERT INTO `work_license_pos` VALUES ('112024030915270123', '102024022920950002', '16059631666', '2024-03-09', '302023121633940008', 'ailiwen', '1001', '101.944304', '36.79925', '102023021497100001', '2024-03-09 18:33:15', '0');
INSERT INTO `work_license_pos` VALUES ('112024030915750092', '102024022920950002', '16059631666', '2024-03-09', '302023121633940008', 'ailiwen', '1001', '17.175138', '36.583549', '102023021497100001', '2024-03-09 18:18:19', '0');
INSERT INTO `work_license_pos` VALUES ('112024030916700087', '102024022920950002', '16059631666', '2024-03-09', '302023121633940008', 'ailiwen', '1001', '101.857149', '36.581811', '102023021497100001', '2024-03-09 18:17:33', '0');
INSERT INTO `work_license_pos` VALUES ('112024030916990144', '102024022920950002', '16059631666', '2024-03-09', '302023121633940008', 'ailiwen', '1001', '101.969892', '36.844148', '102023021497100001', '2024-03-09 18:42:07', '0');
INSERT INTO `work_license_pos` VALUES ('112024030917310057', '102024022920950002', '16059631666', '2024-03-09', '302023121633940008', 'ailiwen', '1001', '101.77519', '36.641436', '102023021497100001', '2024-03-09 18:09:06', '0');
INSERT INTO `work_license_pos` VALUES ('112024030918290030', '102024022920950002', '16059631666', '2024-03-09', '302023121633940008', 'ailiwen', '1001', '101.730157', '36.574057', '102023021497100001', '2024-03-09 17:59:27', '0');
INSERT INTO `work_license_pos` VALUES ('112024030918330011', '102024022920950002', '16059631666', '2024-03-09', '302023121633940008', 'ailiwen', '1001', '101.725025', '36.556685', '102023021497100001', '2024-03-09 17:54:51', '0');
INSERT INTO `work_license_pos` VALUES ('112024030919080143', '102024022920950002', '16059631666', '2024-03-09', '302023121633940008', 'ailiwen', '1001', '101.969967', '36.844143', '102023021497100001', '2024-03-09 18:42:04', '0');
INSERT INTO `work_license_pos` VALUES ('112024030919520164', '102024022920950002', '16059631666', '2024-03-09', '302023121633940008', 'ailiwen', '1001', '101.969384', '36.843924', '102023021497100001', '2024-03-09 18:49:40', '0');
INSERT INTO `work_license_pos` VALUES ('112024030919980036', '102024022920950002', '16059631666', '2024-03-09', '302023121633940008', 'ailiwen', '1001', '101.743552', '36.588877', '102023021497100001', '2024-03-09 18:01:50', '0');
INSERT INTO `work_license_pos` VALUES ('112024030922020137', '102024022920950002', '16059631666', '2024-03-09', '302023121633940008', 'ailiwen', '1001', '101.970807', '36.8407', '102023021497100001', '2024-03-09 18:40:25', '0');
INSERT INTO `work_license_pos` VALUES ('112024030922780073', '102024022920950002', '16059631666', '2024-03-09', '302023121633940008', 'ailiwen', '1001', '101.821693', '36.617949', '102023021497100001', '2024-03-09 18:13:15', '0');
INSERT INTO `work_license_pos` VALUES ('112024030923170141', '102024022920950002', '16059631666', '2024-03-09', '302023121633940008', 'ailiwen', '1001', '101.969999', '36.844089', '102023021497100001', '2024-03-09 18:41:42', '0');
INSERT INTO `work_license_pos` VALUES ('112024030923280027', '102024022920950002', '16059631666', '2024-03-09', '302023121633940008', 'ailiwen', '1001', '101.719536', '36.562994', '102023021497100001', '2024-03-09 17:58:06', '0');
INSERT INTO `work_license_pos` VALUES ('112024030923450050', '102024022920950002', '16059631666', '2024-03-09', '302023121633940008', 'ailiwen', '1001', '101.773212', '36.640325', '102023021497100001', '2024-03-09 18:08:50', '0');
INSERT INTO `work_license_pos` VALUES ('112024030924070113', '102024022920950002', '16059631666', '2024-03-09', '302023121633940008', 'ailiwen', '1001', '101.933702', '36.783001', '102023021497100001', '2024-03-09 18:31:52', '0');
INSERT INTO `work_license_pos` VALUES ('112024030924220105', '102024022920950002', '16059631666', '2024-03-09', '302023121633940008', 'ailiwen', '1001', '101.900954', '36.716598', '102023021497100001', '2024-03-09 18:27:15', '0');
INSERT INTO `work_license_pos` VALUES ('112024030926150146', '102024022920950002', '16059631666', '2024-03-09', '302023121633940008', 'ailiwen', '1001', '101.969815', '36.844129', '102023021497100001', '2024-03-09 18:42:10', '0');
INSERT INTO `work_license_pos` VALUES ('112024030927050047', '102024022920950002', '16059631666', '2024-03-09', '302023121633940008', 'ailiwen', '1001', '101.770885', '36.637988', '102023021497100001', '2024-03-09 18:08:40', '0');
INSERT INTO `work_license_pos` VALUES ('112024030927150016', '102024022920950002', '16059631666', '2024-03-09', '302023121633940008', 'ailiwen', '1001', '101.724609', '36.556993', '102023021497100001', '2024-03-09 17:55:31', '0');
INSERT INTO `work_license_pos` VALUES ('112024030927410079', '102024022920950002', '16059631666', '2024-03-09', '302023121633940008', 'ailiwen', '1001', '101.845596', '36.591727', '102023021497100001', '2024-03-09 18:16:06', '0');
INSERT INTO `work_license_pos` VALUES ('112024030928850104', '102024022920950002', '16059631666', '2024-03-09', '302023121633940008', 'ailiwen', '1001', '101.901499', '36.700881', '102023021497100001', '2024-03-09 18:26:15', '0');
INSERT INTO `work_license_pos` VALUES ('112024030928960042', '102024022920950002', '16059631666', '2024-03-09', '302023121633940008', 'ailiwen', '1001', '101.754366', '36.610299', '102023021497100001', '2024-03-09 18:05:21', '0');
INSERT INTO `work_license_pos` VALUES ('112024030929540006', '102024022920950002', '16059631666', '2024-03-09', '302023121633940008', 'ailiwen', '1001', '101.725901', '36.556747', '102023021497100001', '2024-03-09 12:49:48', '0');
INSERT INTO `work_license_pos` VALUES ('112024030930150135', '102024022920950002', '16059631666', '2024-03-09', '302023121633940008', 'ailiwen', '1001', '101.970883', '36.840507', '102023021497100001', '2024-03-09 18:40:22', '0');
INSERT INTO `work_license_pos` VALUES ('112024030931940005', '102024022920950002', '16059631666', '2024-03-09', '302023121633940008', 'ailiwen', '1001', '101.72668', '36.556443', '102023021497100001', '2024-03-09 17:47:41', '0');
INSERT INTO `work_license_pos` VALUES ('112024030932280054', '102024022920950002', '16059631666', '2024-03-09', '302023121633940008', 'ailiwen', '1001', '101.774045', '36.641203', '102023021497100001', '2024-03-09 18:08:59', '0');
INSERT INTO `work_license_pos` VALUES ('112024030932380081', '102024022920950002', '16059631666', '2024-03-09', '302023121633940008', 'ailiwen', '1001', '101.848643', '36.587487', '102023021497100001', '2024-03-09 18:16:32', '0');
INSERT INTO `work_license_pos` VALUES ('112024030932710166', '102024022920950002', '16059631666', '2024-03-09', '302023121633940008', 'ailiwen', '1001', '101.969384', '36.843924', '102023021497100001', '2024-03-09 18:51:40', '0');
INSERT INTO `work_license_pos` VALUES ('112024030932980076', '102024022920950002', '16059631666', '2024-03-09', '302023121633940008', 'ailiwen', '1001', '101.834071', '36.602348', '102023021497100001', '2024-03-09 18:14:53', '0');
INSERT INTO `work_license_pos` VALUES ('112024030933450149', '102024022920950002', '16059631666', '2024-03-09', '302023121633940008', 'ailiwen', '1001', '101.969581', '36.844199', '102023021497100001', '2024-03-09 18:43:13', '0');
INSERT INTO `work_license_pos` VALUES ('112024030933470048', '102024022920950002', '16059631666', '2024-03-09', '302023121633940008', 'ailiwen', '1001', '101.772119', '36.640072', '102023021497100001', '2024-03-09 18:08:42', '0');
INSERT INTO `work_license_pos` VALUES ('112024030933590070', '102024022920950002', '16059631666', '2024-03-09', '302023121633940008', 'ailiwen', '1001', '101.808169', '36.627773', '102023021497100001', '2024-03-09 18:12:09', '0');
INSERT INTO `work_license_pos` VALUES ('112024030933850006', '102024022920950002', '16059631666', '2024-03-09', '302023121633940008', 'ailiwen', '1001', '101.726402', '36.556902', '102023021497100001', '2024-03-09 17:48:15', '0');
INSERT INTO `work_license_pos` VALUES ('112024030934080044', '102024022920950002', '16059631666', '2024-03-09', '302023121633940008', 'ailiwen', '1001', '101.762698', '36.627578', '102023021497100001', '2024-03-09 18:07:13', '0');
INSERT INTO `work_license_pos` VALUES ('112024030934470041', '102024022920950002', '16059631666', '2024-03-09', '302023121633940008', 'ailiwen', '1001', '101.752316', '36.60267', '102023021497100001', '2024-03-09 18:04:19', '0');
INSERT INTO `work_license_pos` VALUES ('112024030934480018', '102024022920950002', '16059631666', '2024-03-09', '302023121633940008', 'ailiwen', '1001', '101.723651', '36.55652', '102023021497100001', '2024-03-09 17:55:50', '0');
INSERT INTO `work_license_pos` VALUES ('112024030934900116', '102024022920950002', '16059631666', '2024-03-09', '302023121633940008', 'ailiwen', '1001', '101.940482', '36.796456', '102023021497100001', '2024-03-09 18:32:51', '0');
INSERT INTO `work_license_pos` VALUES ('112024030934910154', '102024022920950002', '16059631666', '2024-03-09', '302023121633940008', 'ailiwen', '1001', '101.969894', '36.844321', '102023021497100001', '2024-03-09 18:43:37', '0');
INSERT INTO `work_license_pos` VALUES ('112024030934910172', '102024022920950002', '16059631666', '2024-03-09', '302023121633940008', 'ailiwen', '1001', '101.969059', '36.843919', '102023021497100001', '2024-03-09 19:42:53', '0');
INSERT INTO `work_license_pos` VALUES ('112024030935770043', '102024022920950002', '16059631666', '2024-03-09', '302023121633940008', 'ailiwen', '1001', '101.757722', '36.618844', '102023021497100001', '2024-03-09 18:06:12', '0');
INSERT INTO `work_license_pos` VALUES ('112024030936370180', '102024022920950002', '16059631666', '2024-03-09', '302023121633940008', 'ailiwen', '1001', '101.969854', '36.843', '102023021497100001', '2024-03-09 21:19:03', '0');
INSERT INTO `work_license_pos` VALUES ('112024030936740129', '102024022920950002', '16059631666', '2024-03-09', '302023121633940008', 'ailiwen', '1001', '101.946228', '36.813973', '102023021497100001', '2024-03-09 18:35:12', '0');
INSERT INTO `work_license_pos` VALUES ('112024030936770100', '102024022920950002', '16059631666', '2024-03-09', '302023121633940008', 'ailiwen', '1001', '101.885152', '36.648286', '102023021497100001', '2024-03-09 18:22:49', '0');
INSERT INTO `work_license_pos` VALUES ('112024030937150065', '102024022920950002', '16059631666', '2024-03-09', '302023121633940008', 'ailiwen', '1001', '101.798943', '36.63083', '102023021497100001', '2024-03-09 18:11:18', '0');
INSERT INTO `work_license_pos` VALUES ('112024030937180024', '102024022920950002', '16059631666', '2024-03-09', '302023121633940008', 'ailiwen', '1001', '101.719144', '36.562221', '102023021497100001', '2024-03-09 17:57:59', '0');
INSERT INTO `work_license_pos` VALUES ('112024030937870071', '102024022920950002', '16059631666', '2024-03-09', '302023121633940008', 'ailiwen', '1001', '101.815384', '36.621926', '102023021497100001', '2024-03-09 18:13:02', '0');
INSERT INTO `work_license_pos` VALUES ('112024030938330020', '102024022920950002', '16059631666', '2024-03-09', '302023121633940008', 'ailiwen', '1001', '101.723497', '36.556562', '102023021497100001', '2024-03-09 17:55:53', '0');
INSERT INTO `work_license_pos` VALUES ('112024030938710095', '102024022920950002', '16059631666', '2024-03-09', '302023121633940008', 'ailiwen', '1001', '101.878064', '36.592048', '102023021497100001', '2024-03-09 18:19:02', '0');
INSERT INTO `work_license_pos` VALUES ('112024030939430082', '102024022920950002', '16059631666', '2024-03-09', '302023121633940008', 'ailiwen', '1001', '101.849974', '36.586364', '102023021497100001', '2024-03-09 18:17:02', '0');
INSERT INTO `work_license_pos` VALUES ('112024030939460181', '102024022920950002', '16059631666', '2024-03-09', '302023121633940008', 'ailiwen', '1001', '101.969854', '36.843', '102023021497100001', '2024-03-09 21:19:29', '0');
INSERT INTO `work_license_pos` VALUES ('112024030939690108', '102024022920950002', '16059631666', '2024-03-09', '302023121633940008', 'ailiwen', '1001', '101.902218', '36.724244', '102023021497100001', '2024-03-09 18:27:45', '0');
INSERT INTO `work_license_pos` VALUES ('112024030939700178', '102024022920950002', '16059631666', '2024-03-09', '302023121633940008', 'ailiwen', '1001', '101.969854', '36.843', '102023021497100001', '2024-03-09 21:17:03', '0');
INSERT INTO `work_license_pos` VALUES ('112024030939900067', '102024022920950002', '16059631666', '2024-03-09', '302023121633940008', 'ailiwen', '1001', '101.80238', '36.629743', '102023021497100001', '2024-03-09 18:11:34', '0');
INSERT INTO `work_license_pos` VALUES ('112024030941470133', '102024022920950002', '16059631666', '2024-03-09', '302023121633940008', 'ailiwen', '1001', '101.96411', '36.834629', '102023021497100001', '2024-03-09 18:38:50', '0');
INSERT INTO `work_license_pos` VALUES ('112024030943030091', '102024022920950002', '16059631666', '2024-03-09', '302023121633940008', 'ailiwen', '1001', '101.866349', '36.582874', '102023021497100001', '2024-03-09 18:18:12', '0');
INSERT INTO `work_license_pos` VALUES ('112024030943050086', '102024022920950002', '16059631666', '2024-03-09', '302023121633940008', 'ailiwen', '1001', '101.856658', '36.582117', '102023021497100001', '2024-03-09 18:17:29', '0');
INSERT INTO `work_license_pos` VALUES ('112024030943460031', '102024022920950002', '16059631666', '2024-03-09', '302023121633940008', 'ailiwen', '1001', '101.732321', '36.574556', '102023021497100001', '2024-03-09 17:59:28', '0');
INSERT INTO `work_license_pos` VALUES ('112024030943640040', '102024022920950002', '16059631666', '2024-03-09', '302023121633940008', 'ailiwen', '1001', '101.751398', '36.598106', '102023021497100001', '2024-03-09 18:03:19', '0');
INSERT INTO `work_license_pos` VALUES ('112024030943900005', '102024022920950002', '16059631666', '2024-03-09', '302023121633940008', 'ailiwen', '1001', '101.726521', '36.558398', '102023021497100001', '2024-03-09 14:58:57', '0');
INSERT INTO `work_license_pos` VALUES ('112024030943950010', '102024022920950002', '16059631666', '2024-03-09', '302023121633940008', 'ailiwen', '1001', '101.725745', '36.557068', '102023021497100001', '2024-03-09 17:54:20', '0');
INSERT INTO `work_license_pos` VALUES ('112024030945070119', '102024022920950002', '16059631666', '2024-03-09', '302023121633940008', 'ailiwen', '1001', '604.377994', '36.797697', '102023021497100001', '2024-03-09 18:33:06', '0');
INSERT INTO `work_license_pos` VALUES ('112024030947680088', '102024022920950002', '16059631666', '2024-03-09', '302023121633940008', 'ailiwen', '1001', '101.726073', '36.557167', '102023021497100001', '2024-03-09 04:19:26', '0');
INSERT INTO `work_license_pos` VALUES ('112024030948350169', '102024022920950002', '16059631666', '2024-03-09', '302023121633940008', 'ailiwen', '1001', '101.969059', '36.843919', '102023021497100001', '2024-03-09 19:40:17', '0');
INSERT INTO `work_license_pos` VALUES ('112024030948910127', '102024022920950002', '16059631666', '2024-03-09', '302023121633940008', 'ailiwen', '1001', '101.943683', '36.808345', '102023021497100001', '2024-03-09 18:34:21', '0');
INSERT INTO `work_license_pos` VALUES ('112024030949110053', '102024022920950002', '16059631666', '2024-03-09', '302023121633940008', 'ailiwen', '1001', '101.773839', '36.641032', '102023021497100001', '2024-03-09 18:08:57', '0');
INSERT INTO `work_license_pos` VALUES ('112024030949370004', '102024022920950002', '16059631666', '2024-03-09', '302023121633940008', 'ailiwen', '1001', '101.726521', '36.558398', '102023021497100001', '2024-03-09 14:58:24', '0');
INSERT INTO `work_license_pos` VALUES ('112024030950030049', '102024022920950002', '16059631666', '2024-03-09', '302023121633940008', 'ailiwen', '1001', '101.772369', '36.640172', '102023021497100001', '2024-03-09 18:08:44', '0');
INSERT INTO `work_license_pos` VALUES ('112024030950250156', '102024022920950002', '16059631666', '2024-03-09', '302023121633940008', 'ailiwen', '1001', '101.969947', '36.844342', '102023021497100001', '2024-03-09 18:44:26', '0');
INSERT INTO `work_license_pos` VALUES ('112024030950970077', '102024022920950002', '16059631666', '2024-03-09', '302023121633940008', 'ailiwen', '1001', '101.836708', '36.598163', '102023021497100001', '2024-03-09 18:15:15', '0');
INSERT INTO `work_license_pos` VALUES ('112024030951730045', '102024022920950002', '16059631666', '2024-03-09', '302023121633940008', 'ailiwen', '1001', '101.76497', '36.631273', '102023021497100001', '2024-03-09 18:07:33', '0');
INSERT INTO `work_license_pos` VALUES ('112024030952430039', '102024022920950002', '16059631666', '2024-03-09', '302023121633940008', 'ailiwen', '1001', '101.750833', '36.596161', '102023021497100001', '2024-03-09 18:03:13', '0');
INSERT INTO `work_license_pos` VALUES ('112024030953320035', '102024022920950002', '16059631666', '2024-03-09', '302023121633940008', 'ailiwen', '1001', '101.741389', '36.586607', '102023021497100001', '2024-03-09 18:01:31', '0');
INSERT INTO `work_license_pos` VALUES ('112024030954260126', '102024022920950002', '16059631666', '2024-03-09', '302023121633940008', 'ailiwen', '1001', '101.942911', '36.8021', '102023021497100001', '2024-03-09 18:33:32', '0');
INSERT INTO `work_license_pos` VALUES ('112024030954990014', '102024022920950002', '16059631666', '2024-03-09', '302023121633940008', 'ailiwen', '1001', '101.724895', '36.556743', '102023021497100001', '2024-03-09 17:54:59', '0');
INSERT INTO `work_license_pos` VALUES ('112024030955560177', '102024022920950002', '16059631666', '2024-03-09', '302023121633940008', 'ailiwen', '1001', '101.969854', '36.843', '102023021497100001', '2024-03-09 21:16:23', '0');
INSERT INTO `work_license_pos` VALUES ('112024030956030063', '102024022920950002', '16059631666', '2024-03-09', '302023121633940008', 'ailiwen', '1001', '101.79591', '36.633825', '102023021497100001', '2024-03-09 18:10:57', '0');
INSERT INTO `work_license_pos` VALUES ('112024030956710130', '102024022920950002', '16059631666', '2024-03-09', '302023121633940008', 'ailiwen', '1001', '101.952318', '36.821221', '102023021497100001', '2024-03-09 18:35:51', '0');
INSERT INTO `work_license_pos` VALUES ('112024030956830033', '102024022920950002', '16059631666', '2024-03-09', '302023121633940008', 'ailiwen', '1001', '101.733558', '36.575458', '102023021497100001', '2024-03-09 17:59:31', '0');
INSERT INTO `work_license_pos` VALUES ('112024030957240008', '102024022920950002', '16059631666', '2024-03-09', '302023121633940008', 'ailiwen', '1001', '101.725941', '36.557303', '102023021497100001', '2024-03-09 17:49:00', '0');
INSERT INTO `work_license_pos` VALUES ('112024030957860107', '102024022920950002', '16059631666', '2024-03-09', '302023121633940008', 'ailiwen', '1001', '101.901362', '36.722826', '102023021497100001', '2024-03-09 18:27:39', '0');
INSERT INTO `work_license_pos` VALUES ('112024030958020056', '102024022920950002', '16059631666', '2024-03-09', '302023121633940008', 'ailiwen', '1001', '101.774615', '36.641407', '102023021497100001', '2024-03-09 18:09:03', '0');
INSERT INTO `work_license_pos` VALUES ('112024030958330173', '102024022920950002', '16059631666', '2024-03-09', '302023121633940008', 'ailiwen', '1001', '101.969163', '36.84373', '102023021497100001', '2024-03-09 21:09:46', '0');
INSERT INTO `work_license_pos` VALUES ('112024030958380174', '102024022920950002', '16059631666', '2024-03-09', '302023121633940008', 'ailiwen', '1001', '101.969163', '36.84373', '102023021497100001', '2024-03-09 21:10:26', '0');
INSERT INTO `work_license_pos` VALUES ('112024030960750099', '102024022920950002', '16059631666', '2024-03-09', '302023121633940008', 'ailiwen', '1001', '101.88373', '36.633376', '102023021497100001', '2024-03-09 18:21:55', '0');
INSERT INTO `work_license_pos` VALUES ('112024030961700110', '102024022920950002', '16059631666', '2024-03-09', '302023121633940008', 'ailiwen', '1001', '101.91516', '36.738381', '102023021497100001', '2024-03-09 18:28:52', '0');
INSERT INTO `work_license_pos` VALUES ('112024030962050111', '102024022920950002', '16059631666', '2024-03-09', '302023121633940008', 'ailiwen', '1001', '101.922726', '36.752845', '102023021497100001', '2024-03-09 18:29:52', '0');
INSERT INTO `work_license_pos` VALUES ('112024030962840026', '102024022920950002', '16059631666', '2024-03-09', '302023121633940008', 'ailiwen', '1001', '101.719165', '36.562476', '102023021497100001', '2024-03-09 17:58:01', '0');
INSERT INTO `work_license_pos` VALUES ('112024030963760176', '102024022920950002', '16059631666', '2024-03-09', '302023121633940008', 'ailiwen', '1001', '101.969163', '36.84373', '102023021497100001', '2024-03-09 21:12:18', '0');
INSERT INTO `work_license_pos` VALUES ('112024030964030118', '102024022920950002', '16059631666', '2024-03-09', '302023121633940008', 'ailiwen', '1001', '101.943638', '36.797464', '102023021497100001', '2024-03-09 18:33:04', '0');
INSERT INTO `work_license_pos` VALUES ('112024030965050088', '102024022920950002', '16059631666', '2024-03-09', '302023121633940008', 'ailiwen', '1001', '101.857696', '36.581616', '102023021497100001', '2024-03-09 18:17:35', '0');
INSERT INTO `work_license_pos` VALUES ('112024030965800155', '102024022920950002', '16059631666', '2024-03-09', '302023121633940008', 'ailiwen', '1001', '101.969856', '36.844406', '102023021497100001', '2024-03-09 18:43:38', '0');
INSERT INTO `work_license_pos` VALUES ('112024030966070002', '102024022920950002', '16059631666', '2024-03-09', '302023121633940008', 'ailiwen', '1001', '101.725884', '36.55581', '102023021497100001', '2024-03-09 14:56:29', '0');
INSERT INTO `work_license_pos` VALUES ('112024030966640009', '102024022920950002', '16059631666', '2024-03-09', '302023121633940008', 'ailiwen', '1001', '33.951799', '36.557181', '102023021497100001', '2024-03-09 17:53:20', '0');
INSERT INTO `work_license_pos` VALUES ('112024030966720075', '102024022920950002', '16059631666', '2024-03-09', '302023121633940008', 'ailiwen', '1001', '101.82552', '36.611166', '102023021497100001', '2024-03-09 18:13:52', '0');
INSERT INTO `work_license_pos` VALUES ('112024030967040004', '102024022920950002', '16059631666', '2024-03-09', '302023121633940008', 'ailiwen', '1001', '101.726373', '36.55699', '102023021497100001', '2024-03-09 17:29:32', '0');
INSERT INTO `work_license_pos` VALUES ('112024030967270109', '102024022920950002', '16059631666', '2024-03-09', '302023121633940008', 'ailiwen', '1001', '101.914052', '36.736765', '102023021497100001', '2024-03-09 18:28:45', '0');
INSERT INTO `work_license_pos` VALUES ('112024030967540124', '102024022920950002', '16059631666', '2024-03-09', '302023121633940008', 'ailiwen', '1001', '101.943798', '36.800093', '102023021497100001', '2024-03-09 18:33:20', '0');
INSERT INTO `work_license_pos` VALUES ('112024030968880151', '102024022920950002', '16059631666', '2024-03-09', '302023121633940008', 'ailiwen', '1001', '101.969861', '36.844586', '102023021497100001', '2024-03-09 18:43:36', '0');
INSERT INTO `work_license_pos` VALUES ('112024030969510158', '102024022920950002', '16059631666', '2024-03-09', '302023121633940008', 'ailiwen', '1001', '101.969947', '36.844342', '102023021497100001', '2024-03-09 18:46:26', '0');
INSERT INTO `work_license_pos` VALUES ('112024030970880170', '102024022920950002', '16059631666', '2024-03-09', '302023121633940008', 'ailiwen', '1001', '101.969059', '36.843919', '102023021497100001', '2024-03-09 19:41:17', '0');
INSERT INTO `work_license_pos` VALUES ('112024030972710096', '102024022920950002', '16059631666', '2024-03-09', '302023121633940008', 'ailiwen', '1001', '101.882381', '36.60257', '102023021497100001', '2024-03-09 18:19:42', '0');
INSERT INTO `work_license_pos` VALUES ('112024030972760015', '102024022920950002', '16059631666', '2024-03-09', '302023121633940008', 'ailiwen', '1001', '101.724769', '36.5569', '102023021497100001', '2024-03-09 17:55:12', '0');
INSERT INTO `work_license_pos` VALUES ('112024030972950168', '102024022920950002', '16059631666', '2024-03-09', '302023121633940008', 'ailiwen', '1001', '101.969059', '36.843919', '102023021497100001', '2024-03-09 19:39:37', '0');
INSERT INTO `work_license_pos` VALUES ('112024030973040009', '102024022920950002', '16059631666', '2024-03-09', '302023121633940008', 'ailiwen', '1001', '101.725901', '36.556747', '102023021497100001', '2024-03-09 12:51:30', '0');
INSERT INTO `work_license_pos` VALUES ('112024030973050069', '102024022920950002', '16059631666', '2024-03-09', '302023121633940008', 'ailiwen', '1001', '101.806852', '36.628669', '102023021497100001', '2024-03-09 18:12:08', '0');
INSERT INTO `work_license_pos` VALUES ('112024030973060038', '102024022920950002', '16059631666', '2024-03-09', '302023121633940008', 'ailiwen', '1001', '101.749724', '36.594184', '102023021497100001', '2024-03-09 18:02:39', '0');
INSERT INTO `work_license_pos` VALUES ('112024030973120005', '102024022920950002', '16059631666', '2024-03-09', '302023121633940008', 'ailiwen', '1001', '101.725901', '36.556747', '102023021497100001', '2024-03-09 12:49:28', '0');
INSERT INTO `work_license_pos` VALUES ('112024030973670175', '102024022920950002', '16059631666', '2024-03-09', '302023121633940008', 'ailiwen', '1001', '101.969163', '36.84373', '102023021497100001', '2024-03-09 21:11:26', '0');
INSERT INTO `work_license_pos` VALUES ('112024030973760007', '102024022920950002', '16059631666', '2024-03-09', '302023121633940008', 'ailiwen', '1001', '101.726396', '36.556918', '102023021497100001', '2024-03-09 17:48:16', '0');
INSERT INTO `work_license_pos` VALUES ('112024030974750142', '102024022920950002', '16059631666', '2024-03-09', '302023121633940008', 'ailiwen', '1001', '101.969999', '36.844103', '102023021497100001', '2024-03-09 18:41:43', '0');
INSERT INTO `work_license_pos` VALUES ('112024030975140103', '102024022920950002', '16059631666', '2024-03-09', '302023121633940008', 'ailiwen', '1001', '17.175263', '36.694141', '102023021497100001', '2024-03-09 18:25:48', '0');
INSERT INTO `work_license_pos` VALUES ('112024030976350068', '102024022920950002', '16059631666', '2024-03-09', '302023121633940008', 'ailiwen', '1001', '101.80538', '36.629265', '102023021497100001', '2024-03-09 18:12:08', '0');
INSERT INTO `work_license_pos` VALUES ('112024030976410072', '102024022920950002', '16059631666', '2024-03-09', '302023121633940008', 'ailiwen', '1001', '101.820411', '36.61925', '102023021497100001', '2024-03-09 18:13:07', '0');
INSERT INTO `work_license_pos` VALUES ('112024030976740165', '102024022920950002', '16059631666', '2024-03-09', '302023121633940008', 'ailiwen', '1001', '101.969384', '36.843924', '102023021497100001', '2024-03-09 18:50:40', '0');
INSERT INTO `work_license_pos` VALUES ('112024030977260021', '102024022920950002', '16059631666', '2024-03-09', '302023121633940008', 'ailiwen', '1001', '101.723395', '36.556658', '102023021497100001', '2024-03-09 17:55:55', '0');
INSERT INTO `work_license_pos` VALUES ('112024030977440002', '102024022920950002', '16059631666', '2024-03-09', '302023121633940008', 'ailiwen', '1001', '101.726373', '36.55699', '102023021497100001', '2024-03-09 17:28:04', '0');
INSERT INTO `work_license_pos` VALUES ('112024030977610152', '102024022920950002', '16059631666', '2024-03-09', '302023121633940008', 'ailiwen', '1001', '101.969856', '36.84437', '102023021497100001', '2024-03-09 18:43:36', '0');
INSERT INTO `work_license_pos` VALUES ('112024030978140094', '102024022920950002', '16059631666', '2024-03-09', '302023121633940008', 'ailiwen', '1001', '101.877003', '36.590604', '102023021497100001', '2024-03-09 18:18:56', '0');
INSERT INTO `work_license_pos` VALUES ('112024030978340160', '102024022920950002', '16059631666', '2024-03-09', '302023121633940008', 'ailiwen', '1001', '101.969947', '36.844342', '102023021497100001', '2024-03-09 18:47:35', '0');
INSERT INTO `work_license_pos` VALUES ('112024030978770089', '102024022920950002', '16059631666', '2024-03-09', '302023121633940008', 'ailiwen', '1001', '101.726073', '36.557167', '102023021497100001', '2024-03-09 04:20:01', '0');
INSERT INTO `work_license_pos` VALUES ('112024030979140112', '102024022920950002', '16059631666', '2024-03-09', '302023121633940008', 'ailiwen', '1001', '101.927805', '36.768022', '102023021497100001', '2024-03-09 18:30:52', '0');
INSERT INTO `work_license_pos` VALUES ('112024030979900013', '102024022920950002', '16059631666', '2024-03-09', '302023121633940008', 'ailiwen', '1001', '101.724948', '36.55668', '102023021497100001', '2024-03-09 17:54:55', '0');
INSERT INTO `work_license_pos` VALUES ('112024030981600089', '102024022920950002', '16059631666', '2024-03-09', '302023121633940008', 'ailiwen', '1001', '101.858096', '36.581566', '102023021497100001', '2024-03-09 18:17:37', '0');
INSERT INTO `work_license_pos` VALUES ('112024030981680037', '102024022920950002', '16059631666', '2024-03-09', '302023121633940008', 'ailiwen', '1001', '101.744637', '36.589779', '102023021497100001', '2024-03-09 18:01:56', '0');
INSERT INTO `work_license_pos` VALUES ('112024030982150064', '102024022920950002', '16059631666', '2024-03-09', '302023121633940008', 'ailiwen', '1001', '101.7977', '36.631686', '102023021497100001', '2024-03-09 18:11:11', '0');
INSERT INTO `work_license_pos` VALUES ('112024030982240167', '102024022920950002', '16059631666', '2024-03-09', '302023121633940008', 'ailiwen', '1001', '101.969384', '36.843924', '102023021497100001', '2024-03-09 18:51:49', '0');
INSERT INTO `work_license_pos` VALUES ('112024030982360028', '102024022920950002', '16059631666', '2024-03-09', '302023121633940008', 'ailiwen', '1001', '101.728634', '36.573499', '102023021497100001', '2024-03-09 17:59:26', '0');
INSERT INTO `work_license_pos` VALUES ('112024030982810066', '102024022920950002', '16059631666', '2024-03-09', '302023121633940008', 'ailiwen', '1001', '101.800598', '36.630114', '102023021497100001', '2024-03-09 18:11:26', '0');
INSERT INTO `work_license_pos` VALUES ('112024030982920125', '102024022920950002', '16059631666', '2024-03-09', '302023121633940008', 'ailiwen', '1001', '101.943117', '36.801245', '102023021497100001', '2024-03-09 18:33:27', '0');
INSERT INTO `work_license_pos` VALUES ('112024030982950022', '102024022920950002', '16059631666', '2024-03-09', '302023121633940008', 'ailiwen', '1001', '101.723395', '36.556658', '102023021497100001', '2024-03-09 17:56:55', '0');
INSERT INTO `work_license_pos` VALUES ('112024030983240086', '102024022920950002', '16059631666', '2024-03-09', '302023121633940008', 'ailiwen', '1001', '101.726073', '36.557167', '102023021497100001', '2024-03-09 04:17:26', '0');
INSERT INTO `work_license_pos` VALUES ('112024030983660010', '102024022920950002', '16059631666', '2024-03-09', '302023121633940008', 'ailiwen', '1001', '101.725901', '36.556747', '102023021497100001', '2024-03-09 12:51:57', '0');
INSERT INTO `work_license_pos` VALUES ('112024030983820001', '102024022920950002', '16059631666', '2024-03-09', '302023121633940008', 'ailiwen', '1001', '101.726521', '36.558398', '102023021497100001', '2024-03-09 14:56:28', '0');
INSERT INTO `work_license_pos` VALUES ('112024030984200055', '102024022920950002', '16059631666', '2024-03-09', '302023121633940008', 'ailiwen', '1001', '101.774297', '36.641319', '102023021497100001', '2024-03-09 18:09:01', '0');
INSERT INTO `work_license_pos` VALUES ('112024030984450131', '102024022920950002', '16059631666', '2024-03-09', '302023121633940008', 'ailiwen', '1001', '101.956838', '36.826608', '102023021497100001', '2024-03-09 18:36:52', '0');
INSERT INTO `work_license_pos` VALUES ('112024030984670003', '102024022920950002', '16059631666', '2024-03-09', '302023121633940008', 'ailiwen', '1001', '101.726521', '36.558398', '102023021497100001', '2024-03-09 14:57:25', '0');
INSERT INTO `work_license_pos` VALUES ('112024030984880012', '102024022920950002', '16059631666', '2024-03-09', '302023121633940008', 'ailiwen', '1001', '101.72496', '36.556675', '102023021497100001', '2024-03-09 17:54:54', '0');
INSERT INTO `work_license_pos` VALUES ('112024030985320132', '102024022920950002', '16059631666', '2024-03-09', '302023121633940008', 'ailiwen', '1001', '101.960482', '36.83091', '102023021497100001', '2024-03-09 18:37:51', '0');
INSERT INTO `work_license_pos` VALUES ('112024030985390098', '102024022920950002', '16059631666', '2024-03-09', '302023121633940008', 'ailiwen', '1001', '101.882902', '36.616706', '102023021497100001', '2024-03-09 18:21:15', '0');
INSERT INTO `work_license_pos` VALUES ('112024030985550162', '102024022920950002', '16059631666', '2024-03-09', '302023121633940008', 'ailiwen', '1001', '101.969384', '36.843924', '102023021497100001', '2024-03-09 18:47:40', '0');
INSERT INTO `work_license_pos` VALUES ('112024030985570114', '102024022920950002', '16059631666', '2024-03-09', '302023121633940008', 'ailiwen', '1001', '101.937276', '36.791832', '102023021497100001', '2024-03-09 18:32:28', '0');
INSERT INTO `work_license_pos` VALUES ('112024030986260046', '102024022920950002', '16059631666', '2024-03-09', '302023121633940008', 'ailiwen', '1001', '101.770885', '36.637988', '102023021497100001', '2024-03-09 18:08:40', '0');
INSERT INTO `work_license_pos` VALUES ('112024030986290090', '102024022920950002', '16059631666', '2024-03-09', '302023121633940008', 'ailiwen', '1001', '101.858916', '36.58161', '102023021497100001', '2024-03-09 18:17:41', '0');
INSERT INTO `work_license_pos` VALUES ('112024030987160001', '102024022920950002', '16059631666', '2024-03-09', '302023121633940008', 'ailiwen', '1001', '101.726373', '36.55699', '102023021497100001', '2024-03-09 17:27:04', '0');
INSERT INTO `work_license_pos` VALUES ('112024030987310139', '102024022920950002', '16059631666', '2024-03-09', '302023121633940008', 'ailiwen', '1001', '101.968454', '36.842589', '102023021497100001', '2024-03-09 18:40:52', '0');
INSERT INTO `work_license_pos` VALUES ('112024030987760120', '102024022920950002', '16059631666', '2024-03-09', '302023121633940008', 'ailiwen', '1001', '4228.256651', '36.797698', '102023021497100001', '2024-03-09 18:33:09', '0');
INSERT INTO `work_license_pos` VALUES ('112024030988150034', '102024022920950002', '16059631666', '2024-03-09', '302023121633940008', 'ailiwen', '1001', '101.739339', '36.584042', '102023021497100001', '2024-03-09 18:00:31', '0');
INSERT INTO `work_license_pos` VALUES ('112024030989640029', '102024022920950002', '16059631666', '2024-03-09', '302023121633940008', 'ailiwen', '1001', '101.729235', '36.573814', '102023021497100001', '2024-03-09 17:59:27', '0');
INSERT INTO `work_license_pos` VALUES ('112024030989950157', '102024022920950002', '16059631666', '2024-03-09', '302023121633940008', 'ailiwen', '1001', '101.969947', '36.844342', '102023021497100001', '2024-03-09 18:45:26', '0');
INSERT INTO `work_license_pos` VALUES ('112024030990490117', '102024022920950002', '16059631666', '2024-03-09', '302023121633940008', 'ailiwen', '1001', '101.941487', '36.796761', '102023021497100001', '2024-03-09 18:32:54', '0');
INSERT INTO `work_license_pos` VALUES ('112024030990520122', '102024022920950002', '16059631666', '2024-03-09', '302023121633940008', 'ailiwen', '1001', '101.944392', '36.798895', '102023021497100001', '2024-03-09 18:33:13', '0');
INSERT INTO `work_license_pos` VALUES ('112024030992680078', '102024022920950002', '16059631666', '2024-03-09', '302023121633940008', 'ailiwen', '1001', '101.837968', '36.597034', '102023021497100001', '2024-03-09 18:15:23', '0');
INSERT INTO `work_license_pos` VALUES ('112024030992740093', '102024022920950002', '16059631666', '2024-03-09', '302023121633940008', 'ailiwen', '1001', '101.869807', '36.584555', '102023021497100001', '2024-03-09 18:18:26', '0');
INSERT INTO `work_license_pos` VALUES ('112024030993260060', '102024022920950002', '16059631666', '2024-03-09', '302023121633940008', 'ailiwen', '1001', '101.791893', '36.636488', '102023021497100001', '2024-03-09 18:10:33', '0');
INSERT INTO `work_license_pos` VALUES ('112024030994170145', '102024022920950002', '16059631666', '2024-03-09', '302023121633940008', 'ailiwen', '1001', '101.969856', '36.844141', '102023021497100001', '2024-03-09 18:42:09', '0');
INSERT INTO `work_license_pos` VALUES ('112024030994420121', '102024022920950002', '16059631666', '2024-03-09', '302023121633940008', 'ailiwen', '1001', '101.94437', '36.79854', '102023021497100001', '2024-03-09 18:33:11', '0');
INSERT INTO `work_license_pos` VALUES ('112024030996860128', '102024022920950002', '16059631666', '2024-03-09', '302023121633940008', 'ailiwen', '1001', '101.944686', '36.811453', '102023021497100001', '2024-03-09 18:34:37', '0');
INSERT INTO `work_license_pos` VALUES ('112024030997170134', '102024022920950002', '16059631666', '2024-03-09', '302023121633940008', 'ailiwen', '1001', '101.970744', '36.840236', '102023021497100001', '2024-03-09 18:39:51', '0');
INSERT INTO `work_license_pos` VALUES ('112024030997550062', '102024022920950002', '16059631666', '2024-03-09', '302023121633940008', 'ailiwen', '1001', '101.794993', '36.634805', '102023021497100001', '2024-03-09 18:10:50', '0');
INSERT INTO `work_license_pos` VALUES ('112024030997690084', '102024022920950002', '16059631666', '2024-03-09', '302023121633940008', 'ailiwen', '1001', '101.855551', '36.583564', '102023021497100001', '2024-03-09 18:17:17', '0');
INSERT INTO `work_license_pos` VALUES ('112024030997980150', '102024022920950002', '16059631666', '2024-03-09', '302023121633940008', 'ailiwen', '1001', '101.969581', '36.844199', '102023021497100001', '2024-03-09 18:43:15', '0');
INSERT INTO `work_license_pos` VALUES ('112024030998240003', '102024022920950002', '16059631666', '2024-03-09', '302023121633940008', 'ailiwen', '1001', '101.726373', '36.55699', '102023021497100001', '2024-03-09 17:29:04', '0');
INSERT INTO `work_license_pos` VALUES ('112024030998380008', '102024022920950002', '16059631666', '2024-03-09', '302023121633940008', 'ailiwen', '1001', '101.725901', '36.556747', '102023021497100001', '2024-03-09 12:50:30', '0');
INSERT INTO `work_license_pos` VALUES ('112024030998610140', '102024022920950002', '16059631666', '2024-03-09', '302023121633940008', 'ailiwen', '1001', '101.969941', '36.844044', '102023021497100001', '2024-03-09 18:41:39', '0');
INSERT INTO `work_license_pos` VALUES ('112024030999350153', '102024022920950002', '16059631666', '2024-03-09', '302023121633940008', 'ailiwen', '1001', '101.969894', '36.844321', '102023021497100001', '2024-03-09 18:43:37', '0');
INSERT INTO `work_license_pos` VALUES ('112024030999680080', '102024022920950002', '16059631666', '2024-03-09', '302023121633940008', 'ailiwen', '1001', '101.847206', '36.589595', '102023021497100001', '2024-03-09 18:16:18', '0');
INSERT INTO `work_license_pos` VALUES ('112024031000430308', '102024022920950002', '16059631666', '2024-03-10', '302023121633940008', 'ailiwen', '1001', '101.85769', '36.584052', '102023021497100001', '2024-03-10 16:23:31', '0');
INSERT INTO `work_license_pos` VALUES ('112024031000840262', '102024022920950002', '16059631666', '2024-03-10', '302023121633940008', 'ailiwen', '1001', '101.959932', '36.830307', '102023021497100001', '2024-03-10 16:02:34', '0');
INSERT INTO `work_license_pos` VALUES ('112024031000900275', '102024022920950002', '16059631666', '2024-03-10', '302023121633940008', 'ailiwen', '1001', '101.90071', '36.72112', '102023021497100001', '2024-03-10 16:12:43', '0');
INSERT INTO `work_license_pos` VALUES ('112024031001240407', '102024022920950002', '16059631666', '2024-03-10', '302023121633940008', 'ailiwen', '1001', '101.726085', '36.557207', '102023021497100001', '2024-03-10 18:28:52', '0');
INSERT INTO `work_license_pos` VALUES ('112024031001890224', '102024022920950002', '16059631666', '2024-03-10', '302023121633940008', 'ailiwen', '1001', '101.96942', '36.844245', '102023021497100001', '2024-03-10 15:48:21', '0');
INSERT INTO `work_license_pos` VALUES ('112024031002500385', '102024022920950002', '16059631666', '2024-03-10', '302023121633940008', 'ailiwen', '1001', '101.725134', '36.555142', '102023021497100001', '2024-03-10 16:45:22', '0');
INSERT INTO `work_license_pos` VALUES ('112024031002500397', '102024022920950002', '16059631666', '2024-03-10', '302023121633940008', 'ailiwen', '1001', '101.726995', '36.556137', '102023021497100001', '2024-03-10 16:46:53', '0');
INSERT INTO `work_license_pos` VALUES ('112024031002570381', '102024022920950002', '16059631666', '2024-03-10', '302023121633940008', 'ailiwen', '1001', '101.724777', '36.555535', '102023021497100001', '2024-03-10 16:45:20', '0');
INSERT INTO `work_license_pos` VALUES ('112024031002860313', '102024022920950002', '16059631666', '2024-03-10', '302023121633940008', 'ailiwen', '1001', '101.850375', '36.586261', '102023021497100001', '2024-03-10 16:24:21', '0');
INSERT INTO `work_license_pos` VALUES ('112024031003010246', '102024022920950002', '16059631666', '2024-03-10', '302023121633940008', 'ailiwen', '1001', '101.968502', '36.842658', '102023021497100001', '2024-03-10 15:57:45', '0');
INSERT INTO `work_license_pos` VALUES ('112024031003200411', '102024022920950002', '16059631666', '2024-03-10', '302023121633940008', 'ailiwen', '1001', '101.725966', '36.557358', '102023021497100001', '2024-03-10 18:43:22', '0');
INSERT INTO `work_license_pos` VALUES ('112024031003360268', '102024022920950002', '16059631666', '2024-03-10', '302023121633940008', 'ailiwen', '1001', '101.941523', '36.799088', '102023021497100001', '2024-03-10 16:07:31', '0');
INSERT INTO `work_license_pos` VALUES ('112024031004370376', '102024022920950002', '16059631666', '2024-03-10', '302023121633940008', 'ailiwen', '1001', '101.723383', '36.556621', '102023021497100001', '2024-03-10 16:43:31', '0');
INSERT INTO `work_license_pos` VALUES ('112024031005320312', '102024022920950002', '16059631666', '2024-03-10', '302023121633940008', 'ailiwen', '1001', '101.857006', '36.58387', '102023021497100001', '2024-03-10 16:23:38', '0');
INSERT INTO `work_license_pos` VALUES ('112024031006100192', '102024022920950002', '16059631666', '2024-03-10', '302023121633940008', 'ailiwen', '1001', '101.969422', '36.844408', '102023021497100001', '2024-03-10 13:43:49', '0');
INSERT INTO `work_license_pos` VALUES ('112024031006230265', '102024022920950002', '16059631666', '2024-03-10', '302023121633940008', 'ailiwen', '1001', '101.950932', '36.819736', '102023021497100001', '2024-03-10 16:05:35', '0');
INSERT INTO `work_license_pos` VALUES ('112024031006680201', '102024022920950002', '16059631666', '2024-03-10', '302023121633940008', 'ailiwen', '1001', '101.969109', '36.84407', '102023021497100001', '2024-03-10 13:53:06', '0');
INSERT INTO `work_license_pos` VALUES ('112024031007130254', '102024022920950002', '16059631666', '2024-03-10', '302023121633940008', 'ailiwen', '1001', '101.965785', '36.8442', '102023021497100001', '2024-03-10 15:59:03', '0');
INSERT INTO `work_license_pos` VALUES ('112024031007240210', '102024022920950002', '16059631666', '2024-03-10', '302023121633940008', 'ailiwen', '1001', '101.969491', '36.844252', '102023021497100001', '2024-03-10 14:20:36', '0');
INSERT INTO `work_license_pos` VALUES ('112024031007420324', '102024022920950002', '16059631666', '2024-03-10', '302023121633940008', 'ailiwen', '1001', '101.818324', '36.620615', '102023021497100001', '2024-03-10 16:28:03', '0');
INSERT INTO `work_license_pos` VALUES ('112024031008150303', '102024022920950002', '16059631666', '2024-03-10', '302023121633940008', 'ailiwen', '1001', '101.857567', '36.584472', '102023021497100001', '2024-03-10 16:23:26', '0');
INSERT INTO `work_license_pos` VALUES ('112024031008430393', '102024022920950002', '16059631666', '2024-03-10', '302023121633940008', 'ailiwen', '1001', '101.726824', '36.556049', '102023021497100001', '2024-03-10 16:46:37', '0');
INSERT INTO `work_license_pos` VALUES ('112024031009190384', '102024022920950002', '16059631666', '2024-03-10', '302023121633940008', 'ailiwen', '1001', '101.72485', '36.555491', '102023021497100001', '2024-03-10 16:45:22', '0');
INSERT INTO `work_license_pos` VALUES ('112024031009240244', '102024022920950002', '16059631666', '2024-03-10', '302023121633940008', 'ailiwen', '1001', '101.969064', '36.843349', '102023021497100001', '2024-03-10 15:57:17', '0');
INSERT INTO `work_license_pos` VALUES ('112024031009300398', '102024022920950002', '16059631666', '2024-03-10', '302023121633940008', 'ailiwen', '1001', '101.72666', '36.556391', '102023021497100001', '2024-03-10 16:47:09', '0');
INSERT INTO `work_license_pos` VALUES ('112024031009590186', '102024022920950002', '16059631666', '2024-03-10', '302023121633940008', 'ailiwen', '1001', '101.969444', '36.84421', '102023021497100001', '2024-03-10 07:28:22', '0');
INSERT INTO `work_license_pos` VALUES ('112024031009760342', '102024022920950002', '16059631666', '2024-03-10', '302023121633940008', 'ailiwen', '1001', '101.771316', '36.642196', '102023021497100001', '2024-03-10 16:31:53', '0');
INSERT INTO `work_license_pos` VALUES ('112024031009810216', '102024022920950002', '16059631666', '2024-03-10', '302023121633940008', 'ailiwen', '1001', '101.969489', '36.844324', '102023021497100001', '2024-03-10 14:35:08', '0');
INSERT INTO `work_license_pos` VALUES ('112024031011080256', '102024022920950002', '16059631666', '2024-03-10', '302023121633940008', 'ailiwen', '1001', '101.970739', '36.840449', '102023021497100001', '2024-03-10 15:59:29', '0');
INSERT INTO `work_license_pos` VALUES ('112024031011230241', '102024022920950002', '16059631666', '2024-03-10', '302023121633940008', 'ailiwen', '1001', '101.968963', '36.843375', '102023021497100001', '2024-03-10 15:55:16', '0');
INSERT INTO `work_license_pos` VALUES ('112024031011300391', '102024022920950002', '16059631666', '2024-03-10', '302023121633940008', 'ailiwen', '1001', '101.726712', '36.555894', '102023021497100001', '2024-03-10 16:46:34', '0');
INSERT INTO `work_license_pos` VALUES ('112024031012850202', '102024022920950002', '16059631666', '2024-03-10', '302023121633940008', 'ailiwen', '1001', '101.969109', '36.84407', '102023021497100001', '2024-03-10 13:54:05', '0');
INSERT INTO `work_license_pos` VALUES ('112024031013220356', '102024022920950002', '16059631666', '2024-03-10', '302023121633940008', 'ailiwen', '1001', '101.754997', '36.61239', '102023021497100001', '2024-03-10 16:35:42', '0');
INSERT INTO `work_license_pos` VALUES ('112024031013270349', '102024022920950002', '16059631666', '2024-03-10', '302023121633940008', 'ailiwen', '1001', '101.772337', '36.642036', '102023021497100001', '2024-03-10 16:32:06', '0');
INSERT INTO `work_license_pos` VALUES ('112024031013340337', '102024022920950002', '16059631666', '2024-03-10', '302023121633940008', 'ailiwen', '1001', '101.775598', '36.641569', '102023021497100001', '2024-03-10 16:31:22', '0');
INSERT INTO `work_license_pos` VALUES ('112024031013390249', '102024022920950002', '16059631666', '2024-03-10', '302023121633940008', 'ailiwen', '1001', '101.96829', '36.842632', '102023021497100001', '2024-03-10 15:57:57', '0');
INSERT INTO `work_license_pos` VALUES ('112024031013490365', '102024022920950002', '16059631666', '2024-03-10', '302023121633940008', 'ailiwen', '1001', '101.73291', '36.575106', '102023021497100001', '2024-03-10 16:41:01', '0');
INSERT INTO `work_license_pos` VALUES ('112024031013720240', '102024022920950002', '16059631666', '2024-03-10', '302023121633940008', 'ailiwen', '1001', '101.969447', '36.84378', '102023021497100001', '2024-03-10 15:55:01', '0');
INSERT INTO `work_license_pos` VALUES ('112024031014420373', '102024022920950002', '16059631666', '2024-03-10', '302023121633940008', 'ailiwen', '1001', '101.718893', '36.56252', '102023021497100001', '2024-03-10 16:42:28', '0');
INSERT INTO `work_license_pos` VALUES ('112024031014990401', '102024022920950002', '16059631666', '2024-03-10', '302023121633940008', 'ailiwen', '1001', '101.726107', '36.557201', '102023021497100001', '2024-03-10 17:40:01', '0');
INSERT INTO `work_license_pos` VALUES ('112024031015140305', '102024022920950002', '16059631666', '2024-03-10', '302023121633940008', 'ailiwen', '1001', '101.857719', '36.584315', '102023021497100001', '2024-03-10 16:23:28', '0');
INSERT INTO `work_license_pos` VALUES ('112024031015460227', '102024022920950002', '16059631666', '2024-03-10', '302023121633940008', 'ailiwen', '1001', '101.968925', '36.844856', '102023021497100001', '2024-03-10 15:50:25', '0');
INSERT INTO `work_license_pos` VALUES ('112024031015750290', '102024022920950002', '16059631666', '2024-03-10', '302023121633940008', 'ailiwen', '1001', '101.859037', '36.581678', '102023021497100001', '2024-03-10 16:22:47', '0');
INSERT INTO `work_license_pos` VALUES ('112024031016670364', '102024022920950002', '16059631666', '2024-03-10', '302023121633940008', 'ailiwen', '1001', '101.738323', '36.58289', '102023021497100001', '2024-03-10 16:40:14', '0');
INSERT INTO `work_license_pos` VALUES ('112024031016700239', '102024022920950002', '16059631666', '2024-03-10', '302023121633940008', 'ailiwen', '1001', '101.969463', '36.843805', '102023021497100001', '2024-03-10 15:54:59', '0');
INSERT INTO `work_license_pos` VALUES ('112024031017460301', '102024022920950002', '16059631666', '2024-03-10', '302023121633940008', 'ailiwen', '1001', '101.857185', '36.584575', '102023021497100001', '2024-03-10 16:23:23', '0');
INSERT INTO `work_license_pos` VALUES ('112024031017510203', '102024022920950002', '16059631666', '2024-03-10', '302023121633940008', 'ailiwen', '1001', '101.969109', '36.84407', '102023021497100001', '2024-03-10 13:54:55', '0');
INSERT INTO `work_license_pos` VALUES ('112024031018230238', '102024022920950002', '16059631666', '2024-03-10', '302023121633940008', 'ailiwen', '1001', '101.969456', '36.843823', '102023021497100001', '2024-03-10 15:54:58', '0');
INSERT INTO `work_license_pos` VALUES ('112024031018250271', '102024022920950002', '16059631666', '2024-03-10', '302023121633940008', 'ailiwen', '1001', '101.922362', '36.752372', '102023021497100001', '2024-03-10 16:10:31', '0');
INSERT INTO `work_license_pos` VALUES ('112024031018540207', '102024022920950002', '16059631666', '2024-03-10', '302023121633940008', 'ailiwen', '1001', '101.971878', '36.846', '102023021497100001', '2024-03-10 14:14:30', '0');
INSERT INTO `work_license_pos` VALUES ('112024031018880266', '102024022920950002', '16059631666', '2024-03-10', '302023121633940008', 'ailiwen', '1001', '101.944946', '36.812128', '102023021497100001', '2024-03-10 16:06:45', '0');
INSERT INTO `work_license_pos` VALUES ('112024031019710347', '102024022920950002', '16059631666', '2024-03-10', '302023121633940008', 'ailiwen', '1001', '101.772103', '36.642317', '102023021497100001', '2024-03-10 16:32:02', '0');
INSERT INTO `work_license_pos` VALUES ('112024031020960287', '102024022920950002', '16059631666', '2024-03-10', '302023121633940008', 'ailiwen', '1001', '101.875548', '36.589327', '102023021497100001', '2024-03-10 16:21:20', '0');
INSERT INTO `work_license_pos` VALUES ('112024031021140283', '102024022920950002', '16059631666', '2024-03-10', '302023121633940008', 'ailiwen', '1001', '101.882931', '36.612924', '102023021497100001', '2024-03-10 16:19:33', '0');
INSERT INTO `work_license_pos` VALUES ('112024031022000304', '102024022920950002', '16059631666', '2024-03-10', '302023121633940008', 'ailiwen', '1001', '101.857661', '36.584409', '102023021497100001', '2024-03-10 16:23:27', '0');
INSERT INTO `work_license_pos` VALUES ('112024031022230335', '102024022920950002', '16059631666', '2024-03-10', '302023121633940008', 'ailiwen', '1001', '101.792061', '36.636478', '102023021497100001', '2024-03-10 16:30:06', '0');
INSERT INTO `work_license_pos` VALUES ('112024031022850372', '102024022920950002', '16059631666', '2024-03-10', '302023121633940008', 'ailiwen', '1001', '101.718908', '36.562591', '102023021497100001', '2024-03-10 16:42:27', '0');
INSERT INTO `work_license_pos` VALUES ('112024031023160267', '102024022920950002', '16059631666', '2024-03-10', '302023121633940008', 'ailiwen', '1001', '101.943849', '36.809365', '102023021497100001', '2024-03-10 16:06:45', '0');
INSERT INTO `work_license_pos` VALUES ('112024031023360300', '102024022920950002', '16059631666', '2024-03-10', '302023121633940008', 'ailiwen', '1001', '101.856904', '36.584548', '102023021497100001', '2024-03-10 16:23:21', '0');
INSERT INTO `work_license_pos` VALUES ('112024031023360310', '102024022920950002', '16059631666', '2024-03-10', '302023121633940008', 'ailiwen', '1001', '101.857424', '36.583855', '102023021497100001', '2024-03-10 16:23:34', '0');
INSERT INTO `work_license_pos` VALUES ('112024031023550352', '102024022920950002', '16059631666', '2024-03-10', '302023121633940008', 'ailiwen', '1001', '101.770632', '36.637595', '102023021497100001', '2024-03-10 16:32:35', '0');
INSERT INTO `work_license_pos` VALUES ('112024031023840395', '102024022920950002', '16059631666', '2024-03-10', '302023121633940008', 'ailiwen', '1001', '101.726888', '36.556104', '102023021497100001', '2024-03-10 16:46:48', '0');
INSERT INTO `work_license_pos` VALUES ('112024031024230196', '102024022920950002', '16059631666', '2024-03-10', '302023121633940008', 'ailiwen', '1001', '101.969648', '36.845385', '102023021497100001', '2024-03-10 13:43:51', '0');
INSERT INTO `work_license_pos` VALUES ('112024031024280362', '102024022920950002', '16059631666', '2024-03-10', '302023121633940008', 'ailiwen', '1001', '101.742723', '36.588505', '102023021497100001', '2024-03-10 16:39:24', '0');
INSERT INTO `work_license_pos` VALUES ('112024031024560327', '102024022920950002', '16059631666', '2024-03-10', '302023121633940008', 'ailiwen', '1001', '101.805095', '36.629439', '102023021497100001', '2024-03-10 16:29:04', '0');
INSERT INTO `work_license_pos` VALUES ('112024031024570264', '102024022920950002', '16059631666', '2024-03-10', '302023121633940008', 'ailiwen', '1001', '101.955342', '36.82495', '102023021497100001', '2024-03-10 16:04:34', '0');
INSERT INTO `work_license_pos` VALUES ('112024031024580233', '102024022920950002', '16059631666', '2024-03-10', '302023121633940008', 'ailiwen', '1001', '101.969216', '36.844498', '102023021497100001', '2024-03-10 15:54:55', '0');
INSERT INTO `work_license_pos` VALUES ('112024031024750231', '102024022920950002', '16059631666', '2024-03-10', '302023121633940008', 'ailiwen', '1001', '101.96968', '36.844255', '102023021497100001', '2024-03-10 15:53:32', '0');
INSERT INTO `work_license_pos` VALUES ('112024031025250379', '102024022920950002', '16059631666', '2024-03-10', '302023121633940008', 'ailiwen', '1001', '101.724419', '36.555364', '102023021497100001', '2024-03-10 16:44:37', '0');
INSERT INTO `work_license_pos` VALUES ('112024031025900208', '102024022920950002', '16059631666', '2024-03-10', '302023121633940008', 'ailiwen', '1001', '101.971878', '36.846', '102023021497100001', '2024-03-10 14:14:59', '0');
INSERT INTO `work_license_pos` VALUES ('112024031025900318', '102024022920950002', '16059631666', '2024-03-10', '302023121633940008', 'ailiwen', '1001', '101.83712', '36.59786', '102023021497100001', '2024-03-10 16:25:51', '0');
INSERT INTO `work_license_pos` VALUES ('112024031026450387', '102024022920950002', '16059631666', '2024-03-10', '302023121633940008', 'ailiwen', '1001', '101.725348', '36.555106', '102023021497100001', '2024-03-10 16:45:23', '0');
INSERT INTO `work_license_pos` VALUES ('112024031026810261', '102024022920950002', '16059631666', '2024-03-10', '302023121633940008', 'ailiwen', '1001', '101.962675', '36.833438', '102023021497100001', '2024-03-10 16:01:34', '0');
INSERT INTO `work_license_pos` VALUES ('112024031027960183', '102024022920950002', '16059631666', '2024-03-10', '302023121633940008', 'ailiwen', '1001', '101.969679', '36.844143', '102023021497100001', '2024-03-10 07:27:06', '0');
INSERT INTO `work_license_pos` VALUES ('112024031027960336', '102024022920950002', '16059631666', '2024-03-10', '302023121633940008', 'ailiwen', '1001', '101.778895', '36.641027', '102023021497100001', '2024-03-10 16:31:05', '0');
INSERT INTO `work_license_pos` VALUES ('112024031028970234', '102024022920950002', '16059631666', '2024-03-10', '302023121633940008', 'ailiwen', '1001', '101.969191', '36.844483', '102023021497100001', '2024-03-10 15:54:55', '0');
INSERT INTO `work_license_pos` VALUES ('112024031028990270', '102024022920950002', '16059631666', '2024-03-10', '302023121633940008', 'ailiwen', '1001', '101.927748', '36.768237', '102023021497100001', '2024-03-10 16:09:31', '0');
INSERT INTO `work_license_pos` VALUES ('112024031029690302', '102024022920950002', '16059631666', '2024-03-10', '302023121633940008', 'ailiwen', '1001', '101.857326', '36.584564', '102023021497100001', '2024-03-10 16:23:24', '0');
INSERT INTO `work_license_pos` VALUES ('112024031029790315', '102024022920950002', '16059631666', '2024-03-10', '302023121633940008', 'ailiwen', '1001', '101.848158', '36.588288', '102023021497100001', '2024-03-10 16:24:35', '0');
INSERT INTO `work_license_pos` VALUES ('112024031030960258', '102024022920950002', '16059631666', '2024-03-10', '302023121633940008', 'ailiwen', '1001', '101.970703', '36.840293', '102023021497100001', '2024-03-10 15:59:32', '0');
INSERT INTO `work_license_pos` VALUES ('112024031030980371', '102024022920950002', '16059631666', '2024-03-10', '302023121633940008', 'ailiwen', '1001', '101.718974', '36.562687', '102023021497100001', '2024-03-10 16:42:24', '0');
INSERT INTO `work_license_pos` VALUES ('112024031031010274', '102024022920950002', '16059631666', '2024-03-10', '302023121633940008', 'ailiwen', '1001', '101.901164', '36.722724', '102023021497100001', '2024-03-10 16:12:37', '0');
INSERT INTO `work_license_pos` VALUES ('112024031032240317', '102024022920950002', '16059631666', '2024-03-10', '302023121633940008', 'ailiwen', '1001', '101.842645', '36.594265', '102023021497100001', '2024-03-10 16:25:25', '0');
INSERT INTO `work_license_pos` VALUES ('112024031032760377', '102024022920950002', '16059631666', '2024-03-10', '302023121633940008', 'ailiwen', '1001', '101.724315', '36.555443', '102023021497100001', '2024-03-10 16:44:32', '0');
INSERT INTO `work_license_pos` VALUES ('112024031032790406', '102024022920950002', '16059631666', '2024-03-10', '302023121633940008', 'ailiwen', '1001', '101.726085', '36.557207', '102023021497100001', '2024-03-10 18:27:52', '0');
INSERT INTO `work_license_pos` VALUES ('112024031032970338', '102024022920950002', '16059631666', '2024-03-10', '302023121633940008', 'ailiwen', '1001', '101.771403', '36.641589', '102023021497100001', '2024-03-10 16:31:45', '0');
INSERT INTO `work_license_pos` VALUES ('112024031033990369', '102024022920950002', '16059631666', '2024-03-10', '302023121633940008', 'ailiwen', '1001', '101.728279', '36.573517', '102023021497100001', '2024-03-10 16:41:21', '0');
INSERT INTO `work_license_pos` VALUES ('112024031034470332', '102024022920950002', '16059631666', '2024-03-10', '302023121633940008', 'ailiwen', '1001', '101.796742', '36.632833', '102023021497100001', '2024-03-10 16:30:02', '0');
INSERT INTO `work_license_pos` VALUES ('112024031035340409', '102024022920950002', '16059631666', '2024-03-10', '302023121633940008', 'ailiwen', '1001', '101.725966', '36.557358', '102023021497100001', '2024-03-10 18:41:23', '0');
INSERT INTO `work_license_pos` VALUES ('112024031036250358', '102024022920950002', '16059631666', '2024-03-10', '302023121633940008', 'ailiwen', '1001', '403.050652', '36.60109', '102023021497100001', '2024-03-10 16:38:03', '0');
INSERT INTO `work_license_pos` VALUES ('112024031036900209', '102024022920950002', '16059631666', '2024-03-10', '302023121633940008', 'ailiwen', '1001', '101.970153', '36.842788', '102023021497100001', '2024-03-10 14:19:55', '0');
INSERT INTO `work_license_pos` VALUES ('112024031038170380', '102024022920950002', '16059631666', '2024-03-10', '302023121633940008', 'ailiwen', '1001', '101.724473', '36.555372', '102023021497100001', '2024-03-10 16:44:39', '0');
INSERT INTO `work_license_pos` VALUES ('112024031038970288', '102024022920950002', '16059631666', '2024-03-10', '302023121633940008', 'ailiwen', '1001', '101.868565', '36.583874', '102023021497100001', '2024-03-10 16:21:59', '0');
INSERT INTO `work_license_pos` VALUES ('112024031039100242', '102024022920950002', '16059631666', '2024-03-10', '302023121633940008', 'ailiwen', '1001', '101.968983', '36.843352', '102023021497100001', '2024-03-10 15:55:16', '0');
INSERT INTO `work_license_pos` VALUES ('112024031039520340', '102024022920950002', '16059631666', '2024-03-10', '302023121633940008', 'ailiwen', '1001', '101.771215', '36.641886', '102023021497100001', '2024-03-10 16:31:49', '0');
INSERT INTO `work_license_pos` VALUES ('112024031039770370', '102024022920950002', '16059631666', '2024-03-10', '302023121633940008', 'ailiwen', '1001', '101.727771', '36.573003', '102023021497100001', '2024-03-10 16:41:24', '0');
INSERT INTO `work_license_pos` VALUES ('112024031040610248', '102024022920950002', '16059631666', '2024-03-10', '302023121633940008', 'ailiwen', '1001', '17.175529', '36.842621', '102023021497100001', '2024-03-10 15:57:53', '0');
INSERT INTO `work_license_pos` VALUES ('112024031041620383', '102024022920950002', '16059631666', '2024-03-10', '302023121633940008', 'ailiwen', '1001', '101.724808', '36.555526', '102023021497100001', '2024-03-10 16:45:21', '0');
INSERT INTO `work_license_pos` VALUES ('112024031042870221', '102024022920950002', '16059631666', '2024-03-10', '302023121633940008', 'ailiwen', '1001', '101.969166', '36.843516', '102023021497100001', '2024-03-10 15:02:45', '0');
INSERT INTO `work_license_pos` VALUES ('112024031043360211', '102024022920950002', '16059631666', '2024-03-10', '302023121633940008', 'ailiwen', '1001', '101.969491', '36.844252', '102023021497100001', '2024-03-10 14:21:36', '0');
INSERT INTO `work_license_pos` VALUES ('112024031043610404', '102024022920950002', '16059631666', '2024-03-10', '302023121633940008', 'ailiwen', '1001', '101.726085', '36.557207', '102023021497100001', '2024-03-10 18:27:04', '0');
INSERT INTO `work_license_pos` VALUES ('112024031044420187', '102024022920950002', '16059631666', '2024-03-10', '302023121633940008', 'ailiwen', '1001', '101.969597', '36.844304', '102023021497100001', '2024-03-10 10:49:02', '0');
INSERT INTO `work_license_pos` VALUES ('112024031044440229', '102024022920950002', '16059631666', '2024-03-10', '302023121633940008', 'ailiwen', '1001', '101.969691', '36.844211', '102023021497100001', '2024-03-10 15:51:32', '0');
INSERT INTO `work_license_pos` VALUES ('112024031044880396', '102024022920950002', '16059631666', '2024-03-10', '302023121633940008', 'ailiwen', '1001', '101.726905', '36.55611', '102023021497100001', '2024-03-10 16:46:49', '0');
INSERT INTO `work_license_pos` VALUES ('112024031045050311', '102024022920950002', '16059631666', '2024-03-10', '302023121633940008', 'ailiwen', '1001', '101.857206', '36.583829', '102023021497100001', '2024-03-10 16:23:36', '0');
INSERT INTO `work_license_pos` VALUES ('112024031045450237', '102024022920950002', '16059631666', '2024-03-10', '302023121633940008', 'ailiwen', '1001', '101.968993', '36.844178', '102023021497100001', '2024-03-10 15:54:57', '0');
INSERT INTO `work_license_pos` VALUES ('112024031046480400', '102024022920950002', '16059631666', '2024-03-10', '302023121633940008', 'ailiwen', '1001', '101.726107', '36.557201', '102023021497100001', '2024-03-10 17:39:01', '0');
INSERT INTO `work_license_pos` VALUES ('112024031046660194', '102024022920950002', '16059631666', '2024-03-10', '302023121633940008', 'ailiwen', '1001', '101.969434', '36.844573', '102023021497100001', '2024-03-10 13:43:50', '0');
INSERT INTO `work_license_pos` VALUES ('112024031046690321', '102024022920950002', '16059631666', '2024-03-10', '302023121633940008', 'ailiwen', '1001', '101.825225', '36.611745', '102023021497100001', '2024-03-10 16:27:17', '0');
INSERT INTO `work_license_pos` VALUES ('112024031047630212', '102024022920950002', '16059631666', '2024-03-10', '302023121633940008', 'ailiwen', '1001', '101.969491', '36.844252', '102023021497100001', '2024-03-10 14:22:35', '0');
INSERT INTO `work_license_pos` VALUES ('112024031047730360', '102024022920950002', '16059631666', '2024-03-10', '302023121633940008', 'ailiwen', '1001', '101.74901', '36.59366', '102023021497100001', '2024-03-10 16:38:41', '0');
INSERT INTO `work_license_pos` VALUES ('112024031048530259', '102024022920950002', '16059631666', '2024-03-10', '302023121633940008', 'ailiwen', '1001', '101.970491', '36.840084', '102023021497100001', '2024-03-10 15:59:35', '0');
INSERT INTO `work_license_pos` VALUES ('112024031049200316', '102024022920950002', '16059631666', '2024-03-10', '302023121633940008', 'ailiwen', '1001', '101.845103', '36.592444', '102023021497100001', '2024-03-10 16:25:24', '0');
INSERT INTO `work_license_pos` VALUES ('112024031050110182', '102024022920950002', '16059631666', '2024-03-10', '302023121633940008', 'ailiwen', '1001', '101.969516', '36.844131', '102023021497100001', '2024-03-10 07:27:03', '0');
INSERT INTO `work_license_pos` VALUES ('112024031050290343', '102024022920950002', '16059631666', '2024-03-10', '302023121633940008', 'ailiwen', '1001', '101.771385', '36.642264', '102023021497100001', '2024-03-10 16:31:54', '0');
INSERT INTO `work_license_pos` VALUES ('112024031050350255', '102024022920950002', '16059631666', '2024-03-10', '302023121633940008', 'ailiwen', '1001', '101.96586', '36.844124', '102023021497100001', '2024-03-10 15:59:04', '0');
INSERT INTO `work_license_pos` VALUES ('112024031050640284', '102024022920950002', '16059631666', '2024-03-10', '302023121633940008', 'ailiwen', '1001', '101.882627', '36.603946', '102023021497100001', '2024-03-10 16:20:19', '0');
INSERT INTO `work_license_pos` VALUES ('112024031051160291', '102024022920950002', '16059631666', '2024-03-10', '302023121633940008', 'ailiwen', '1001', '101.858339', '36.581681', '102023021497100001', '2024-03-10 16:22:51', '0');
INSERT INTO `work_license_pos` VALUES ('112024031051190247', '102024022920950002', '16059631666', '2024-03-10', '302023121633940008', 'ailiwen', '1001', '101.968424', '36.842625', '102023021497100001', '2024-03-10 15:57:47', '0');
INSERT INTO `work_license_pos` VALUES ('112024031051410218', '102024022920950002', '16059631666', '2024-03-10', '302023121633940008', 'ailiwen', '1001', '101.969489', '36.844324', '102023021497100001', '2024-03-10 14:37:05', '0');
INSERT INTO `work_license_pos` VALUES ('112024031053650257', '102024022920950002', '16059631666', '2024-03-10', '302023121633940008', 'ailiwen', '1001', '101.970747', '36.840398', '102023021497100001', '2024-03-10 15:59:30', '0');
INSERT INTO `work_license_pos` VALUES ('112024031054010354', '102024022920950002', '16059631666', '2024-03-10', '302023121633940008', 'ailiwen', '1001', '101.764153', '36.630234', '102023021497100001', '2024-03-10 16:34:03', '0');
INSERT INTO `work_license_pos` VALUES ('112024031055250399', '102024022920950002', '16059631666', '2024-03-10', '302023121633940008', 'ailiwen', '1001', '101.726107', '36.557201', '102023021497100001', '2024-03-10 17:38:21', '0');
INSERT INTO `work_license_pos` VALUES ('112024031056130392', '102024022920950002', '16059631666', '2024-03-10', '302023121633940008', 'ailiwen', '1001', '101.726797', '36.556022', '102023021497100001', '2024-03-10 16:46:35', '0');
INSERT INTO `work_license_pos` VALUES ('112024031056240322', '102024022920950002', '16059631666', '2024-03-10', '302023121633940008', 'ailiwen', '1001', '101.821333', '36.618505', '102023021497100001', '2024-03-10 16:27:48', '0');
INSERT INTO `work_license_pos` VALUES ('112024031056670185', '102024022920950002', '16059631666', '2024-03-10', '302023121633940008', 'ailiwen', '1001', '101.969444', '36.84421', '102023021497100001', '2024-03-10 07:28:08', '0');
INSERT INTO `work_license_pos` VALUES ('112024031057070348', '102024022920950002', '16059631666', '2024-03-10', '302023121633940008', 'ailiwen', '1001', '101.772264', '36.642201', '102023021497100001', '2024-03-10 16:32:04', '0');
INSERT INTO `work_license_pos` VALUES ('112024031057090282', '102024022920950002', '16059631666', '2024-03-10', '302023121633940008', 'ailiwen', '1001', '101.882867', '36.627107', '102023021497100001', '2024-03-10 16:18:33', '0');
INSERT INTO `work_license_pos` VALUES ('112024031057420253', '102024022920950002', '16059631666', '2024-03-10', '302023121633940008', 'ailiwen', '1001', '101.965773', '36.844228', '102023021497100001', '2024-03-10 15:59:03', '0');
INSERT INTO `work_license_pos` VALUES ('112024031058850273', '102024022920950002', '16059631666', '2024-03-10', '302023121633940008', 'ailiwen', '1001', '101.902034', '36.724219', '102023021497100001', '2024-03-10 16:12:31', '0');
INSERT INTO `work_license_pos` VALUES ('112024031059350306', '102024022920950002', '16059631666', '2024-03-10', '302023121633940008', 'ailiwen', '1001', '101.85774', '36.584237', '102023021497100001', '2024-03-10 16:23:29', '0');
INSERT INTO `work_license_pos` VALUES ('112024031059970289', '102024022920950002', '16059631666', '2024-03-10', '302023121633940008', 'ailiwen', '1001', '101.866482', '36.582976', '102023021497100001', '2024-03-10 16:22:11', '0');
INSERT INTO `work_license_pos` VALUES ('112024031061050190', '102024022920950002', '16059631666', '2024-03-10', '302023121633940008', 'ailiwen', '1001', '101.969539', '36.844309', '102023021497100001', '2024-03-10 10:51:05', '0');
INSERT INTO `work_license_pos` VALUES ('112024031061100353', '102024022920950002', '16059631666', '2024-03-10', '302023121633940008', 'ailiwen', '1001', '101.767676', '36.633955', '102023021497100001', '2024-03-10 16:33:08', '0');
INSERT INTO `work_license_pos` VALUES ('112024031061780405', '102024022920950002', '16059631666', '2024-03-10', '302023121633940008', 'ailiwen', '1001', '101.726189', '36.557293', '102023021497100001', '2024-03-10 18:27:04', '0');
INSERT INTO `work_license_pos` VALUES ('112024031062290184', '102024022920950002', '16059631666', '2024-03-10', '302023121633940008', 'ailiwen', '1001', '101.969444', '36.84421', '102023021497100001', '2024-03-10 07:27:08', '0');
INSERT INTO `work_license_pos` VALUES ('112024031062320329', '102024022920950002', '16059631666', '2024-03-10', '302023121633940008', 'ailiwen', '1001', '101.800786', '36.630154', '102023021497100001', '2024-03-10 16:29:21', '0');
INSERT INTO `work_license_pos` VALUES ('112024031062730359', '102024022920950002', '16059631666', '2024-03-10', '302023121633940008', 'ailiwen', '1001', '101.750153', '36.595368', '102023021497100001', '2024-03-10 16:38:26', '0');
INSERT INTO `work_license_pos` VALUES ('112024031063150236', '102024022920950002', '16059631666', '2024-03-10', '302023121633940008', 'ailiwen', '1001', '101.968973', '36.844204', '102023021497100001', '2024-03-10 15:54:56', '0');
INSERT INTO `work_license_pos` VALUES ('112024031063200299', '102024022920950002', '16059631666', '2024-03-10', '302023121633940008', 'ailiwen', '1001', '101.856649', '36.584442', '102023021497100001', '2024-03-10 16:23:19', '0');
INSERT INTO `work_license_pos` VALUES ('112024031063650408', '102024022920950002', '16059631666', '2024-03-10', '302023121633940008', 'ailiwen', '1001', '101.726085', '36.557207', '102023021497100001', '2024-03-10 18:29:36', '0');
INSERT INTO `work_license_pos` VALUES ('112024031063800320', '102024022920950002', '16059631666', '2024-03-10', '302023121633940008', 'ailiwen', '1001', '101.832093', '36.605467', '102023021497100001', '2024-03-10 16:26:34', '0');
INSERT INTO `work_license_pos` VALUES ('112024031063810195', '102024022920950002', '16059631666', '2024-03-10', '302023121633940008', 'ailiwen', '1001', '101.969474', '36.84459', '102023021497100001', '2024-03-10 13:43:50', '0');
INSERT INTO `work_license_pos` VALUES ('112024031063830263', '102024022920950002', '16059631666', '2024-03-10', '302023121633940008', 'ailiwen', '1001', '101.95763', '36.827652', '102023021497100001', '2024-03-10 16:03:55', '0');
INSERT INTO `work_license_pos` VALUES ('112024031064230200', '102024022920950002', '16059631666', '2024-03-10', '302023121633940008', 'ailiwen', '1001', '101.969109', '36.84407', '102023021497100001', '2024-03-10 13:52:26', '0');
INSERT INTO `work_license_pos` VALUES ('112024031064780346', '102024022920950002', '16059631666', '2024-03-10', '302023121633940008', 'ailiwen', '1001', '101.771922', '36.642391', '102023021497100001', '2024-03-10 16:32:00', '0');
INSERT INTO `work_license_pos` VALUES ('112024031064930235', '102024022920950002', '16059631666', '2024-03-10', '302023121633940008', 'ailiwen', '1001', '101.96896', '36.844229', '102023021497100001', '2024-03-10 15:54:56', '0');
INSERT INTO `work_license_pos` VALUES ('112024031065130198', '102024022920950002', '16059631666', '2024-03-10', '302023121633940008', 'ailiwen', '1001', '101.969422', '36.844408', '102023021497100001', '2024-03-10 13:45:37', '0');
INSERT INTO `work_license_pos` VALUES ('112024031065200286', '102024022920950002', '16059631666', '2024-03-10', '302023121633940008', 'ailiwen', '1001', '101.877373', '36.591107', '102023021497100001', '2024-03-10 16:21:10', '0');
INSERT INTO `work_license_pos` VALUES ('112024031065720351', '102024022920950002', '16059631666', '2024-03-10', '302023121633940008', 'ailiwen', '1001', '101.77227', '36.641473', '102023021497100001', '2024-03-10 16:32:11', '0');
INSERT INTO `work_license_pos` VALUES ('112024031065790220', '102024022920950002', '16059631666', '2024-03-10', '302023121633940008', 'ailiwen', '1001', '101.969166', '36.843516', '102023021497100001', '2024-03-10 15:01:46', '0');
INSERT INTO `work_license_pos` VALUES ('112024031066230214', '102024022920950002', '16059631666', '2024-03-10', '302023121633940008', 'ailiwen', '1001', '101.969491', '36.844252', '102023021497100001', '2024-03-10 14:23:37', '0');
INSERT INTO `work_license_pos` VALUES ('112024031066670333', '102024022920950002', '16059631666', '2024-03-10', '302023121633940008', 'ailiwen', '1001', '101.795014', '36.634863', '102023021497100001', '2024-03-10 16:30:02', '0');
INSERT INTO `work_license_pos` VALUES ('112024031067050412', '102024022920950002', '16059631666', '2024-03-10', '302023121633940008', 'ailiwen', '1001', '101.725966', '36.557358', '102023021497100001', '2024-03-10 18:44:20', '0');
INSERT INTO `work_license_pos` VALUES ('112024031067130191', '102024022920950002', '16059631666', '2024-03-10', '302023121633940008', 'ailiwen', '1001', '101.969539', '36.844309', '102023021497100001', '2024-03-10 10:51:18', '0');
INSERT INTO `work_license_pos` VALUES ('112024031067240213', '102024022920950002', '16059631666', '2024-03-10', '302023121633940008', 'ailiwen', '1001', '101.969491', '36.844252', '102023021497100001', '2024-03-10 14:23:35', '0');
INSERT INTO `work_license_pos` VALUES ('112024031067890205', '102024022920950002', '16059631666', '2024-03-10', '302023121633940008', 'ailiwen', '1001', '101.971878', '36.846', '102023021497100001', '2024-03-10 14:12:30', '0');
INSERT INTO `work_license_pos` VALUES ('112024031069260331', '102024022920950002', '16059631666', '2024-03-10', '302023121633940008', 'ailiwen', '1001', '101.797958', '36.631566', '102023021497100001', '2024-03-10 16:29:34', '0');
INSERT INTO `work_license_pos` VALUES ('112024031069890298', '102024022920950002', '16059631666', '2024-03-10', '302023121633940008', 'ailiwen', '1001', '101.856405', '36.584281', '102023021497100001', '2024-03-10 16:23:17', '0');
INSERT INTO `work_license_pos` VALUES ('112024031070520319', '102024022920950002', '16059631666', '2024-03-10', '302023121633940008', 'ailiwen', '1001', '101.836065', '36.599142', '102023021497100001', '2024-03-10 16:26:00', '0');
INSERT INTO `work_license_pos` VALUES ('112024031071500226', '102024022920950002', '16059631666', '2024-03-10', '302023121633940008', 'ailiwen', '1001', '101.96942', '36.844245', '102023021497100001', '2024-03-10 15:50:17', '0');
INSERT INTO `work_license_pos` VALUES ('112024031071900355', '102024022920950002', '16059631666', '2024-03-10', '302023121633940008', 'ailiwen', '1001', '101.759239', '36.621824', '102023021497100001', '2024-03-10 16:34:42', '0');
INSERT INTO `work_license_pos` VALUES ('112024031072510410', '102024022920950002', '16059631666', '2024-03-10', '302023121633940008', 'ailiwen', '1001', '101.725966', '36.557358', '102023021497100001', '2024-03-10 18:42:22', '0');
INSERT INTO `work_license_pos` VALUES ('112024031072570223', '102024022920950002', '16059631666', '2024-03-10', '302023121633940008', 'ailiwen', '1001', '101.96942', '36.844245', '102023021497100001', '2024-03-10 15:47:41', '0');
INSERT INTO `work_license_pos` VALUES ('112024031072680279', '102024022920950002', '16059631666', '2024-03-10', '302023121633940008', 'ailiwen', '1001', '101.892253', '36.665969', '102023021497100001', '2024-03-10 16:16:06', '0');
INSERT INTO `work_license_pos` VALUES ('112024031072680374', '102024022920950002', '16059631666', '2024-03-10', '302023121633940008', 'ailiwen', '1001', '101.718926', '36.562312', '102023021497100001', '2024-03-10 16:42:30', '0');
INSERT INTO `work_license_pos` VALUES ('112024031072740367', '102024022920950002', '16059631666', '2024-03-10', '302023121633940008', 'ailiwen', '1001', '101.731695', '36.57455', '102023021497100001', '2024-03-10 16:41:06', '0');
INSERT INTO `work_license_pos` VALUES ('112024031073710293', '102024022920950002', '16059631666', '2024-03-10', '302023121633940008', 'ailiwen', '1001', '101.85713', '36.582064', '102023021497100001', '2024-03-10 16:22:59', '0');
INSERT INTO `work_license_pos` VALUES ('112024031074880250', '102024022920950002', '16059631666', '2024-03-10', '302023121633940008', 'ailiwen', '1001', '101.968172', '36.842686', '102023021497100001', '2024-03-10 15:58:00', '0');
INSERT INTO `work_license_pos` VALUES ('112024031075460206', '102024022920950002', '16059631666', '2024-03-10', '302023121633940008', 'ailiwen', '1001', '101.971878', '36.846', '102023021497100001', '2024-03-10 14:13:30', '0');
INSERT INTO `work_license_pos` VALUES ('112024031075490334', '102024022920950002', '16059631666', '2024-03-10', '302023121633940008', 'ailiwen', '1001', '101.793726', '36.635766', '102023021497100001', '2024-03-10 16:30:03', '0');
INSERT INTO `work_license_pos` VALUES ('112024031075890276', '102024022920950002', '16059631666', '2024-03-10', '302023121633940008', 'ailiwen', '1001', '101.901441', '36.704675', '102023021497100001', '2024-03-10 16:13:43', '0');
INSERT INTO `work_license_pos` VALUES ('112024031075920272', '102024022920950002', '16059631666', '2024-03-10', '302023121633940008', 'ailiwen', '1001', '101.914307', '36.737271', '102023021497100001', '2024-03-10 16:11:51', '0');
INSERT INTO `work_license_pos` VALUES ('112024031076610204', '102024022920950002', '16059631666', '2024-03-10', '302023121633940008', 'ailiwen', '1001', '101.971878', '36.846', '102023021497100001', '2024-03-10 14:11:51', '0');
INSERT INTO `work_license_pos` VALUES ('112024031076650330', '102024022920950002', '16059631666', '2024-03-10', '302023121633940008', 'ailiwen', '1001', '101.799184', '36.630797', '102023021497100001', '2024-03-10 16:29:28', '0');
INSERT INTO `work_license_pos` VALUES ('112024031077090230', '102024022920950002', '16059631666', '2024-03-10', '302023121633940008', 'ailiwen', '1001', '101.96968', '36.844255', '102023021497100001', '2024-03-10 15:52:32', '0');
INSERT INTO `work_license_pos` VALUES ('112024031077190386', '102024022920950002', '16059631666', '2024-03-10', '302023121633940008', 'ailiwen', '1001', '101.725255', '36.555109', '102023021497100001', '2024-03-10 16:45:23', '0');
INSERT INTO `work_license_pos` VALUES ('112024031077740199', '102024022920950002', '16059631666', '2024-03-10', '302023121633940008', 'ailiwen', '1001', '101.969422', '36.844408', '102023021497100001', '2024-03-10 13:46:14', '0');
INSERT INTO `work_license_pos` VALUES ('112024031078350228', '102024022920950002', '16059631666', '2024-03-10', '302023121633940008', 'ailiwen', '1001', '101.969329', '36.844028', '102023021497100001', '2024-03-10 15:50:33', '0');
INSERT INTO `work_license_pos` VALUES ('112024031078450252', '102024022920950002', '16059631666', '2024-03-10', '302023121633940008', 'ailiwen', '1001', '101.965849', '36.844276', '102023021497100001', '2024-03-10 15:58:38', '0');
INSERT INTO `work_license_pos` VALUES ('112024031079010269', '102024022920950002', '16059631666', '2024-03-10', '302023121633940008', 'ailiwen', '1001', '101.933764', '36.783937', '102023021497100001', '2024-03-10 16:08:51', '0');
INSERT INTO `work_license_pos` VALUES ('112024031079120219', '102024022920950002', '16059631666', '2024-03-10', '302023121633940008', 'ailiwen', '1001', '101.969166', '36.843516', '102023021497100001', '2024-03-10 15:01:05', '0');
INSERT INTO `work_license_pos` VALUES ('112024031080140294', '102024022920950002', '16059631666', '2024-03-10', '302023121633940008', 'ailiwen', '1001', '101.856704', '36.582426', '102023021497100001', '2024-03-10 16:23:02', '0');
INSERT INTO `work_license_pos` VALUES ('112024031080330215', '102024022920950002', '16059631666', '2024-03-10', '302023121633940008', 'ailiwen', '1001', '101.969489', '36.844324', '102023021497100001', '2024-03-10 14:34:29', '0');
INSERT INTO `work_license_pos` VALUES ('112024031080650394', '102024022920950002', '16059631666', '2024-03-10', '302023121633940008', 'ailiwen', '1001', '101.726854', '36.556078', '102023021497100001', '2024-03-10 16:46:40', '0');
INSERT INTO `work_license_pos` VALUES ('112024031080780339', '102024022920950002', '16059631666', '2024-03-10', '302023121633940008', 'ailiwen', '1001', '101.771268', '36.641726', '102023021497100001', '2024-03-10 16:31:47', '0');
INSERT INTO `work_license_pos` VALUES ('112024031080930307', '102024022920950002', '16059631666', '2024-03-10', '302023121633940008', 'ailiwen', '1001', '101.857729', '36.584142', '102023021497100001', '2024-03-10 16:23:30', '0');
INSERT INTO `work_license_pos` VALUES ('112024031080990260', '102024022920950002', '16059631666', '2024-03-10', '302023121633940008', 'ailiwen', '1001', '101.965741', '36.836061', '102023021497100001', '2024-03-10 16:00:35', '0');
INSERT INTO `work_license_pos` VALUES ('112024031081230277', '102024022920950002', '16059631666', '2024-03-10', '302023121633940008', 'ailiwen', '1001', '101.900998', '36.698106', '102023021497100001', '2024-03-10 16:14:27', '0');
INSERT INTO `work_license_pos` VALUES ('112024031081670314', '102024022920950002', '16059631666', '2024-03-10', '302023121633940008', 'ailiwen', '1001', '101.849133', '36.587188', '102023021497100001', '2024-03-10 16:24:28', '0');
INSERT INTO `work_license_pos` VALUES ('112024031083090251', '102024022920950002', '16059631666', '2024-03-10', '302023121633940008', 'ailiwen', '1001', '101.965891', '36.844266', '102023021497100001', '2024-03-10 15:58:37', '0');
INSERT INTO `work_license_pos` VALUES ('112024031083400378', '102024022920950002', '16059631666', '2024-03-10', '302023121633940008', 'ailiwen', '1001', '101.72439', '36.555367', '102023021497100001', '2024-03-10 16:44:36', '0');
INSERT INTO `work_license_pos` VALUES ('112024031083420382', '102024022920950002', '16059631666', '2024-03-10', '302023121633940008', 'ailiwen', '1001', '101.724792', '36.555531', '102023021497100001', '2024-03-10 16:45:21', '0');
INSERT INTO `work_license_pos` VALUES ('112024031083760292', '102024022920950002', '16059631666', '2024-03-10', '302023121633940008', 'ailiwen', '1001', '101.857666', '36.581823', '102023021497100001', '2024-03-10 16:22:54', '0');
INSERT INTO `work_license_pos` VALUES ('112024031083890363', '102024022920950002', '16059631666', '2024-03-10', '302023121633940008', 'ailiwen', '1001', '101.742339', '36.58785', '102023021497100001', '2024-03-10 16:39:25', '0');
INSERT INTO `work_license_pos` VALUES ('112024031084440189', '102024022920950002', '16059631666', '2024-03-10', '302023121633940008', 'ailiwen', '1001', '101.969539', '36.844309', '102023021497100001', '2024-03-10 10:50:06', '0');
INSERT INTO `work_license_pos` VALUES ('112024031084680217', '102024022920950002', '16059631666', '2024-03-10', '302023121633940008', 'ailiwen', '1001', '101.969489', '36.844324', '102023021497100001', '2024-03-10 14:36:09', '0');
INSERT INTO `work_license_pos` VALUES ('112024031084830296', '102024022920950002', '16059631666', '2024-03-10', '302023121633940008', 'ailiwen', '1001', '101.85629', '36.583334', '102023021497100001', '2024-03-10 16:23:09', '0');
INSERT INTO `work_license_pos` VALUES ('112024031085960375', '102024022920950002', '16059631666', '2024-03-10', '302023121633940008', 'ailiwen', '1001', '101.719074', '36.562054', '102023021497100001', '2024-03-10 16:42:32', '0');
INSERT INTO `work_license_pos` VALUES ('112024031086760232', '102024022920950002', '16059631666', '2024-03-10', '302023121633940008', 'ailiwen', '1001', '101.969287', '36.844495', '102023021497100001', '2024-03-10 15:54:54', '0');
INSERT INTO `work_license_pos` VALUES ('112024031087760328', '102024022920950002', '16059631666', '2024-03-10', '302023121633940008', 'ailiwen', '1001', '101.803604', '36.629727', '102023021497100001', '2024-03-10 16:29:10', '0');
INSERT INTO `work_license_pos` VALUES ('112024031088000188', '102024022920950002', '16059631666', '2024-03-10', '302023121633940008', 'ailiwen', '1001', '101.969539', '36.844309', '102023021497100001', '2024-03-10 10:49:06', '0');
INSERT INTO `work_license_pos` VALUES ('112024031088100368', '102024022920950002', '16059631666', '2024-03-10', '302023121633940008', 'ailiwen', '1001', '101.728883', '36.573878', '102023021497100001', '2024-03-10 16:41:18', '0');
INSERT INTO `work_license_pos` VALUES ('112024031088480309', '102024022920950002', '16059631666', '2024-03-10', '302023121633940008', 'ailiwen', '1001', '101.857538', '36.583903', '102023021497100001', '2024-03-10 16:23:33', '0');
INSERT INTO `work_license_pos` VALUES ('112024031088820402', '102024022920950002', '16059631666', '2024-03-10', '302023121633940008', 'ailiwen', '1001', '101.726107', '36.557201', '102023021497100001', '2024-03-10 17:40:59', '0');
INSERT INTO `work_license_pos` VALUES ('112024031089290280', '102024022920950002', '16059631666', '2024-03-10', '302023121633940008', 'ailiwen', '1001', '101.885748', '36.650362', '102023021497100001', '2024-03-10 16:17:06', '0');
INSERT INTO `work_license_pos` VALUES ('112024031089410295', '102024022920950002', '16059631666', '2024-03-10', '302023121633940008', 'ailiwen', '1001', '101.856478', '36.582799', '102023021497100001', '2024-03-10 16:23:05', '0');
INSERT INTO `work_license_pos` VALUES ('112024031089940389', '102024022920950002', '16059631666', '2024-03-10', '302023121633940008', 'ailiwen', '1001', '101.726712', '36.555894', '102023021497100001', '2024-03-10 16:45:48', '0');
INSERT INTO `work_license_pos` VALUES ('112024031090430297', '102024022920950002', '16059631666', '2024-03-10', '302023121633940008', 'ailiwen', '1001', '101.856321', '36.584088', '102023021497100001', '2024-03-10 16:23:15', '0');
INSERT INTO `work_license_pos` VALUES ('112024031090540278', '102024022920950002', '16059631666', '2024-03-10', '302023121633940008', 'ailiwen', '1001', '101.896336', '36.682078', '102023021497100001', '2024-03-10 16:15:06', '0');
INSERT INTO `work_license_pos` VALUES ('112024031091420388', '102024022920950002', '16059631666', '2024-03-10', '302023121633940008', 'ailiwen', '1001', '33.951796', '36.555133', '102023021497100001', '2024-03-10 16:45:24', '0');
INSERT INTO `work_license_pos` VALUES ('112024031091690285', '102024022920950002', '16059631666', '2024-03-10', '302023121633940008', 'ailiwen', '1001', '101.878346', '36.592703', '102023021497100001', '2024-03-10 16:21:03', '0');
INSERT INTO `work_license_pos` VALUES ('112024031092770326', '102024022920950002', '16059631666', '2024-03-10', '302023121633940008', 'ailiwen', '1001', '101.806708', '36.628804', '102023021497100001', '2024-03-10 16:28:57', '0');
INSERT INTO `work_license_pos` VALUES ('112024031093400281', '102024022920950002', '16059631666', '2024-03-10', '302023121633940008', 'ailiwen', '1001', '101.883936', '36.643378', '102023021497100001', '2024-03-10 16:17:33', '0');
INSERT INTO `work_license_pos` VALUES ('112024031093950350', '102024022920950002', '16059631666', '2024-03-10', '302023121633940008', 'ailiwen', '1001', '101.772344', '36.641841', '102023021497100001', '2024-03-10 16:32:08', '0');
INSERT INTO `work_license_pos` VALUES ('112024031094500341', '102024022920950002', '16059631666', '2024-03-10', '302023121633940008', 'ailiwen', '1001', '101.77123', '36.642044', '102023021497100001', '2024-03-10 16:31:51', '0');
INSERT INTO `work_license_pos` VALUES ('112024031094550323', '102024022920950002', '16059631666', '2024-03-10', '302023121633940008', 'ailiwen', '1001', '101.820105', '36.619594', '102023021497100001', '2024-03-10 16:27:55', '0');
INSERT INTO `work_license_pos` VALUES ('112024031095100222', '102024022920950002', '16059631666', '2024-03-10', '302023121633940008', 'ailiwen', '1001', '101.969166', '36.843516', '102023021497100001', '2024-03-10 15:03:42', '0');
INSERT INTO `work_license_pos` VALUES ('112024031095140243', '102024022920950002', '16059631666', '2024-03-10', '302023121633940008', 'ailiwen', '1001', '101.968983', '36.843352', '102023021497100001', '2024-03-10 15:56:17', '0');
INSERT INTO `work_license_pos` VALUES ('112024031096430245', '102024022920950002', '16059631666', '2024-03-10', '302023121633940008', 'ailiwen', '1001', '101.969061', '36.843209', '102023021497100001', '2024-03-10 15:57:29', '0');
INSERT INTO `work_license_pos` VALUES ('112024031096530357', '102024022920950002', '16059631666', '2024-03-10', '302023121633940008', 'ailiwen', '1001', '101.752527', '36.60473', '102023021497100001', '2024-03-10 16:36:42', '0');
INSERT INTO `work_license_pos` VALUES ('112024031096580225', '102024022920950002', '16059631666', '2024-03-10', '302023121633940008', 'ailiwen', '1001', '101.96942', '36.844245', '102023021497100001', '2024-03-10 15:49:20', '0');
INSERT INTO `work_license_pos` VALUES ('112024031097450325', '102024022920950002', '16059631666', '2024-03-10', '302023121633940008', 'ailiwen', '1001', '101.814024', '36.622854', '102023021497100001', '2024-03-10 16:28:20', '0');
INSERT INTO `work_license_pos` VALUES ('112024031097610361', '102024022920950002', '16059631666', '2024-03-10', '302023121633940008', 'ailiwen', '1001', '101.743874', '36.589505', '102023021497100001', '2024-03-10 16:39:16', '0');
INSERT INTO `work_license_pos` VALUES ('112024031097950366', '102024022920950002', '16059631666', '2024-03-10', '302023121633940008', 'ailiwen', '1001', '101.73235', '36.574768', '102023021497100001', '2024-03-10 16:41:04', '0');
INSERT INTO `work_license_pos` VALUES ('112024031097970390', '102024022920950002', '16059631666', '2024-03-10', '302023121633940008', 'ailiwen', '1001', '101.726712', '36.555894', '102023021497100001', '2024-03-10 16:46:31', '0');
INSERT INTO `work_license_pos` VALUES ('112024031098000344', '102024022920950002', '16059631666', '2024-03-10', '302023121633940008', 'ailiwen', '1001', '101.771545', '36.642362', '102023021497100001', '2024-03-10 16:31:56', '0');
INSERT INTO `work_license_pos` VALUES ('112024031098650197', '102024022920950002', '16059631666', '2024-03-10', '302023121633940008', 'ailiwen', '1001', '101.969422', '36.844408', '102023021497100001', '2024-03-10 13:44:37', '0');
INSERT INTO `work_license_pos` VALUES ('112024031099540345', '102024022920950002', '16059631666', '2024-03-10', '302023121633940008', 'ailiwen', '1001', '101.771728', '36.642402', '102023021497100001', '2024-03-10 16:31:58', '0');
INSERT INTO `work_license_pos` VALUES ('112024031099570193', '102024022920950002', '16059631666', '2024-03-10', '302023121633940008', 'ailiwen', '1001', '101.969404', '36.844373', '102023021497100001', '2024-03-10 13:43:49', '0');
INSERT INTO `work_license_pos` VALUES ('112024031112350011', '102024022920950002', '16059631666', '2024-03-11', '302023121633940008', 'ailiwen', '1001', '101.726016', '36.557241', '102023021497100001', '2024-03-11 21:06:29', '0');
INSERT INTO `work_license_pos` VALUES ('112024031121760010', '102024022920950002', '16059631666', '2024-03-11', '302023121633940008', 'ailiwen', '1001', '101.725756', '36.557636', '102023021497100001', '2024-03-11 21:34:50', '0');
INSERT INTO `work_license_pos` VALUES ('112024031124600004', '102024022920950002', '16059631666', '2024-03-11', '302023121633940008', 'ailiwen', '1001', '101.726024', '36.557306', '102023021497100001', '2024-03-11 16:12:36', '0');
INSERT INTO `work_license_pos` VALUES ('112024031134370003', '102024022920950002', '16059631666', '2024-03-11', '302023121633940008', 'ailiwen', '1001', '101.726024', '36.557306', '102023021497100001', '2024-03-11 16:11:36', '0');
INSERT INTO `work_license_pos` VALUES ('112024031138510012', '102024022920950002', '16059631666', '2024-03-11', '302023121633940008', 'ailiwen', '1001', '101.726016', '36.557241', '102023021497100001', '2024-03-11 21:07:19', '0');
INSERT INTO `work_license_pos` VALUES ('112024031140270002', '102024022920950002', '16059631666', '2024-03-11', '302023121633940008', 'ailiwen', '1001', '101.726177', '36.557331', '102023021497100001', '2024-03-11 17:47:56', '0');
INSERT INTO `work_license_pos` VALUES ('112024031142360001', '102024022920950002', '16059631666', '2024-03-11', '302023121633940008', 'ailiwen', '1001', '101.726024', '36.557306', '102023021497100001', '2024-03-11 16:10:50', '0');
INSERT INTO `work_license_pos` VALUES ('112024031163760001', '102024022920950002', '16059631666', '2024-03-11', '302023121633940008', 'ailiwen', '1001', '101.725988', '36.556871', '102023021497100001', '2024-03-11 17:47:56', '0');
INSERT INTO `work_license_pos` VALUES ('112024031165030005', '102024022920950002', '16059631666', '2024-03-11', '302023121633940008', 'ailiwen', '1001', '101.725988', '36.556871', '102023021497100001', '2024-03-11 17:50:27', '0');
INSERT INTO `work_license_pos` VALUES ('112024031165420004', '102024022920950002', '16059631666', '2024-03-11', '302023121633940008', 'ailiwen', '1001', '101.725988', '36.556871', '102023021497100001', '2024-03-11 17:49:43', '0');
INSERT INTO `work_license_pos` VALUES ('112024031167110011', '102024022920950002', '16059631666', '2024-03-11', '302023121633940008', 'ailiwen', '1001', '101.725756', '36.557636', '102023021497100001', '2024-03-11 21:35:34', '0');
INSERT INTO `work_license_pos` VALUES ('112024031172130002', '102024022920950002', '16059631666', '2024-03-11', '302023121633940008', 'ailiwen', '1001', '101.725799', '36.55865', '102023021497100001', '2024-03-11 16:10:51', '0');
INSERT INTO `work_license_pos` VALUES ('112024031176760003', '102024022920950002', '16059631666', '2024-03-11', '302023121633940008', 'ailiwen', '1001', '101.725988', '36.556871', '102023021497100001', '2024-03-11 17:48:43', '0');
INSERT INTO `work_license_pos` VALUES ('112024031181120010', '102024022920950002', '16059631666', '2024-03-11', '302023121633940008', 'ailiwen', '1001', '101.726016', '36.557241', '102023021497100001', '2024-03-11 21:05:29', '0');
INSERT INTO `work_license_pos` VALUES ('112024031186760009', '102024022920950002', '16059631666', '2024-03-11', '302023121633940008', 'ailiwen', '1001', '101.725756', '36.557636', '102023021497100001', '2024-03-11 21:33:50', '0');
INSERT INTO `work_license_pos` VALUES ('112024031187910009', '102024022920950002', '16059631666', '2024-03-11', '302023121633940008', 'ailiwen', '1001', '101.726016', '36.557241', '102023021497100001', '2024-03-11 21:04:49', '0');
INSERT INTO `work_license_pos` VALUES ('112024031187980008', '102024022920950002', '16059631666', '2024-03-11', '302023121633940008', 'ailiwen', '1001', '101.72645', '36.556932', '102023021497100001', '2024-03-11 21:33:05', '0');
INSERT INTO `work_license_pos` VALUES ('112024031187990007', '102024022920950002', '16059631666', '2024-03-11', '302023121633940008', 'ailiwen', '1001', '101.725756', '36.557636', '102023021497100001', '2024-03-11 21:33:04', '0');
INSERT INTO `work_license_pos` VALUES ('112024031199730005', '102024022920950002', '16059631666', '2024-03-11', '302023121633940008', 'ailiwen', '1001', '101.726024', '36.557306', '102023021497100001', '2024-03-11 16:13:19', '0');
INSERT INTO `work_license_pos` VALUES ('112024031224770033', '102024022920950002', '16059631666', '2024-03-12', '302023121633940008', 'ailiwen', '1001', '101.727838', '36.555084', '102023021497100001', '2024-03-12 22:48:02', '0');
INSERT INTO `work_license_pos` VALUES ('112024031237790031', '102024022920950002', '16059631666', '2024-03-12', '302023121633940008', 'ailiwen', '1001', '101.727838', '36.555084', '102023021497100001', '2024-03-12 22:46:09', '0');
INSERT INTO `work_license_pos` VALUES ('112024031238900029', '102024022920950002', '16059631666', '2024-03-12', '302023121633940008', 'ailiwen', '1001', '101.72604', '36.55733', '102023021497100001', '2024-03-12 22:35:51', '0');
INSERT INTO `work_license_pos` VALUES ('112024031242540026', '102024022920950002', '16059631666', '2024-03-12', '302023121633940008', 'ailiwen', '1001', '101.72604', '36.55733', '102023021497100001', '2024-03-12 22:33:25', '0');
INSERT INTO `work_license_pos` VALUES ('112024031257630025', '102024022920950002', '16059631666', '2024-03-12', '302023121633940008', 'ailiwen', '1001', '101.72599', '36.557403', '102023021497100001', '2024-03-12 22:33:22', '0');
INSERT INTO `work_license_pos` VALUES ('112024031263580032', '102024022920950002', '16059631666', '2024-03-12', '302023121633940008', 'ailiwen', '1001', '101.727838', '36.555084', '102023021497100001', '2024-03-12 22:47:09', '0');
INSERT INTO `work_license_pos` VALUES ('112024031270850030', '102024022920950002', '16059631666', '2024-03-12', '302023121633940008', 'ailiwen', '1001', '101.727838', '36.555084', '102023021497100001', '2024-03-12 22:45:10', '0');
INSERT INTO `work_license_pos` VALUES ('112024031280480028', '102024022920950002', '16059631666', '2024-03-12', '302023121633940008', 'ailiwen', '1001', '101.72604', '36.55733', '102023021497100001', '2024-03-12 22:35:25', '0');
INSERT INTO `work_license_pos` VALUES ('112024031284300027', '102024022920950002', '16059631666', '2024-03-12', '302023121633940008', 'ailiwen', '1001', '101.72604', '36.55733', '102023021497100001', '2024-03-12 22:34:25', '0');
INSERT INTO `work_license_pos` VALUES ('112024031285020024', '102024022920950002', '16059631666', '2024-03-12', '302023121633940008', 'ailiwen', '1001', '101.725978', '36.557469', '102023021497100001', '2024-03-12 22:33:17', '0');
INSERT INTO `work_license_pos` VALUES ('112024031300830134', '102024022920950002', '16059631666', '2024-03-13', '302023121633940008', 'ailiwen', '1001', '101.729276', '36.562359', '102023021497100001', '2024-03-13 15:40:17', '0');
INSERT INTO `work_license_pos` VALUES ('112024031301620167', '102024022920950002', '16059631666', '2024-03-13', '302023121633940008', 'ailiwen', '1001', '101.733533', '36.565338', '102023021497100001', '2024-03-13 16:02:50', '0');
INSERT INTO `work_license_pos` VALUES ('112024031302290069', '102024022920950002', '16059631666', '2024-03-13', '302023121633940008', 'ailiwen', '1001', '101.723765', '36.556566', '102023021497100001', '2024-03-13 14:52:34', '0');
INSERT INTO `work_license_pos` VALUES ('112024031302830196', '102024022920950002', '16059631666', '2024-03-13', '302023121633940008', 'ailiwen', '1001', '101.754631', '36.58628', '102023021497100001', '2024-03-13 16:21:21', '0');
INSERT INTO `work_license_pos` VALUES ('112024031302850064', '102024022920950002', '16059631666', '2024-03-13', '302023121633940008', 'ailiwen', '1001', '101.725724', '36.557253', '102023021497100001', '2024-03-13 14:50:14', '0');
INSERT INTO `work_license_pos` VALUES ('112024031303300108', '102024022920950002', '16059631666', '2024-03-13', '302023121633940008', 'ailiwen', '1001', '101.726141', '36.559596', '102023021497100001', '2024-03-13 15:23:22', '0');
INSERT INTO `work_license_pos` VALUES ('112024031303400122', '102024022920950002', '16059631666', '2024-03-13', '302023121633940008', 'ailiwen', '1001', '101.732761', '36.560937', '102023021497100001', '2024-03-13 15:33:16', '0');
INSERT INTO `work_license_pos` VALUES ('112024031303660097', '102024022920950002', '16059631666', '2024-03-13', '302023121633940008', 'ailiwen', '1001', '101.724893', '36.556981', '102023021497100001', '2024-03-13 15:19:51', '0');
INSERT INTO `work_license_pos` VALUES ('112024031303880034', '102024022920950002', '16059631666', '2024-03-13', '302023121633940008', 'ailiwen', '1001', '101.726452', '36.557073', '102023021497100001', '2024-03-13 14:32:38', '0');
INSERT INTO `work_license_pos` VALUES ('112024031304000146', '102024022920950002', '16059631666', '2024-03-13', '302023121633940008', 'ailiwen', '1001', '101.734468', '36.565616', '102023021497100001', '2024-03-13 15:43:54', '0');
INSERT INTO `work_license_pos` VALUES ('112024031305110072', '102024022920950002', '16059631666', '2024-03-13', '302023121633940008', 'ailiwen', '1001', '101.723754', '36.556182', '102023021497100001', '2024-03-13 14:52:44', '0');
INSERT INTO `work_license_pos` VALUES ('112024031305160065', '102024022920950002', '16059631666', '2024-03-13', '302023121633940008', 'ailiwen', '1001', '101.725724', '36.557253', '102023021497100001', '2024-03-13 14:51:34', '0');
INSERT INTO `work_license_pos` VALUES ('112024031306450180', '102024022920950002', '16059631666', '2024-03-13', '302023121633940008', 'ailiwen', '1001', '101.751216', '36.583629', '102023021497100001', '2024-03-13 16:10:54', '0');
INSERT INTO `work_license_pos` VALUES ('112024031306600067', '102024022920950002', '16059631666', '2024-03-13', '302023121633940008', 'ailiwen', '1001', '101.725842', '36.557344', '102023021497100001', '2024-03-13 14:51:35', '0');
INSERT INTO `work_license_pos` VALUES ('112024031306690046', '102024022920950002', '16059631666', '2024-03-13', '302023121633940008', 'ailiwen', '1001', '101.72516', '36.556889', '102023021497100001', '2024-03-13 14:37:32', '0');
INSERT INTO `work_license_pos` VALUES ('112024031307590181', '102024022920950002', '16059631666', '2024-03-13', '302023121633940008', 'ailiwen', '1001', '101.751216', '36.583629', '102023021497100001', '2024-03-13 16:11:54', '0');
INSERT INTO `work_license_pos` VALUES ('112024031307660074', '102024022920950002', '16059631666', '2024-03-13', '302023121633940008', 'ailiwen', '1001', '101.724233', '36.555692', '102023021497100001', '2024-03-13 14:53:05', '0');
INSERT INTO `work_license_pos` VALUES ('112024031307670163', '102024022920950002', '16059631666', '2024-03-13', '302023121633940008', 'ailiwen', '1001', '101.733004', '36.565275', '102023021497100001', '2024-03-13 15:54:02', '0');
INSERT INTO `work_license_pos` VALUES ('112024031308130170', '102024022920950002', '16059631666', '2024-03-13', '302023121633940008', 'ailiwen', '1001', '101.735394', '36.566633', '102023021497100001', '2024-03-13 16:03:27', '0');
INSERT INTO `work_license_pos` VALUES ('112024031308720125', '102024022920950002', '16059631666', '2024-03-13', '302023121633940008', 'ailiwen', '1001', '101.730027', '36.562005', '102023021497100001', '2024-03-13 15:35:10', '0');
INSERT INTO `work_license_pos` VALUES ('112024031310340142', '102024022920950002', '16059631666', '2024-03-13', '302023121633940008', 'ailiwen', '1001', '101.734086', '36.565496', '102023021497100001', '2024-03-13 15:43:36', '0');
INSERT INTO `work_license_pos` VALUES ('112024031311340070', '102024022920950002', '16059631666', '2024-03-13', '302023121633940008', 'ailiwen', '1001', '101.723661', '36.55647', '102023021497100001', '2024-03-13 14:52:38', '0');
INSERT INTO `work_license_pos` VALUES ('112024031312170044', '102024022920950002', '16059631666', '2024-03-13', '302023121633940008', 'ailiwen', '1001', '101.725451', '36.556951', '102023021497100001', '2024-03-13 14:37:21', '0');
INSERT INTO `work_license_pos` VALUES ('112024031312180055', '102024022920950002', '16059631666', '2024-03-13', '302023121633940008', 'ailiwen', '1001', '101.724802', '36.556749', '102023021497100001', '2024-03-13 14:44:05', '0');
INSERT INTO `work_license_pos` VALUES ('112024031312280158', '102024022920950002', '16059631666', '2024-03-13', '302023121633940008', 'ailiwen', '1001', '101.733004', '36.565275', '102023021497100001', '2024-03-13 15:49:02', '0');
INSERT INTO `work_license_pos` VALUES ('112024031312900094', '102024022920950002', '16059631666', '2024-03-13', '302023121633940008', 'ailiwen', '1001', '101.724663', '36.556921', '102023021497100001', '2024-03-13 15:15:47', '0');
INSERT INTO `work_license_pos` VALUES ('112024031313580091', '102024022920950002', '16059631666', '2024-03-13', '302023121633940008', 'ailiwen', '1001', '101.724663', '36.556921', '102023021497100001', '2024-03-13 15:12:47', '0');
INSERT INTO `work_license_pos` VALUES ('112024031314320121', '102024022920950002', '16059631666', '2024-03-13', '302023121633940008', 'ailiwen', '1001', '101.734867', '36.559465', '102023021497100001', '2024-03-13 15:31:56', '0');
INSERT INTO `work_license_pos` VALUES ('112024031314410093', '102024022920950002', '16059631666', '2024-03-13', '302023121633940008', 'ailiwen', '1001', '101.724663', '36.556921', '102023021497100001', '2024-03-13 15:14:47', '0');
INSERT INTO `work_license_pos` VALUES ('112024031314580054', '102024022920950002', '16059631666', '2024-03-13', '302023121633940008', 'ailiwen', '1001', '101.724802', '36.556749', '102023021497100001', '2024-03-13 14:43:05', '0');
INSERT INTO `work_license_pos` VALUES ('112024031314600084', '102024022920950002', '16059631666', '2024-03-13', '302023121633940008', 'ailiwen', '1001', '101.723984', '36.556103', '102023021497100001', '2024-03-13 15:11:56', '0');
INSERT INTO `work_license_pos` VALUES ('112024031315930063', '102024022920950002', '16059631666', '2024-03-13', '302023121633940008', 'ailiwen', '1001', '101.725724', '36.557253', '102023021497100001', '2024-03-13 14:49:14', '0');
INSERT INTO `work_license_pos` VALUES ('112024031316250036', '102024022920950002', '16059631666', '2024-03-13', '302023121633940008', 'ailiwen', '1001', '101.725729', '36.557005', '102023021497100001', '2024-03-13 14:32:40', '0');
INSERT INTO `work_license_pos` VALUES ('112024031316280106', '102024022920950002', '16059631666', '2024-03-13', '302023121633940008', 'ailiwen', '1001', '101.726837', '36.558482', '102023021497100001', '2024-03-13 15:22:34', '0');
INSERT INTO `work_license_pos` VALUES ('112024031316350162', '102024022920950002', '16059631666', '2024-03-13', '302023121633940008', 'ailiwen', '1001', '101.733004', '36.565275', '102023021497100001', '2024-03-13 15:53:02', '0');
INSERT INTO `work_license_pos` VALUES ('112024031316660153', '102024022920950002', '16059631666', '2024-03-13', '302023121633940008', 'ailiwen', '1001', '101.735218', '36.566704', '102023021497100001', '2024-03-13 15:47:28', '0');
INSERT INTO `work_license_pos` VALUES ('112024031316740169', '102024022920950002', '16059631666', '2024-03-13', '302023121633940008', 'ailiwen', '1001', '101.734092', '36.565674', '102023021497100001', '2024-03-13 16:03:01', '0');
INSERT INTO `work_license_pos` VALUES ('112024031316970045', '102024022920950002', '16059631666', '2024-03-13', '302023121633940008', 'ailiwen', '1001', '101.725315', '36.556909', '102023021497100001', '2024-03-13 14:37:22', '0');
INSERT INTO `work_license_pos` VALUES ('112024031317600035', '102024022920950002', '16059631666', '2024-03-13', '302023121633940008', 'ailiwen', '1001', '101.726452', '36.557073', '102023021497100001', '2024-03-13 14:32:39', '0');
INSERT INTO `work_license_pos` VALUES ('112024031317700073', '102024022920950002', '16059631666', '2024-03-13', '302023121633940008', 'ailiwen', '1001', '101.724082', '36.555725', '102023021497100001', '2024-03-13 14:52:57', '0');
INSERT INTO `work_license_pos` VALUES ('112024031318200198', '102024022920950002', '16059631666', '2024-03-13', '302023121633940008', 'ailiwen', '1001', '101.754631', '36.58628', '102023021497100001', '2024-03-13 16:23:41', '0');
INSERT INTO `work_license_pos` VALUES ('112024031320460197', '102024022920950002', '16059631666', '2024-03-13', '302023121633940008', 'ailiwen', '1001', '101.754631', '36.58628', '102023021497100001', '2024-03-13 16:22:21', '0');
INSERT INTO `work_license_pos` VALUES ('112024031321200110', '102024022920950002', '16059631666', '2024-03-13', '302023121633940008', 'ailiwen', '1001', '101.726166', '36.560351', '102023021497100001', '2024-03-13 15:24:17', '0');
INSERT INTO `work_license_pos` VALUES ('112024031321390076', '102024022920950002', '16059631666', '2024-03-13', '302023121633940008', 'ailiwen', '1001', '101.724233', '36.555692', '102023021497100001', '2024-03-13 14:55:25', '0');
INSERT INTO `work_license_pos` VALUES ('112024031321390195', '102024022920950002', '16059631666', '2024-03-13', '302023121633940008', 'ailiwen', '1001', '101.754709', '36.586252', '102023021497100001', '2024-03-13 16:20:21', '0');
INSERT INTO `work_license_pos` VALUES ('112024031321740186', '102024022920950002', '16059631666', '2024-03-13', '302023121633940008', 'ailiwen', '1001', '101.753868', '36.586269', '102023021497100001', '2024-03-13 16:13:17', '0');
INSERT INTO `work_license_pos` VALUES ('112024031322050154', '102024022920950002', '16059631666', '2024-03-13', '302023121633940008', 'ailiwen', '1001', '101.735209', '36.566735', '102023021497100001', '2024-03-13 15:47:29', '0');
INSERT INTO `work_license_pos` VALUES ('112024031322680066', '102024022920950002', '16059631666', '2024-03-13', '302023121633940008', 'ailiwen', '1001', '101.725724', '36.557253', '102023021497100001', '2024-03-13 14:51:35', '0');
INSERT INTO `work_license_pos` VALUES ('112024031323380114', '102024022920950002', '16059631666', '2024-03-13', '302023121633940008', 'ailiwen', '1001', '101.729171', '36.562362', '102023021497100001', '2024-03-13 15:26:27', '0');
INSERT INTO `work_license_pos` VALUES ('112024031323880187', '102024022920950002', '16059631666', '2024-03-13', '302023121633940008', 'ailiwen', '1001', '101.75408', '36.586327', '102023021497100001', '2024-03-13 16:13:17', '0');
INSERT INTO `work_license_pos` VALUES ('112024031324200115', '102024022920950002', '16059631666', '2024-03-13', '302023121633940008', 'ailiwen', '1001', '101.73039', '36.561769', '102023021497100001', '2024-03-13 15:27:27', '0');
INSERT INTO `work_license_pos` VALUES ('112024031328070078', '102024022920950002', '16059631666', '2024-03-13', '302023121633940008', 'ailiwen', '1001', '101.724233', '36.555692', '102023021497100001', '2024-03-13 14:56:19', '0');
INSERT INTO `work_license_pos` VALUES ('112024031328250138', '102024022920950002', '16059631666', '2024-03-13', '302023121633940008', 'ailiwen', '1001', '101.732235', '36.564705', '102023021497100001', '2024-03-13 15:42:39', '0');
INSERT INTO `work_license_pos` VALUES ('112024031328260047', '102024022920950002', '16059631666', '2024-03-13', '302023121633940008', 'ailiwen', '1001', '101.725146', '36.556884', '102023021497100001', '2024-03-13 14:37:33', '0');
INSERT INTO `work_license_pos` VALUES ('112024031329520156', '102024022920950002', '16059631666', '2024-03-13', '302023121633940008', 'ailiwen', '1001', '101.735117', '36.566722', '102023021497100001', '2024-03-13 15:47:30', '0');
INSERT INTO `work_license_pos` VALUES ('112024031330630126', '102024022920950002', '16059631666', '2024-03-13', '302023121633940008', 'ailiwen', '1001', '101.729858', '36.562061', '102023021497100001', '2024-03-13 15:35:16', '0');
INSERT INTO `work_license_pos` VALUES ('112024031331250141', '102024022920950002', '16059631666', '2024-03-13', '302023121633940008', 'ailiwen', '1001', '101.733892', '36.565623', '102023021497100001', '2024-03-13 15:43:35', '0');
INSERT INTO `work_license_pos` VALUES ('112024031331740081', '102024022920950002', '16059631666', '2024-03-13', '302023121633940008', 'ailiwen', '1001', '101.723917', '36.555577', '102023021497100001', '2024-03-13 15:00:31', '0');
INSERT INTO `work_license_pos` VALUES ('112024031331940062', '102024022920950002', '16059631666', '2024-03-13', '302023121633940008', 'ailiwen', '1001', '101.725724', '36.557253', '102023021497100001', '2024-03-13 14:48:14', '0');
INSERT INTO `work_license_pos` VALUES ('112024031333280085', '102024022920950002', '16059631666', '2024-03-13', '302023121633940008', 'ailiwen', '1001', '101.724217', '36.556074', '102023021497100001', '2024-03-13 15:11:57', '0');
INSERT INTO `work_license_pos` VALUES ('112024031333790194', '102024022920950002', '16059631666', '2024-03-13', '302023121633940008', 'ailiwen', '1001', '101.754716', '36.586264', '102023021497100001', '2024-03-13 16:19:21', '0');
INSERT INTO `work_license_pos` VALUES ('112024031333820050', '102024022920950002', '16059631666', '2024-03-13', '302023121633940008', 'ailiwen', '1001', '101.724802', '36.556749', '102023021497100001', '2024-03-13 14:39:05', '0');
INSERT INTO `work_license_pos` VALUES ('112024031334890056', '102024022920950002', '16059631666', '2024-03-13', '302023121633940008', 'ailiwen', '1001', '101.724802', '36.556749', '102023021497100001', '2024-03-13 14:44:18', '0');
INSERT INTO `work_license_pos` VALUES ('112024031335380148', '102024022920950002', '16059631666', '2024-03-13', '302023121633940008', 'ailiwen', '1001', '101.7346', '36.565681', '102023021497100001', '2024-03-13 15:45:54', '0');
INSERT INTO `work_license_pos` VALUES ('112024031335870185', '102024022920950002', '16059631666', '2024-03-13', '302023121633940008', 'ailiwen', '1001', '101.753633', '36.5861', '102023021497100001', '2024-03-13 16:13:16', '0');
INSERT INTO `work_license_pos` VALUES ('112024031336440040', '102024022920950002', '16059631666', '2024-03-13', '302023121633940008', 'ailiwen', '1001', '101.725889', '36.557308', '102023021497100001', '2024-03-13 14:36:39', '0');
INSERT INTO `work_license_pos` VALUES ('112024031337170096', '102024022920950002', '16059631666', '2024-03-13', '302023121633940008', 'ailiwen', '1001', '101.724893', '36.556981', '102023021497100001', '2024-03-13 15:18:31', '0');
INSERT INTO `work_license_pos` VALUES ('112024031337600190', '102024022920950002', '16059631666', '2024-03-13', '302023121633940008', 'ailiwen', '1001', '101.754703', '36.586269', '102023021497100001', '2024-03-13 16:15:21', '0');
INSERT INTO `work_license_pos` VALUES ('112024031339500179', '102024022920950002', '16059631666', '2024-03-13', '302023121633940008', 'ailiwen', '1001', '101.750929', '36.583237', '102023021497100001', '2024-03-13 16:10:42', '0');
INSERT INTO `work_license_pos` VALUES ('112024031340400092', '102024022920950002', '16059631666', '2024-03-13', '302023121633940008', 'ailiwen', '1001', '101.724663', '36.556921', '102023021497100001', '2024-03-13 15:13:47', '0');
INSERT INTO `work_license_pos` VALUES ('112024031340470052', '102024022920950002', '16059631666', '2024-03-13', '302023121633940008', 'ailiwen', '1001', '101.724802', '36.556749', '102023021497100001', '2024-03-13 14:41:26', '0');
INSERT INTO `work_license_pos` VALUES ('112024031340830113', '102024022920950002', '16059631666', '2024-03-13', '302023121633940008', 'ailiwen', '1001', '101.729171', '36.562362', '102023021497100001', '2024-03-13 15:25:27', '0');
INSERT INTO `work_license_pos` VALUES ('112024031341380077', '102024022920950002', '16059631666', '2024-03-13', '302023121633940008', 'ailiwen', '1001', '101.724233', '36.555692', '102023021497100001', '2024-03-13 14:56:05', '0');
INSERT INTO `work_license_pos` VALUES ('112024031343050184', '102024022920950002', '16059631666', '2024-03-13', '302023121633940008', 'ailiwen', '1001', '101.753309', '36.585891', '102023021497100001', '2024-03-13 16:13:15', '0');
INSERT INTO `work_license_pos` VALUES ('112024031345410177', '102024022920950002', '16059631666', '2024-03-13', '302023121633940008', 'ailiwen', '1001', '101.75069', '36.583025', '102023021497100001', '2024-03-13 16:10:27', '0');
INSERT INTO `work_license_pos` VALUES ('112024031347580200', '102024022920950002', '16059631666', '2024-03-13', '302023121633940008', 'ailiwen', '1001', '101.754631', '36.58628', '102023021497100001', '2024-03-13 16:24:30', '0');
INSERT INTO `work_license_pos` VALUES ('112024031347730082', '102024022920950002', '16059631666', '2024-03-13', '302023121633940008', 'ailiwen', '1001', '101.723917', '36.555577', '102023021497100001', '2024-03-13 15:01:30', '0');
INSERT INTO `work_license_pos` VALUES ('112024031347930049', '102024022920950002', '16059631666', '2024-03-13', '302023121633940008', 'ailiwen', '1001', '101.724802', '36.556749', '102023021497100001', '2024-03-13 14:38:05', '0');
INSERT INTO `work_license_pos` VALUES ('112024031348840061', '102024022920950002', '16059631666', '2024-03-13', '302023121633940008', 'ailiwen', '1001', '101.724971', '36.556873', '102023021497100001', '2024-03-13 14:47:48', '0');
INSERT INTO `work_license_pos` VALUES ('112024031348990058', '102024022920950002', '16059631666', '2024-03-13', '302023121633940008', 'ailiwen', '1001', '101.724495', '36.557085', '102023021497100001', '2024-03-13 14:45:29', '0');
INSERT INTO `work_license_pos` VALUES ('112024031349240151', '102024022920950002', '16059631666', '2024-03-13', '302023121633940008', 'ailiwen', '1001', '101.734068', '36.565819', '102023021497100001', '2024-03-13 15:46:37', '0');
INSERT INTO `work_license_pos` VALUES ('112024031349610103', '102024022920950002', '16059631666', '2024-03-13', '302023121633940008', 'ailiwen', '1001', '101.726859', '36.558288', '102023021497100001', '2024-03-13 15:22:29', '0');
INSERT INTO `work_license_pos` VALUES ('112024031349620166', '102024022920950002', '16059631666', '2024-03-13', '302023121633940008', 'ailiwen', '1001', '101.733126', '36.565104', '102023021497100001', '2024-03-13 16:02:47', '0');
INSERT INTO `work_license_pos` VALUES ('112024031349630171', '102024022920950002', '16059631666', '2024-03-13', '302023121633940008', 'ailiwen', '1001', '101.738265', '36.568631', '102023021497100001', '2024-03-13 16:04:27', '0');
INSERT INTO `work_license_pos` VALUES ('112024031349720083', '102024022920950002', '16059631666', '2024-03-13', '302023121633940008', 'ailiwen', '1001', '101.724181', '36.556166', '102023021497100001', '2024-03-13 15:11:56', '0');
INSERT INTO `work_license_pos` VALUES ('112024031350320060', '102024022920950002', '16059631666', '2024-03-13', '302023121633940008', 'ailiwen', '1001', '101.724888', '36.556909', '102023021497100001', '2024-03-13 14:47:29', '0');
INSERT INTO `work_license_pos` VALUES ('112024031351760099', '102024022920950002', '16059631666', '2024-03-13', '302023121633940008', 'ailiwen', '1001', '101.724795', '36.556992', '102023021497100001', '2024-03-13 15:21:30', '0');
INSERT INTO `work_license_pos` VALUES ('112024031352780164', '102024022920950002', '16059631666', '2024-03-13', '302023121633940008', 'ailiwen', '1001', '101.733004', '36.565275', '102023021497100001', '2024-03-13 15:54:26', '0');
INSERT INTO `work_license_pos` VALUES ('112024031353280152', '102024022920950002', '16059631666', '2024-03-13', '302023121633940008', 'ailiwen', '1001', '101.734132', '36.565913', '102023021497100001', '2024-03-13 15:46:39', '0');
INSERT INTO `work_license_pos` VALUES ('112024031354050057', '102024022920950002', '16059631666', '2024-03-13', '302023121633940008', 'ailiwen', '1001', '101.724495', '36.557085', '102023021497100001', '2024-03-13 14:44:29', '0');
INSERT INTO `work_license_pos` VALUES ('112024031354430071', '102024022920950002', '16059631666', '2024-03-13', '302023121633940008', 'ailiwen', '1001', '101.723654', '36.556383', '102023021497100001', '2024-03-13 14:52:40', '0');
INSERT INTO `work_license_pos` VALUES ('112024031354960157', '102024022920950002', '16059631666', '2024-03-13', '302023121633940008', 'ailiwen', '1001', '101.733004', '36.565275', '102023021497100001', '2024-03-13 15:48:02', '0');
INSERT INTO `work_license_pos` VALUES ('112024031355360079', '102024022920950002', '16059631666', '2024-03-13', '302023121633940008', 'ailiwen', '1001', '101.723917', '36.555577', '102023021497100001', '2024-03-13 14:58:31', '0');
INSERT INTO `work_license_pos` VALUES ('112024031355660075', '102024022920950002', '16059631666', '2024-03-13', '302023121633940008', 'ailiwen', '1001', '101.724233', '36.555692', '102023021497100001', '2024-03-13 14:54:05', '0');
INSERT INTO `work_license_pos` VALUES ('112024031356490111', '102024022920950002', '16059631666', '2024-03-13', '302023121633940008', 'ailiwen', '1001', '101.727539', '36.561212', '102023021497100001', '2024-03-13 15:24:38', '0');
INSERT INTO `work_license_pos` VALUES ('112024031356670090', '102024022920950002', '16059631666', '2024-03-13', '302023121633940008', 'ailiwen', '1001', '101.724619', '36.556945', '102023021497100001', '2024-03-13 15:12:44', '0');
INSERT INTO `work_license_pos` VALUES ('112024031357280051', '102024022920950002', '16059631666', '2024-03-13', '302023121633940008', 'ailiwen', '1001', '101.724802', '36.556749', '102023021497100001', '2024-03-13 14:40:05', '0');
INSERT INTO `work_license_pos` VALUES ('112024031358490135', '102024022920950002', '16059631666', '2024-03-13', '302023121633940008', 'ailiwen', '1001', '101.729663', '36.562659', '102023021497100001', '2024-03-13 15:40:30', '0');
INSERT INTO `work_license_pos` VALUES ('112024031358980123', '102024022920950002', '16059631666', '2024-03-13', '302023121633940008', 'ailiwen', '1001', '101.730105', '36.561991', '102023021497100001', '2024-03-13 15:33:56', '0');
INSERT INTO `work_license_pos` VALUES ('112024031360370175', '102024022920950002', '16059631666', '2024-03-13', '302023121633940008', 'ailiwen', '1001', '101.747327', '36.57871', '102023021497100001', '2024-03-13 16:08:27', '0');
INSERT INTO `work_license_pos` VALUES ('112024031360470088', '102024022920950002', '16059631666', '2024-03-13', '302023121633940008', 'ailiwen', '1001', '101.723772', '36.556468', '102023021497100001', '2024-03-13 15:12:07', '0');
INSERT INTO `work_license_pos` VALUES ('112024031360580165', '102024022920950002', '16059631666', '2024-03-13', '302023121633940008', 'ailiwen', '1001', '101.732562', '36.56504', '102023021497100001', '2024-03-13 16:02:47', '0');
INSERT INTO `work_license_pos` VALUES ('112024031360610131', '102024022920950002', '16059631666', '2024-03-13', '302023121633940008', 'ailiwen', '1001', '101.729372', '36.561829', '102023021497100001', '2024-03-13 15:39:37', '0');
INSERT INTO `work_license_pos` VALUES ('112024031360910089', '102024022920950002', '16059631666', '2024-03-13', '302023121633940008', 'ailiwen', '1001', '101.723808', '36.556536', '102023021497100001', '2024-03-13 15:12:12', '0');
INSERT INTO `work_license_pos` VALUES ('112024031361620101', '102024022920950002', '16059631666', '2024-03-13', '302023121633940008', 'ailiwen', '1001', '101.724781', '36.557082', '102023021497100001', '2024-03-13 15:21:35', '0');
INSERT INTO `work_license_pos` VALUES ('112024031363700172', '102024022920950002', '16059631666', '2024-03-13', '302023121633940008', 'ailiwen', '1001', '101.741139', '36.57085', '102023021497100001', '2024-03-13 16:05:27', '0');
INSERT INTO `work_license_pos` VALUES ('112024031365890191', '102024022920950002', '16059631666', '2024-03-13', '302023121633940008', 'ailiwen', '1001', '101.754716', '36.586264', '102023021497100001', '2024-03-13 16:16:21', '0');
INSERT INTO `work_license_pos` VALUES ('112024031365910109', '102024022920950002', '16059631666', '2024-03-13', '302023121633940008', 'ailiwen', '1001', '101.725844', '36.560127', '102023021497100001', '2024-03-13 15:24:16', '0');
INSERT INTO `work_license_pos` VALUES ('112024031366740149', '102024022920950002', '16059631666', '2024-03-13', '302023121633940008', 'ailiwen', '1001', '101.73435', '36.565497', '102023021497100001', '2024-03-13 15:46:17', '0');
INSERT INTO `work_license_pos` VALUES ('112024031367430183', '102024022920950002', '16059631666', '2024-03-13', '302023121633940008', 'ailiwen', '1001', '101.753208', '36.585876', '102023021497100001', '2024-03-13 16:13:15', '0');
INSERT INTO `work_license_pos` VALUES ('112024031369460039', '102024022920950002', '16059631666', '2024-03-13', '302023121633940008', 'ailiwen', '1001', '101.725921', '36.557352', '102023021497100001', '2024-03-13 14:35:39', '0');
INSERT INTO `work_license_pos` VALUES ('112024031369530145', '102024022920950002', '16059631666', '2024-03-13', '302023121633940008', 'ailiwen', '1001', '101.734444', '36.565598', '102023021497100001', '2024-03-13 15:43:52', '0');
INSERT INTO `work_license_pos` VALUES ('112024031369720095', '102024022920950002', '16059631666', '2024-03-13', '302023121633940008', 'ailiwen', '1001', '101.724663', '36.556921', '102023021497100001', '2024-03-13 15:16:01', '0');
INSERT INTO `work_license_pos` VALUES ('112024031370590150', '102024022920950002', '16059631666', '2024-03-13', '302023121633940008', 'ailiwen', '1001', '101.734062', '36.565756', '102023021497100001', '2024-03-13 15:46:35', '0');
INSERT INTO `work_license_pos` VALUES ('112024031370700133', '102024022920950002', '16059631666', '2024-03-13', '302023121633940008', 'ailiwen', '1001', '101.728899', '36.562119', '102023021497100001', '2024-03-13 15:40:05', '0');
INSERT INTO `work_license_pos` VALUES ('112024031370870120', '102024022920950002', '16059631666', '2024-03-13', '302023121633940008', 'ailiwen', '1001', '101.734703', '36.559846', '102023021497100001', '2024-03-13 15:31:05', '0');
INSERT INTO `work_license_pos` VALUES ('112024031370880144', '102024022920950002', '16059631666', '2024-03-13', '302023121633940008', 'ailiwen', '1001', '101.73426', '36.56544', '102023021497100001', '2024-03-13 15:43:42', '0');
INSERT INTO `work_license_pos` VALUES ('112024031372110161', '102024022920950002', '16059631666', '2024-03-13', '302023121633940008', 'ailiwen', '1001', '101.733004', '36.565275', '102023021497100001', '2024-03-13 15:52:02', '0');
INSERT INTO `work_license_pos` VALUES ('112024031372120042', '102024022920950002', '16059631666', '2024-03-13', '302023121633940008', 'ailiwen', '1001', '101.725583', '36.557051', '102023021497100001', '2024-03-13 14:37:20', '0');
INSERT INTO `work_license_pos` VALUES ('112024031372220117', '102024022920950002', '16059631666', '2024-03-13', '302023121633940008', 'ailiwen', '1001', '101.734688', '36.559867', '102023021497100001', '2024-03-13 15:29:04', '0');
INSERT INTO `work_license_pos` VALUES ('112024031372300053', '102024022920950002', '16059631666', '2024-03-13', '302023121633940008', 'ailiwen', '1001', '101.724802', '36.556749', '102023021497100001', '2024-03-13 14:42:05', '0');
INSERT INTO `work_license_pos` VALUES ('112024031372600104', '102024022920950002', '16059631666', '2024-03-13', '302023121633940008', 'ailiwen', '1001', '101.726874', '36.558322', '102023021497100001', '2024-03-13 15:22:30', '0');
INSERT INTO `work_license_pos` VALUES ('112024031372700043', '102024022920950002', '16059631666', '2024-03-13', '302023121633940008', 'ailiwen', '1001', '101.725524', '36.557013', '102023021497100001', '2024-03-13 14:37:21', '0');
INSERT INTO `work_license_pos` VALUES ('112024031372850188', '102024022920950002', '16059631666', '2024-03-13', '302023121633940008', 'ailiwen', '1001', '101.754216', '36.586349', '102023021497100001', '2024-03-13 16:13:21', '0');
INSERT INTO `work_license_pos` VALUES ('112024031372980160', '102024022920950002', '16059631666', '2024-03-13', '302023121633940008', 'ailiwen', '1001', '101.733004', '36.565275', '102023021497100001', '2024-03-13 15:51:22', '0');
INSERT INTO `work_license_pos` VALUES ('112024031374430193', '102024022920950002', '16059631666', '2024-03-13', '302023121633940008', 'ailiwen', '1001', '101.754716', '36.586264', '102023021497100001', '2024-03-13 16:18:21', '0');
INSERT INTO `work_license_pos` VALUES ('112024031374740140', '102024022920950002', '16059631666', '2024-03-13', '302023121633940008', 'ailiwen', '1001', '101.733814', '36.56567', '102023021497100001', '2024-03-13 15:43:35', '0');
INSERT INTO `work_license_pos` VALUES ('112024031375320174', '102024022920950002', '16059631666', '2024-03-13', '302023121633940008', 'ailiwen', '1001', '101.745555', '36.576347', '102023021497100001', '2024-03-13 16:07:27', '0');
INSERT INTO `work_license_pos` VALUES ('112024031375920173', '102024022920950002', '16059631666', '2024-03-13', '302023121633940008', 'ailiwen', '1001', '101.743404', '36.573768', '102023021497100001', '2024-03-13 16:06:27', '0');
INSERT INTO `work_license_pos` VALUES ('112024031376350130', '102024022920950002', '16059631666', '2024-03-13', '302023121633940008', 'ailiwen', '1001', '101.729858', '36.562061', '102023021497100001', '2024-03-13 15:38:36', '0');
INSERT INTO `work_license_pos` VALUES ('112024031376600128', '102024022920950002', '16059631666', '2024-03-13', '302023121633940008', 'ailiwen', '1001', '101.729858', '36.562061', '102023021497100001', '2024-03-13 15:37:36', '0');
INSERT INTO `work_license_pos` VALUES ('112024031378130139', '102024022920950002', '16059631666', '2024-03-13', '302023121633940008', 'ailiwen', '1001', '101.733756', '36.565697', '102023021497100001', '2024-03-13 15:43:34', '0');
INSERT INTO `work_license_pos` VALUES ('112024031379220176', '102024022920950002', '16059631666', '2024-03-13', '302023121633940008', 'ailiwen', '1001', '101.748956', '36.581215', '102023021497100001', '2024-03-13 16:09:27', '0');
INSERT INTO `work_license_pos` VALUES ('112024031380910168', '102024022920950002', '16059631666', '2024-03-13', '302023121633940008', 'ailiwen', '1001', '101.733831', '36.565524', '102023021497100001', '2024-03-13 16:02:56', '0');
INSERT INTO `work_license_pos` VALUES ('112024031381010116', '102024022920950002', '16059631666', '2024-03-13', '302023121633940008', 'ailiwen', '1001', '101.733271', '36.560699', '102023021497100001', '2024-03-13 15:28:47', '0');
INSERT INTO `work_license_pos` VALUES ('112024031381320143', '102024022920950002', '16059631666', '2024-03-13', '302023121633940008', 'ailiwen', '1001', '101.734193', '36.565436', '102023021497100001', '2024-03-13 15:43:39', '0');
INSERT INTO `work_license_pos` VALUES ('112024031382660086', '102024022920950002', '16059631666', '2024-03-13', '302023121633940008', 'ailiwen', '1001', '101.724334', '36.556034', '102023021497100001', '2024-03-13 15:11:57', '0');
INSERT INTO `work_license_pos` VALUES ('112024031382710107', '102024022920950002', '16059631666', '2024-03-13', '302023121633940008', 'ailiwen', '1001', '101.726224', '36.559529', '102023021497100001', '2024-03-13 15:23:16', '0');
INSERT INTO `work_license_pos` VALUES ('112024031382980068', '102024022920950002', '16059631666', '2024-03-13', '302023121633940008', 'ailiwen', '1001', '101.724608', '36.556921', '102023021497100001', '2024-03-13 14:52:17', '0');
INSERT INTO `work_license_pos` VALUES ('112024031383030112', '102024022920950002', '16059631666', '2024-03-13', '302023121633940008', 'ailiwen', '1001', '101.729129', '36.562363', '102023021497100001', '2024-03-13 15:25:25', '0');
INSERT INTO `work_license_pos` VALUES ('112024031384630118', '102024022920950002', '16059631666', '2024-03-13', '302023121633940008', 'ailiwen', '1001', '101.734703', '36.559846', '102023021497100001', '2024-03-13 15:29:05', '0');
INSERT INTO `work_license_pos` VALUES ('112024031385080192', '102024022920950002', '16059631666', '2024-03-13', '302023121633940008', 'ailiwen', '1001', '101.754716', '36.586264', '102023021497100001', '2024-03-13 16:17:21', '0');
INSERT INTO `work_license_pos` VALUES ('112024031385980189', '102024022920950002', '16059631666', '2024-03-13', '302023121633940008', 'ailiwen', '1001', '101.754216', '36.586349', '102023021497100001', '2024-03-13 16:14:21', '0');
INSERT INTO `work_license_pos` VALUES ('112024031386750182', '102024022920950002', '16059631666', '2024-03-13', '302023121633940008', 'ailiwen', '1001', '101.753106', '36.585876', '102023021497100001', '2024-03-13 16:13:15', '0');
INSERT INTO `work_license_pos` VALUES ('112024031386820059', '102024022920950002', '16059631666', '2024-03-13', '302023121633940008', 'ailiwen', '1001', '101.724495', '36.557085', '102023021497100001', '2024-03-13 14:46:49', '0');
INSERT INTO `work_license_pos` VALUES ('112024031386840129', '102024022920950002', '16059631666', '2024-03-13', '302023121633940008', 'ailiwen', '1001', '101.729858', '36.562061', '102023021497100001', '2024-03-13 15:38:36', '0');
INSERT INTO `work_license_pos` VALUES ('112024031388010048', '102024022920950002', '16059631666', '2024-03-13', '302023121633940008', 'ailiwen', '1001', '101.72507', '36.556802', '102023021497100001', '2024-03-13 14:37:45', '0');
INSERT INTO `work_license_pos` VALUES ('112024031388260080', '102024022920950002', '16059631666', '2024-03-13', '302023121633940008', 'ailiwen', '1001', '101.723917', '36.555577', '102023021497100001', '2024-03-13 14:59:31', '0');
INSERT INTO `work_license_pos` VALUES ('112024031388960087', '102024022920950002', '16059631666', '2024-03-13', '302023121633940008', 'ailiwen', '1001', '101.723777', '36.55645', '102023021497100001', '2024-03-13 15:12:05', '0');
INSERT INTO `work_license_pos` VALUES ('112024031389680041', '102024022920950002', '16059631666', '2024-03-13', '302023121633940008', 'ailiwen', '1001', '101.725701', '36.557171', '102023021497100001', '2024-03-13 14:36:51', '0');
INSERT INTO `work_license_pos` VALUES ('112024031390650137', '102024022920950002', '16059631666', '2024-03-13', '302023121633940008', 'ailiwen', '1001', '101.730563', '36.56341', '102023021497100001', '2024-03-13 15:41:39', '0');
INSERT INTO `work_license_pos` VALUES ('112024031391270098', '102024022920950002', '16059631666', '2024-03-13', '302023121633940008', 'ailiwen', '1001', '101.724861', '36.556984', '102023021497100001', '2024-03-13 15:20:31', '0');
INSERT INTO `work_license_pos` VALUES ('112024031392350037', '102024022920950002', '16059631666', '2024-03-13', '302023121633940008', 'ailiwen', '1001', '101.725903', '36.557418', '102023021497100001', '2024-03-13 14:33:39', '0');
INSERT INTO `work_license_pos` VALUES ('112024031392390155', '102024022920950002', '16059631666', '2024-03-13', '302023121633940008', 'ailiwen', '1001', '101.735189', '36.566744', '102023021497100001', '2024-03-13 15:47:29', '0');
INSERT INTO `work_license_pos` VALUES ('112024031392440038', '102024022920950002', '16059631666', '2024-03-13', '302023121633940008', 'ailiwen', '1001', '101.725909', '36.557344', '102023021497100001', '2024-03-13 14:34:39', '0');
INSERT INTO `work_license_pos` VALUES ('112024031392760127', '102024022920950002', '16059631666', '2024-03-13', '302023121633940008', 'ailiwen', '1001', '101.729858', '36.562061', '102023021497100001', '2024-03-13 15:36:16', '0');
INSERT INTO `work_license_pos` VALUES ('112024031393160102', '102024022920950002', '16059631666', '2024-03-13', '302023121633940008', 'ailiwen', '1001', '101.724855', '36.557134', '102023021497100001', '2024-03-13 15:21:38', '0');
INSERT INTO `work_license_pos` VALUES ('112024031393560136', '102024022920950002', '16059631666', '2024-03-13', '302023121633940008', 'ailiwen', '1001', '101.730063', '36.562922', '102023021497100001', '2024-03-13 15:40:39', '0');
INSERT INTO `work_license_pos` VALUES ('112024031394240124', '102024022920950002', '16059631666', '2024-03-13', '302023121633940008', 'ailiwen', '1001', '101.730105', '36.561991', '102023021497100001', '2024-03-13 15:34:56', '0');
INSERT INTO `work_license_pos` VALUES ('112024031394510132', '102024022920950002', '16059631666', '2024-03-13', '302023121633940008', 'ailiwen', '1001', '101.729151', '36.56201', '102023021497100001', '2024-03-13 15:39:54', '0');
INSERT INTO `work_license_pos` VALUES ('112024031394700159', '102024022920950002', '16059631666', '2024-03-13', '302023121633940008', 'ailiwen', '1001', '101.733004', '36.565275', '102023021497100001', '2024-03-13 15:50:02', '0');
INSERT INTO `work_license_pos` VALUES ('112024031395200105', '102024022920950002', '16059631666', '2024-03-13', '302023121633940008', 'ailiwen', '1001', '101.726873', '36.558358', '102023021497100001', '2024-03-13 15:22:31', '0');
INSERT INTO `work_license_pos` VALUES ('112024031395360100', '102024022920950002', '16059631666', '2024-03-13', '302023121633940008', 'ailiwen', '1001', '101.724786', '36.55701', '102023021497100001', '2024-03-13 15:21:31', '0');
INSERT INTO `work_license_pos` VALUES ('112024031396190147', '102024022920950002', '16059631666', '2024-03-13', '302023121633940008', 'ailiwen', '1001', '101.734468', '36.565616', '102023021497100001', '2024-03-13 15:44:54', '0');
INSERT INTO `work_license_pos` VALUES ('112024031396420178', '102024022920950002', '16059631666', '2024-03-13', '302023121633940008', 'ailiwen', '1001', '101.750756', '36.583066', '102023021497100001', '2024-03-13 16:10:35', '0');
INSERT INTO `work_license_pos` VALUES ('112024031398810119', '102024022920950002', '16059631666', '2024-03-13', '302023121633940008', 'ailiwen', '1001', '101.734703', '36.559846', '102023021497100001', '2024-03-13 15:30:05', '0');
INSERT INTO `work_license_pos` VALUES ('112024031399590199', '102024022920950002', '16059631666', '2024-03-13', '302023121633940008', 'ailiwen', '1001', '101.754631', '36.58628', '102023021497100001', '2024-03-13 16:24:21', '0');
